row_id,participant,letter,orientationIndex,orientation_class_label,orientation_class_id,clipNumber,source_file,clean_frames_in_json,standardizable_frames,target_frames,selected_source_indices,selected_timestamps,class_label,class_id,sequence_sha256,split
0,angel,A,1,A_orient1,0,1,angel/A/orient1/tilt_back_away_1/landmarks_trimmed.json,33,33,18,"[0, 1, 3, 5, 7, 9, 11, 13, 15, 16, 18, 20, 22, 24, 26, 28, 30, 32]","[98.30000001192093, 202.10000002384186, 386.5, 591.3000000119209, 793.5, 942.1999999880791, 1124.699999988079, 1317.300000011921, 1461.4000000357628, 1550.4000000357628, 1748.0, 1945.199999988079, 2135.600000023842, 2326.699999988079, 2512.0, 2693.100000023842, 2884.100000023842, 3080.100000023842]",A,0,fabb42decb2091d8c2de27e01fe884a8597080789659e086eaf65e2a96505db7,train
1,angel,A,1,A_orient1,0,1,angel/A/orient1/tilt_back_neutral_1/landmarks_trimmed.json,30,30,18,"[0, 1, 3, 5, 6, 8, 10, 11, 13, 15, 17, 18, 20, 22, 23, 25, 27, 29]","[95.40000003576279, 194.0, 410.80000001192093, 603.9000000357628, 698.2000000476837, 885.1000000238419, 1086.0, 1184.2000000476837, 1369.1000000238419, 1656.800000011921, 1857.6000000238419, 1958.7000000476837, 2143.800000011921, 2337.400000035763, 2427.600000023842, 2626.5, 2821.900000035763, 3026.400000035763]",A,0,1bc14b2ce26d2d9af7b92ac14507b1ac24e9e09e1d7dbea8ce1ed6546fa1bf0f,validation
2,angel,A,1,A_orient1,0,2,angel/A/orient1/tilt_back_neutral_2/landmarks_trimmed.json,30,30,18,"[0, 1, 3, 5, 6, 8, 10, 11, 13, 15, 17, 18, 20, 22, 23, 25, 27, 29]","[93.5, 183.0, 374.10000002384186, 568.2000000476837, 666.1000000238419, 889.9000000357628, 1107.4000000357628, 1211.1000000238419, 1421.7000000476837, 1612.800000011921, 1809.9000000357628, 1904.9000000357628, 2110.5, 2320.7000000476837, 2413.600000023842, 2614.5, 2813.600000023842, 3007.5]",A,0,12ebc460257d69b870adcc010e43639e1f9daf1c7cfd7934ef914077bc063741,train
3,angel,A,1,A_orient1,0,1,angel/A/orient1/tilt_back_toward_1/landmarks_trimmed.json,26,26,18,"[0, 1, 2, 4, 5, 7, 8, 10, 11, 13, 14, 16, 17, 19, 20, 22, 23, 25]","[300.60000002384186, 397.2000000476837, 489.5, 671.3000000119209, 763.2000000476837, 955.6000000238419, 1049.4000000357628, 1234.1000000238419, 1326.6000000238419, 1521.300000011921, 1624.300000011921, 1825.4000000357628, 1918.0, 2403.900000035763, 2494.800000011921, 2697.900000035763, 2802.900000035763, 3082.5]",A,0,0f4951d74b2dedd597677de57556120e924fe674998f847e991ee5d13390d5d3,train
4,angel,A,1,A_orient1,0,1,angel/A/orient1/tilt_forward_away_1/landmarks_trimmed.json,31,31,18,"[0, 1, 3, 5, 7, 8, 10, 12, 14, 15, 17, 19, 21, 22, 24, 26, 28, 30]","[92.59999996423721, 183.5999999642372, 374.7999999523163, 561.5, 772.8999999761581, 875.0, 1083.199999988079, 1281.5, 1463.8999999761581, 1558.8999999761581, 1744.7999999523163, 1957.3999999761581, 2154.0, 2256.099999964237, 2455.399999976158, 2669.199999988079, 2884.899999976158, 3080.899999976158]",A,0,7c8e60a09df45efef162be8aa301cd096f8a2ee1cda6b2ff0b1468b799588358,train
5,angel,A,1,A_orient1,0,1,angel/A/orient1/tilt_forward_neutral_1/landmarks_trimmed.json,32,32,18,"[0, 1, 3, 5, 7, 9, 10, 12, 14, 16, 18, 20, 21, 23, 25, 27, 29, 31]","[92.30000001192093, 186.89999997615814, 383.89999997615814, 571.3999999761581, 756.0999999642372, 943.0999999642372, 1035.3999999761581, 1221.699999988079, 1414.3999999761581, 1603.3999999761581, 1799.800000011921, 2013.699999988079, 2117.800000011921, 2311.800000011921, 2494.800000011921, 2683.599999964237, 2881.800000011921, 3072.800000011921]",A,0,81b2c15de595fb06743b41e58f453828a28fc7c9cc2b47f1c9fd9bc07192d521,validation
6,angel,A,1,A_orient1,0,2,angel/A/orient1/tilt_forward_neutral_2/landmarks_trimmed.json,31,31,18,"[0, 1, 3, 5, 7, 8, 10, 12, 14, 15, 17, 19, 21, 22, 24, 26, 28, 30]","[95.80000001192093, 190.60000002384186, 375.4000000357628, 579.9000000357628, 765.6999999880791, 862.3000000119209, 1057.4000000357628, 1242.800000011921, 1434.699999988079, 1535.1000000238419, 1722.4000000357628, 1925.6000000238419, 2125.800000011921, 2222.400000035763, 2428.900000035763, 2622.699999988079, 2816.100000023842, 3003.800000011921]",A,0,49eb9ca3b7e8f1cbe463e7f9dbc7a952510b7d46eeef4f72ed847605b0aa93f0,train
7,angel,A,1,A_orient1,0,1,angel/A/orient1/tilt_forward_toward_1/landmarks_trimmed.json,32,32,18,"[0, 1, 3, 5, 7, 9, 10, 12, 14, 16, 18, 20, 21, 23, 25, 27, 29, 31]","[98.80000001192093, 203.5, 386.5, 587.3000000119209, 731.3000000119209, 932.9000000357628, 1025.800000011921, 1218.9000000357628, 1416.199999988079, 1621.0, 1834.5, 2028.9000000357628, 2122.699999988079, 2311.100000023842, 2511.5, 2696.699999988079, 2883.300000011921, 3084.199999988079]",A,0,81c27676af9580a9dcbd9cd0663f48274f8d5c5b720efe3bac522f9215302b8e,train
8,angel,A,1,A_orient1,0,1,angel/A/orient1/tilt_neutral_away_1/landmarks_trimmed.json,31,31,18,"[0, 1, 3, 5, 7, 8, 10, 12, 14, 15, 17, 19, 21, 22, 24, 26, 28, 30]","[98.09999996423721, 188.0999999642372, 392.39999997615814, 594.0, 788.6999999880791, 893.5999999642372, 1078.0999999642372, 1270.0, 1472.3999999761581, 1573.3999999761581, 1776.2999999523163, 1973.5, 2172.2999999523163, 2267.7999999523163, 2458.899999976158, 2657.599999964237, 2860.199999988079, 3058.2999999523163]",A,0,aa8a21102daa3cd1268e3421901e9fe63749ca8eaca51393490cb77d9d229662,test
9,angel,A,1,A_orient1,0,1,angel/A/orient1/tilt_neutral_neutral_1/landmarks_trimmed.json,33,33,18,"[0, 1, 3, 5, 7, 9, 11, 13, 15, 16, 18, 20, 22, 24, 26, 28, 30, 32]","[102.39999997615814, 196.0999999642372, 332.80000001192093, 535.5999999642372, 738.3999999761581, 938.3000000119209, 1132.0, 1341.300000011921, 1541.199999988079, 1637.5, 1823.699999988079, 2010.5, 2218.399999976158, 2409.199999988079, 2597.300000011921, 2734.800000011921, 2851.399999976158, 3045.800000011921]",A,0,ab16d76dd95daa93ff32f05f63a2a60eec1a2d183af586e0f3f2f1662c56f727,train
10,angel,A,1,A_orient1,0,2,angel/A/orient1/tilt_neutral_neutral_2/landmarks_trimmed.json,31,31,18,"[0, 1, 3, 5, 7, 8, 10, 12, 14, 15, 17, 19, 21, 22, 24, 26, 28, 30]","[101.80000001192093, 198.4000000357628, 405.60000002384186, 597.5, 791.6000000238419, 887.1000000238419, 1099.300000011921, 1303.4000000357628, 1493.300000011921, 1587.699999988079, 1775.1000000238419, 1991.199999988079, 2183.0, 2285.600000023842, 2480.900000035763, 2685.300000011921, 2888.600000023842, 3079.800000011921]",A,0,abaace284470e0988812f28e14c66a5ecc20a9edbecc9aa90df3b31176eb5a0d,train
11,angel,A,1,A_orient1,0,1,angel/A/orient1/tilt_neutral_toward_1/landmarks_trimmed.json,24,24,18,"[0, 1, 2, 4, 5, 6, 8, 9, 10, 12, 13, 14, 16, 17, 18, 20, 21, 23]","[756.2000000476837, 855.4000000357628, 960.5, 1101.9000000357628, 1207.4000000357628, 1318.6000000238419, 1517.7000000476837, 1627.1000000238419, 1735.2000000476837, 1933.800000011921, 2034.9000000357628, 2136.600000023842, 2342.7000000476837, 2445.0, 2545.2000000476837, 2747.900000035763, 2838.2000000476837, 3037.100000023842]",A,0,c69c74674a5bcd7a51c74a87bf38250ee3929305ccca6f4c834014bec8154587,validation
12,angel,A,2,A_orient2,1,1,angel/A/orient2/tilt_back_away_1/landmarks_trimmed.json,27,27,18,"[0, 1, 3, 4, 6, 7, 9, 10, 12, 13, 15, 16, 18, 19, 21, 22, 24, 26]","[120.80000001192093, 233.89999997615814, 461.5, 575.6999999880791, 812.1999999880791, 919.3999999761581, 1131.8999999761581, 1240.5999999642372, 1507.800000011921, 1615.5, 1830.5999999642372, 1934.0, 2166.899999976158, 2287.300000011921, 2510.300000011921, 2614.099999964237, 2830.300000011921, 3065.899999976158]",A,0,28de855685426d0efd27bf6408a308f478abfc8b44232458b6c16c248cce8e89,train
13,angel,A,2,A_orient2,1,1,angel/A/orient2/tilt_back_neutral_1/landmarks_trimmed.json,19,19,18,"[0, 1, 2, 3, 4, 5, 6, 7, 8, 9, 10, 11, 12, 13, 14, 15, 16, 18]","[127.80000001192093, 246.80000001192093, 370.89999997615814, 482.39999997615814, 587.5, 694.5, 810.3999999761581, 915.6000000238419, 1024.800000011921, 1140.0, 1250.199999988079, 1580.6000000238419, 2140.600000023842, 2360.199999988079, 2598.600000023842, 2723.0, 2835.899999976158, 3077.600000023842]",A,0,33b746208832193091b82ec9adb70675811b7601c7a790786e5473a9dce9c157,test
14,angel,A,2,A_orient2,1,2,angel/A/orient2/tilt_back_neutral_2/landmarks_trimmed.json,28,28,18,"[0, 1, 3, 4, 6, 7, 9, 11, 12, 14, 15, 17, 19, 20, 22, 23, 25, 27]","[106.69999998807907, 213.5, 449.0, 570.5, 814.0, 939.5, 1134.0, 1360.800000011921, 1469.0, 1633.300000011921, 1749.8999999761581, 1989.300000011921, 2203.800000011921, 2300.199999988079, 2506.600000023842, 2625.800000011921, 2847.899999976158, 3047.0]",A,0,aa59498e5ff0297f501b06be58c629157ab40a6b8081e5c26e9753b065ee69c9,train
15,angel,A,2,A_orient2,1,1,angel/A/orient2/tilt_back_toward_1/landmarks_trimmed.json,28,28,18,"[0, 1, 3, 4, 6, 7, 9, 11, 12, 14, 15, 17, 19, 20, 22, 23, 25, 27]","[112.79999995231628, 221.19999998807907, 424.5, 557.5999999642372, 772.6999999880791, 875.0999999642372, 1086.5999999642372, 1294.5, 1406.8999999761581, 1637.0999999642372, 1759.8999999761581, 1979.7999999523163, 2192.0, 2298.199999988079, 2527.0, 2642.5, 2862.099999964237, 3076.099999964237]",A,0,40a665fcdbb293dbf2ea8fb0a15f409ac6a7d92f8381639cfd793178544a8cf3,train
16,angel,A,2,A_orient2,1,1,angel/A/orient2/tilt_forward_neutral_1/landmarks_trimmed.json,31,31,18,"[0, 1, 3, 5, 7, 8, 10, 12, 14, 15, 17, 19, 21, 22, 24, 26, 28, 30]","[93.60000002384186, 190.60000002384186, 394.4000000357628, 612.4000000357628, 801.9000000357628, 908.8000000119209, 1096.800000011921, 1288.6000000238419, 1487.4000000357628, 1584.0, 1780.800000011921, 1981.800000011921, 2179.0, 2284.5, 2495.199999988079, 2704.100000023842, 2863.699999988079, 3079.800000011921]",A,0,414df799563f8a052142f29882e6b1419909aa46f10462b0a30a7df3938ffa66,train
17,angel,A,2,A_orient2,1,2,angel/A/orient2/tilt_forward_neutral_2/landmarks_trimmed.json,22,22,18,"[0, 1, 2, 3, 4, 6, 7, 8, 9, 11, 12, 13, 14, 16, 17, 18, 19, 21]","[125.0, 246.79999995231628, 366.19999998807907, 479.39999997615814, 589.0999999642372, 842.5999999642372, 959.1999999880791, 1088.3999999761581, 1203.8999999761581, 1428.199999988079, 1650.7999999523163, 1794.0999999642372, 1905.2999999523163, 2130.099999964237, 2246.599999964237, 2376.0, 2582.7999999523163, 3049.599999964237]",A,0,0f19fe748eee997a7c00f8dcc911585588f0f4e804bd17f9a47e80d347364fca,train
18,angel,A,2,A_orient2,1,1,angel/A/orient2/tilt_forward_toward_1/landmarks_trimmed.json,22,22,18,"[0, 1, 2, 3, 4, 6, 7, 8, 9, 11, 12, 13, 14, 16, 17, 18, 19, 21]","[95.0, 185.5999999642372, 283.39999997615814, 377.19999998807907, 476.80000001192093, 663.8999999761581, 762.8000000119209, 854.8000000119209, 944.0999999642372, 1127.8999999761581, 1223.0999999642372, 1310.3999999761581, 1410.5, 1597.5999999642372, 1684.5999999642372, 1786.699999988079, 1882.300000011921, 2247.599999964237]",A,0,1909292a0acdbb60f548c47495b4c4e352058f58436303362db7704e91691e3a,train
19,angel,A,2,A_orient2,1,1,angel/A/orient2/tilt_neutral_away_1/landmarks_trimmed.json,27,27,18,"[0, 1, 3, 4, 6, 7, 9, 10, 12, 13, 15, 16, 18, 19, 21, 22, 24, 26]","[95.90000003576279, 217.5, 425.69999998807907, 532.6999999880791, 761.6999999880791, 873.5, 1093.300000011921, 1211.9000000357628, 1431.199999988079, 1549.6000000238419, 1757.699999988079, 1872.699999988079, 2104.100000023842, 2230.800000011921, 2459.100000023842, 2577.0, 2806.400000035763, 3021.600000023842]",A,0,f78ccafa0915fe69079b9919249f053fa4577d5c11e7300bd8290dce19d478ce,train
20,angel,A,2,A_orient2,1,1,angel/A/orient2/tilt_neutral_neutral_1/landmarks_trimmed.json,27,27,18,"[0, 1, 3, 4, 6, 7, 9, 10, 12, 13, 15, 16, 18, 19, 21, 22, 24, 26]","[120.89999997615814, 248.80000001192093, 464.89999997615814, 575.6000000238419, 789.3000000119209, 904.6000000238419, 1137.3999999761581, 1241.1000000238419, 1462.0, 1580.1000000238419, 1793.199999988079, 1904.300000011921, 2126.899999976158, 2240.800000011921, 2491.600000023842, 2622.800000011921, 2839.199999988079, 3052.5]",A,0,16c3fef4a1a7ce2563632dbf947a2a9cc9e0e1e8215ced8fb0caa92844d57d46,test
21,angel,A,2,A_orient2,1,2,angel/A/orient2/tilt_neutral_neutral_2/landmarks_trimmed.json,27,27,18,"[0, 1, 3, 4, 6, 7, 9, 10, 12, 13, 15, 16, 18, 19, 21, 22, 24, 26]","[120.80000001192093, 242.89999997615814, 453.5, 568.5, 799.6999999880791, 910.1999999880791, 1120.3999999761581, 1224.800000011921, 1441.800000011921, 1552.6000000238419, 1782.699999988079, 1897.800000011921, 2139.800000011921, 2252.0, 2485.800000011921, 2596.899999976158, 2840.300000011921, 3075.800000011921]",A,0,c2eab232caea69a0c4afde9fbbe91d56877c43e3d9ee5e2e0277962f7912db3e,train
22,angel,A,2,A_orient2,1,1,angel/A/orient2/tilt_neutral_toward_1/landmarks_trimmed.json,28,28,18,"[0, 1, 3, 4, 6, 7, 9, 11, 12, 14, 15, 17, 19, 20, 22, 23, 25, 27]","[103.09999996423721, 214.30000001192093, 435.89999997615814, 555.6999999880791, 776.3000000119209, 888.8999999761581, 1089.699999988079, 1296.800000011921, 1400.0, 1629.800000011921, 1742.5999999642372, 1973.300000011921, 2180.899999976158, 2281.800000011921, 2491.899999976158, 2602.0, 2837.300000011921, 3057.699999988079]",A,0,63902568fe379837cd70ef433ffb913af714419c27c59fb8a22e7b6c0fab2ff9,train
23,angel,A,3,A_orient3,2,1,angel/A/orient3/tilt_back_away_1/landmarks_trimmed.json,28,28,18,"[0, 1, 3, 4, 6, 7, 9, 11, 12, 14, 15, 17, 19, 20, 22, 23, 25, 27]","[108.30000001192093, 227.5, 448.5999999642372, 553.0, 780.8999999761581, 892.0999999642372, 1126.5999999642372, 1345.3999999761581, 1446.3999999761581, 1666.5999999642372, 1783.5, 2014.8999999761581, 2247.199999988079, 2365.5, 2568.099999964237, 2669.899999976158, 2885.0, 3092.899999976158]",A,0,4f0ee6102951f07244062330ba9aec569571217630a26c50ab6fe18868e7205f,validation
24,angel,A,3,A_orient3,2,1,angel/A/orient3/tilt_back_neutral_1/landmarks_trimmed.json,26,26,18,"[0, 1, 2, 4, 5, 7, 8, 10, 11, 13, 14, 16, 17, 19, 20, 22, 23, 25]","[120.39999997615814, 236.69999998807907, 355.80000001192093, 568.3000000119209, 686.6999999880791, 904.6999999880791, 1012.3000000119209, 1255.300000011921, 1372.5999999642372, 1594.3999999761581, 1703.199999988079, 1928.0, 2038.800000011921, 2252.099999964237, 2351.5, 2568.899999976158, 2671.099999964237, 2893.899999976158]",A,0,b6c68f36144e509eb82c603046183e63df652a970d44201eb11af344954e1304,train
25,angel,A,3,A_orient3,2,1,angel/A/orient3/tilt_back_toward_1/landmarks_trimmed.json,27,27,18,"[0, 1, 3, 4, 6, 7, 9, 10, 12, 13, 15, 16, 18, 19, 21, 22, 24, 26]","[216.30000001192093, 333.0, 566.2000000476837, 681.1000000238419, 900.2000000476837, 1000.7000000476837, 1219.7000000476837, 1338.0, 1563.0, 1704.300000011921, 1861.2000000476837, 1973.1000000238419, 2202.100000023842, 2317.7000000476837, 2523.900000035763, 2635.900000035763, 2854.100000023842, 3082.0]",A,0,b031a14250e18d053c5d1cee11478eac74949be7ea727b2d2cb87d99a2265230,train
26,angel,A,3,A_orient3,2,1,angel/A/orient3/tilt_forward_away_1/landmarks_trimmed.json,31,31,18,"[0, 1, 3, 5, 7, 8, 10, 12, 14, 15, 17, 19, 21, 22, 24, 26, 28, 30]","[117.19999998807907, 223.39999997615814, 463.89999997615814, 672.8999999761581, 888.1999999880791, 999.1999999880791, 1057.0, 1196.3999999761581, 1254.1000000238419, 1357.800000011921, 1577.8999999761581, 1807.300000011921, 2015.5, 2119.100000023842, 2337.199999988079, 2570.0, 2817.300000011921, 3038.699999988079]",A,0,ee69d535ee92323fdaf5cd533ca0c803d8c4dbbae42dda5df7eb98777dc8ed7e,train
27,angel,A,3,A_orient3,2,1,angel/A/orient3/tilt_forward_neutral_1/landmarks_trimmed.json,30,30,18,"[0, 1, 3, 5, 6, 8, 10, 11, 13, 15, 17, 18, 20, 22, 23, 25, 27, 29]","[104.30000001192093, 153.9000000357628, 338.2000000476837, 547.5, 654.5, 872.5, 924.2000000476837, 1037.800000011921, 1242.0, 1449.9000000357628, 1684.5, 1798.800000011921, 2037.7000000476837, 2270.600000023842, 2391.400000035763, 2615.600000023842, 2827.300000011921, 3042.900000035763]",A,0,34e13a83e6a00760e027413ce690a69ae93ac9e755507bdfa88f38a33e2a0132,train
28,angel,A,3,A_orient3,2,2,angel/A/orient3/tilt_forward_neutral_2/landmarks_trimmed.json,28,28,18,"[0, 1, 3, 4, 6, 7, 9, 11, 12, 14, 15, 17, 19, 20, 22, 23, 25, 27]","[102.59999996423721, 205.30000001192093, 409.5999999642372, 518.0, 744.5, 862.5, 1091.3999999761581, 1305.0999999642372, 1409.0, 1640.0, 1755.800000011921, 1983.0999999642372, 2222.599999964237, 2337.300000011921, 2544.099999964237, 2649.399999976158, 2854.199999988079, 3057.599999964237]",A,0,db91dd6fb0d04bcf71ef68ebb8877fa40ef472fbe1f9934d4bf5ad384b9b3094,train
29,angel,A,3,A_orient3,2,1,angel/A/orient3/tilt_forward_toward_1/landmarks_trimmed.json,24,24,18,"[0, 1, 2, 4, 5, 6, 8, 9, 10, 12, 13, 14, 16, 17, 18, 20, 21, 23]","[118.10000002384186, 381.4000000357628, 490.30000001192093, 916.5, 1029.4000000357628, 1141.0, 1345.5, 1458.6000000238419, 1562.1000000238419, 1766.300000011921, 1877.300000011921, 1992.0, 2225.800000011921, 2334.7000000476837, 2450.900000035763, 2666.0, 2776.5, 3007.100000023842]",A,0,b213f5d8cb1479d696e1faa623135d14755763f390a2e67982af3ddec43b7ec2,validation
30,angel,A,3,A_orient3,2,1,angel/A/orient3/tilt_neutral_away_1/landmarks_trimmed.json,28,28,18,"[0, 1, 3, 4, 6, 7, 9, 11, 12, 14, 15, 17, 19, 20, 22, 23, 25, 27]","[108.60000002384186, 210.10000002384186, 445.30000001192093, 546.3000000119209, 745.5, 846.4000000357628, 1051.9000000357628, 1280.7000000476837, 1386.300000011921, 1589.9000000357628, 1715.800000011921, 1972.4000000357628, 2211.900000035763, 2322.800000011921, 2527.2000000476837, 2574.2000000476837, 2785.100000023842, 3002.600000023842]",A,0,189a3806fff73767c7f6ec931293822b441903e7002d41d01299759b98713026,train
31,angel,A,3,A_orient3,2,1,angel/A/orient3/tilt_neutral_neutral_1/landmarks_trimmed.json,21,21,18,"[0, 1, 2, 3, 4, 5, 7, 8, 9, 10, 11, 12, 14, 15, 16, 17, 18, 20]","[98.39999997615814, 218.5999999642372, 337.19999998807907, 456.80000001192093, 569.1999999880791, 685.0999999642372, 921.1999999880791, 1038.199999988079, 1146.800000011921, 1250.3999999761581, 1350.300000011921, 1452.800000011921, 1678.800000011921, 1788.300000011921, 1891.5999999642372, 1996.5999999642372, 2211.800000011921, 2715.300000011921]",A,0,8137aae5f3bc36945ce9c05088d19b904eb1568394045325852b7abe9f8116a5,train
32,angel,A,3,A_orient3,2,2,angel/A/orient3/tilt_neutral_neutral_2/landmarks_trimmed.json,28,28,18,"[0, 1, 3, 4, 6, 7, 9, 11, 12, 14, 15, 17, 19, 20, 22, 23, 25, 27]","[111.60000002384186, 217.89999997615814, 420.19999998807907, 518.8000000119209, 742.5, 862.8999999761581, 1069.5, 1299.3999999761581, 1418.5, 1637.699999988079, 1733.0, 1957.300000011921, 2171.600000023842, 2281.300000011921, 2510.800000011921, 2624.300000011921, 2829.800000011921, 3049.800000011921]",A,0,335172798ce77e4ceb8c0aa377042ac9fe77dcdd89be1dc24971668f93a63bf1,test
33,angel,A,3,A_orient3,2,1,angel/A/orient3/tilt_neutral_toward_1/landmarks_trimmed.json,28,28,18,"[0, 1, 3, 4, 6, 7, 9, 11, 12, 14, 15, 17, 19, 20, 22, 23, 25, 27]","[107.69999998807907, 212.30000001192093, 424.39999997615814, 527.8999999761581, 752.0999999642372, 868.8999999761581, 1091.5999999642372, 1319.0, 1421.199999988079, 1652.8999999761581, 1767.0999999642372, 1979.5, 2215.800000011921, 2331.0, 2555.300000011921, 2655.0, 2873.300000011921, 3092.599999964237]",A,0,25361b7ebb449a21a4310731451ae32f62bd7e3077137983d4f61407dd2c8ad2,train
34,angel,B,1,B_orient1,3,1,angel/B/orient1/tilt_back_away_1/landmarks_trimmed.json,28,28,18,"[0, 1, 3, 4, 6, 7, 9, 11, 12, 14, 15, 17, 19, 20, 22, 23, 25, 27]","[111.09999996423721, 223.19999998807907, 454.5999999642372, 565.5, 770.7999999523163, 877.5, 1097.699999988079, 1321.5, 1431.3999999761581, 1661.0999999642372, 1776.7999999523163, 1981.8999999761581, 2201.599999964237, 2304.5, 2528.699999988079, 2638.7999999523163, 2862.399999976158, 3087.2999999523163]",B,1,43a9e36aadf418fff4b31032a4b7602b4fd50c54fd6ae8e497d2437d4bd3a8be,train
35,angel,B,1,B_orient1,3,2,angel/B/orient1/tilt_back_neutral_2/landmarks_trimmed.json,27,27,18,"[0, 1, 3, 4, 6, 7, 9, 10, 12, 13, 15, 16, 18, 19, 21, 22, 24, 26]","[112.30000001192093, 222.5, 423.80000001192093, 530.5, 770.0999999642372, 882.6999999880791, 1086.300000011921, 1199.800000011921, 1429.8999999761581, 1543.8999999761581, 1763.0, 1873.3999999761581, 2127.0, 2245.5, 2492.599999964237, 2614.399999976158, 2856.300000011921, 3079.399999976158]",B,1,5b2f3224db9cc2365626265eef628e7ed52e2405ead08d734c54a052585ced88,validation
36,angel,B,1,B_orient1,3,1,angel/B/orient1/tilt_back_toward_1/landmarks_trimmed.json,27,27,18,"[0, 1, 3, 4, 6, 7, 9, 10, 12, 13, 15, 16, 18, 19, 21, 22, 24, 26]","[108.90000003576279, 223.10000002384186, 462.0, 589.1000000238419, 823.8000000119209, 929.0, 1154.7000000476837, 1263.800000011921, 1490.7000000476837, 1610.300000011921, 1838.800000011921, 1948.9000000357628, 2176.100000023842, 2306.7000000476837, 2532.900000035763, 2645.800000011921, 2877.900000035763, 3102.2000000476837]",B,1,00d5812ae2cb48ac6d7083fecaf660197f2d981ba8ab9b00d07134979f40179a,train
37,angel,B,1,B_orient1,3,1,angel/B/orient1/tilt_forward_away_1/landmarks_trimmed.json,28,28,18,"[0, 1, 3, 4, 6, 7, 9, 11, 12, 14, 15, 17, 19, 20, 22, 23, 25, 27]","[103.19999998807907, 223.10000002384186, 383.89999997615814, 496.89999997615814, 717.1999999880791, 816.8999999761581, 1032.1000000238419, 1249.0, 1348.8999999761581, 1573.699999988079, 1688.3999999761581, 1920.1000000238419, 2127.0, 2227.899999976158, 2456.899999976158, 2568.399999976158, 2800.399999976158, 3053.5]",B,1,efe225ba45e4c0812808e9b18c6868f5bab3ad9c81359b5a2184f9fa7af12642,train
38,angel,B,1,B_orient1,3,1,angel/B/orient1/tilt_forward_neutral_1/landmarks_trimmed.json,28,28,18,"[0, 1, 3, 4, 6, 7, 9, 11, 12, 14, 15, 17, 19, 20, 22, 23, 25, 27]","[115.19999998807907, 224.30000001192093, 441.69999998807907, 553.0, 775.8000000119209, 881.3999999761581, 1100.5999999642372, 1315.8999999761581, 1415.5, 1649.3999999761581, 1753.8999999761581, 1958.800000011921, 2164.5, 2274.5, 2504.300000011921, 2627.099999964237, 2858.0, 3075.699999988079]",B,1,b01c991fd393577b0af6c003c0dd9ca1ba5bf9b65596253960efacca9fbb815b,train
39,angel,B,1,B_orient1,3,2,angel/B/orient1/tilt_forward_neutral_2/landmarks_trimmed.json,27,27,18,"[0, 1, 3, 4, 6, 7, 9, 10, 12, 13, 15, 16, 18, 19, 21, 22, 24, 26]","[115.20000004768372, 226.9000000357628, 455.80000001192093, 564.9000000357628, 772.9000000357628, 883.4000000357628, 1110.7000000476837, 1224.800000011921, 1456.300000011921, 1560.800000011921, 1777.5, 1897.4000000357628, 2101.100000023842, 2208.100000023842, 2438.800000011921, 2548.300000011921, 2777.5, 3023.300000011921]",B,1,1d5831549c8cc27d1efcfa8b43e3957adf845e693b41fcbf90432549d0a7d654,test
40,angel,B,1,B_orient1,3,1,angel/B/orient1/tilt_forward_toward_1/landmarks_trimmed.json,32,32,18,"[0, 1, 3, 5, 7, 9, 10, 12, 14, 16, 18, 20, 21, 23, 25, 27, 29, 31]","[104.80000001192093, 211.60000002384186, 428.80000001192093, 495.30000001192093, 734.2000000476837, 963.7000000476837, 1064.5, 1210.5, 1254.1000000238419, 1476.6000000238419, 1679.0, 1895.800000011921, 2001.5, 2228.100000023842, 2463.400000035763, 2670.100000023842, 2876.5, 3082.2000000476837]",B,1,09c4cbdc50808234f0692e6484dbe1f5305a3edf65cc8b36fd109123fb54e359,train
41,angel,B,1,B_orient1,3,1,angel/B/orient1/tilt_neutral_away_1/landmarks_trimmed.json,25,25,18,"[0, 1, 2, 4, 5, 7, 8, 9, 11, 12, 14, 15, 16, 18, 19, 21, 22, 24]","[105.79999995231628, 237.0999999642372, 354.2999999523163, 584.3999999761581, 712.2999999523163, 970.6999999880791, 1104.0999999642372, 1245.2999999523163, 1537.199999988079, 1672.8999999761581, 1916.2999999523163, 2040.7999999523163, 2167.899999976158, 2409.899999976158, 2519.199999988079, 2735.399999976158, 2856.7999999523163, 3104.2999999523163]",B,1,9a4971a298fa92603ea1fb0d3c92fac50e991027148501b8997271cd24e4d355,train
42,angel,B,1,B_orient1,3,1,angel/B/orient1/tilt_neutral_neutral_1/landmarks_trimmed.json,26,26,18,"[0, 1, 2, 4, 5, 7, 8, 10, 11, 13, 14, 16, 17, 19, 20, 22, 23, 25]","[133.39999997615814, 259.2999999523163, 369.7999999523163, 495.69999998807907, 631.1999999880791, 865.0999999642372, 988.2999999523163, 1230.0999999642372, 1359.7999999523163, 1608.5, 1721.199999988079, 1947.699999988079, 2067.2999999523163, 2331.0, 2455.599999964237, 2702.599999964237, 2820.399999976158, 3042.599999964237]",B,1,454e092a861f1ac4fa0197abcde97870085b0a4304652df4f9c9446c6859f326,validation
43,angel,B,1,B_orient1,3,2,angel/B/orient1/tilt_neutral_neutral_2/landmarks_trimmed.json,26,26,18,"[0, 1, 2, 4, 5, 7, 8, 10, 11, 13, 14, 16, 17, 19, 20, 22, 23, 25]","[109.80000001192093, 229.19999998807907, 353.0, 578.5999999642372, 686.3000000119209, 923.6999999880791, 1062.0, 1291.0, 1404.699999988079, 1654.0, 1775.5999999642372, 2005.699999988079, 2119.399999976158, 2343.300000011921, 2464.099999964237, 2704.199999988079, 2814.099999964237, 3083.0]",B,1,5606366ceab96b10b249ad21da557e108e0c46f2944ca7ca79c9c5d802ab31a1,train
44,angel,B,1,B_orient1,3,1,angel/B/orient1/tilt_neutral_toward_1/landmarks_trimmed.json,26,26,18,"[0, 1, 2, 4, 5, 7, 8, 10, 11, 13, 14, 16, 17, 19, 20, 22, 23, 25]","[107.60000002384186, 230.69999998807907, 354.69999998807907, 586.0, 718.3000000119209, 951.5, 1079.0, 1303.300000011921, 1415.300000011921, 1668.6000000238419, 1790.300000011921, 2026.9000000357628, 2145.600000023842, 2368.900000035763, 2502.5, 2734.900000035763, 2844.100000023842, 3074.699999988079]",B,1,a94237be48694576f3a22c58f9d656be0a2cd15ccb5a06cae0f46dc138a99a2a,test
45,angel,B,2,B_orient2,4,1,angel/B/orient2/tilt_back_away_1/landmarks_trimmed.json,28,28,18,"[0, 1, 3, 4, 6, 7, 9, 11, 12, 14, 15, 17, 19, 20, 22, 23, 25, 27]","[95.69999998807907, 198.69999998807907, 411.19999998807907, 524.6999999880791, 714.3000000119209, 807.0999999642372, 1026.800000011921, 1233.0999999642372, 1338.699999988079, 1547.3999999761581, 1648.800000011921, 1848.0999999642372, 2032.3999999761581, 2125.399999976158, 2389.0, 2523.699999988079, 2800.399999976158, 3251.899999976158]",B,1,9e238eba8eac17400b720a8cba0a06cff65e86fc3b06035a4ec7e8f401b328f4,train
46,angel,B,2,B_orient2,4,1,angel/B/orient2/tilt_back_neutral_1/landmarks_trimmed.json,30,30,18,"[0, 1, 3, 5, 6, 8, 10, 11, 13, 15, 17, 18, 20, 22, 23, 25, 27, 29]","[100.69999998807907, 204.69999998807907, 418.80000001192093, 632.6999999880791, 731.3000000119209, 917.1000000238419, 1113.300000011921, 1221.6000000238419, 1450.300000011921, 1669.0, 1864.800000011921, 1961.6000000238419, 2188.100000023842, 2374.699999988079, 2472.199999988079, 2665.0, 2875.399999976158, 3080.600000023842]",B,1,c356cc4467f0ae1e55fd0849bcc3a1e4b5c152b9949741eedb7124aca0c86627,train
47,angel,B,2,B_orient2,4,2,angel/B/orient2/tilt_back_neutral_2/landmarks_trimmed.json,31,31,18,"[0, 1, 3, 5, 7, 8, 10, 12, 14, 15, 17, 19, 21, 22, 24, 26, 28, 30]","[104.10000002384186, 210.0, 423.19999998807907, 604.8999999761581, 813.3000000119209, 915.8999999761581, 1137.5, 1356.199999988079, 1564.300000011921, 1664.699999988079, 1877.6000000238419, 2073.899999976158, 2284.699999988079, 2385.800000011921, 2579.300000011921, 2787.5, 2931.800000011921, 3083.5]",B,1,ab6cdbcb93c6b30259a754da397a0c3730634050b72193e2fd7841cadc19a528,train
48,angel,B,2,B_orient2,4,1,angel/B/orient2/tilt_back_toward_1/landmarks_trimmed.json,27,27,18,"[0, 1, 3, 4, 6, 7, 9, 10, 12, 13, 15, 16, 18, 19, 21, 22, 24, 26]","[196.30000001192093, 297.10000002384186, 592.9000000357628, 694.8000000119209, 898.4000000357628, 1007.9000000357628, 1201.5, 1312.699999988079, 1512.0, 1612.9000000357628, 1917.6000000238419, 2012.9000000357628, 2224.100000023842, 2341.5, 2533.400000035763, 2623.900000035763, 2810.800000011921, 3265.199999988079]",B,1,2b2abe23eb46c855360085ef37e0adfb59304c5674c42f01a5eab029a7928178,train
49,angel,B,2,B_orient2,4,1,angel/B/orient2/tilt_forward_away_1/landmarks_trimmed.json,28,28,18,"[0, 1, 3, 4, 6, 7, 9, 11, 12, 14, 15, 17, 19, 20, 22, 23, 25, 27]","[109.39999997615814, 213.19999998807907, 431.69999998807907, 535.8999999761581, 757.8000000119209, 876.1000000238419, 1111.6000000238419, 1338.199999988079, 1442.699999988079, 1652.699999988079, 1760.300000011921, 1991.8999999761581, 2210.600000023842, 2312.899999976158, 2524.0, 2643.199999988079, 2876.399999976158, 3107.0]",B,1,af80b841c9eef5a8ff893f7954e83ec3929cf60b6ec6c493de2017ff6dc9bbef,train
50,angel,B,2,B_orient2,4,1,angel/B/orient2/tilt_forward_neutral_1/landmarks_trimmed.json,28,28,18,"[0, 1, 3, 4, 6, 7, 9, 11, 12, 14, 15, 17, 19, 20, 22, 23, 25, 27]","[126.39999997615814, 238.0999999642372, 458.80000001192093, 558.1999999880791, 792.5, 892.3999999761581, 1105.0, 1310.0, 1417.199999988079, 1647.0, 1753.0999999642372, 1966.199999988079, 2174.800000011921, 2276.599999964237, 2512.199999988079, 2645.800000011921, 2884.899999976158, 3105.5]",B,1,4a41be30f14373d78e6ae5bbddad9bd9210b07498e912eed873e6cdb9011eeab,train
51,angel,B,2,B_orient2,4,2,angel/B/orient2/tilt_forward_neutral_2/landmarks_trimmed.json,27,27,18,"[0, 1, 3, 4, 6, 7, 9, 10, 12, 13, 15, 16, 18, 19, 21, 22, 24, 26]","[103.40000003576279, 213.30000001192093, 428.30000001192093, 556.5, 795.7000000476837, 903.3000000119209, 1128.7000000476837, 1242.800000011921, 1482.5, 1587.5, 1820.5, 1943.2000000476837, 2202.2000000476837, 2309.5, 2522.300000011921, 2631.5, 2838.100000023842, 3043.900000035763]",B,1,e9abe0919c69753fda1f6988e9f503db172f06a6ee6e01477fdd5bdbb17f4fce,train
52,angel,B,2,B_orient2,4,1,angel/B/orient2/tilt_forward_toward_1/landmarks_trimmed.json,27,27,18,"[0, 1, 3, 4, 6, 7, 9, 10, 12, 13, 15, 16, 18, 19, 21, 22, 24, 26]","[117.60000002384186, 232.19999998807907, 464.69999998807907, 584.1000000238419, 813.8999999761581, 940.5, 1178.6000000238419, 1289.3999999761581, 1496.3999999761581, 1617.699999988079, 1827.6000000238419, 1937.6000000238419, 2145.199999988079, 2243.300000011921, 2462.699999988079, 2581.899999976158, 2801.5, 3013.300000011921]",B,1,fd3896218825f4efd2ecf305db75113b6b5e4dbf15e16c3e49f8f2c82f93f0c0,train
53,angel,B,2,B_orient2,4,1,angel/B/orient2/tilt_neutral_away_1/landmarks_trimmed.json,30,30,18,"[0, 1, 3, 5, 6, 8, 10, 11, 13, 15, 17, 18, 20, 22, 23, 25, 27, 29]","[104.40000003576279, 198.4000000357628, 395.9000000357628, 581.1000000238419, 688.6000000238419, 888.5, 1117.1000000238419, 1230.0, 1443.4000000357628, 1635.800000011921, 1846.5, 1954.0, 2163.600000023842, 2355.5, 2462.0, 2661.0, 2890.900000035763, 3099.400000035763]",B,1,7165f7357325503ac0258105904a873526da25efaa18c823e429fee706361416,train
54,angel,B,2,B_orient2,4,1,angel/B/orient2/tilt_neutral_neutral_1/landmarks_trimmed.json,28,28,18,"[0, 1, 3, 4, 6, 7, 9, 11, 12, 14, 15, 17, 19, 20, 22, 23, 25, 27]","[124.30000001192093, 241.69999998807907, 461.69999998807907, 563.6999999880791, 758.9000000357628, 859.3000000119209, 1076.0, 1319.699999988079, 1436.0, 1652.6000000238419, 1756.6000000238419, 2008.199999988079, 2214.300000011921, 2319.600000023842, 2559.300000011921, 2664.800000011921, 2876.800000011921, 3090.400000035763]",B,1,c97261e582014f018ddee8c364b6ee8741c05c29a3858e2d8f3f038cbb3929d4,validation
55,angel,B,2,B_orient2,4,2,angel/B/orient2/tilt_neutral_neutral_2/landmarks_trimmed.json,31,31,18,"[0, 1, 3, 5, 7, 8, 10, 12, 14, 15, 17, 19, 21, 22, 24, 26, 28, 30]","[92.30000001192093, 182.30000001192093, 365.39999997615814, 549.8000000119209, 751.5999999642372, 858.5999999642372, 1054.3999999761581, 1236.699999988079, 1437.8999999761581, 1539.0, 1759.199999988079, 1981.8999999761581, 2187.800000011921, 2284.099999964237, 2484.899999976158, 2681.199999988079, 2876.599999964237, 3080.899999976158]",B,1,2e92f812312d9187f0fbff59ac7c59500cb90aa668061f544cd992e2e6a86b2c,test
56,angel,B,2,B_orient2,4,1,angel/B/orient2/tilt_neutral_toward_1/landmarks_trimmed.json,28,28,18,"[0, 1, 3, 4, 6, 7, 9, 11, 12, 14, 15, 17, 19, 20, 22, 23, 25, 27]","[102.0, 207.5999999642372, 423.2999999523163, 539.0, 767.5999999642372, 878.6999999880791, 1103.2999999523163, 1309.199999988079, 1415.199999988079, 1634.7999999523163, 1737.3999999761581, 1942.8999999761581, 2174.7999999523163, 2285.599999964237, 2492.0, 2596.5, 2833.5, 3064.399999976158]",B,1,fa46bf62ba73cd3a08c2a3d53e8d651591e2d463bb978a45aac582a9167e28f1,train
57,angel,C,1,C_orient1,5,1,angel/C/orient1/tilt_back_away_1/landmarks_trimmed.json,31,31,18,"[0, 1, 3, 5, 7, 8, 10, 12, 14, 15, 17, 19, 21, 22, 24, 26, 28, 30]","[98.0, 193.69999998807907, 398.80000001192093, 595.6000000238419, 792.1999999880791, 892.8999999761581, 1091.5, 1284.3999999761581, 1494.5, 1581.300000011921, 1772.6000000238419, 1975.0, 2171.100000023842, 2268.199999988079, 2464.600000023842, 2645.600000023842, 2833.0, 3030.800000011921]",C,2,02e38d35c15554f8cb3e9a0a5273bee81a7f5b7743783df7ac828fdec30dd599,train
58,angel,C,1,C_orient1,5,1,angel/C/orient1/tilt_back_neutral_1/landmarks_trimmed.json,41,41,18,"[0, 2, 4, 7, 9, 11, 14, 16, 18, 21, 23, 25, 28, 30, 32, 35, 37, 40]","[70.19999998807907, 203.9000000357628, 348.69999998807907, 575.5, 723.6000000238419, 868.8000000119209, 1110.800000011921, 1261.0, 1405.699999988079, 1629.0, 1777.199999988079, 1933.300000011921, 2155.699999988079, 2308.600000023842, 2459.400000035763, 2691.0, 2846.600000023842, 3031.400000035763]",C,2,afc7821808b4e2f2efb4eb69d48623a8f9afb46ba8a41cca9b163cc2c575cfc0,test
59,angel,C,1,C_orient1,5,2,angel/C/orient1/tilt_back_neutral_2/landmarks_trimmed.json,41,41,18,"[0, 2, 4, 7, 9, 11, 14, 16, 18, 21, 23, 25, 28, 30, 32, 35, 37, 40]","[78.69999998807907, 222.5999999642372, 372.89999997615814, 600.3999999761581, 750.0, 905.3999999761581, 1143.7999999523163, 1301.3999999761581, 1443.2999999523163, 1668.8999999761581, 1826.699999988079, 1974.8999999761581, 2183.699999988079, 2328.0, 2445.7999999523163, 2695.7999999523163, 2838.199999988079, 3064.5]",C,2,965b6d90e1beb1be8c208242fcc60ba5fd0a933d2c5abfa51a515ae3e55a1cd4,validation
60,angel,C,1,C_orient1,5,1,angel/C/orient1/tilt_back_toward_1/landmarks_trimmed.json,36,36,18,"[0, 2, 4, 6, 8, 10, 12, 14, 16, 18, 20, 22, 24, 26, 28, 30, 32, 35]","[74.30000001192093, 219.80000001192093, 398.89999997615814, 585.3999999761581, 774.8999999761581, 980.8999999761581, 1184.699999988079, 1329.5, 1512.699999988079, 1660.800000011921, 1801.800000011921, 1946.699999988079, 2084.099999964237, 2265.699999988079, 2431.099999964237, 2595.699999988079, 2763.800000011921, 3004.099999964237]",C,2,ff9237ea756207ea1d66f80e86143874382133d76af726ba860e00208020d27b,validation
61,angel,C,1,C_orient1,5,1,angel/C/orient1/tilt_forward_away_1/landmarks_trimmed.json,33,33,18,"[0, 1, 3, 5, 7, 9, 11, 13, 15, 16, 18, 20, 22, 24, 26, 28, 30, 32]","[80.40000003576279, 181.0, 364.30000001192093, 551.8000000119209, 749.0, 954.9000000357628, 1139.9000000357628, 1324.199999988079, 1519.4000000357628, 1609.300000011921, 1800.300000011921, 1984.9000000357628, 2174.400000035763, 2357.300000011921, 2535.5, 2721.100000023842, 2905.600000023842, 3094.199999988079]",C,2,1d6dabfeff5805799ef5bb19b68942874d0eb8413748d781b6b624e8e54e3108,train
62,angel,C,1,C_orient1,5,1,angel/C/orient1/tilt_forward_neutral_1/landmarks_trimmed.json,32,32,18,"[0, 1, 3, 5, 7, 9, 10, 12, 14, 16, 18, 20, 21, 23, 25, 27, 29, 31]","[96.19999998807907, 200.10000002384186, 402.80000001192093, 605.4000000357628, 803.0, 1003.0, 1102.300000011921, 1297.300000011921, 1432.300000011921, 1638.1000000238419, 1823.300000011921, 2015.5, 2117.699999988079, 2310.199999988079, 2490.699999988079, 2684.900000035763, 2874.5, 3065.5]",C,2,939bb0bea846bb3a8105c16697fba0318825dd5d210e4942e94a989f491baa59,test
63,angel,C,1,C_orient1,5,2,angel/C/orient1/tilt_forward_neutral_2/landmarks_trimmed.json,31,31,18,"[0, 1, 3, 5, 7, 8, 10, 12, 14, 15, 17, 19, 21, 22, 24, 26, 28, 30]","[97.80000001192093, 195.0999999642372, 379.89999997615814, 574.6999999880791, 778.1999999880791, 880.5999999642372, 1067.5999999642372, 1262.699999988079, 1468.5999999642372, 1580.5, 1765.300000011921, 1956.3999999761581, 2153.599999964237, 2255.800000011921, 2461.699999988079, 2669.300000011921, 2868.599999964237, 3073.399999976158]",C,2,8e85adb0ae493067eb258ff66d1072913f01289768f3eb3006196ac1cfc3126e,train
64,angel,C,1,C_orient1,5,1,angel/C/orient1/tilt_forward_toward_1/landmarks_trimmed.json,32,32,18,"[0, 1, 3, 5, 7, 9, 10, 12, 14, 16, 18, 20, 21, 23, 25, 27, 29, 31]","[91.0, 181.30000001192093, 386.9000000357628, 574.9000000357628, 776.6000000238419, 971.1000000238419, 1062.6000000238419, 1264.4000000357628, 1465.6000000238419, 1665.300000011921, 1848.9000000357628, 2036.9000000357628, 2125.0, 2316.400000035763, 2493.7000000476837, 2686.0, 2882.100000023842, 3072.800000011921]",C,2,792a32827fb997fd08f5e55b6185e8041752af978fa1ea23d0c9c981606867c9,train
65,angel,C,1,C_orient1,5,1,angel/C/orient1/tilt_neutral_away_1/landmarks_trimmed.json,33,33,18,"[0, 1, 3, 5, 7, 9, 11, 13, 15, 16, 18, 20, 22, 24, 26, 28, 30, 32]","[90.30000001192093, 190.10000002384186, 396.2000000476837, 593.0, 795.4000000357628, 1002.8000000119209, 1200.4000000357628, 1389.9000000357628, 1574.1000000238419, 1672.800000011921, 1873.9000000357628, 2077.900000035763, 2234.7000000476837, 2422.2000000476837, 2595.800000011921, 2740.5, 2897.600000023842, 3099.5]",C,2,bf5c4bbde67df3cc129bd9a1ff7dffe7df0fe816a6094856efee6ed870910a4e,train
66,angel,C,1,C_orient1,5,1,angel/C/orient1/tilt_neutral_neutral_1/landmarks_trimmed.json,32,32,18,"[0, 1, 3, 5, 7, 9, 10, 12, 14, 16, 18, 20, 21, 23, 25, 27, 29, 31]","[87.80000001192093, 183.80000001192093, 384.0, 582.4000000357628, 766.8000000119209, 969.9000000357628, 1066.6000000238419, 1258.5, 1436.800000011921, 1639.2000000476837, 1840.0, 2023.5, 2119.900000035763, 2297.5, 2485.2000000476837, 2680.300000011921, 2816.0, 3025.600000023842]",C,2,750ee2a1c3ed1693c0796ff67b74e290370690b0610f121f85750fef02b822d4,train
67,angel,C,1,C_orient1,5,2,angel/C/orient1/tilt_neutral_neutral_2/landmarks_trimmed.json,32,32,18,"[0, 1, 3, 5, 7, 9, 10, 12, 14, 16, 18, 20, 21, 23, 25, 27, 29, 31]","[96.19999998807907, 183.39999997615814, 367.5, 565.5, 753.0, 933.8000000119209, 1026.8999999761581, 1165.1000000238419, 1352.199999988079, 1540.0, 1729.3999999761581, 1933.6000000238419, 2040.5, 2236.5, 2442.199999988079, 2626.899999976158, 2832.899999976158, 3021.100000023842]",C,2,e6f3fdb3d5ca26b9f6fe76eb2322f7a163f7100a8a97ef12f4bfa383d2a0e32d,train
68,angel,C,1,C_orient1,5,1,angel/C/orient1/tilt_neutral_toward_1/landmarks_trimmed.json,25,25,18,"[0, 1, 2, 4, 5, 7, 8, 9, 11, 12, 14, 15, 16, 18, 19, 21, 22, 24]","[73.69999998807907, 148.69999998807907, 483.39999997615814, 664.6999999880791, 1027.0, 1215.8999999761581, 1316.5, 1421.699999988079, 1691.8999999761581, 1791.8999999761581, 1978.800000011921, 2090.300000011921, 2193.5, 2413.699999988079, 2514.199999988079, 2710.300000011921, 2819.899999976158, 3018.300000011921]",C,2,56796f78a7b190509de15a529814ac5bbd25124c35e51409a136f229f0de6d67,train
69,angel,D,1,D_orient1,6,1,angel/D/orient1/tilt_back_away_1/landmarks_trimmed.json,28,28,18,"[0, 1, 3, 4, 6, 7, 9, 11, 12, 14, 15, 17, 19, 20, 22, 23, 25, 27]","[103.30000001192093, 207.10000002384186, 418.19999998807907, 621.6999999880791, 925.3000000119209, 1019.5, 1210.9000000357628, 1420.6000000238419, 1525.6000000238419, 1729.6000000238419, 1839.4000000357628, 2029.800000011921, 2224.600000023842, 2325.5, 2529.400000035763, 2621.400000035763, 2830.5, 3039.400000035763]",D,3,516487e8d4bbfa29a47ba798dbc8b38195fdf6619a6425c03646d25ff4bb8cee,train
70,angel,D,1,D_orient1,6,1,angel/D/orient1/tilt_back_neutral_1/landmarks_trimmed.json,31,31,18,"[0, 1, 3, 5, 7, 8, 10, 12, 14, 15, 17, 19, 21, 22, 24, 26, 28, 30]","[98.89999997615814, 202.89999997615814, 391.89999997615814, 623.6000000238419, 841.0, 943.3000000119209, 1161.5, 1365.199999988079, 1567.199999988079, 1663.3999999761581, 1845.699999988079, 2038.6000000238419, 2221.699999988079, 2317.199999988079, 2518.199999988079, 2703.100000023842, 2893.199999988079, 3097.100000023842]",D,3,67141aa077018a2c33adce1e9a4449c683e5b8fd4dd100e348940f980b62157f,train
71,angel,D,1,D_orient1,6,2,angel/D/orient1/tilt_back_neutral_2/landmarks_trimmed.json,22,22,18,"[0, 1, 2, 3, 4, 6, 7, 8, 9, 11, 12, 13, 14, 16, 17, 18, 19, 21]","[204.89999997615814, 308.89999997615814, 412.39999997615814, 516.0, 616.8999999761581, 1195.6000000238419, 1291.5, 1392.300000011921, 1593.1000000238419, 1801.0, 1900.8999999761581, 2098.300000011921, 2196.5, 2567.600000023842, 2662.300000011921, 2755.5, 2848.5, 3047.0]",D,3,b6638824a3524eae8d9dfebebd925cf24fe04de125fc5dae4ac03a5a3694a912,train
72,angel,D,1,D_orient1,6,1,angel/D/orient1/tilt_back_toward_1/landmarks_trimmed.json,30,30,18,"[0, 1, 3, 5, 6, 8, 10, 11, 13, 15, 17, 18, 20, 22, 23, 25, 27, 29]","[100.89999997615814, 207.19999998807907, 417.5, 616.8000000119209, 714.3000000119209, 914.3999999761581, 1109.5, 1202.8999999761581, 1415.300000011921, 1619.300000011921, 1831.8999999761581, 1936.0999999642372, 2157.0, 2367.599999964237, 2469.800000011921, 2659.800000011921, 2850.399999976158, 3056.899999976158]",D,3,b01e33bf53c24a6dd0b7827040afcdd138c7875fcaa574709e8e6268f60d15e6,test
73,angel,D,1,D_orient1,6,1,angel/D/orient1/tilt_forward_away_1/landmarks_trimmed.json,32,32,18,"[0, 1, 3, 5, 7, 9, 10, 12, 14, 16, 18, 20, 21, 23, 25, 27, 29, 31]","[100.09999996423721, 195.19999998807907, 386.39999997615814, 575.8999999761581, 760.5999999642372, 955.5999999642372, 1058.199999988079, 1264.199999988079, 1468.3999999761581, 1668.2999999523163, 1852.699999988079, 2038.199999988079, 2134.699999988079, 2323.7999999523163, 2513.7999999523163, 2696.699999988079, 2888.7999999523163, 3083.899999976158]",D,3,7f8ef5e484f54258e09eb0218644651023632d724c464b008bb08594e1a75276,train
74,angel,D,1,D_orient1,6,1,angel/D/orient1/tilt_forward_neutral_1/landmarks_trimmed.json,34,34,18,"[0, 1, 3, 5, 7, 9, 11, 13, 15, 17, 19, 21, 23, 25, 27, 29, 31, 33]","[103.69999998807907, 191.19999998807907, 373.80000001192093, 566.1999999880791, 753.6999999880791, 950.8000000119209, 1134.800000011921, 1189.0, 1382.199999988079, 1580.3999999761581, 1781.0, 1965.699999988079, 2146.699999988079, 2334.399999976158, 2516.899999976158, 2713.0, 2907.899999976158, 3088.399999976158]",D,3,ce34395e1f0ef70dee254f857ba8dee265eaddb69354ad2fe0df48c8796f0ff3,test
75,angel,D,1,D_orient1,6,2,angel/D/orient1/tilt_forward_neutral_2/landmarks_trimmed.json,31,31,18,"[0, 1, 3, 5, 7, 8, 10, 12, 14, 15, 17, 19, 21, 22, 24, 26, 28, 30]","[90.09999996423721, 196.5, 390.0, 581.8999999761581, 773.3000000119209, 872.5999999642372, 1061.300000011921, 1260.300000011921, 1439.800000011921, 1546.0, 1740.8999999761581, 1934.800000011921, 2123.399999976158, 2224.300000011921, 2430.199999988079, 2639.899999976158, 2827.5, 3034.699999988079]",D,3,6906c285d1eb610294a711331d2d8fa5abc87236363d8cfdea3b072eaaf9286e,train
76,angel,D,1,D_orient1,6,1,angel/D/orient1/tilt_forward_toward_1/landmarks_trimmed.json,32,32,18,"[0, 1, 3, 5, 7, 9, 10, 12, 14, 16, 18, 20, 21, 23, 25, 27, 29, 31]","[100.69999998807907, 196.69999998807907, 380.89999997615814, 564.1999999880791, 756.3000000119209, 964.3000000119209, 1063.3999999761581, 1261.8999999761581, 1455.199999988079, 1650.8999999761581, 1827.699999988079, 2028.5, 2130.0, 2326.699999988079, 2523.300000011921, 2707.800000011921, 2887.899999976158, 3070.399999976158]",D,3,de3bf11cf38acfb42e4583059bbc672da40c94213aada6bc8afed15e8d997f04,train
77,angel,D,1,D_orient1,6,1,angel/D/orient1/tilt_neutral_away_1/landmarks_trimmed.json,32,32,18,"[0, 1, 3, 5, 7, 9, 10, 12, 14, 16, 18, 20, 21, 23, 25, 27, 29, 31]","[101.60000002384186, 194.19999998807907, 377.60000002384186, 559.1000000238419, 749.3000000119209, 940.0, 1031.300000011921, 1217.1000000238419, 1412.1000000238419, 1616.9000000357628, 1795.0, 2001.4000000357628, 2095.0, 2284.199999988079, 2472.800000011921, 2656.300000011921, 2843.100000023842, 3025.300000011921]",D,3,3a7f6e3c8d71dfd7bb21569e58eef030bd92f9b24c60d87468eac1adaf907557,train
78,angel,D,1,D_orient1,6,1,angel/D/orient1/tilt_neutral_neutral_1/landmarks_trimmed.json,30,30,18,"[0, 1, 3, 5, 6, 8, 10, 11, 13, 15, 17, 18, 20, 22, 23, 25, 27, 29]","[90.90000003576279, 179.4000000357628, 392.60000002384186, 601.4000000357628, 712.8000000119209, 930.8000000119209, 1125.5, 1214.800000011921, 1414.199999988079, 1627.6000000238419, 1836.9000000357628, 1953.199999988079, 2144.5, 2360.199999988079, 2460.900000035763, 2647.5, 2848.900000035763, 3046.199999988079]",D,3,2d770339a623b188024af990ec9e761337c09170f4ab0e85f4b0f1ed0ff0d879,train
79,angel,D,1,D_orient1,6,2,angel/D/orient1/tilt_neutral_neutral_2/landmarks_trimmed.json,30,30,18,"[0, 1, 3, 5, 6, 8, 10, 11, 13, 15, 17, 18, 20, 22, 23, 25, 27, 29]","[98.0, 203.30000001192093, 408.60000002384186, 598.6000000238419, 707.6000000238419, 921.8000000119209, 1128.699999988079, 1224.0, 1410.5, 1626.199999988079, 1832.8999999761581, 1936.199999988079, 2089.100000023842, 2299.399999976158, 2397.800000011921, 2604.300000011921, 2808.5, 3014.100000023842]",D,3,ae61a44a8824c94ddb89088bb4c05db8dc0cebb2883c7e33137cf780793c1206,train
80,angel,D,1,D_orient1,6,1,angel/D/orient1/tilt_neutral_toward_1/landmarks_trimmed.json,30,30,18,"[0, 1, 3, 5, 6, 8, 10, 11, 13, 15, 17, 18, 20, 22, 23, 25, 27, 29]","[101.79999995231628, 203.5999999642372, 413.89999997615814, 620.3999999761581, 721.5, 908.2999999523163, 1091.5999999642372, 1190.5, 1408.5999999642372, 1625.5999999642372, 1839.199999988079, 1953.2999999523163, 2154.7999999523163, 2365.899999976158, 2468.699999988079, 2652.899999976158, 2858.099999964237, 3039.699999988079]",D,3,9c8d71531d2d8986f5cc349dd354474ded464f0806798808bfaea6a7ae88e673,validation
81,angel,D,2,D_orient2,7,1,angel/D/orient2/tilt_back_away_1/landmarks_trimmed.json,31,31,18,"[0, 1, 3, 5, 7, 8, 10, 12, 14, 15, 17, 19, 21, 22, 24, 26, 28, 30]","[92.60000002384186, 181.89999997615814, 371.10000002384186, 576.5, 779.6000000238419, 871.3999999761581, 1065.800000011921, 1262.3999999761581, 1443.699999988079, 1543.8999999761581, 1732.8999999761581, 1943.5, 2149.0, 2253.800000011921, 2440.5, 2625.0, 2817.800000011921, 3028.300000011921]",D,3,cbe32aa8facab4b7f45461e35009ef2fc37096c6ba439696e69301b94d9834a1,train
82,angel,D,2,D_orient2,7,1,angel/D/orient2/tilt_back_neutral_1/landmarks_trimmed.json,30,30,18,"[0, 1, 3, 5, 6, 8, 10, 11, 13, 15, 17, 18, 20, 22, 23, 25, 27, 29]","[105.5, 195.5999999642372, 391.5999999642372, 598.8999999761581, 707.0999999642372, 909.6999999880791, 1095.0999999642372, 1195.7999999523163, 1398.0999999642372, 1608.7999999523163, 1820.699999988079, 1926.5, 2125.0, 2326.199999988079, 2423.0, 2625.699999988079, 2838.899999976158, 3052.899999976158]",D,3,8153460fce3dbeb90a68730a17939721d070341560652c74d498190f101d5f90,validation
83,angel,D,2,D_orient2,7,2,angel/D/orient2/tilt_back_neutral_2/landmarks_trimmed.json,29,29,18,"[0, 1, 3, 4, 6, 8, 9, 11, 13, 14, 16, 18, 19, 21, 23, 24, 26, 28]","[94.09999996423721, 200.69999998807907, 408.80000001192093, 519.5999999642372, 724.6999999880791, 921.0, 1011.8999999761581, 1202.699999988079, 1407.699999988079, 1511.3999999761581, 1721.0999999642372, 1929.3999999761581, 2040.199999988079, 2252.199999988079, 2476.5, 2596.099999964237, 2813.800000011921, 3027.399999976158]",D,3,c036dd5bbcc80865a95e1924e50067e2794130d76697e215fb00266723731800,validation
84,angel,D,2,D_orient2,7,1,angel/D/orient2/tilt_back_toward_1/landmarks_trimmed.json,32,32,18,"[0, 1, 3, 5, 7, 9, 10, 12, 14, 16, 18, 20, 21, 23, 25, 27, 29, 31]","[102.19999998807907, 204.5, 404.0, 608.6999999880791, 660.5, 863.5, 965.8000000119209, 1147.0, 1341.5, 1555.8999999761581, 1763.3999999761581, 1968.699999988079, 2062.699999988079, 2255.800000011921, 2455.300000011921, 2660.699999988079, 2868.0, 3079.099999964237]",D,3,63ff58d59aafce85a83db0ec28cbb582c35a03ec809bd44992f77a56975ad534,train
85,angel,D,2,D_orient2,7,1,angel/D/orient2/tilt_forward_away_1/landmarks_trimmed.json,30,30,18,"[0, 1, 3, 5, 6, 8, 10, 11, 13, 15, 17, 18, 20, 22, 23, 25, 27, 29]","[90.40000003576279, 182.69999998807907, 390.19999998807907, 596.5, 700.3000000119209, 910.6000000238419, 1113.6000000238419, 1215.699999988079, 1423.300000011921, 1629.0, 1818.6000000238419, 1922.1000000238419, 2122.0, 2323.0, 2430.0, 2633.699999988079, 2824.900000035763, 3026.900000035763]",D,3,0a68cf89b10162ccd83295b741b88d2d2fe024c7c0d6a38876d008829c9a6734,train
86,angel,D,2,D_orient2,7,1,angel/D/orient2/tilt_forward_neutral_1/landmarks_trimmed.json,31,31,18,"[0, 1, 3, 5, 7, 8, 10, 12, 14, 15, 17, 19, 21, 22, 24, 26, 28, 30]","[102.40000003576279, 204.0, 394.2000000476837, 592.7000000476837, 799.5, 907.1000000238419, 1097.1000000238419, 1280.300000011921, 1472.5, 1569.2000000476837, 1754.9000000357628, 1940.1000000238419, 2140.800000011921, 2234.300000011921, 2432.5, 2629.300000011921, 2829.5, 3022.800000011921]",D,3,9b2a153842271d6589c72c7f4453ef115485bc664c97ec0669d6a5e310292465,train
87,angel,D,2,D_orient2,7,2,angel/D/orient2/tilt_forward_neutral_2/landmarks_trimmed.json,31,31,18,"[0, 1, 3, 5, 7, 8, 10, 12, 14, 15, 17, 19, 21, 22, 24, 26, 28, 30]","[98.5, 189.0, 387.39999997615814, 576.2999999523163, 783.6999999880791, 880.7999999523163, 1072.5, 1275.0, 1466.5, 1559.199999988079, 1751.5, 1955.0, 2154.099999964237, 2256.199999988079, 2462.2999999523163, 2647.2999999523163, 2834.0, 3018.5]",D,3,5509da4c9a4a426d859f744cde7534109d43e7b5e3f78e211ac9f499abb8bfa8,validation
88,angel,D,2,D_orient2,7,1,angel/D/orient2/tilt_forward_toward_1/landmarks_trimmed.json,31,31,18,"[0, 1, 3, 5, 7, 8, 10, 12, 14, 15, 17, 19, 21, 22, 24, 26, 28, 30]","[89.30000001192093, 184.30000001192093, 366.60000002384186, 566.1999999880791, 775.6999999880791, 868.9000000357628, 1053.9000000357628, 1252.0, 1451.0, 1545.300000011921, 1733.1000000238419, 1924.300000011921, 2105.100000023842, 2194.699999988079, 2389.800000011921, 2600.300000011921, 2819.800000011921, 3015.900000035763]",D,3,431e98dc8a0ff5f8c49aa299695eade207d69bc9a2aa8c858529e746f218c24c,train
89,angel,D,2,D_orient2,7,1,angel/D/orient2/tilt_neutral_away_1/landmarks_trimmed.json,31,31,18,"[0, 1, 3, 5, 7, 8, 10, 12, 14, 15, 17, 19, 21, 22, 24, 26, 28, 30]","[101.59999996423721, 202.5999999642372, 382.5, 568.8999999761581, 776.0, 876.5, 1086.699999988079, 1293.0999999642372, 1493.5999999642372, 1594.199999988079, 1793.3999999761581, 1979.699999988079, 2186.199999988079, 2289.699999988079, 2491.0, 2698.099999964237, 2897.300000011921, 3094.899999976158]",D,3,c52c19dbf413e8816c33c2577a3cfa2fe3186f4b7b077eacb50523dc14cacd5d,test
90,angel,D,2,D_orient2,7,1,angel/D/orient2/tilt_neutral_neutral_1/landmarks_trimmed.json,31,31,18,"[0, 1, 3, 5, 7, 8, 10, 12, 14, 15, 17, 19, 21, 22, 24, 26, 28, 30]","[105.59999996423721, 211.0999999642372, 400.39999997615814, 582.8000000119209, 788.0, 891.5, 1086.199999988079, 1276.5, 1467.300000011921, 1567.199999988079, 1758.199999988079, 1961.300000011921, 2163.0, 2266.199999988079, 2470.800000011921, 2681.800000011921, 2891.699999988079, 3080.399999976158]",D,3,75b9d8bf86588a18c9c613728dece76c11939b44227fde54a718b2092ecfd784,train
91,angel,D,2,D_orient2,7,2,angel/D/orient2/tilt_neutral_neutral_2/landmarks_trimmed.json,29,29,18,"[0, 1, 3, 4, 6, 8, 9, 11, 13, 14, 16, 18, 19, 21, 23, 24, 26, 28]","[100.5, 218.69999998807907, 438.60000002384186, 548.3000000119209, 749.1000000238419, 972.1000000238419, 1075.8999999761581, 1259.0, 1452.0, 1566.1000000238419, 1775.1000000238419, 1989.199999988079, 2085.899999976158, 2279.199999988079, 2486.600000023842, 2594.100000023842, 2803.100000023842, 3010.5]",D,3,69c7ba6b2a1a8d34502099e60c37f839324cb31c3ffa5742101f2b45c7b18fd3,train
92,angel,D,2,D_orient2,7,1,angel/D/orient2/tilt_neutral_toward_1/landmarks_trimmed.json,30,30,18,"[0, 1, 3, 5, 6, 8, 10, 11, 13, 15, 17, 18, 20, 22, 23, 25, 27, 29]","[103.10000002384186, 211.80000001192093, 403.5, 612.0, 708.6000000238419, 917.6999999880791, 1107.0, 1202.1000000238419, 1418.6000000238419, 1620.0, 1806.300000011921, 1909.199999988079, 2119.699999988079, 2330.399999976158, 2435.699999988079, 2646.800000011921, 2852.100000023842, 3042.5]",D,3,d006526e2e9ab798c1cc100d22f2730534c22e3c8c43abc14d6183d5a693cf61,train
93,angel,E,1,E_orient1,8,1,angel/E/orient1/tilt_back_away_1/landmarks_trimmed.json,30,30,18,"[0, 1, 3, 5, 6, 8, 10, 11, 13, 15, 17, 18, 20, 22, 23, 25, 27, 29]","[100.19999998807907, 206.29999995231628, 413.5, 625.0, 726.3999999761581, 927.5, 1125.0999999642372, 1225.3999999761581, 1423.3999999761581, 1609.7999999523163, 1811.7999999523163, 1913.5999999642372, 2125.199999988079, 2329.0, 2430.199999988079, 2620.199999988079, 2819.599999964237, 3031.699999988079]",E,4,3086db483255998d755a766a4a64245c2deb0791cde15d416d9fbf41a096a00f,train
94,angel,E,1,E_orient1,8,1,angel/E/orient1/tilt_back_neutral_1/landmarks_trimmed.json,29,29,18,"[0, 1, 3, 4, 6, 8, 9, 11, 13, 14, 16, 18, 19, 21, 23, 24, 26, 28]","[101.10000002384186, 195.0, 402.30000001192093, 496.60000002384186, 876.1000000238419, 1060.4000000357628, 1155.1000000238419, 1352.4000000357628, 1553.9000000357628, 1654.0, 1847.6000000238419, 2037.699999988079, 2140.5, 2345.900000035763, 2551.900000035763, 2640.5, 2831.600000023842, 3018.699999988079]",E,4,421409435cd3e73347e8ef918d678c68f5bf21fc51e6f7ca7825a91e02486fe1,train
95,angel,E,1,E_orient1,8,2,angel/E/orient1/tilt_back_neutral_2/landmarks_trimmed.json,32,32,18,"[0, 1, 3, 5, 7, 9, 10, 12, 14, 16, 18, 20, 21, 23, 25, 27, 29, 31]","[95.80000001192093, 189.5, 368.4000000357628, 563.6999999880791, 751.6000000238419, 941.5, 1040.800000011921, 1244.1000000238419, 1447.0, 1633.199999988079, 1826.1000000238419, 2010.1000000238419, 2099.5, 2299.600000023842, 2499.900000035763, 2650.699999988079, 2836.699999988079, 3018.400000035763]",E,4,c04dc866f5644a755faeacb81b497923c125e2f0140715dd0b4093fabb650dbe,validation
96,angel,E,1,E_orient1,8,1,angel/E/orient1/tilt_back_toward_1/landmarks_trimmed.json,23,23,18,"[0, 1, 2, 3, 5, 6, 7, 9, 10, 11, 12, 14, 15, 16, 18, 19, 20, 22]","[102.70000004768372, 206.4000000357628, 311.4000000357628, 417.7000000476837, 629.9000000357628, 728.6000000238419, 826.5, 1033.1000000238419, 1133.6000000238419, 1234.7000000476837, 1341.6000000238419, 1547.6000000238419, 1652.7000000476837, 1757.5, 2064.100000023842, 2160.7000000476837, 2252.400000035763, 2456.2000000476837]",E,4,d617b7da0902f88ef00c00ea6a58608be3ae86349d3c1cbfe51bc5f4dd986fca,train
97,angel,E,1,E_orient1,8,1,angel/E/orient1/tilt_forward_away_1/landmarks_trimmed.json,30,30,18,"[0, 1, 3, 5, 6, 8, 10, 11, 13, 15, 17, 18, 20, 22, 23, 25, 27, 29]","[117.80000001192093, 228.39999997615814, 445.39999997615814, 643.3000000119209, 738.1999999880791, 927.8000000119209, 1110.0, 1209.699999988079, 1388.3999999761581, 1594.699999988079, 1800.300000011921, 1904.699999988079, 2110.199999988079, 2314.0, 2415.100000023842, 2621.600000023842, 2805.0, 3007.0]",E,4,6334ee8334910ac14b3ce17d3979cd143147fc4dd4da0102d1bbc41b8b9b7f8a,train
98,angel,E,1,E_orient1,8,1,angel/E/orient1/tilt_forward_neutral_1/landmarks_trimmed.json,30,30,18,"[0, 1, 3, 5, 6, 8, 10, 11, 13, 15, 17, 18, 20, 22, 23, 25, 27, 29]","[103.40000003576279, 199.10000002384186, 395.10000002384186, 601.1000000238419, 693.9000000357628, 889.9000000357628, 1093.7000000476837, 1181.300000011921, 1386.6000000238419, 1618.7000000476837, 1839.7000000476837, 1943.7000000476837, 2151.900000035763, 2369.100000023842, 2470.600000023842, 2661.100000023842, 2876.400000035763, 3074.0]",E,4,03e1990147a564d852bbf0ff895e9a903cc8fab371acc6b38ae7e07054870855,validation
99,angel,E,1,E_orient1,8,2,angel/E/orient1/tilt_forward_neutral_2/landmarks_trimmed.json,30,30,18,"[0, 1, 3, 5, 6, 8, 10, 11, 13, 15, 17, 18, 20, 22, 23, 25, 27, 29]","[93.29999995231628, 183.39999997615814, 384.5999999642372, 578.6999999880791, 674.8999999761581, 880.2999999523163, 1083.2999999523163, 1194.5999999642372, 1400.7999999523163, 1616.5999999642372, 1823.2999999523163, 1915.8999999761581, 2074.399999976158, 2294.199999988079, 2403.0, 2598.2999999523163, 2800.399999976158, 3001.599999964237]",E,4,7d1d7b4eccdffc6eeed59c76bda26ce619c50c756c4fc551d13b7cf548e44824,train
100,angel,E,1,E_orient1,8,1,angel/E/orient1/tilt_forward_toward_1/landmarks_trimmed.json,30,30,18,"[0, 1, 3, 5, 6, 8, 10, 11, 13, 15, 17, 18, 20, 22, 23, 25, 27, 29]","[104.30000001192093, 205.70000004768372, 413.80000001192093, 629.2000000476837, 731.0, 927.0, 1117.5, 1207.0, 1410.9000000357628, 1621.2000000476837, 1853.0, 1966.7000000476837, 2172.5, 2361.2000000476837, 2454.2000000476837, 2660.5, 2860.800000011921, 3064.5]",E,4,66f1b37f19608960fa53317d1b8748d96afe18c84fa3ee49e8d3eb9dd0c07c64,train
101,angel,E,1,E_orient1,8,1,angel/E/orient1/tilt_neutral_away_1/landmarks_trimmed.json,30,30,18,"[0, 1, 3, 5, 6, 8, 10, 11, 13, 15, 17, 18, 20, 22, 23, 25, 27, 29]","[98.79999995231628, 198.0999999642372, 405.89999997615814, 609.3999999761581, 711.6999999880791, 901.0999999642372, 1086.7999999523163, 1188.0, 1396.3999999761581, 1607.7999999523163, 1810.5, 1915.699999988079, 2097.5, 2294.199999988079, 2382.2999999523163, 2590.2999999523163, 2795.7999999523163, 3000.5]",E,4,786ec73527724ada3ac703ea95fead466531140a711e4bede95e162ec6f304eb,train
102,angel,E,1,E_orient1,8,1,angel/E/orient1/tilt_neutral_neutral_1/landmarks_trimmed.json,30,30,18,"[0, 1, 3, 5, 6, 8, 10, 11, 13, 15, 17, 18, 20, 22, 23, 25, 27, 29]","[117.20000004768372, 218.10000002384186, 420.4000000357628, 629.4000000357628, 731.1000000238419, 935.6000000238419, 1141.800000011921, 1248.5, 1454.1000000238419, 1658.4000000357628, 1854.0, 1950.2000000476837, 2167.2000000476837, 2364.300000011921, 2457.400000035763, 2646.2000000476837, 2856.0, 3062.300000011921]",E,4,55c3c7ef190eb89daf7ff42b6806ce84ff3de7a3ee87a018a901d9565021d0eb,train
103,angel,E,1,E_orient1,8,2,angel/E/orient1/tilt_neutral_neutral_2/landmarks_trimmed.json,31,31,18,"[0, 1, 3, 5, 7, 8, 10, 12, 14, 15, 17, 19, 21, 22, 24, 26, 28, 30]","[102.19999998807907, 198.79999995231628, 389.2999999523163, 597.8999999761581, 796.8999999761581, 885.7999999523163, 1086.8999999761581, 1288.5, 1489.8999999761581, 1594.3999999761581, 1777.199999988079, 1987.8999999761581, 2190.899999976158, 2281.199999988079, 2470.7999999523163, 2678.399999976158, 2873.199999988079, 3071.2999999523163]",E,4,eec9896802df5edd233360fc26400c0211bf0488bda39cc4f43b7cd4a3988632,test
104,angel,E,1,E_orient1,8,1,angel/E/orient1/tilt_neutral_toward_1/landmarks_trimmed.json,31,31,18,"[0, 1, 3, 5, 7, 8, 10, 12, 14, 15, 17, 19, 21, 22, 24, 26, 28, 30]","[93.60000002384186, 197.19999998807907, 402.69999998807907, 613.1000000238419, 823.8000000119209, 928.8999999761581, 1132.6000000238419, 1328.5, 1510.1000000238419, 1606.5, 1790.800000011921, 1973.300000011921, 2174.600000023842, 2275.800000011921, 2485.899999976158, 2685.100000023842, 2874.399999976158, 3068.800000011921]",E,4,92dd514dcafff70b4767ea8fac81135bc3760a67cc6a3595fbd428bf4c84fba1,test
105,angel,E,2,E_orient2,9,1,angel/E/orient2/tilt_back_away_1/landmarks_trimmed.json,32,32,18,"[0, 1, 3, 5, 7, 9, 10, 12, 14, 16, 18, 20, 21, 23, 25, 27, 29, 31]","[86.20000004768372, 182.9000000357628, 381.60000002384186, 583.7000000476837, 779.3000000119209, 973.2000000476837, 1058.300000011921, 1248.800000011921, 1446.4000000357628, 1644.6000000238419, 1847.7000000476837, 2050.7000000476837, 2137.0, 2310.7000000476837, 2480.2000000476837, 2656.100000023842, 2849.5, 3032.400000035763]",E,4,8c31266186a401a9ec5ed82d0257e10f2ac8501062d530809922e9b9dc117aa3,test
106,angel,E,2,E_orient2,9,1,angel/E/orient2/tilt_back_neutral_1/landmarks_trimmed.json,33,33,18,"[0, 1, 3, 5, 7, 9, 11, 13, 15, 16, 18, 20, 22, 24, 26, 28, 30, 32]","[99.39999997615814, 196.69999998807907, 393.0999999642372, 523.1999999880791, 626.8999999761581, 823.8000000119209, 1017.5, 1211.3999999761581, 1401.699999988079, 1498.0, 1693.3999999761581, 1884.300000011921, 2073.399999976158, 2254.399999976158, 2427.5, 2614.0, 2809.0, 3022.0]",E,4,a932920d484ac82e47ae9454e4989dfd8c8432124bbfd0ea72402306fd19da35,train
107,angel,E,2,E_orient2,9,2,angel/E/orient2/tilt_back_neutral_2/landmarks_trimmed.json,33,33,18,"[0, 1, 3, 5, 7, 9, 11, 13, 15, 16, 18, 20, 22, 24, 26, 28, 30, 32]","[88.60000002384186, 176.19999998807907, 358.80000001192093, 533.3999999761581, 728.1999999880791, 910.8000000119209, 1111.0, 1302.6000000238419, 1481.6000000238419, 1486.6000000238419, 1680.3999999761581, 1883.6000000238419, 2071.399999976158, 2259.199999988079, 2452.399999976158, 2651.5, 2842.699999988079, 3017.899999976158]",E,4,7cdea49af0d54b0ba1292dc2a4f5060fc5d73689cb12504613ee9bf5030f29cf,validation
108,angel,E,2,E_orient2,9,1,angel/E/orient2/tilt_back_toward_1/landmarks_trimmed.json,36,36,18,"[0, 2, 4, 6, 8, 10, 12, 14, 16, 18, 20, 22, 24, 26, 28, 30, 32, 35]","[97.0, 280.9000000357628, 455.2000000476837, 629.5, 805.7000000476837, 979.3000000119209, 1153.800000011921, 1328.800000011921, 1527.6000000238419, 1717.0, 1892.6000000238419, 2065.5, 2243.5, 2371.800000011921, 2410.7000000476837, 2610.100000023842, 2794.600000023842, 3060.0]",E,4,1a574c505fb983d1629e3f21cab3adc62873a9716e99c396330c7a023d18ef07,test
109,angel,E,2,E_orient2,9,1,angel/E/orient2/tilt_forward_away_1/landmarks_trimmed.json,29,29,18,"[0, 1, 3, 4, 6, 8, 9, 11, 13, 14, 16, 18, 19, 21, 23, 24, 26, 28]","[89.5, 190.10000002384186, 379.80000001192093, 475.60000002384186, 678.7000000476837, 1001.7000000476837, 1104.800000011921, 1307.6000000238419, 1510.1000000238419, 1614.6000000238419, 1815.7000000476837, 2019.300000011921, 2121.400000035763, 2338.400000035763, 2527.400000035763, 2617.0, 2817.5, 3026.100000023842]",E,4,0cf2df320434abcb31a03c7b659be12791fd7ae6a0c3961a076b666affc4eea7,test
110,angel,E,2,E_orient2,9,1,angel/E/orient2/tilt_forward_neutral_1/landmarks_trimmed.json,31,31,18,"[0, 1, 3, 5, 7, 8, 10, 12, 14, 15, 17, 19, 21, 22, 24, 26, 28, 30]","[101.30000001192093, 193.9000000357628, 388.5, 582.7000000476837, 775.2000000476837, 871.1000000238419, 1061.1000000238419, 1253.300000011921, 1452.7000000476837, 1550.9000000357628, 1746.300000011921, 1942.300000011921, 2148.600000023842, 2242.0, 2436.7000000476837, 2625.7000000476837, 2825.800000011921, 3048.100000023842]",E,4,bc5ecc4b0aec588da3de7f9aa7b6ecc25f660743c4cc835c1652e3ab4efc5348,train
111,angel,E,2,E_orient2,9,2,angel/E/orient2/tilt_forward_neutral_2/landmarks_trimmed.json,31,31,18,"[0, 1, 3, 5, 7, 8, 10, 12, 14, 15, 17, 19, 21, 22, 24, 26, 28, 30]","[104.30000001192093, 219.19999998807907, 419.60000002384186, 609.1999999880791, 793.5, 883.8000000119209, 1069.3999999761581, 1269.800000011921, 1469.800000011921, 1571.800000011921, 1764.699999988079, 1965.1000000238419, 2156.899999976158, 2255.300000011921, 2448.800000011921, 2644.899999976158, 2837.5, 3033.5]",E,4,cfd4fec4a785a5d02b67eebe401cbaaabe1a73ba8d4b9b2600cf06e5e1076c88,train
112,angel,E,2,E_orient2,9,1,angel/E/orient2/tilt_forward_toward_1/landmarks_trimmed.json,31,31,18,"[0, 1, 3, 5, 7, 8, 10, 12, 14, 15, 17, 19, 21, 22, 24, 26, 28, 30]","[93.89999997615814, 193.69999998807907, 405.5, 596.1999999880791, 779.0999999642372, 880.5999999642372, 1086.7999999523163, 1290.5, 1495.0, 1600.7999999523163, 1803.5999999642372, 1990.8999999761581, 2194.099999964237, 2294.399999976158, 2497.2999999523163, 2688.399999976158, 2886.5, 3081.199999988079]",E,4,5efbd6c2408217d9f48232dc821c741473ab074b3cb0dc1f8f51c33b15adff41,train
113,angel,E,2,E_orient2,9,1,angel/E/orient2/tilt_neutral_away_1/landmarks_trimmed.json,33,33,18,"[0, 1, 3, 5, 7, 9, 11, 13, 15, 16, 18, 20, 22, 24, 26, 28, 30, 32]","[92.69999998807907, 181.89999997615814, 367.89999997615814, 556.6999999880791, 737.3999999761581, 920.0999999642372, 1097.3999999761581, 1226.699999988079, 1402.8999999761581, 1488.5, 1666.5, 1856.0999999642372, 2051.5, 2242.599999964237, 2428.599999964237, 2610.399999976158, 2797.899999976158, 3024.800000011921]",E,4,5cd1984e7fab105abe7dc5230c51129ab22e8931442a61f5a2fff42e7f24bea2,train
114,angel,E,2,E_orient2,9,1,angel/E/orient2/tilt_neutral_neutral_1/landmarks_trimmed.json,30,30,18,"[0, 1, 3, 5, 6, 8, 10, 11, 13, 15, 17, 18, 20, 22, 23, 25, 27, 29]","[90.60000002384186, 184.60000002384186, 384.60000002384186, 586.1000000238419, 693.0, 896.8000000119209, 1096.300000011921, 1192.800000011921, 1400.3999999761581, 1601.1000000238419, 1802.300000011921, 1904.699999988079, 2103.100000023842, 2290.800000011921, 2396.399999976158, 2609.199999988079, 2809.5, 3015.800000011921]",E,4,e1c3f2737d24a1b275324b8ce270e623cea8d1fd42d6b59dfe6d3b8cc7b95af6,train
115,angel,E,2,E_orient2,9,2,angel/E/orient2/tilt_neutral_neutral_2/landmarks_trimmed.json,32,32,18,"[0, 1, 3, 5, 7, 9, 10, 12, 14, 16, 18, 20, 21, 23, 25, 27, 29, 31]","[84.40000003576279, 170.4000000357628, 365.0, 557.3000000119209, 741.3000000119209, 936.0, 1034.6000000238419, 1228.300000011921, 1415.2000000476837, 1596.1000000238419, 1779.9000000357628, 1978.2000000476837, 2079.2000000476837, 2254.2000000476837, 2430.0, 2628.300000011921, 2815.600000023842, 3006.5]",E,4,7b87cbd8253b6e568367f63e6ad3096b3bd6b6bd55b54e86cb9be49bbf1686c7,train
116,angel,E,2,E_orient2,9,1,angel/E/orient2/tilt_neutral_toward_1/landmarks_trimmed.json,33,33,18,"[0, 1, 3, 5, 7, 9, 11, 13, 15, 16, 18, 20, 22, 24, 26, 28, 30, 32]","[92.5, 191.19999998807907, 371.10000002384186, 556.9000000357628, 748.0, 930.1999999880791, 1114.199999988079, 1310.0, 1496.699999988079, 1588.5, 1776.4000000357628, 1951.5, 2143.800000011921, 2328.900000035763, 2518.0, 2711.199999988079, 2891.0, 3078.600000023842]",E,4,ea0f6d510b0d5ace65ed2376460572890934fbfad7cbb107b0dfc86ef403ef75,train
117,angel,E,3,E_orient3,10,1,angel/E/orient3/tilt_back_away_1/landmarks_trimmed.json,30,30,18,"[0, 1, 3, 5, 6, 8, 10, 11, 13, 15, 17, 18, 20, 22, 23, 25, 27, 29]","[89.5, 177.0, 471.30000001192093, 658.7000000476837, 751.8000000119209, 959.8000000119209, 1157.1000000238419, 1260.1000000238419, 1461.300000011921, 1644.2000000476837, 1840.7000000476837, 1943.4000000357628, 2147.900000035763, 2347.0, 2445.100000023842, 2648.0, 2827.5, 3027.800000011921]",E,4,b95392eb7ed89ff258fff0f07e1c8a80dcd445590769816cba57aa12fc241c63,train
118,angel,E,3,E_orient3,10,1,angel/E/orient3/tilt_back_neutral_1/landmarks_trimmed.json,31,31,18,"[0, 1, 3, 5, 7, 8, 10, 12, 14, 15, 17, 19, 21, 22, 24, 26, 28, 30]","[91.19999998807907, 180.60000002384186, 378.5, 561.4000000357628, 770.5, 873.6999999880791, 1075.6000000238419, 1286.300000011921, 1475.9000000357628, 1568.800000011921, 1764.6000000238419, 1967.1000000238419, 2167.400000035763, 2273.0, 2504.800000011921, 2699.199999988079, 2877.800000011921, 3077.199999988079]",E,4,2f092d1e9484f7d22354c54a695edca116c5aec988a9502789e79367b515312f,train
119,angel,E,3,E_orient3,10,2,angel/E/orient3/tilt_back_neutral_2/landmarks_trimmed.json,28,28,18,"[0, 1, 3, 4, 6, 7, 9, 11, 12, 14, 15, 17, 19, 20, 22, 23, 25, 27]","[101.10000002384186, 202.69999998807907, 405.10000002384186, 514.8000000119209, 721.5, 821.3000000119209, 1012.8999999761581, 1221.1000000238419, 1329.3999999761581, 1514.300000011921, 1612.300000011921, 1803.0, 2298.399999976158, 2389.699999988079, 2580.699999988079, 2681.899999976158, 2890.100000023842, 3074.100000023842]",E,4,05e3b8e7204dfeb93cdbca60786caea1acfbfeb48d751b0f0276b6edfc00f444,train
120,angel,E,3,E_orient3,10,1,angel/E/orient3/tilt_back_toward_1/landmarks_trimmed.json,25,25,18,"[0, 1, 2, 4, 5, 7, 8, 9, 11, 12, 14, 15, 16, 18, 19, 21, 22, 24]","[34.40000003576279, 137.69999998807907, 229.60000002384186, 604.6999999880791, 694.1000000238419, 792.6000000238419, 901.9000000357628, 995.4000000357628, 1172.6000000238419, 1264.4000000357628, 1534.5, 1632.1000000238419, 1732.4000000357628, 2034.6000000238419, 2134.900000035763, 2339.400000035763, 2439.600000023842, 2939.600000023842]",E,4,4e315c6d9bdf5452d2bc5ece1a07feaf4453df62871cc7f8e1595b8ef44c12f1,train
121,angel,E,3,E_orient3,10,1,angel/E/orient3/tilt_forward_away_1/landmarks_trimmed.json,31,31,18,"[0, 1, 3, 5, 7, 8, 10, 12, 14, 15, 17, 19, 21, 22, 24, 26, 28, 30]","[116.60000002384186, 244.0, 465.0, 651.0, 836.9000000357628, 932.4000000357628, 1112.4000000357628, 1308.5, 1493.6000000238419, 1580.6000000238419, 1772.800000011921, 1950.0, 2150.5, 2251.600000023842, 2430.5, 2616.800000011921, 2822.2000000476837, 3003.7000000476837]",E,4,e5e9fd424ccae1b282ef725cdc1c024392a2e3ebf1f81be984c537378edf99d7,train
122,angel,E,3,E_orient3,10,1,angel/E/orient3/tilt_forward_neutral_1/landmarks_trimmed.json,32,32,18,"[0, 1, 3, 5, 7, 9, 10, 12, 14, 16, 18, 20, 21, 23, 25, 27, 29, 31]","[95.59999996423721, 191.19999998807907, 372.0, 563.1999999880791, 759.8999999761581, 947.3999999761581, 1035.5999999642372, 1227.7999999523163, 1416.0, 1598.5999999642372, 1789.699999988079, 1988.8999999761581, 2089.0, 2269.2999999523163, 2452.599999964237, 2633.699999988079, 2826.5, 3021.599999964237]",E,4,4e033ef3b3f79f549913c6f23eaf83705bf03b8bdf6cb3069b4465b5c77e11a4,validation
123,angel,E,3,E_orient3,10,2,angel/E/orient3/tilt_forward_neutral_2/landmarks_trimmed.json,33,33,18,"[0, 1, 3, 5, 7, 9, 11, 13, 15, 16, 18, 20, 22, 24, 26, 28, 30, 32]","[91.5, 182.79999995231628, 363.0, 550.8999999761581, 722.2999999523163, 894.6999999880791, 1071.2999999523163, 1262.199999988079, 1439.0, 1534.5999999642372, 1730.5999999642372, 1906.699999988079, 2096.2999999523163, 2295.099999964237, 2477.099999964237, 2654.899999976158, 2831.599999964237, 3022.7999999523163]",E,4,a29969105ce84fe52141feb6f4b6f14ccf5b3870454fe3f1ef13a8b021cc088f,train
124,angel,E,3,E_orient3,10,1,angel/E/orient3/tilt_forward_toward_1/landmarks_trimmed.json,32,32,18,"[0, 1, 3, 5, 7, 9, 10, 12, 14, 16, 18, 20, 21, 23, 25, 27, 29, 31]","[100.40000003576279, 203.0, 395.10000002384186, 592.3000000119209, 789.8000000119209, 973.5, 1062.199999988079, 1242.0, 1422.5, 1600.6000000238419, 1786.300000011921, 1966.699999988079, 2061.800000011921, 2257.199999988079, 2438.0, 2634.400000035763, 2822.400000035763, 3005.199999988079]",E,4,131af578f2d38bec81345b308bcf3870659cc50b251fd2a0786bb829b8218cb7,validation
125,angel,E,3,E_orient3,10,1,angel/E/orient3/tilt_neutral_away_1/landmarks_trimmed.json,30,30,18,"[0, 1, 3, 5, 6, 8, 10, 11, 13, 15, 17, 18, 20, 22, 23, 25, 27, 29]","[95.10000002384186, 198.60000002384186, 401.39999997615814, 621.0, 721.0, 933.8000000119209, 1132.300000011921, 1232.1000000238419, 1430.3999999761581, 1630.699999988079, 1836.1000000238419, 1950.699999988079, 2142.600000023842, 2332.5, 2433.899999976158, 2637.100000023842, 2823.699999988079, 3016.399999976158]",E,4,f5ba76df060ad4bb09f8c0556b7dfb9f316aed8ec56dc66e8400cd1ca1c328f9,train
126,angel,E,3,E_orient3,10,1,angel/E/orient3/tilt_neutral_neutral_1/landmarks_trimmed.json,34,34,18,"[0, 1, 3, 5, 7, 9, 11, 13, 15, 17, 19, 21, 23, 25, 27, 29, 31, 33]","[118.69999998807907, 243.5, 298.5, 434.5, 641.6000000238419, 840.3999999761581, 1029.699999988079, 1240.0, 1443.0, 1646.0, 1834.5, 1974.3999999761581, 2080.399999976158, 2268.699999988079, 2470.0, 2688.800000011921, 2891.600000023842, 3098.0]",E,4,74bb3a76f1d3cad7b4bde810d5406e523521bf114295d431d92e62b4b1b07dd0,train
127,angel,E,3,E_orient3,10,2,angel/E/orient3/tilt_neutral_neutral_2/landmarks_trimmed.json,30,30,18,"[0, 1, 3, 5, 6, 8, 10, 11, 13, 15, 17, 18, 20, 22, 23, 25, 27, 29]","[104.80000001192093, 213.80000001192093, 403.60000002384186, 608.3999999761581, 708.3000000119209, 917.6999999880791, 1123.3999999761581, 1224.800000011921, 1429.800000011921, 1629.6000000238419, 1818.0, 1923.0, 2127.800000011921, 2331.800000011921, 2430.800000011921, 2654.399999976158, 2848.600000023842, 3033.600000023842]",E,4,55ce6a34c4fa07c3a8f9ddfba8ac3f445bce05d59d2a4d4ca4a915e46799f38a,train
128,angel,F,1,F_orient1,11,1,angel/F/orient1/tilt_back_away_1/landmarks_trimmed.json,31,31,18,"[0, 1, 3, 5, 7, 8, 10, 12, 14, 15, 17, 19, 21, 22, 24, 26, 28, 30]","[104.80000001192093, 196.19999998807907, 385.30000001192093, 575.0, 774.5, 881.1999999880791, 1095.8999999761581, 1303.8999999761581, 1507.699999988079, 1607.5999999642372, 1811.3999999761581, 1999.8999999761581, 2194.0, 2294.899999976158, 2499.099999964237, 2699.300000011921, 2897.899999976158, 3090.599999964237]",F,5,0be787aa6e045dc03edf9b1c807e8898b0a4ac97f9b28dec149795817c0ae69e,test
129,angel,F,1,F_orient1,11,1,angel/F/orient1/tilt_back_neutral_1/landmarks_trimmed.json,31,31,18,"[0, 1, 3, 5, 7, 8, 10, 12, 14, 15, 17, 19, 21, 22, 24, 26, 28, 30]","[96.09999996423721, 189.5999999642372, 381.2999999523163, 586.7999999523163, 787.6999999880791, 893.6999999880791, 1102.5999999642372, 1316.2999999523163, 1523.5999999642372, 1618.199999988079, 1800.0999999642372, 1985.0999999642372, 2174.599999964237, 2275.199999988079, 2462.0, 2668.2999999523163, 2873.199999988079, 3063.099999964237]",F,5,9156fe7b2e067b9a1578dd7ae45bb86469ff8b26d1fd5c84d00ba98cb708a7fd,train
130,angel,F,1,F_orient1,11,2,angel/F/orient1/tilt_back_neutral_2/landmarks_trimmed.json,31,31,18,"[0, 1, 3, 5, 7, 8, 10, 12, 14, 15, 17, 19, 21, 22, 24, 26, 28, 30]","[102.69999998807907, 213.60000002384186, 401.9000000357628, 584.6999999880791, 776.9000000357628, 880.1000000238419, 1083.199999988079, 1287.300000011921, 1493.5, 1594.6000000238419, 1795.6000000238419, 1982.9000000357628, 2173.5, 2272.800000011921, 2474.300000011921, 2661.5, 2857.199999988079, 3046.0]",F,5,67c9c5cb11d683a7928515c183d98b51a6f3252ea09f1e117b61bb47f7faa60d,train
131,angel,F,1,F_orient1,11,1,angel/F/orient1/tilt_back_toward_1/landmarks_trimmed.json,32,32,18,"[0, 1, 3, 5, 7, 9, 10, 12, 14, 16, 18, 20, 21, 23, 25, 27, 29, 31]","[94.09999996423721, 186.5, 372.2999999523163, 576.1999999880791, 791.5999999642372, 993.5999999642372, 1085.2999999523163, 1273.5, 1456.5999999642372, 1660.8999999761581, 1862.5999999642372, 2048.2999999523163, 2134.099999964237, 2326.099999964237, 2503.599999964237, 2686.599999964237, 2886.199999988079, 3091.899999976158]",F,5,3e33373cc09358de72b4dc47e1f0f68641b476005725f21585fc06d0a8c37b16,train
132,angel,F,1,F_orient1,11,1,angel/F/orient1/tilt_forward_away_1/landmarks_trimmed.json,32,32,18,"[0, 1, 3, 5, 7, 9, 10, 12, 14, 16, 18, 20, 21, 23, 25, 27, 29, 31]","[91.80000001192093, 188.39999997615814, 376.69999998807907, 572.0, 776.3999999761581, 955.8999999761581, 1053.5, 1246.300000011921, 1431.1000000238419, 1608.199999988079, 1803.800000011921, 2003.3999999761581, 2096.800000011921, 2278.399999976158, 2462.100000023842, 2655.0, 2845.699999988079, 3044.600000023842]",F,5,eeb7c765b897c98f71fb69c7c2d180e1229befb1844009656752632e37717aae,validation
133,angel,F,1,F_orient1,11,1,angel/F/orient1/tilt_forward_neutral_1/landmarks_trimmed.json,31,31,18,"[0, 1, 3, 5, 7, 8, 10, 12, 14, 15, 17, 19, 21, 22, 24, 26, 28, 30]","[94.20000004768372, 186.9000000357628, 369.9000000357628, 577.7000000476837, 782.0, 880.4000000357628, 1069.2000000476837, 1276.6000000238419, 1485.5, 1588.4000000357628, 1793.6000000238419, 1978.6000000238419, 2178.900000035763, 2276.800000011921, 2462.2000000476837, 2656.7000000476837, 2855.100000023842, 3063.800000011921]",F,5,0fc0ed4892d3f4b907accaddc665ff31ce8fe768ddbc2c8977773f1f50dd29b8,train
134,angel,F,1,F_orient1,11,2,angel/F/orient1/tilt_forward_neutral_2/landmarks_trimmed.json,30,30,18,"[0, 1, 3, 5, 6, 8, 10, 11, 13, 15, 17, 18, 20, 22, 23, 25, 27, 29]","[97.09999996423721, 205.5999999642372, 407.5999999642372, 617.0, 716.2999999523163, 898.6999999880791, 1096.699999988079, 1195.3999999761581, 1401.699999988079, 1600.699999988079, 1802.0, 1896.8999999761581, 2077.399999976158, 2283.5, 2380.899999976158, 2580.399999976158, 2785.2999999523163, 3000.899999976158]",F,5,55abcaab2a3b5a3173aa0c31a4d753c59a676a9a40184292e1875ef46cd235bb,train
135,angel,F,1,F_orient1,11,1,angel/F/orient1/tilt_forward_toward_1/landmarks_trimmed.json,31,31,18,"[0, 1, 3, 5, 7, 8, 10, 12, 14, 15, 17, 19, 21, 22, 24, 26, 28, 30]","[94.60000002384186, 194.10000002384186, 390.30000001192093, 577.0, 765.6999999880791, 856.3000000119209, 1049.9000000357628, 1234.699999988079, 1425.4000000357628, 1515.300000011921, 1707.0, 1914.300000011921, 2101.300000011921, 2191.100000023842, 2392.400000035763, 2597.199999988079, 2804.0, 3008.800000011921]",F,5,0daf5c156aee28aeb9620a977b99d3053fc229180bd0793df76b46bde1d81ca7,train
136,angel,F,1,F_orient1,11,1,angel/F/orient1/tilt_neutral_away_1/landmarks_trimmed.json,31,31,18,"[0, 1, 3, 5, 7, 8, 10, 12, 14, 15, 17, 19, 21, 22, 24, 26, 28, 30]","[100.89999997615814, 208.69999998807907, 423.89999997615814, 631.3999999761581, 817.6999999880791, 915.3999999761581, 1124.699999988079, 1311.1000000238419, 1500.199999988079, 1599.1000000238419, 1791.800000011921, 1973.6000000238419, 2159.0, 2247.5, 2448.100000023842, 2647.399999976158, 2835.699999988079, 3024.199999988079]",F,5,f9cc6075d0925bde3e5a9d7c5fd9f0d1651022ba0fefc26e60d54d364eb08069,train
137,angel,F,1,F_orient1,11,1,angel/F/orient1/tilt_neutral_neutral_1/landmarks_trimmed.json,30,30,18,"[0, 1, 3, 5, 6, 8, 10, 11, 13, 15, 17, 18, 20, 22, 23, 25, 27, 29]","[100.60000002384186, 196.5, 376.10000002384186, 561.0, 665.0, 865.6000000238419, 1054.6000000238419, 1144.7000000476837, 1339.4000000357628, 1528.0, 1739.6000000238419, 1846.6000000238419, 2072.5, 2293.800000011921, 2424.5, 2631.100000023842, 2850.2000000476837, 3065.7000000476837]",F,5,c3249c0bc59a610e834724c75eadb907dc1a5af3f7f99c1a73de62896c783962,train
138,angel,F,1,F_orient1,11,2,angel/F/orient1/tilt_neutral_neutral_2/landmarks_trimmed.json,32,32,18,"[0, 1, 3, 5, 7, 9, 10, 12, 14, 16, 18, 20, 21, 23, 25, 27, 29, 31]","[102.30000001192093, 197.4000000357628, 392.9000000357628, 577.4000000357628, 769.3000000119209, 949.3000000119209, 1053.5, 1250.2000000476837, 1438.800000011921, 1645.0, 1845.2000000476837, 2035.800000011921, 2125.7000000476837, 2319.2000000476837, 2506.600000023842, 2685.900000035763, 2868.2000000476837, 3063.900000035763]",F,5,0e6c11c0dac3c17f9a142b84ea1c68780b8d53d0539fb4a62981549121ab5ee5,train
139,angel,F,1,F_orient1,11,1,angel/F/orient1/tilt_neutral_toward_1/landmarks_trimmed.json,31,31,18,"[0, 1, 3, 5, 7, 8, 10, 12, 14, 15, 17, 19, 21, 22, 24, 26, 28, 30]","[99.10000002384186, 197.10000002384186, 393.10000002384186, 609.3000000119209, 790.5, 878.2000000476837, 1078.4000000357628, 1267.800000011921, 1465.300000011921, 1557.4000000357628, 1742.0, 1928.4000000357628, 2113.100000023842, 2203.100000023842, 2390.300000011921, 2595.300000011921, 2801.300000011921, 3009.0]",F,5,4bbe63d63cccc66a133f6b70a9152e41697c3b13d09de9d0930a4b135950e6f6,train
140,angel,F,2,F_orient2,12,1,angel/F/orient2/tilt_back_away_1/landmarks_trimmed.json,26,26,18,"[0, 1, 2, 4, 5, 7, 8, 10, 11, 13, 14, 16, 17, 19, 20, 22, 23, 25]","[111.79999995231628, 229.29999995231628, 346.7999999523163, 586.1999999880791, 700.8999999761581, 930.3999999761581, 1057.3999999761581, 1295.2999999523163, 1416.3999999761581, 1666.199999988079, 1783.0999999642372, 2016.5, 2127.099999964237, 2359.099999964237, 2479.399999976158, 2721.199999988079, 2853.7999999523163, 3098.199999988079]",F,5,299e385552e5cdd3b1ac71149956c57ccd2809651ace75ab6c9213006fe57be7,train
141,angel,F,2,F_orient2,12,1,angel/F/orient2/tilt_back_neutral_1/landmarks_trimmed.json,27,27,18,"[0, 1, 3, 4, 6, 7, 9, 10, 12, 13, 15, 16, 18, 19, 21, 22, 24, 26]","[114.0, 226.89999997615814, 464.80000001192093, 575.5, 820.3999999761581, 944.3000000119209, 1168.699999988079, 1283.5999999642372, 1520.0, 1645.0999999642372, 1864.0, 1998.199999988079, 2193.399999976158, 2297.300000011921, 2533.300000011921, 2649.399999976158, 2877.599999964237, 3107.399999976158]",F,5,f914c9925bd10d509cceecfd76b2fcc4c6a67827ce13af1fe51245b0446feafd,validation
142,angel,F,2,F_orient2,12,2,angel/F/orient2/tilt_back_neutral_2/landmarks_trimmed.json,26,26,18,"[0, 1, 2, 4, 5, 7, 8, 10, 11, 13, 14, 16, 17, 19, 20, 22, 23, 25]","[127.0, 241.79999995231628, 364.5, 593.1999999880791, 710.8999999761581, 952.3999999761581, 1072.7999999523163, 1306.3999999761581, 1418.5999999642372, 1636.5, 1759.0, 2009.5999999642372, 2134.099999964237, 2369.0, 2484.699999988079, 2712.7999999523163, 2823.199999988079, 3047.2999999523163]",F,5,4bde65e3ff816a25b3c3d3ea5bc5ef2ef287fe38b3a51cc8246c1bfc0e97f354,train
143,angel,F,2,F_orient2,12,1,angel/F/orient2/tilt_back_toward_1/landmarks_trimmed.json,26,26,18,"[0, 1, 2, 4, 5, 7, 8, 10, 11, 13, 14, 16, 17, 19, 20, 22, 23, 25]","[113.09999996423721, 230.5999999642372, 354.5999999642372, 583.2999999523163, 706.0999999642372, 953.5, 1075.8999999761581, 1294.0999999642372, 1414.0999999642372, 1657.7999999523163, 1769.0999999642372, 2009.5999999642372, 2128.0, 2357.5, 2474.7999999523163, 2697.399999976158, 2815.7999999523163, 3065.399999976158]",F,5,4f6026b4826b37a1a3e3800520435c213bd13378c24e0766579abd4f858d299e,validation
144,angel,F,2,F_orient2,12,1,angel/F/orient2/tilt_forward_away_1/landmarks_trimmed.json,26,26,18,"[0, 1, 2, 4, 5, 7, 8, 10, 11, 13, 14, 16, 17, 19, 20, 22, 23, 25]","[107.89999997615814, 220.0999999642372, 330.19999998807907, 567.0999999642372, 679.8999999761581, 923.7999999523163, 1044.0, 1291.5999999642372, 1407.7999999523163, 1639.5999999642372, 1753.699999988079, 1971.5999999642372, 2088.599999964237, 2327.699999988079, 2455.7999999523163, 2698.899999976158, 2819.2999999523163, 3049.899999976158]",F,5,803b4406c98b59027e2fd73d76c7ae448f7ef3cbf5f4fbc7e8b2830189eaca78,train
145,angel,F,2,F_orient2,12,1,angel/F/orient2/tilt_forward_neutral_1/landmarks_trimmed.json,26,26,18,"[0, 1, 2, 4, 5, 7, 8, 10, 11, 13, 14, 16, 17, 19, 20, 22, 23, 25]","[112.59999996423721, 235.0999999642372, 352.80000001192093, 599.1999999880791, 720.0999999642372, 952.6999999880791, 1058.5, 1288.5999999642372, 1413.8999999761581, 1640.5999999642372, 1752.0, 1989.199999988079, 2122.699999988079, 2358.399999976158, 2479.0, 2713.0, 2841.399999976158, 3078.699999988079]",F,5,24bcf1326129a2151509c6c2ddbe23a237ce60c8f18772e2ddd0e5aa6fe8955e,train
146,angel,F,2,F_orient2,12,2,angel/F/orient2/tilt_forward_neutral_2/landmarks_trimmed.json,20,20,18,"[0, 1, 2, 3, 4, 5, 6, 7, 8, 10, 11, 12, 13, 14, 15, 16, 17, 19]","[125.0, 238.69999998807907, 363.19999998807907, 478.89999997615814, 715.5, 824.3999999761581, 1060.0999999642372, 1297.699999988079, 1422.2999999523163, 1673.5999999642372, 1785.8999999761581, 1900.8999999761581, 2012.0999999642372, 2119.2999999523163, 2231.099999964237, 2346.0, 2454.699999988079, 2923.0]",F,5,f9bc14ab11aa7c56e6d3ab8f41ddda61b3605ed24e36070c14f1d0cf2ef46a1d,validation
147,angel,F,2,F_orient2,12,1,angel/F/orient2/tilt_forward_toward_1/landmarks_trimmed.json,23,23,18,"[0, 1, 2, 3, 5, 6, 7, 9, 10, 11, 12, 14, 15, 16, 18, 19, 20, 22]","[122.90000003576279, 249.30000001192093, 415.60000002384186, 598.1000000238419, 903.0, 1064.6000000238419, 1228.6000000238419, 1532.300000011921, 1663.0, 1778.0, 1898.800000011921, 2126.0, 2239.699999988079, 2351.600000023842, 2600.699999988079, 2722.600000023842, 2852.900000035763, 3103.800000011921]",F,5,4c59da81d2cc19a5944d109234172625aaf5110c4361450af8f30b304482b484,train
148,angel,F,2,F_orient2,12,1,angel/F/orient2/tilt_neutral_away_1/landmarks_trimmed.json,23,23,18,"[0, 1, 2, 3, 5, 6, 7, 9, 10, 11, 12, 14, 15, 16, 18, 19, 20, 22]","[111.20000004768372, 225.0, 343.0, 467.9000000357628, 691.1000000238419, 806.1000000238419, 924.7000000476837, 1160.1000000238419, 1271.6000000238419, 1385.2000000476837, 1509.6000000238419, 1737.0, 1849.5, 1962.2000000476837, 2315.0, 2540.900000035763, 2667.2000000476837, 3024.800000011921]",F,5,143ccbf0a6b2ddf60f6be58307473ef402650723b9de219554b858bc2942ee46,test
149,angel,F,2,F_orient2,12,1,angel/F/orient2/tilt_neutral_neutral_1/landmarks_trimmed.json,22,22,18,"[0, 1, 2, 3, 4, 6, 7, 8, 9, 11, 12, 13, 14, 16, 17, 18, 19, 21]","[127.90000003576279, 248.19999998807907, 371.80000001192093, 492.10000002384186, 610.1999999880791, 836.6000000238419, 942.3000000119209, 1057.699999988079, 1177.4000000357628, 1406.199999988079, 1530.0, 1650.699999988079, 1761.5, 1994.6000000238419, 2112.600000023842, 2225.300000011921, 2448.100000023842, 2909.100000023842]",F,5,e7c6eb38c4496d15eaa5115cc2080d864f51b6bd52f6e6a9f06d5e4b57f38614,train
150,angel,F,2,F_orient2,12,2,angel/F/orient2/tilt_neutral_neutral_2/landmarks_trimmed.json,26,26,18,"[0, 1, 2, 4, 5, 7, 8, 10, 11, 13, 14, 16, 17, 19, 20, 22, 23, 25]","[126.5, 243.30000001192093, 365.10000002384186, 590.6000000238419, 704.6999999880791, 928.8999999761581, 1042.0, 1287.0, 1406.5, 1639.5, 1755.300000011921, 1976.699999988079, 2083.899999976158, 2316.5, 2463.0, 2714.100000023842, 2827.100000023842, 3062.699999988079]",F,5,bd70b6c418eab0bdd1f4c85750cb5c792d97c79056c90a353930b12bee6b5aea,test
151,angel,F,2,F_orient2,12,1,angel/F/orient2/tilt_neutral_toward_1/landmarks_trimmed.json,26,26,18,"[0, 1, 2, 4, 5, 7, 8, 10, 11, 13, 14, 16, 17, 19, 20, 22, 23, 25]","[122.39999997615814, 248.19999998807907, 373.69999998807907, 627.3000000119209, 731.6000000238419, 968.1999999880791, 1080.0, 1309.6000000238419, 1430.3999999761581, 1667.1000000238419, 1796.6000000238419, 2027.1000000238419, 2143.899999976158, 2375.899999976158, 2491.300000011921, 2722.199999988079, 2850.0, 3090.0]",F,5,ce8c9e726ce1998f434cda5e96f4f7219f41ec3931cb60f1e5ee098de8bcdb85,train
152,angel,G,1,G_orient1,13,1,angel/G/orient1/tilt_back_away_1/landmarks_trimmed.json,25,25,18,"[0, 1, 2, 4, 5, 7, 8, 9, 11, 12, 14, 15, 16, 18, 19, 21, 22, 24]","[125.30000001192093, 237.30000001192093, 349.0, 583.2000000476837, 700.9000000357628, 931.7000000476837, 1049.800000011921, 1180.5, 1410.9000000357628, 1527.2000000476837, 1747.0, 1866.4000000357628, 1977.1000000238419, 2205.600000023842, 2326.5, 2567.5, 2795.800000011921, 3026.900000035763]",G,6,2aa7f3801aa9c1e9104003509824c8aef1924eb7481311014e1a7e97e4824832,train
153,angel,G,1,G_orient1,13,1,angel/G/orient1/tilt_back_neutral_1/landmarks_trimmed.json,25,25,18,"[0, 1, 2, 4, 5, 7, 8, 9, 11, 12, 14, 15, 16, 18, 19, 21, 22, 24]","[126.39999997615814, 256.19999998807907, 380.19999998807907, 611.0, 727.6000000238419, 964.8999999761581, 1089.800000011921, 1207.8999999761581, 1457.199999988079, 1564.1000000238419, 1791.1000000238419, 1905.8999999761581, 2027.8999999761581, 2262.699999988079, 2393.800000011921, 2645.300000011921, 2772.899999976158, 3027.0]",G,6,cb96ecd7e1734eb05caa99095cb14323f8773766e0c66df537983bae277c2779,train
154,angel,G,1,G_orient1,13,2,angel/G/orient1/tilt_back_neutral_2/landmarks_trimmed.json,26,26,18,"[0, 1, 2, 4, 5, 7, 8, 10, 11, 13, 14, 16, 17, 19, 20, 22, 23, 25]","[125.89999997615814, 235.5, 349.89999997615814, 584.6999999880791, 688.0, 928.6000000238419, 1047.0, 1289.6000000238419, 1404.5, 1634.699999988079, 1753.5, 1979.0, 2096.600000023842, 2336.5, 2450.199999988079, 2692.800000011921, 2810.600000023842, 3055.100000023842]",G,6,e031190a2808fd0906ef9022b1cbb21cf11170f501996d6519f9864ba8980911,train
155,angel,G,1,G_orient1,13,1,angel/G/orient1/tilt_back_toward_1/landmarks_trimmed.json,26,26,18,"[0, 1, 2, 4, 5, 7, 8, 10, 11, 13, 14, 16, 17, 19, 20, 22, 23, 25]","[117.19999998807907, 237.60000002384186, 361.39999997615814, 598.3000000119209, 726.3999999761581, 960.1999999880791, 1074.3999999761581, 1312.300000011921, 1433.300000011921, 1675.5, 1792.1000000238419, 2024.800000011921, 2136.100000023842, 2375.699999988079, 2489.399999976158, 2720.100000023842, 2837.800000011921, 3064.899999976158]",G,6,1e161efbbad39fbaffe3748f3ac0db15608b6db54acf9454dded2d576137172a,train
156,angel,G,1,G_orient1,13,1,angel/G/orient1/tilt_forward_away_1/landmarks_trimmed.json,27,27,18,"[0, 1, 3, 4, 6, 7, 9, 10, 12, 13, 15, 16, 18, 19, 21, 22, 24, 26]","[105.69999998807907, 204.79999995231628, 404.39999997615814, 505.19999998807907, 757.5, 874.0, 1099.8999999761581, 1218.3999999761581, 1457.8999999761581, 1517.8999999761581, 1743.3999999761581, 1862.199999988079, 2107.599999964237, 2228.7999999523163, 2465.399999976158, 2580.699999988079, 2821.699999988079, 3045.699999988079]",G,6,176427629555ed59d5ebc4e918fe8030be6a46cc9fdb581b8f6180c57163d5ad,validation
157,angel,G,1,G_orient1,13,1,angel/G/orient1/tilt_forward_neutral_1/landmarks_trimmed.json,25,25,18,"[0, 1, 2, 4, 5, 7, 8, 9, 11, 12, 14, 15, 16, 18, 19, 21, 22, 24]","[114.5, 226.30000001192093, 337.89999997615814, 575.8000000119209, 685.8999999761581, 917.1999999880791, 1026.6000000238419, 1136.199999988079, 1382.0, 1497.6000000238419, 1733.199999988079, 1851.199999988079, 1965.699999988079, 2196.5, 2323.199999988079, 2571.0, 2701.800000011921, 3028.899999976158]",G,6,03196d28eaafd025281d4f6f02a6dacd7e59b9761fc43fcc627e6f8f1958da6b,validation
158,angel,G,1,G_orient1,13,2,angel/G/orient1/tilt_forward_neutral_2/landmarks_trimmed.json,26,26,18,"[0, 1, 2, 4, 5, 7, 8, 10, 11, 13, 14, 16, 17, 19, 20, 22, 23, 25]","[130.69999998807907, 255.10000002384186, 373.30000001192093, 616.1000000238419, 733.6000000238419, 972.8000000119209, 1092.1000000238419, 1328.199999988079, 1436.300000011921, 1670.300000011921, 1782.699999988079, 2006.199999988079, 2124.300000011921, 2352.300000011921, 2475.600000023842, 2704.800000011921, 2824.699999988079, 3068.899999976158]",G,6,431911f209c6f78ac8aef7a7dd7ebe29c96a25a67b178ad614aa5f9e6f339135,train
159,angel,G,1,G_orient1,13,1,angel/G/orient1/tilt_forward_toward_1/landmarks_trimmed.json,27,27,18,"[0, 1, 3, 4, 6, 7, 9, 10, 12, 13, 15, 16, 18, 19, 21, 22, 24, 26]","[101.70000004768372, 204.0, 401.4000000357628, 514.8000000119209, 744.3000000119209, 863.7000000476837, 1085.5, 1205.6000000238419, 1434.2000000476837, 1551.300000011921, 1782.4000000357628, 1903.4000000357628, 2138.800000011921, 2254.900000035763, 2487.400000035763, 2608.400000035763, 2840.300000011921, 3090.600000023842]",G,6,2913d2a589e44c2d91754cb7adb577070c2378503bdad2c92107870de4fe954a,train
160,angel,G,1,G_orient1,13,1,angel/G/orient1/tilt_neutral_away_1/landmarks_trimmed.json,27,27,18,"[0, 1, 3, 4, 6, 7, 9, 10, 12, 13, 15, 16, 18, 19, 21, 22, 24, 26]","[118.5, 239.80000001192093, 363.5, 461.9000000357628, 677.5, 790.1000000238419, 1020.0, 1138.1000000238419, 1373.300000011921, 1480.5, 1715.300000011921, 1824.7000000476837, 2054.600000023842, 2175.2000000476837, 2403.7000000476837, 2524.600000023842, 2775.2000000476837, 3008.0]",G,6,1aaff109f11e441cd6753b21aa421934edae1789a9da9f5f4eb7734bec54d842,train
161,angel,G,1,G_orient1,13,1,angel/G/orient1/tilt_neutral_neutral_1/landmarks_trimmed.json,25,25,18,"[0, 1, 2, 4, 5, 7, 8, 9, 11, 12, 14, 15, 16, 18, 19, 21, 22, 24]","[116.5, 237.29999995231628, 360.69999998807907, 601.8999999761581, 717.8999999761581, 951.7999999523163, 1073.8999999761581, 1197.0999999642372, 1450.0999999642372, 1568.0, 1801.0, 1921.699999988079, 2040.0, 2306.399999976158, 2429.899999976158, 2654.699999988079, 2769.0, 3006.099999964237]",G,6,51006ea181c44d454be64eeb5a3e9b1bb7c84630cefcf32848e1551715b0d4cf,train
162,angel,G,1,G_orient1,13,2,angel/G/orient1/tilt_neutral_neutral_2/landmarks_trimmed.json,27,27,18,"[0, 1, 3, 4, 6, 7, 9, 10, 12, 13, 15, 16, 18, 19, 21, 22, 24, 26]","[115.10000002384186, 226.4000000357628, 455.4000000357628, 573.3000000119209, 749.1000000238419, 871.6000000238419, 1113.800000011921, 1234.0, 1468.300000011921, 1589.9000000357628, 1814.9000000357628, 1940.199999988079, 2178.800000011921, 2297.0, 2517.100000023842, 2632.199999988079, 2858.699999988079, 3093.300000011921]",G,6,91c87106d9561cecf4cb58cb52f63a949582c0251a4cb297a475f990de0d0b6c,test
163,angel,G,1,G_orient1,13,1,angel/G/orient1/tilt_neutral_toward_1/landmarks_trimmed.json,25,25,18,"[0, 1, 2, 4, 5, 7, 8, 9, 11, 12, 14, 15, 16, 18, 19, 21, 22, 24]","[116.30000001192093, 230.19999998807907, 350.80000001192093, 585.6999999880791, 703.0, 931.3000000119209, 1068.199999988079, 1184.800000011921, 1419.1000000238419, 1668.800000011921, 1907.6000000238419, 2027.300000011921, 2147.600000023842, 2380.399999976158, 2491.699999988079, 2708.300000011921, 2820.699999988079, 3064.399999976158]",G,6,ba91bea9a5c3f2257cc5f45950544e6eefd5d01fbca0b00825cfa1bccc9d9b49,train
164,angel,I,1,I_orient1,14,1,angel/I/orient1/tilt_back_away_1/landmarks_trimmed.json,26,26,18,"[0, 1, 2, 4, 5, 7, 8, 10, 11, 13, 14, 16, 17, 19, 20, 22, 23, 25]","[115.39999997615814, 238.80000001192093, 341.5, 590.0999999642372, 716.8000000119209, 956.6999999880791, 1071.8999999761581, 1318.699999988079, 1435.199999988079, 1674.199999988079, 1784.5999999642372, 2019.8999999761581, 2140.300000011921, 2390.399999976158, 2554.199999988079, 2761.399999976158, 2858.699999988079, 3085.099999964237]",I,7,caffc3a51b69d8ac8914ec0f430c80be7010a22e2bcb9aae5c4ff26349b0ab57,validation
165,angel,I,1,I_orient1,14,1,angel/I/orient1/tilt_back_neutral_1/landmarks_trimmed.json,22,22,18,"[0, 1, 2, 3, 4, 6, 7, 8, 9, 11, 12, 13, 14, 16, 17, 18, 19, 21]","[109.19999998807907, 334.19999998807907, 451.10000002384186, 572.6000000238419, 692.0, 1034.0, 1145.699999988079, 1256.9000000357628, 1385.300000011921, 1628.800000011921, 1757.0, 1861.300000011921, 1976.6000000238419, 2206.900000035763, 2326.800000011921, 2439.400000035763, 2555.900000035763, 2924.300000011921]",I,7,6bdeb76edd03086b43c550ce89c742c63c12e4b16802cda4d11f4144950cfa73,test
166,angel,I,1,I_orient1,14,2,angel/I/orient1/tilt_back_neutral_2/landmarks_trimmed.json,26,26,18,"[0, 1, 2, 4, 5, 7, 8, 10, 11, 13, 14, 16, 17, 19, 20, 22, 23, 25]","[118.0, 239.89999997615814, 353.30000001192093, 586.5999999642372, 714.3000000119209, 957.8000000119209, 1069.5999999642372, 1302.199999988079, 1420.699999988079, 1659.300000011921, 1779.800000011921, 2011.300000011921, 2129.199999988079, 2348.199999988079, 2461.199999988079, 2700.0, 2820.899999976158, 3050.300000011921]",I,7,84e09da2f8beb39ff0d610a6976e187f5e0714136b4f109bc0da32c306da130e,train
167,angel,I,1,I_orient1,14,1,angel/I/orient1/tilt_back_toward_1/landmarks_trimmed.json,22,22,18,"[0, 1, 2, 3, 4, 6, 7, 8, 9, 11, 12, 13, 14, 16, 17, 18, 19, 21]","[112.89999997615814, 233.0, 347.89999997615814, 466.0, 581.0, 820.5999999642372, 948.5999999642372, 1071.2999999523163, 1192.199999988079, 1431.0999999642372, 1557.199999988079, 1676.0, 1795.699999988079, 2159.899999976158, 2279.399999976158, 2391.7999999523163, 2503.899999976158, 3087.2999999523163]",I,7,fe1df7e55824442c8fab3a272967aae9736126f1f77107778b77ec04d20a4c5b,validation
168,angel,I,1,I_orient1,14,1,angel/I/orient1/tilt_forward_away_1/landmarks_trimmed.json,26,26,18,"[0, 1, 2, 4, 5, 7, 8, 10, 11, 13, 14, 16, 17, 19, 20, 22, 23, 25]","[105.90000003576279, 223.10000002384186, 333.60000002384186, 568.6000000238419, 687.0, 910.0, 1021.6999999880791, 1250.5, 1359.1000000238419, 1606.699999988079, 1722.300000011921, 2074.100000023842, 2185.699999988079, 2402.0, 2515.5, 2747.100000023842, 2863.100000023842, 3101.100000023842]",I,7,f4614e5e4cb8281a92ad31b6303cbdc406869dc8426308201740cabaee8d59c4,validation
169,angel,I,1,I_orient1,14,1,angel/I/orient1/tilt_forward_neutral_1/landmarks_trimmed.json,26,26,18,"[0, 1, 2, 4, 5, 7, 8, 10, 11, 13, 14, 16, 17, 19, 20, 22, 23, 25]","[122.5, 237.80000001192093, 352.69999998807907, 597.3999999761581, 715.3000000119209, 966.6000000238419, 1087.6000000238419, 1327.0, 1440.0, 1666.6000000238419, 1783.1000000238419, 2026.1000000238419, 2145.899999976158, 2370.399999976158, 2484.0, 2715.5, 2828.300000011921, 3067.300000011921]",I,7,acdfe2c2afd4e28a836fb3174eedd4bcb6051e7ac43b07a220eaf166ee9fca21,test
170,angel,I,1,I_orient1,14,2,angel/I/orient1/tilt_forward_neutral_2/landmarks_trimmed.json,26,26,18,"[0, 1, 2, 4, 5, 7, 8, 10, 11, 13, 14, 16, 17, 19, 20, 22, 23, 25]","[113.39999997615814, 224.0999999642372, 345.19999998807907, 577.5999999642372, 695.3000000119209, 924.3999999761581, 1057.5999999642372, 1306.699999988079, 1428.800000011921, 1667.300000011921, 1776.3999999761581, 2002.699999988079, 2122.800000011921, 2362.0, 2478.399999976158, 2706.099999964237, 2818.199999988079, 3059.199999988079]",I,7,8a933763a59910378141cf0ade8abe8f7df85ef8fba37d4951147041e13ea2a2,train
171,angel,I,1,I_orient1,14,1,angel/I/orient1/tilt_forward_toward_1/landmarks_trimmed.json,26,26,18,"[0, 1, 2, 4, 5, 7, 8, 10, 11, 13, 14, 16, 17, 19, 20, 22, 23, 25]","[118.89999997615814, 230.0, 347.19999998807907, 583.8000000119209, 700.8999999761581, 931.3000000119209, 1048.0, 1300.1000000238419, 1431.199999988079, 1669.800000011921, 1776.0, 1998.6000000238419, 2113.5, 2347.199999988079, 2464.300000011921, 2701.300000011921, 2818.399999976158, 3052.899999976158]",I,7,9d29e7d4d4289a9873c90767f56c0a57748313992450d33c236d01c26e99bb38,train
172,angel,I,1,I_orient1,14,1,angel/I/orient1/tilt_neutral_away_1/landmarks_trimmed.json,26,26,18,"[0, 1, 2, 4, 5, 7, 8, 10, 11, 13, 14, 16, 17, 19, 20, 22, 23, 25]","[117.0, 235.0999999642372, 360.5999999642372, 602.3999999761581, 717.2999999523163, 962.2999999523163, 1081.0999999642372, 1311.0999999642372, 1423.2999999523163, 1643.8999999761581, 1760.0, 1996.699999988079, 2115.699999988079, 2352.0, 2469.399999976158, 2704.7999999523163, 2819.399999976158, 3047.099999964237]",I,7,48bf5b56076ac4c014800df7efd59cf2a8c86b08be9fdd6046eb28dd555c601b,train
173,angel,I,1,I_orient1,14,1,angel/I/orient1/tilt_neutral_neutral_1/landmarks_trimmed.json,27,27,18,"[0, 1, 3, 4, 6, 7, 9, 10, 12, 13, 15, 16, 18, 19, 21, 22, 24, 26]","[112.39999997615814, 225.80000001192093, 398.19999998807907, 513.8000000119209, 748.0999999642372, 859.6999999880791, 1092.800000011921, 1212.300000011921, 1444.699999988079, 1558.5, 1785.5, 1903.699999988079, 2123.800000011921, 2243.099999964237, 2485.599999964237, 2596.300000011921, 2818.699999988079, 3052.099999964237]",I,7,75d8bf426e3d6631e4952fa88108b122e32648a980b001919cbb1b4021027d32,train
174,angel,I,1,I_orient1,14,2,angel/I/orient1/tilt_neutral_neutral_2/landmarks_trimmed.json,26,26,18,"[0, 1, 2, 4, 5, 7, 8, 10, 11, 13, 14, 16, 17, 19, 20, 22, 23, 25]","[121.30000001192093, 236.39999997615814, 350.80000001192093, 589.6999999880791, 708.0999999642372, 953.0999999642372, 1068.199999988079, 1291.0999999642372, 1403.8999999761581, 1632.5999999642372, 1748.300000011921, 1981.5, 2094.599999964237, 2333.599999964237, 2446.300000011921, 2677.5, 2795.099999964237, 3026.899999976158]",I,7,b6b81055935f29cbdee0030918a765577df9fb86007f0e37aec9a61a8c7a3c98,test
175,angel,I,1,I_orient1,14,1,angel/I/orient1/tilt_neutral_toward_1/landmarks_trimmed.json,26,26,18,"[0, 1, 2, 4, 5, 7, 8, 10, 11, 13, 14, 16, 17, 19, 20, 22, 23, 25]","[121.30000001192093, 235.80000001192093, 357.80000001192093, 590.2000000476837, 693.6000000238419, 930.2000000476837, 1046.800000011921, 1269.4000000357628, 1386.9000000357628, 1625.800000011921, 1737.1000000238419, 1968.4000000357628, 2083.100000023842, 2312.300000011921, 2422.2000000476837, 2650.0, 2767.100000023842, 3000.900000035763]",I,7,de11641f94802e516efad0325dce63d32f530c857b5cadfbfc9ca96f3e72ac2b,train
176,angel,I,2,I_orient2,15,1,angel/I/orient2/tilt_back_away_1/landmarks_trimmed.json,25,25,18,"[0, 1, 2, 4, 5, 7, 8, 9, 11, 12, 14, 15, 16, 18, 19, 21, 22, 24]","[425.30000001192093, 538.0999999642372, 641.3999999761581, 861.1999999880791, 958.5999999642372, 1153.0, 1251.199999988079, 1348.0, 1575.0999999642372, 1692.5, 1932.3999999761581, 2056.800000011921, 2163.199999988079, 2387.800000011921, 2507.199999988079, 2744.699999988079, 2861.800000011921, 3099.399999976158]",I,7,487cd0a92140d2e2b2951a36a7d772887ea3275fd0793d6a81088946d91059c9,train
177,angel,I,2,I_orient2,15,1,angel/I/orient2/tilt_back_neutral_1/landmarks_trimmed.json,26,26,18,"[0, 1, 2, 4, 5, 7, 8, 10, 11, 13, 14, 16, 17, 19, 20, 22, 23, 25]","[101.10000002384186, 218.39999997615814, 328.10000002384186, 553.3999999761581, 672.1999999880791, 904.6999999880791, 1021.3999999761581, 1247.0, 1360.199999988079, 1598.1000000238419, 1724.6000000238419, 1961.5, 2074.100000023842, 2300.100000023842, 2431.0, 2668.699999988079, 2785.899999976158, 3018.399999976158]",I,7,3dfa004384804f7f365407007cc0981c0ffaf56451c8a3688ee603d70e824fb6,train
178,angel,I,2,I_orient2,15,2,angel/I/orient2/tilt_back_neutral_2/landmarks_trimmed.json,27,27,18,"[0, 1, 3, 4, 6, 7, 9, 10, 12, 13, 15, 16, 18, 19, 21, 22, 24, 26]","[102.0, 200.19999998807907, 421.0, 536.4000000357628, 749.1000000238419, 868.6000000238419, 1095.5, 1222.699999988079, 1447.9000000357628, 1557.0, 1779.300000011921, 1893.199999988079, 2119.300000011921, 2238.5, 2470.600000023842, 2592.100000023842, 2818.199999988079, 3049.699999988079]",I,7,f3862afa2576fbc86a5c3833a8f4f8f2d14b07e2718f3af35b606fe3511a856e,train
179,angel,I,2,I_orient2,15,1,angel/I/orient2/tilt_back_toward_1/landmarks_trimmed.json,26,26,18,"[0, 1, 2, 4, 5, 7, 8, 10, 11, 13, 14, 16, 17, 19, 20, 22, 23, 25]","[113.80000001192093, 215.4000000357628, 320.80000001192093, 555.9000000357628, 683.6000000238419, 915.0, 1031.4000000357628, 1266.0, 1390.1000000238419, 1635.800000011921, 1743.800000011921, 1972.2000000476837, 2087.800000011921, 2324.2000000476837, 2436.5, 2675.0, 2785.900000035763, 3041.5]",I,7,261c48e329dc525496da0a990e4ba67be1da73e0c33bf0c04624b9b54edd572b,validation
180,angel,I,2,I_orient2,15,1,angel/I/orient2/tilt_forward_away_1/landmarks_trimmed.json,26,26,18,"[0, 1, 2, 4, 5, 7, 8, 10, 11, 13, 14, 16, 17, 19, 20, 22, 23, 25]","[118.0, 239.19999998807907, 354.10000002384186, 606.8000000119209, 735.4000000357628, 986.1999999880791, 1101.699999988079, 1329.300000011921, 1443.0, 1668.1000000238419, 1792.4000000357628, 2012.300000011921, 2128.900000035763, 2356.0, 2473.400000035763, 2700.900000035763, 2817.199999988079, 3041.0]",I,7,bab421bfd9a90ede3de423f255820fffc4d143bb9628df20a0849692dd566150,train
181,angel,I,2,I_orient2,15,2,angel/I/orient2/tilt_forward_neutral_2/landmarks_trimmed.json,26,26,18,"[0, 1, 2, 4, 5, 7, 8, 10, 11, 13, 14, 16, 17, 19, 20, 22, 23, 25]","[115.60000002384186, 235.69999998807907, 352.30000001192093, 592.1999999880791, 703.6999999880791, 940.9000000357628, 1055.699999988079, 1281.6000000238419, 1399.1000000238419, 1630.6000000238419, 1748.800000011921, 1974.6000000238419, 2086.600000023842, 2324.0, 2440.400000035763, 2680.100000023842, 2800.199999988079, 3060.0]",I,7,be8d865f73a454a72f4ff050c42811f2ea35235d83baa0f4a5e66b7946ef6a8a,train
182,angel,I,2,I_orient2,15,1,angel/I/orient2/tilt_forward_toward_1/landmarks_trimmed.json,26,26,18,"[0, 1, 2, 4, 5, 7, 8, 10, 11, 13, 14, 16, 17, 19, 20, 22, 23, 25]","[115.09999996423721, 226.5, 348.2999999523163, 580.3999999761581, 706.3999999761581, 939.7999999523163, 1052.699999988079, 1285.199999988079, 1394.0999999642372, 1617.8999999761581, 1732.699999988079, 1964.199999988079, 2090.099999964237, 2318.899999976158, 2430.0, 2674.0, 2794.7999999523163, 3031.7999999523163]",I,7,9d600ba537f479a06e792f7e1ff0d76f3ef725c54b8a0d6cb185542faf6e3cba,train
183,angel,I,2,I_orient2,15,1,angel/I/orient2/tilt_neutral_away_1/landmarks_trimmed.json,26,26,18,"[0, 1, 2, 4, 5, 7, 8, 10, 11, 13, 14, 16, 17, 19, 20, 22, 23, 25]","[122.69999998807907, 243.0, 361.60000002384186, 601.8999999761581, 723.1999999880791, 959.0, 1072.1000000238419, 1294.800000011921, 1405.300000011921, 1619.3999999761581, 1732.3999999761581, 1967.8999999761581, 2085.600000023842, 2320.899999976158, 2430.0, 2660.699999988079, 2772.699999988079, 3002.300000011921]",I,7,86174008ee5dc6f7bede60a13ef1b50aa66cf56e84ecffba01d672bfbbed84f4,train
184,angel,I,2,I_orient2,15,1,angel/I/orient2/tilt_neutral_neutral_1/landmarks_trimmed.json,26,26,18,"[0, 1, 2, 4, 5, 7, 8, 10, 11, 13, 14, 16, 17, 19, 20, 22, 23, 25]","[125.5, 242.69999998807907, 354.7999999523163, 594.6999999880791, 721.6999999880791, 972.3999999761581, 1085.5, 1315.8999999761581, 1426.699999988079, 1654.5, 1769.699999988079, 2005.8999999761581, 2124.399999976158, 2366.099999964237, 2486.7999999523163, 2708.099999964237, 2837.099999964237, 3083.899999976158]",I,7,73f7fdc31ec9d45a67bc2ba7f54ead5f77224e0240ea957d7f4a646729746cc7,train
185,angel,I,2,I_orient2,15,2,angel/I/orient2/tilt_neutral_neutral_2/landmarks_trimmed.json,26,26,18,"[0, 1, 2, 4, 5, 7, 8, 10, 11, 13, 14, 16, 17, 19, 20, 22, 23, 25]","[112.80000001192093, 234.30000001192093, 349.69999998807907, 577.4000000357628, 701.5, 942.9000000357628, 1058.1000000238419, 1285.1000000238419, 1398.5, 1634.9000000357628, 1767.5, 2011.199999988079, 2129.0, 2369.699999988079, 2482.699999988079, 2717.5, 2826.400000035763, 3060.300000011921]",I,7,9097136a4c4f363091974a80e6d4f80ea44d76e777dcf9789fe76309c46e3404,train
186,angel,I,2,I_orient2,15,1,angel/I/orient2/tilt_neutral_toward_1/landmarks_trimmed.json,26,26,18,"[0, 1, 2, 4, 5, 7, 8, 10, 11, 13, 14, 16, 17, 19, 20, 22, 23, 25]","[112.39999997615814, 234.89999997615814, 361.0, 581.6999999880791, 710.3999999761581, 946.5, 1060.8999999761581, 1294.3999999761581, 1405.699999988079, 1635.5, 1748.0999999642372, 1994.0, 2101.699999988079, 2322.399999976158, 2440.199999988079, 2662.800000011921, 2781.399999976158, 3015.300000011921]",I,7,d744638b6ad8047a39821e0cbdd702d90dfed714583d5af2c050dcc351e8fbb2,test
187,angel,I,3,I_orient3,16,1,angel/I/orient3/tilt_back_away_1/landmarks_trimmed.json,28,28,18,"[0, 1, 3, 4, 6, 7, 9, 11, 12, 14, 15, 17, 19, 20, 22, 23, 25, 27]","[98.19999998807907, 208.5, 421.5, 533.3999999761581, 756.6000000238419, 875.3000000119209, 1085.800000011921, 1304.5, 1417.5, 1633.699999988079, 1748.8999999761581, 1981.1000000238419, 2206.800000011921, 2316.5, 2541.699999988079, 2653.899999976158, 2887.199999988079, 3112.699999988079]",I,7,c944d32e573d9f6663d2f9cc28ef84380608b508812ced8f058a5f3da85d738a,validation
188,angel,I,3,I_orient3,16,1,angel/I/orient3/tilt_back_neutral_1/landmarks_trimmed.json,28,28,18,"[0, 1, 3, 4, 6, 7, 9, 11, 12, 14, 15, 17, 19, 20, 22, 23, 25, 27]","[100.60000002384186, 196.10000002384186, 417.89999997615814, 530.3000000119209, 755.6000000238419, 873.5, 1123.300000011921, 1331.5, 1428.5, 1632.199999988079, 1734.5, 1950.8999999761581, 2165.800000011921, 2285.100000023842, 2506.600000023842, 2615.199999988079, 2840.300000011921, 3070.800000011921]",I,7,f70fb4d2520b8841e0a4e7033a8665afd49ca0cde0b00896c4fd631722e50cb3,train
189,angel,I,3,I_orient3,16,2,angel/I/orient3/tilt_back_neutral_2/landmarks_trimmed.json,27,27,18,"[0, 1, 3, 4, 6, 7, 9, 10, 12, 13, 15, 16, 18, 19, 21, 22, 24, 26]","[111.30000001192093, 227.4000000357628, 456.5, 565.0, 789.6999999880791, 909.9000000357628, 1138.300000011921, 1256.300000011921, 1488.199999988079, 1600.0, 1824.199999988079, 1933.199999988079, 2103.100000023842, 2222.800000011921, 2445.100000023842, 2551.199999988079, 2770.699999988079, 3008.400000035763]",I,7,46fdb8413d33d407ae8bb955a31d0c639c248ff6bb09aa19404bf5f6dc8a94e7,train
190,angel,I,3,I_orient3,16,1,angel/I/orient3/tilt_back_toward_1/landmarks_trimmed.json,26,26,18,"[0, 1, 2, 4, 5, 7, 8, 10, 11, 13, 14, 16, 17, 19, 20, 22, 23, 25]","[114.89999997615814, 235.39999997615814, 360.69999998807907, 595.1000000238419, 712.1999999880791, 945.8999999761581, 1060.6000000238419, 1285.3999999761581, 1409.300000011921, 1633.300000011921, 1741.3999999761581, 1972.300000011921, 2080.399999976158, 2295.199999988079, 2416.0, 2653.5, 2765.5, 3000.600000023842]",I,7,bf83e597fda52e2418bba82846c7ec9fb6ecbb2b092706cb96067edeebbdc009,train
191,angel,I,3,I_orient3,16,1,angel/I/orient3/tilt_forward_away_1/landmarks_trimmed.json,27,27,18,"[0, 1, 3, 4, 6, 7, 9, 10, 12, 13, 15, 16, 18, 19, 21, 22, 24, 26]","[118.5, 229.30000001192093, 448.69999998807907, 552.3999999761581, 778.6999999880791, 888.8000000119209, 1122.699999988079, 1238.800000011921, 1471.8999999761581, 1577.5999999642372, 1808.3999999761581, 1919.699999988079, 2152.199999988079, 2271.699999988079, 2489.099999964237, 2604.699999988079, 2824.300000011921, 3056.099999964237]",I,7,4b29eb2b0cc86577bce5b993b9ad51545352cbc88a75d5949db9e1e867b92880,test
192,angel,I,3,I_orient3,16,1,angel/I/orient3/tilt_forward_neutral_1/landmarks_trimmed.json,28,28,18,"[0, 1, 3, 4, 6, 7, 9, 11, 12, 14, 15, 17, 19, 20, 22, 23, 25, 27]","[102.09999996423721, 212.69999998807907, 420.89999997615814, 520.5, 735.3999999761581, 841.0, 1054.7999999523163, 1275.3999999761581, 1389.3999999761581, 1615.2999999523163, 1731.5999999642372, 1958.3999999761581, 2175.099999964237, 2282.599999964237, 2516.899999976158, 2635.699999988079, 2857.099999964237, 3089.199999988079]",I,7,da777126c482067194920d11a0990bd467566e573046150815991253b3725102,train
193,angel,I,3,I_orient3,16,2,angel/I/orient3/tilt_forward_neutral_2/landmarks_trimmed.json,27,27,18,"[0, 1, 3, 4, 6, 7, 9, 10, 12, 13, 15, 16, 18, 19, 21, 22, 24, 26]","[105.0, 206.39999997615814, 403.19999998807907, 501.0999999642372, 718.2999999523163, 822.5999999642372, 1070.5, 1187.0999999642372, 1410.199999988079, 1520.8999999761581, 1747.5, 1854.8999999761581, 2073.899999976158, 2182.899999976158, 2426.199999988079, 2542.599999964237, 2774.399999976158, 3000.5]",I,7,51483e9529fbc273962925cf3824bbef4e77053f5614f7ed9b27a71dde820f37,train
194,angel,I,3,I_orient3,16,1,angel/I/orient3/tilt_forward_toward_1/landmarks_trimmed.json,25,25,18,"[0, 1, 2, 4, 5, 7, 8, 9, 11, 12, 14, 15, 16, 18, 19, 21, 22, 24]","[119.69999998807907, 238.0, 351.80000001192093, 589.4000000357628, 704.8000000119209, 1041.0, 1155.1000000238419, 1269.699999988079, 1500.199999988079, 1612.800000011921, 1826.5, 1942.300000011921, 2159.400000035763, 2387.5, 2507.300000011921, 2739.199999988079, 2860.0, 3092.600000023842]",I,7,f47523c7d2c19147dc85639d5c56de0b78d158a2fb6375718e0005f44025c35d,train
195,angel,I,3,I_orient3,16,1,angel/I/orient3/tilt_neutral_away_1/landmarks_trimmed.json,27,27,18,"[0, 1, 3, 4, 6, 7, 9, 10, 12, 13, 15, 16, 18, 19, 21, 22, 24, 26]","[114.60000002384186, 228.5, 458.10000002384186, 566.0, 784.9000000357628, 896.1000000238419, 1125.9000000357628, 1245.2000000476837, 1473.800000011921, 1589.0, 1798.1000000238419, 1907.9000000357628, 2122.0, 2236.800000011921, 2479.100000023842, 2593.600000023842, 2822.900000035763, 3045.400000035763]",I,7,5398ff9be4acf73bb193b02530bf2eb88cff969bef75533d4de6eab659e088e4,train
196,angel,I,3,I_orient3,16,1,angel/I/orient3/tilt_neutral_neutral_1/landmarks_trimmed.json,27,27,18,"[0, 1, 3, 4, 6, 7, 9, 10, 12, 13, 15, 16, 18, 19, 21, 22, 24, 26]","[112.89999997615814, 228.5, 456.2999999523163, 573.5999999642372, 799.1999999880791, 916.3999999761581, 1149.699999988079, 1259.2999999523163, 1490.2999999523163, 1602.0999999642372, 1832.0999999642372, 1954.2999999523163, 2176.099999964237, 2289.399999976158, 2506.099999964237, 2620.199999988079, 2845.899999976158, 3066.0]",I,7,046d11c87bf0aede6ce3f4470dc8f1926590e27a1bc88ca69d23fdcef8fd3844,train
197,angel,I,3,I_orient3,16,2,angel/I/orient3/tilt_neutral_neutral_2/landmarks_trimmed.json,27,27,18,"[0, 1, 3, 4, 6, 7, 9, 10, 12, 13, 15, 16, 18, 19, 21, 22, 24, 26]","[114.59999996423721, 234.19999998807907, 463.19999998807907, 571.8000000119209, 808.6999999880791, 926.0999999642372, 1154.3999999761581, 1277.199999988079, 1513.0999999642372, 1624.5999999642372, 1845.0999999642372, 1957.0999999642372, 2188.099999964237, 2300.0, 2526.199999988079, 2637.300000011921, 2859.099999964237, 3086.800000011921]",I,7,944f946ae3f74b90b0fad0ed9604139a5f79102eee2a864e0dde2f17b3b5df6c,train
198,angel,I,3,I_orient3,16,1,angel/I/orient3/tilt_neutral_toward_1/landmarks_trimmed.json,26,26,18,"[0, 1, 2, 4, 5, 7, 8, 10, 11, 13, 14, 16, 17, 19, 20, 22, 23, 25]","[111.5, 236.80000001192093, 347.19999998807907, 585.8000000119209, 700.4000000357628, 928.6000000238419, 1047.300000011921, 1278.800000011921, 1388.6000000238419, 1611.199999988079, 1726.4000000357628, 1970.9000000357628, 2088.199999988079, 2326.600000023842, 2440.5, 2660.900000035763, 2777.900000035763, 3017.800000011921]",I,7,80102af12b64b561f2154d29188caf4baef7a6b5813d6fa56292079d4b96a9a1,train
199,angel,K,1,K_orient1,17,1,angel/K/orient1/tilt_back_away_1/landmarks_trimmed.json,26,26,18,"[0, 1, 2, 4, 5, 7, 8, 10, 11, 13, 14, 16, 17, 19, 20, 22, 23, 25]","[115.10000002384186, 233.5, 346.10000002384186, 581.4000000357628, 697.2000000476837, 932.9000000357628, 1049.1000000238419, 1288.7000000476837, 1401.4000000357628, 1631.9000000357628, 1744.6000000238419, 1983.9000000357628, 2092.2000000476837, 2315.600000023842, 2435.900000035763, 2666.400000035763, 2780.2000000476837, 3022.900000035763]",K,8,77b8770c471cacedeb2e41599057797923ffe276a5e2313b5ab32e3565324a88,train
200,angel,K,1,K_orient1,17,1,angel/K/orient1/tilt_back_neutral_1/landmarks_trimmed.json,28,28,18,"[0, 1, 3, 4, 6, 7, 9, 11, 12, 14, 15, 17, 19, 20, 22, 23, 25, 27]","[101.19999998807907, 201.69999998807907, 413.0, 514.3000000119209, 722.1999999880791, 828.1999999880791, 1040.1000000238419, 1269.0, 1377.9000000357628, 1597.199999988079, 1713.1000000238419, 1933.199999988079, 2158.699999988079, 2272.199999988079, 2509.699999988079, 2623.800000011921, 2855.100000023842, 3086.900000035763]",K,8,3be357d90465b64bc0efa6f038d77280b71599fedc7f1a89f721073d5308084f,validation
201,angel,K,1,K_orient1,17,2,angel/K/orient1/tilt_back_neutral_2/landmarks_trimmed.json,26,26,18,"[0, 1, 2, 4, 5, 7, 8, 10, 11, 13, 14, 16, 17, 19, 20, 22, 23, 25]","[113.80000001192093, 226.89999997615814, 341.30000001192093, 671.3000000119209, 786.3000000119209, 1017.3000000119209, 1136.800000011921, 1365.5, 1481.0, 1717.300000011921, 1833.699999988079, 2064.300000011921, 2177.800000011921, 2421.199999988079, 2536.399999976158, 2766.899999976158, 2875.300000011921, 3104.5]",K,8,ca874d317d14cd4a33fac99fa1ca47ac4ac171179ab299cb6a7477019bc8c218,train
202,angel,K,1,K_orient1,17,1,angel/K/orient1/tilt_back_toward_1/landmarks_trimmed.json,22,22,18,"[0, 1, 2, 3, 4, 6, 7, 8, 9, 11, 12, 13, 14, 16, 17, 18, 19, 21]","[116.59999996423721, 238.80000001192093, 358.80000001192093, 482.89999997615814, 600.1999999880791, 832.1999999880791, 960.5, 1072.699999988079, 1184.300000011921, 1420.3999999761581, 1537.800000011921, 2001.800000011921, 2115.0, 2459.699999988079, 2577.899999976158, 2689.899999976158, 2813.099999964237, 3052.0]",K,8,68b60ee2cb31075e9453495387584ec96a6bbf4d8a44dd312a9f26969d335605,test
203,angel,K,1,K_orient1,17,1,angel/K/orient1/tilt_forward_away_1/landmarks_trimmed.json,26,26,18,"[0, 1, 2, 4, 5, 7, 8, 10, 11, 13, 14, 16, 17, 19, 20, 22, 23, 25]","[112.30000001192093, 234.60000002384186, 349.19999998807907, 568.6000000238419, 680.0, 927.4000000357628, 1047.300000011921, 1279.6000000238419, 1395.4000000357628, 1639.5, 1757.1000000238419, 1998.0, 2114.800000011921, 2363.199999988079, 2469.600000023842, 2707.5, 2820.199999988079, 3053.100000023842]",K,8,57b4e9d010710044ecce3fecb9b25b72ac05ff4cf6ee98d4130430e236802984,train
204,angel,K,1,K_orient1,17,1,angel/K/orient1/tilt_forward_neutral_1/landmarks_trimmed.json,27,27,18,"[0, 1, 3, 4, 6, 7, 9, 10, 12, 13, 15, 16, 18, 19, 21, 22, 24, 26]","[120.19999998807907, 235.0999999642372, 459.2999999523163, 582.8999999761581, 818.0999999642372, 928.3999999761581, 1163.5999999642372, 1283.3999999761581, 1510.5999999642372, 1617.8999999761581, 1846.7999999523163, 1961.8999999761581, 2193.899999976158, 2312.699999988079, 2557.699999988079, 2667.5, 2894.699999988079, 3110.199999988079]",K,8,9aaadaa93234e378f2c015af02ac56df849f5631d29f3c2444c6ca83ea5f6c69,train
205,angel,K,1,K_orient1,17,2,angel/K/orient1/tilt_forward_neutral_2/landmarks_trimmed.json,27,27,18,"[0, 1, 3, 4, 6, 7, 9, 10, 12, 13, 15, 16, 18, 19, 21, 22, 24, 26]","[114.30000001192093, 227.69999998807907, 446.5, 554.0, 781.5, 893.1000000238419, 1118.300000011921, 1229.0, 1462.9000000357628, 1572.0, 1803.4000000357628, 1920.5, 2150.400000035763, 2261.199999988079, 2486.600000023842, 2605.100000023842, 2831.300000011921, 3075.900000035763]",K,8,0dd975ce7de34dbba210963f6f37f5d5d79d49c4ee22d985cab70f53bc231529,train
206,angel,K,1,K_orient1,17,1,angel/K/orient1/tilt_forward_toward_1/landmarks_trimmed.json,27,27,18,"[0, 1, 3, 4, 6, 7, 9, 10, 12, 13, 15, 16, 18, 19, 21, 22, 24, 26]","[97.5, 190.10000002384186, 406.60000002384186, 512.1000000238419, 727.3000000119209, 828.3000000119209, 1045.4000000357628, 1151.9000000357628, 1384.800000011921, 1503.300000011921, 1741.0, 1860.4000000357628, 2088.600000023842, 2195.5, 2428.800000011921, 2545.900000035763, 2772.5, 3007.7000000476837]",K,8,7b07adf7ac1fd179dc7e18c7fca77f2c588def3f3b4b6861b55ec493946b2245,train
207,angel,K,1,K_orient1,17,1,angel/K/orient1/tilt_neutral_away_1/landmarks_trimmed.json,26,26,18,"[0, 1, 2, 4, 5, 7, 8, 10, 11, 13, 14, 16, 17, 19, 20, 22, 23, 25]","[115.10000002384186, 231.5, 345.10000002384186, 584.6999999880791, 700.5, 935.4000000357628, 1056.0, 1311.4000000357628, 1431.5, 1681.0, 1798.5, 2032.300000011921, 2134.0, 2354.300000011921, 2464.800000011921, 2695.400000035763, 2810.100000023842, 3041.699999988079]",K,8,f085b3cb7296386a1742f5b771e2d02cc39f4c25a8aa64eb6d437ec37158dabb,validation
208,angel,K,1,K_orient1,17,1,angel/K/orient1/tilt_neutral_neutral_1/landmarks_trimmed.json,27,27,18,"[0, 1, 3, 4, 6, 7, 9, 10, 12, 13, 15, 16, 18, 19, 21, 22, 24, 26]","[108.5, 229.69999998807907, 455.30000001192093, 576.3000000119209, 813.0999999642372, 935.0999999642372, 1163.199999988079, 1277.0999999642372, 1498.5, 1603.699999988079, 1820.800000011921, 1932.5999999642372, 2145.899999976158, 2258.0, 2470.899999976158, 2585.5, 2810.699999988079, 3045.099999964237]",K,8,8caae585cad5df1e7911cf0612dda7d319ff82ecdceb35494a7261e8a17716f4,validation
209,angel,K,1,K_orient1,17,2,angel/K/orient1/tilt_neutral_neutral_2/landmarks_trimmed.json,27,27,18,"[0, 1, 3, 4, 6, 7, 9, 10, 12, 13, 15, 16, 18, 19, 21, 22, 24, 26]","[104.10000002384186, 214.4000000357628, 430.10000002384186, 552.6999999880791, 789.9000000357628, 912.1999999880791, 1134.9000000357628, 1246.5, 1480.9000000357628, 1588.4000000357628, 1821.0, 1934.5, 2160.199999988079, 2279.0, 2513.800000011921, 2631.5, 2866.5, 3117.600000023842]",K,8,8915ebfa88989d80452dd1078bb198af0dc5361c8882a8da677d2bc2ee8429c4,train
210,angel,K,1,K_orient1,17,1,angel/K/orient1/tilt_neutral_toward_1/landmarks_trimmed.json,26,26,18,"[0, 1, 2, 4, 5, 7, 8, 10, 11, 13, 14, 16, 17, 19, 20, 22, 23, 25]","[105.10000002384186, 218.80000001192093, 331.69999998807907, 559.8000000119209, 672.9000000357628, 915.6000000238419, 1033.199999988079, 1265.699999988079, 1381.6000000238419, 1597.300000011921, 1714.5, 1951.699999988079, 2068.199999988079, 2292.699999988079, 2409.5, 2642.0, 2754.300000011921, 3005.199999988079]",K,8,980a6b3d6f433fbaabb30b467591a0df617b05452f742d0a368dc86422e6c5f5,train
211,angel,K,2,K_orient2,18,1,angel/K/orient2/tilt_back_away_1/landmarks_trimmed.json,28,28,18,"[0, 1, 3, 4, 6, 7, 9, 11, 12, 14, 15, 17, 19, 20, 22, 23, 25, 27]","[112.19999998807907, 216.0, 384.39999997615814, 490.19999998807907, 726.3000000119209, 834.3000000119209, 1064.3999999761581, 1285.5999999642372, 1402.5, 1653.5, 1767.0, 2031.5, 2236.199999988079, 2345.699999988079, 2561.099999964237, 2665.099999964237, 2879.199999988079, 3061.5]",K,8,9c6bd05b6e78d32b0a5f147822f4507a12158dd4c3a1343b043dd827fedd0fac,train
212,angel,K,2,K_orient2,18,1,angel/K/orient2/tilt_back_neutral_1/landmarks_trimmed.json,26,26,18,"[0, 1, 2, 4, 5, 7, 8, 10, 11, 13, 14, 16, 17, 19, 20, 22, 23, 25]","[112.10000002384186, 230.30000001192093, 344.80000001192093, 580.5, 694.5, 938.1000000238419, 1050.699999988079, 1289.0, 1400.0, 1629.5, 1739.1000000238419, 1981.1000000238419, 2110.199999988079, 2328.300000011921, 2440.0, 2662.699999988079, 2778.5, 3016.600000023842]",K,8,24b255a1180c33cee4f04d2729fcc5394d7e78d552d032d8759c00809df401e2,train
213,angel,K,2,K_orient2,18,2,angel/K/orient2/tilt_back_neutral_2/landmarks_trimmed.json,27,27,18,"[0, 1, 3, 4, 6, 7, 9, 10, 12, 13, 15, 16, 18, 19, 21, 22, 24, 26]","[109.19999998807907, 208.69999998807907, 402.60000002384186, 501.60000002384186, 717.9000000357628, 835.0, 1071.4000000357628, 1187.6000000238419, 1425.0, 1533.1000000238419, 1772.9000000357628, 1887.4000000357628, 2107.100000023842, 2221.800000011921, 2445.800000011921, 2551.800000011921, 2783.300000011921, 3015.900000035763]",K,8,0155fc0ee961098cb75b7d2ac7d95b0ca0d0917fccb1cf1e00e4ef597080a40c,train
214,angel,K,2,K_orient2,18,1,angel/K/orient2/tilt_back_toward_1/landmarks_trimmed.json,27,27,18,"[0, 1, 3, 4, 6, 7, 9, 10, 12, 13, 15, 16, 18, 19, 21, 22, 24, 26]","[107.70000004768372, 221.5, 433.10000002384186, 542.3000000119209, 764.8000000119209, 873.2000000476837, 1094.9000000357628, 1204.4000000357628, 1418.800000011921, 1535.5, 1762.300000011921, 1872.4000000357628, 2096.100000023842, 2201.800000011921, 2432.0, 2560.300000011921, 2808.5, 3036.400000035763]",K,8,a7b047f826d78e4ae65b14c895e28da31be775fad68f04ce7cd33f714a08329f,train
215,angel,K,2,K_orient2,18,1,angel/K/orient2/tilt_forward_away_1/landmarks_trimmed.json,29,29,18,"[0, 1, 3, 4, 6, 8, 9, 11, 13, 14, 16, 18, 19, 21, 23, 24, 26, 28]","[101.19999998807907, 210.80000001192093, 411.0, 509.80000001192093, 652.3000000119209, 845.0, 939.1999999880791, 1133.1000000238419, 1332.199999988079, 1434.1000000238419, 1647.0, 1852.300000011921, 1970.199999988079, 2197.5, 2432.900000035763, 2545.900000035763, 2771.199999988079, 3004.5]",K,8,2066cc1e8814a582c47cfffdfdee5d80f8216cf870906a72545c143e8a1c859e,test
216,angel,K,2,K_orient2,18,1,angel/K/orient2/tilt_forward_neutral_1/landmarks_trimmed.json,27,27,18,"[0, 1, 3, 4, 6, 7, 9, 10, 12, 13, 15, 16, 18, 19, 21, 22, 24, 26]","[115.69999998807907, 237.89999997615814, 467.19999998807907, 582.6999999880791, 818.0, 927.8999999761581, 1155.0999999642372, 1273.0, 1505.5, 1619.300000011921, 1841.199999988079, 1954.699999988079, 2190.5, 2304.899999976158, 2522.0, 2639.300000011921, 2881.0, 3108.0]",K,8,c169e9ffa8503ef1d03aa442adc6b9bc40136eac08586d9b1acc98c9e47caa19,train
217,angel,K,2,K_orient2,18,2,angel/K/orient2/tilt_forward_neutral_2/landmarks_trimmed.json,27,27,18,"[0, 1, 3, 4, 6, 7, 9, 10, 12, 13, 15, 16, 18, 19, 21, 22, 24, 26]","[113.69999998807907, 227.5, 464.5, 579.5999999642372, 800.7999999523163, 916.2999999523163, 1153.5999999642372, 1271.0999999642372, 1495.5999999642372, 1610.699999988079, 1856.3999999761581, 1972.199999988079, 2205.199999988079, 2314.899999976158, 2541.5, 2657.899999976158, 2883.399999976158, 3104.899999976158]",K,8,6b38acc74c0184e954f00b082b08952f1622eeee2436c872fe158cc802acacac,validation
218,angel,K,2,K_orient2,18,1,angel/K/orient2/tilt_forward_toward_1/landmarks_trimmed.json,27,27,18,"[0, 1, 3, 4, 6, 7, 9, 10, 12, 13, 15, 16, 18, 19, 21, 22, 24, 26]","[110.10000002384186, 207.69999998807907, 428.89999997615814, 538.3999999761581, 751.0, 863.8000000119209, 1090.300000011921, 1200.8999999761581, 1442.300000011921, 1564.800000011921, 1789.199999988079, 1896.3999999761581, 2120.199999988079, 2237.600000023842, 2466.0, 2575.699999988079, 2810.699999988079, 3054.600000023842]",K,8,4f92a9ad8b928b1939dd109833990c763718520d039d6774e000ff9deece3417,train
219,angel,K,2,K_orient2,18,1,angel/K/orient2/tilt_neutral_away_1/landmarks_trimmed.json,27,27,18,"[0, 1, 3, 4, 6, 7, 9, 10, 12, 13, 15, 16, 18, 19, 21, 22, 24, 26]","[115.19999998807907, 234.89999997615814, 449.30000001192093, 559.8000000119209, 788.5999999642372, 907.8999999761581, 1133.199999988079, 1250.199999988079, 1471.0, 1587.199999988079, 1813.8999999761581, 1934.3999999761581, 2170.599999964237, 2286.099999964237, 2516.0, 2624.5, 2865.0, 3108.399999976158]",K,8,1e5bf6cef2ddf6356d3feb8633aa5747f8fb9968b269d1a34a979dabbf6ed0c7,test
220,angel,K,2,K_orient2,18,1,angel/K/orient2/tilt_neutral_neutral_1/landmarks_trimmed.json,26,26,18,"[0, 1, 2, 4, 5, 7, 8, 10, 11, 13, 14, 16, 17, 19, 20, 22, 23, 25]","[118.69999998807907, 233.69999998807907, 353.19999998807907, 588.3000000119209, 702.0, 914.1000000238419, 1030.9000000357628, 1277.199999988079, 1392.6000000238419, 1622.6000000238419, 1734.9000000357628, 1963.6000000238419, 2082.199999988079, 2306.600000023842, 2426.100000023842, 2657.800000011921, 2773.800000011921, 3004.199999988079]",K,8,40a0fe2dc5d8e0c6b6aceef58a0f9b37e9e6af8eb00215f53716b633210107ef,train
221,angel,K,2,K_orient2,18,2,angel/K/orient2/tilt_neutral_neutral_2/landmarks_trimmed.json,27,27,18,"[0, 1, 3, 4, 6, 7, 9, 10, 12, 13, 15, 16, 18, 19, 21, 22, 24, 26]","[117.10000002384186, 229.5, 462.30000001192093, 580.4000000357628, 821.2000000476837, 934.7000000476837, 1152.5, 1277.1000000238419, 1508.6000000238419, 1619.9000000357628, 1862.2000000476837, 1975.0, 2195.100000023842, 2308.300000011921, 2533.2000000476837, 2634.0, 2865.5, 3103.300000011921]",K,8,0921025a7d68114ff7c34d94492744b3c80e51b6fc16cb0d60c7f9b51ddf51ac,train
222,angel,K,2,K_orient2,18,1,angel/K/orient2/tilt_neutral_toward_1/landmarks_trimmed.json,28,28,18,"[0, 1, 3, 4, 6, 7, 9, 11, 12, 14, 15, 17, 19, 20, 22, 23, 25, 27]","[101.90000003576279, 207.70000004768372, 412.60000002384186, 516.3000000119209, 727.1000000238419, 828.7000000476837, 1039.2000000476837, 1256.4000000357628, 1362.4000000357628, 1567.7000000476837, 1678.300000011921, 1899.2000000476837, 2123.900000035763, 2234.7000000476837, 2477.600000023842, 2591.7000000476837, 2836.300000011921, 3061.7000000476837]",K,8,34673686e35fb71dac661700165b22fbe8867b47692485562c72bc5a1022b790,train
223,angel,L,1,L_orient1,19,1,angel/L/orient1/tilt_back_away_1/landmarks_trimmed.json,33,33,18,"[0, 1, 3, 5, 7, 9, 11, 13, 15, 16, 18, 20, 22, 24, 26, 28, 30, 32]","[96.59999996423721, 187.69999998807907, 297.39999997615814, 501.7999999523163, 694.3999999761581, 884.1999999880791, 1022.7999999523163, 1157.2999999523163, 1334.3999999761581, 1421.0, 1604.3999999761581, 1795.199999988079, 1981.0, 2183.2999999523163, 2394.0, 2605.0, 2814.0, 3027.5]",L,9,30e01d0df002ec7ccb37120fe9698384256602ffbd37d7ba72cb2a91b7c17401,train
224,angel,L,1,L_orient1,19,1,angel/L/orient1/tilt_back_neutral_1/landmarks_trimmed.json,34,34,18,"[0, 1, 3, 5, 7, 9, 11, 13, 15, 17, 19, 21, 23, 25, 27, 29, 31, 33]","[105.39999997615814, 210.0, 419.39999997615814, 629.3000000119209, 761.0, 942.6999999880791, 1128.0999999642372, 1309.699999988079, 1353.5, 1557.300000011921, 1767.199999988079, 1957.5, 2152.199999988079, 2298.599999964237, 2505.199999988079, 2706.899999976158, 2911.099999964237, 3049.899999976158]",L,9,fedf674bceacd51f7b5ecb0bc0cfbb621ec5a4e8bb11d9abf77b9ed7796a4e38,train
225,angel,L,1,L_orient1,19,2,angel/L/orient1/tilt_back_neutral_2/landmarks_trimmed.json,29,29,18,"[0, 1, 3, 4, 6, 8, 9, 11, 13, 14, 16, 18, 19, 21, 23, 24, 26, 28]","[96.10000002384186, 190.80000001192093, 400.80000001192093, 511.0, 627.6000000238419, 839.0, 927.6000000238419, 1107.6000000238419, 1312.5, 1361.3999999761581, 1499.0, 1689.300000011921, 1777.199999988079, 1974.199999988079, 2176.100000023842, 2264.100000023842, 2464.300000011921, 3069.300000011921]",L,9,0e2a651941c226c4798c78e0c0ecc5966204c2eef69aefd34e65fdbb842585bb,train
226,angel,L,1,L_orient1,19,1,angel/L/orient1/tilt_back_toward_1/landmarks_trimmed.json,29,29,18,"[0, 1, 3, 4, 6, 8, 9, 11, 13, 14, 16, 18, 19, 21, 23, 24, 26, 28]","[96.10000002384186, 191.80000001192093, 387.60000002384186, 485.80000001192093, 683.1000000238419, 917.8000000119209, 1021.5, 1224.0, 1433.5, 1539.0, 1742.1000000238419, 1949.8999999761581, 2058.5, 2274.300000011921, 2481.800000011921, 2587.600000023842, 2809.0, 3023.199999988079]",L,9,a15e42594920b24bcd166ab4ef6ae88e3f22c38ba6da0625dc42f65deed11840,train
227,angel,L,1,L_orient1,19,1,angel/L/orient1/tilt_forward_away_1/landmarks_trimmed.json,32,32,18,"[0, 1, 3, 5, 7, 9, 10, 12, 14, 16, 18, 20, 21, 23, 25, 27, 29, 31]","[92.79999995231628, 191.39999997615814, 619.0, 660.3999999761581, 868.5999999642372, 1064.2999999523163, 1166.5, 1369.199999988079, 1578.5, 1721.2999999523163, 1923.3999999761581, 2112.699999988079, 2217.5, 2379.5, 2443.099999964237, 2646.2999999523163, 2841.399999976158, 3035.099999964237]",L,9,3d46e173c9388cf1573d104a6ae4d9a72bbd01b0a313539617cbf394a3b0b0f2,train
228,angel,L,1,L_orient1,19,1,angel/L/orient1/tilt_forward_neutral_1/landmarks_trimmed.json,24,24,18,"[0, 1, 2, 4, 5, 6, 8, 9, 10, 12, 13, 14, 16, 17, 18, 20, 21, 23]","[133.0, 239.69999998807907, 336.30000001192093, 550.8999999761581, 665.6999999880791, 983.6999999880791, 1188.8999999761581, 1299.6000000238419, 1516.5, 1741.0, 1847.300000011921, 1953.6000000238419, 2157.199999988079, 2257.100000023842, 2371.800000011921, 2707.0, 2796.600000023842, 3004.800000011921]",L,9,2bdb3c7b141dcafed682b2e85991c21af3c88f902649040639f78aad07c57ff5,test
229,angel,L,1,L_orient1,19,2,angel/L/orient1/tilt_forward_neutral_2/landmarks_trimmed.json,36,36,18,"[0, 2, 4, 6, 8, 10, 12, 14, 16, 18, 20, 22, 24, 26, 28, 30, 32, 35]","[123.80000001192093, 198.10000002384186, 325.60000002384186, 513.5, 704.8999999761581, 902.8000000119209, 1106.0, 1221.6000000238419, 1420.3999999761581, 1613.3999999761581, 1794.800000011921, 1933.5, 1980.8999999761581, 2163.699999988079, 2458.5, 2652.699999988079, 2788.399999976158, 3088.699999988079]",L,9,7aba8391e1e9790032e3b52af354f57871a1a459a84ec6e08d3d130d0158ce48,train
230,angel,L,1,L_orient1,19,1,angel/L/orient1/tilt_forward_toward_1/landmarks_trimmed.json,30,30,18,"[0, 1, 3, 5, 6, 8, 10, 11, 13, 15, 17, 18, 20, 22, 23, 25, 27, 29]","[198.39999997615814, 293.39999997615814, 482.89999997615814, 706.5999999642372, 826.1999999880791, 1050.0, 1271.2999999523163, 1381.0, 1587.3999999761581, 1919.0999999642372, 2073.599999964237, 2079.099999964237, 2291.899999976158, 2497.099999964237, 2596.7999999523163, 2706.599999964237, 2848.599999964237, 3048.699999988079]",L,9,ff97e989ce7ff5790142d60cea198f65db18beef790481551c944858aaf56ee5,train
231,angel,L,1,L_orient1,19,1,angel/L/orient1/tilt_neutral_away_1/landmarks_trimmed.json,28,28,18,"[0, 1, 3, 4, 6, 7, 9, 11, 12, 14, 15, 17, 19, 20, 22, 23, 25, 27]","[89.80000001192093, 187.20000004768372, 391.7000000476837, 499.80000001192093, 688.7000000476837, 780.6000000238419, 971.7000000476837, 1258.2000000476837, 1364.0, 1572.0, 1676.1000000238419, 1991.0, 2197.7000000476837, 2304.900000035763, 2512.600000023842, 2615.2000000476837, 2824.800000011921, 3032.900000035763]",L,9,faff5456bf48100e9e0b96133dba424465466f48c8d534137be448fc5c632212,test
232,angel,L,1,L_orient1,19,1,angel/L/orient1/tilt_neutral_neutral_1/landmarks_trimmed.json,19,19,18,"[0, 1, 2, 3, 4, 5, 6, 7, 8, 9, 10, 11, 12, 13, 14, 15, 16, 18]","[114.69999998807907, 336.0999999642372, 436.0, 544.0999999642372, 649.7999999523163, 750.6999999880791, 858.1999999880791, 962.8999999761581, 1083.5999999642372, 1196.3999999761581, 1305.8999999761581, 1415.8999999761581, 1526.699999988079, 1634.3999999761581, 1742.5999999642372, 1857.3999999761581, 1966.3999999761581, 2711.0]",L,9,309ef5d23a96340f411735af1ff7d4c001738c13f682509288136d40b9e2acfa,train
233,angel,L,1,L_orient1,19,2,angel/L/orient1/tilt_neutral_neutral_2/landmarks_trimmed.json,29,29,18,"[0, 1, 3, 4, 6, 8, 9, 11, 13, 14, 16, 18, 19, 21, 23, 24, 26, 28]","[114.19999998807907, 206.0, 392.89999997615814, 482.5999999642372, 664.3999999761581, 849.7999999523163, 937.5, 1127.5999999642372, 1466.5999999642372, 1573.5, 1778.7999999523163, 1988.0, 2093.5, 2323.199999988079, 2544.599999964237, 2652.599999964237, 2876.0, 3091.899999976158]",L,9,c8ad53c0812e6ef4b9f64375491bae300682e359b9ca6ec9b33c399fed7b3280,train
234,angel,L,1,L_orient1,19,1,angel/L/orient1/tilt_neutral_toward_1/landmarks_trimmed.json,23,23,18,"[0, 1, 2, 3, 5, 6, 7, 9, 10, 11, 12, 14, 15, 16, 18, 19, 20, 22]","[109.40000003576279, 160.30000001192093, 165.4000000357628, 198.19999998807907, 403.10000002384186, 504.80000001192093, 619.6000000238419, 934.0, 958.1000000238419, 1065.699999988079, 1162.9000000357628, 1365.0, 1463.199999988079, 1557.0, 1849.199999988079, 2631.900000035763, 2733.699999988079, 3056.199999988079]",L,9,244c5647d4e89bc05aec1db34f107af1b771433755ee0fffcf85bc9770a7dc41,train
235,angel,L,2,L_orient2,20,1,angel/L/orient2/tilt_back_away_1/landmarks_trimmed.json,34,34,18,"[0, 1, 3, 5, 7, 9, 11, 13, 15, 17, 19, 21, 23, 25, 27, 29, 31, 33]","[95.59999996423721, 193.5, 297.5999999642372, 526.6999999880791, 715.0, 909.1999999880791, 1108.7999999523163, 1325.7999999523163, 1453.7999999523163, 1657.0999999642372, 1847.5999999642372, 2042.0, 2183.199999988079, 2312.399999976158, 2496.099999964237, 2691.899999976158, 2881.7999999523163, 3074.399999976158]",L,9,9834546f41f08934b2796f7f6e34adfb89b67a3aa69f31a89d012d06a263ecdf,train
236,angel,L,2,L_orient2,20,1,angel/L/orient2/tilt_back_neutral_1/landmarks_trimmed.json,27,27,18,"[0, 1, 3, 4, 6, 7, 9, 10, 12, 13, 15, 16, 18, 19, 21, 22, 24, 26]","[34.69999998807907, 158.80000001192093, 359.5, 463.89999997615814, 649.1000000238419, 741.0, 933.6000000238419, 1027.3999999761581, 1219.300000011921, 1330.1000000238419, 1518.6000000238419, 1610.8999999761581, 1794.300000011921, 1893.0, 1948.3999999761581, 1980.0, 2512.899999976158, 2704.699999988079]",L,9,91086f7fabdc93f783d348b57eb9fb675c86e576d2c466d281c848b9a5c56e14,train
237,angel,L,2,L_orient2,20,2,angel/L/orient2/tilt_back_neutral_2/landmarks_trimmed.json,27,27,18,"[0, 1, 3, 4, 6, 7, 9, 10, 12, 13, 15, 16, 18, 19, 21, 22, 24, 26]","[123.90000003576279, 217.5, 429.5, 648.5, 759.7000000476837, 876.9000000357628, 1100.4000000357628, 1217.300000011921, 1424.2000000476837, 1538.300000011921, 1750.2000000476837, 1860.800000011921, 2082.5, 2187.600000023842, 2407.600000023842, 2535.800000011921, 2869.2000000476837, 3065.900000035763]",L,9,137ac25fe42110ee585a8daa992d921077ac9995cf88b6e8c8e9e54927daa976,train
238,angel,L,2,L_orient2,20,1,angel/L/orient2/tilt_back_toward_1/landmarks_trimmed.json,28,28,18,"[0, 1, 3, 4, 6, 7, 9, 11, 12, 14, 15, 17, 19, 20, 22, 23, 25, 27]","[107.10000002384186, 215.4000000357628, 429.5, 533.2000000476837, 746.9000000357628, 856.9000000357628, 1082.800000011921, 1309.2000000476837, 1421.2000000476837, 1636.800000011921, 1743.5, 1961.4000000357628, 2165.300000011921, 2279.300000011921, 2497.5, 2605.900000035763, 2824.5, 3049.300000011921]",L,9,c987bb634d99ef23f9309a535f619011bb92f7f7f4058a77dfe00ff5daf7e012,train
239,angel,L,2,L_orient2,20,1,angel/L/orient2/tilt_forward_away_1/landmarks_trimmed.json,30,30,18,"[0, 1, 3, 5, 6, 8, 10, 11, 13, 15, 17, 18, 20, 22, 23, 25, 27, 29]","[90.5, 182.60000002384186, 389.7000000476837, 596.2000000476837, 704.3000000119209, 908.0, 1106.7000000476837, 1200.6000000238419, 1387.2000000476837, 1588.9000000357628, 1806.7000000476837, 1916.6000000238419, 2139.7000000476837, 2363.100000023842, 2462.0, 2674.600000023842, 2889.100000023842, 3098.7000000476837]",L,9,d47a49ba84473fbfcb680f2fe3d45c2e85160dbcd2311f07cc02854e4d53465c,train
240,angel,L,2,L_orient2,20,1,angel/L/orient2/tilt_forward_neutral_1/landmarks_trimmed.json,28,28,18,"[0, 1, 3, 4, 6, 7, 9, 11, 12, 14, 15, 17, 19, 20, 22, 23, 25, 27]","[99.69999998807907, 209.69999998807907, 422.89999997615814, 520.5999999642372, 732.0999999642372, 848.2999999523163, 1071.5, 1284.0999999642372, 1396.7999999523163, 1615.0, 1719.2999999523163, 1940.5, 2163.0, 2270.7999999523163, 2483.7999999523163, 2587.699999988079, 2805.5, 3037.199999988079]",L,9,b2f88bed705375ac27b36d4756253d3a9af9626d02e4f59657037be013cbc5de,validation
241,angel,L,2,L_orient2,20,2,angel/L/orient2/tilt_forward_neutral_2/landmarks_trimmed.json,28,28,18,"[0, 1, 3, 4, 6, 7, 9, 11, 12, 14, 15, 17, 19, 20, 22, 23, 25, 27]","[99.09999996423721, 202.89999997615814, 417.89999997615814, 530.2999999523163, 745.5, 858.3999999761581, 1093.2999999523163, 1319.0999999642372, 1424.8999999761581, 1646.5, 1754.0999999642372, 1979.5, 2180.699999988079, 2289.5, 2515.199999988079, 2628.0, 2855.199999988079, 3080.0]",L,9,70406b80d95deb7a7d8e2af6e75172b50cc8bc1e4fda7b84a699d7e9f0c621c3,test
242,angel,L,2,L_orient2,20,1,angel/L/orient2/tilt_forward_toward_1/landmarks_trimmed.json,28,28,18,"[0, 1, 3, 4, 6, 7, 9, 11, 12, 14, 15, 17, 19, 20, 22, 23, 25, 27]","[128.4000000357628, 246.10000002384186, 479.10000002384186, 601.4000000357628, 760.1000000238419, 881.9000000357628, 1114.800000011921, 1331.6000000238419, 1438.9000000357628, 1679.300000011921, 1790.300000011921, 2006.199999988079, 2225.600000023842, 2333.600000023842, 2557.5, 2659.600000023842, 2874.800000011921, 3102.100000023842]",L,9,28669f4491128b9f2f6a3e11ad128309d8b67b511a50ffe25bfdf2a58da1e591,train
243,angel,L,2,L_orient2,20,1,angel/L/orient2/tilt_neutral_away_1/landmarks_trimmed.json,28,28,18,"[0, 1, 3, 4, 6, 7, 9, 11, 12, 14, 15, 17, 19, 20, 22, 23, 25, 27]","[106.0, 209.19999998807907, 438.0, 546.8000000119209, 767.6999999880791, 881.6999999880791, 1114.800000011921, 1326.1000000238419, 1437.6000000238419, 1650.699999988079, 1759.699999988079, 1979.800000011921, 2198.5, 2304.5, 2522.600000023842, 2641.899999976158, 2862.5, 3079.100000023842]",L,9,9857ee8f81ecaabee34bec1f332b600a1254a9952bc51f41d9f5d03efeae8bb5,train
244,angel,L,2,L_orient2,20,1,angel/L/orient2/tilt_neutral_neutral_1/landmarks_trimmed.json,34,34,18,"[0, 1, 3, 5, 7, 9, 11, 13, 15, 17, 19, 21, 23, 25, 27, 29, 31, 33]","[100.5, 200.5, 265.2000000476837, 494.9000000357628, 673.4000000357628, 880.9000000357628, 992.6000000238419, 1121.4000000357628, 1344.6000000238419, 1540.0, 1731.0, 1935.2000000476837, 2144.400000035763, 2357.100000023842, 2562.400000035763, 2754.100000023842, 2805.0, 3015.900000035763]",L,9,2dca47d524fd2f9d9d4c8019a3bb42c73344d75be1bb29eb0cbdf816fcf771de,train
245,angel,L,2,L_orient2,20,2,angel/L/orient2/tilt_neutral_neutral_2/landmarks_trimmed.json,32,32,18,"[0, 1, 3, 5, 7, 9, 10, 12, 14, 16, 18, 20, 21, 23, 25, 27, 29, 31]","[106.5, 153.39999997615814, 275.5, 474.39999997615814, 662.3000000119209, 865.1000000238419, 911.8999999761581, 1026.300000011921, 1219.0, 1421.5, 1639.800000011921, 1859.199999988079, 1982.6000000238419, 2195.699999988079, 2414.100000023842, 2638.399999976158, 2856.800000011921, 3067.0]",L,9,1ee8121765b835d92ffafe88a06ddd751c93d39b3f35ff492f0702d9bd858843,validation
246,angel,L,2,L_orient2,20,1,angel/L/orient2/tilt_neutral_toward_1/landmarks_trimmed.json,34,34,18,"[0, 1, 3, 5, 7, 9, 11, 13, 15, 17, 19, 21, 23, 25, 27, 29, 31, 33]","[196.5, 289.89999997615814, 479.80000001192093, 618.6000000238419, 694.0, 898.1999999880791, 1096.800000011921, 1291.8999999761581, 1487.0, 1673.800000011921, 1862.699999988079, 2056.0, 2252.399999976158, 2311.199999988079, 2451.0, 2636.300000011921, 2831.899999976158, 3034.199999988079]",L,9,54644c6085f149f8b008d80d2c17a463a31825a6065d29062efd936a9dec2abc,validation
247,angel,L,3,L_orient3,21,1,angel/L/orient3/tilt_back_away_1/landmarks_trimmed.json,20,20,18,"[0, 1, 2, 3, 4, 5, 6, 7, 8, 10, 11, 12, 13, 14, 15, 16, 17, 19]","[100.40000003576279, 202.10000002384186, 307.4000000357628, 421.10000002384186, 530.1000000238419, 638.0, 737.8000000119209, 842.3000000119209, 1038.2000000476837, 1240.300000011921, 2126.2000000476837, 2315.300000011921, 2420.2000000476837, 2521.800000011921, 2634.5, 2736.0, 2836.900000035763, 3036.300000011921]",L,9,2a96555118cff787e9d175a8f930a39d8b099edc2b9ce7da1f4f4878598400fc,train
248,angel,L,3,L_orient3,21,1,angel/L/orient3/tilt_back_neutral_1/landmarks_trimmed.json,29,29,18,"[0, 1, 3, 4, 6, 8, 9, 11, 13, 14, 16, 18, 19, 21, 23, 24, 26, 28]","[96.79999995231628, 194.0, 513.0, 613.6999999880791, 822.0999999642372, 1030.0, 1129.199999988079, 1321.8999999761581, 1531.199999988079, 1635.2999999523163, 1845.199999988079, 2052.599999964237, 2158.699999988079, 2365.0, 2564.2999999523163, 2669.899999976158, 2881.099999964237, 3094.399999976158]",L,9,1a41c95b21a622c4d7dc1b8d3df2d91c7c2492a1b403075bd0ad1a2cc7bb4b7d,train
249,angel,L,3,L_orient3,21,2,angel/L/orient3/tilt_back_neutral_2/landmarks_trimmed.json,20,20,18,"[0, 1, 2, 3, 4, 5, 6, 7, 8, 10, 11, 12, 13, 14, 15, 16, 17, 19]","[101.19999998807907, 209.10000002384186, 316.0, 419.89999997615814, 520.1999999880791, 571.1000000238419, 680.5, 787.6999999880791, 893.6999999880791, 1113.699999988079, 1226.6000000238419, 1434.1000000238419, 1546.8999999761581, 1660.8999999761581, 2414.699999988079, 2725.5, 2831.100000023842, 3047.199999988079]",L,9,af0dae8a8facf6b6c62c330fa59f51830ec9e19dccf327a175e2eafcccc17fb5,train
250,angel,L,3,L_orient3,21,1,angel/L/orient3/tilt_back_toward_1/landmarks_trimmed.json,24,24,18,"[0, 1, 2, 4, 5, 6, 8, 9, 10, 12, 13, 14, 16, 17, 18, 20, 21, 23]","[96.80000001192093, 200.19999998807907, 312.80000001192093, 528.1999999880791, 632.6000000238419, 737.5, 893.1999999880791, 925.0, 1035.5, 1236.800000011921, 1333.800000011921, 1433.3999999761581, 1632.800000011921, 1730.6000000238419, 1930.0, 2232.199999988079, 2441.5, 2750.300000011921]",L,9,7cb43e75a29222c24a4641cf793a465b1cbfbd1efc63f7090ca137ea05e1759d,train
251,angel,L,3,L_orient3,21,1,angel/L/orient3/tilt_forward_away_1/landmarks_trimmed.json,32,32,18,"[0, 1, 3, 5, 7, 9, 10, 12, 14, 16, 18, 20, 21, 23, 25, 27, 29, 31]","[100.39999997615814, 196.0, 403.5, 612.6999999880791, 726.3999999761581, 882.8999999761581, 975.3000000119209, 1160.800000011921, 1349.5, 1493.5, 1635.0, 1829.199999988079, 1923.8999999761581, 2211.399999976158, 2399.600000023842, 2606.199999988079, 2814.300000011921, 3018.199999988079]",L,9,6634a56847e939c88134f5ce1e04edc9d6399590506f510d604acbd63fbcc010,train
252,angel,L,3,L_orient3,21,1,angel/L/orient3/tilt_forward_neutral_1/landmarks_trimmed.json,34,34,18,"[0, 1, 3, 5, 7, 9, 11, 13, 15, 17, 19, 21, 23, 25, 27, 29, 31, 33]","[95.70000004768372, 194.20000004768372, 297.9000000357628, 433.80000001192093, 624.2000000476837, 822.6000000238419, 1016.7000000476837, 1089.5, 1281.0, 1475.9000000357628, 1665.5, 1863.6000000238419, 2080.7000000476837, 2282.800000011921, 2484.5, 2681.5, 2886.800000011921, 3086.0]",L,9,3116c1eebd37a41eb3830f8332dc0e690a40ed72c47638bbeb31ca01d7c5fdd8,train
253,angel,L,3,L_orient3,21,2,angel/L/orient3/tilt_forward_neutral_2/landmarks_trimmed.json,26,26,18,"[0, 1, 2, 4, 5, 7, 8, 10, 11, 13, 14, 16, 17, 19, 20, 22, 23, 25]","[118.69999998807907, 168.39999997615814, 200.10000002384186, 413.89999997615814, 509.60000002384186, 699.0, 982.1999999880791, 1167.3999999761581, 1268.5, 1470.6000000238419, 1571.800000011921, 1787.8999999761581, 1888.0, 2090.100000023842, 2289.5, 2485.100000023842, 2586.899999976158, 3004.600000023842]",L,9,a337982f1ba3416c4f9c968a1338100e1eda15616bf34de6b7dcfc11e9451ad5,train
254,angel,L,3,L_orient3,21,1,angel/L/orient3/tilt_forward_toward_1/landmarks_trimmed.json,31,31,18,"[0, 1, 3, 5, 7, 8, 10, 12, 14, 15, 17, 19, 21, 22, 24, 26, 28, 30]","[109.80000001192093, 158.69999998807907, 282.89999997615814, 476.69999998807907, 670.8999999761581, 776.1999999880791, 931.8999999761581, 1156.0, 1379.0, 1481.3999999761581, 1696.8999999761581, 1898.3999999761581, 2103.600000023842, 2209.399999976158, 2440.100000023842, 2662.0, 2877.399999976158, 3089.5]",L,9,60df8b524fef8c35dc13559ed6a10cce076f474e0417e910fdd0c841aa52610d,validation
255,angel,L,3,L_orient3,21,1,angel/L/orient3/tilt_neutral_away_1/landmarks_trimmed.json,27,27,18,"[0, 1, 3, 4, 6, 7, 9, 10, 12, 13, 15, 16, 18, 19, 21, 22, 24, 26]","[97.89999997615814, 306.5, 622.5, 729.1000000238419, 939.3999999761581, 1041.0, 1254.199999988079, 1364.199999988079, 1576.3999999761581, 1675.6000000238419, 1883.3999999761581, 1989.199999988079, 2192.100000023842, 2292.699999988079, 2487.399999976158, 2586.800000011921, 2796.600000023842, 3007.699999988079]",L,9,bdc9e2b316a187540a5d4d82fd8057cfbfb7b16fb198d5d0ef6c34c4411e57cd,train
256,angel,L,3,L_orient3,21,1,angel/L/orient3/tilt_neutral_neutral_1/landmarks_trimmed.json,27,27,18,"[0, 1, 3, 4, 6, 7, 9, 10, 12, 13, 15, 16, 18, 19, 21, 22, 24, 26]","[393.39999997615814, 485.19999998807907, 676.6000000238419, 783.5, 995.3999999761581, 1100.1000000238419, 1298.300000011921, 1401.0, 1602.1000000238419, 1705.1000000238419, 1898.699999988079, 2004.8999999761581, 2217.0, 2319.300000011921, 2529.199999988079, 2631.899999976158, 2835.100000023842, 3037.199999988079]",L,9,f577b01b3087e764dbc57e72521e4c8df561f7728c6a0cf7b59ccace314b7ed0,test
257,angel,L,3,L_orient3,21,2,angel/L/orient3/tilt_neutral_neutral_2/landmarks_trimmed.json,22,22,18,"[0, 1, 2, 3, 4, 6, 7, 8, 9, 11, 12, 13, 14, 16, 17, 18, 19, 21]","[203.5, 391.69999998807907, 484.10000002384186, 585.5, 631.6999999880791, 750.6999999880791, 851.0, 947.1000000238419, 1038.300000011921, 1231.6000000238419, 1321.1000000238419, 1423.1000000238419, 2039.4000000357628, 2229.900000035763, 2428.699999988079, 2534.100000023842, 2638.699999988079, 3028.800000011921]",L,9,c29d51baf58e79e3795638efb4d7ddd8e074ac106e619f476a5679893a4b24d9,test
258,angel,L,3,L_orient3,21,1,angel/L/orient3/tilt_neutral_toward_1/landmarks_trimmed.json,31,31,18,"[0, 1, 3, 5, 7, 8, 10, 12, 14, 15, 17, 19, 21, 22, 24, 26, 28, 30]","[47.799999952316284, 66.19999998807907, 282.0999999642372, 479.0999999642372, 667.0999999642372, 760.6999999880791, 958.1999999880791, 1159.3999999761581, 1367.7999999523163, 1468.2999999523163, 1667.2999999523163, 1865.3999999761581, 2062.7999999523163, 2159.699999988079, 2360.399999976158, 2571.699999988079, 2880.0, 3079.199999988079]",L,9,53eec576f4c48481a7e87cf041ca1fed4b729846ce1026d0850a8a83e2f78fe5,validation
259,angel,M,1,M_orient1,22,1,angel/M/orient1/tilt_back_away_1/landmarks_trimmed.json,31,31,18,"[0, 1, 3, 5, 7, 8, 10, 12, 14, 15, 17, 19, 21, 22, 24, 26, 28, 30]","[108.0, 205.19999998807907, 408.39999997615814, 606.1999999880791, 816.5999999642372, 918.0999999642372, 1116.699999988079, 1221.8999999761581, 1423.199999988079, 1528.0, 1731.699999988079, 1945.3999999761581, 2154.0, 2253.699999988079, 2450.199999988079, 2653.899999976158, 2849.399999976158, 3053.300000011921]",M,10,40aba1ebf7ff9d21a1d2d50f4a3565523b02f1eaef9bc3e1946dec3f963e7420,train
260,angel,M,1,M_orient1,22,1,angel/M/orient1/tilt_back_neutral_1/landmarks_trimmed.json,23,23,18,"[0, 1, 2, 3, 5, 6, 7, 9, 10, 11, 12, 14, 15, 16, 18, 19, 20, 22]","[103.19999998807907, 326.89999997615814, 434.5999999642372, 540.6999999880791, 860.6999999880791, 1308.7999999523163, 1415.8999999761581, 1642.0999999642372, 1750.5, 1861.8999999761581, 1966.0999999642372, 2185.599999964237, 2299.399999976158, 2408.5, 2649.399999976158, 2777.099999964237, 2888.899999976158, 3102.2999999523163]",M,10,084a70a477054c0fb900406b2e6b27397757f15c55689acd4e5cc3c7a1d42ae2,train
261,angel,M,1,M_orient1,22,2,angel/M/orient1/tilt_back_neutral_2/landmarks_trimmed.json,29,29,18,"[0, 1, 3, 4, 6, 8, 9, 11, 13, 14, 16, 18, 19, 21, 23, 24, 26, 28]","[100.89999997615814, 209.69999998807907, 421.69999998807907, 521.3999999761581, 748.3999999761581, 964.3999999761581, 1066.800000011921, 1267.8999999761581, 1468.5, 1568.699999988079, 1774.0999999642372, 1984.8999999761581, 2088.599999964237, 2294.5, 2501.599999964237, 2601.099999964237, 2803.800000011921, 3015.5]",M,10,c91b6a214073dff3f2a620a03d8442048b4ff6bfe9f97f3a5600ff2daf5f89ac,train
262,angel,M,1,M_orient1,22,1,angel/M/orient1/tilt_back_toward_1/landmarks_trimmed.json,32,32,18,"[0, 1, 3, 5, 7, 9, 10, 12, 14, 16, 18, 20, 21, 23, 25, 27, 29, 31]","[94.59999996423721, 145.69999998807907, 346.30000001192093, 545.5999999642372, 747.3000000119209, 963.5, 1069.3999999761581, 1267.0, 1476.699999988079, 1680.3999999761581, 1880.0999999642372, 2103.199999988079, 2207.399999976158, 2277.199999988079, 2483.199999988079, 2677.099999964237, 2873.899999976158, 3077.5]",M,10,4868a193be84a350959c3716dbb53ca889c2b00eb169e6900e665587cfc2775d,test
263,angel,M,1,M_orient1,22,1,angel/M/orient1/tilt_forward_away_1/landmarks_trimmed.json,33,33,18,"[0, 1, 3, 5, 7, 9, 11, 13, 15, 16, 18, 20, 22, 24, 26, 28, 30, 32]","[94.60000002384186, 194.80000001192093, 297.5, 435.39999997615814, 569.3000000119209, 772.1000000238419, 970.5, 1254.300000011921, 1403.800000011921, 1516.300000011921, 1746.3999999761581, 1954.3999999761581, 2150.300000011921, 2423.100000023842, 2613.899999976158, 2797.800000011921, 2872.699999988079, 3061.699999988079]",M,10,1cc80aae9e32dd945a0b26f45d5ae948a4e479736a1480d3814f061600cf5255,train
264,angel,M,1,M_orient1,22,1,angel/M/orient1/tilt_forward_neutral_1/landmarks_trimmed.json,28,28,18,"[0, 1, 3, 4, 6, 7, 9, 11, 12, 14, 15, 17, 19, 20, 22, 23, 25, 27]","[103.5, 207.9000000357628, 415.30000001192093, 517.1000000238419, 725.7000000476837, 834.7000000476837, 1030.2000000476837, 1164.0, 1260.1000000238419, 1458.800000011921, 1556.9000000357628, 1758.2000000476837, 2159.5, 2257.7000000476837, 2457.900000035763, 2559.2000000476837, 2863.800000011921, 3062.600000023842]",M,10,f1fe508800919408b1a9fe45a609e4f0d6a733a4c1915bd2f18645d1392713f4,train
265,angel,M,1,M_orient1,22,2,angel/M/orient1/tilt_forward_neutral_2/landmarks_trimmed.json,30,30,18,"[0, 1, 3, 5, 6, 8, 10, 11, 13, 15, 17, 18, 20, 22, 23, 25, 27, 29]","[102.59999996423721, 197.39999997615814, 383.89999997615814, 585.0999999642372, 688.3999999761581, 892.0999999642372, 1106.3999999761581, 1206.8999999761581, 1403.800000011921, 1602.300000011921, 1804.5, 1913.199999988079, 2118.399999976158, 2326.300000011921, 2423.199999988079, 2623.800000011921, 2836.899999976158, 3045.099999964237]",M,10,ccb4be6114c704d5627d16ac270f6e07bfc9181409b0256277bd86e2cf545e58,train
266,angel,M,1,M_orient1,22,1,angel/M/orient1/tilt_forward_toward_1/landmarks_trimmed.json,25,25,18,"[0, 1, 2, 4, 5, 7, 8, 9, 11, 12, 14, 15, 16, 18, 19, 21, 22, 24]","[97.10000002384186, 192.10000002384186, 287.19999998807907, 488.30000001192093, 582.6999999880791, 774.1999999880791, 874.8999999761581, 974.3000000119209, 1172.699999988079, 1275.0, 1584.0, 1693.8999999761581, 1797.300000011921, 2003.699999988079, 2208.300000011921, 2407.600000023842, 2505.699999988079, 3005.699999988079]",M,10,2141817f8dceba19d609a1b98cadac2a33feb31f5951fb0ae8fd1bcc9786bad9,test
267,angel,M,1,M_orient1,22,1,angel/M/orient1/tilt_neutral_away_1/landmarks_trimmed.json,30,30,18,"[0, 1, 3, 5, 6, 8, 10, 11, 13, 15, 17, 18, 20, 22, 23, 25, 27, 29]","[97.5, 193.79999995231628, 382.39999997615814, 589.1999999880791, 692.5, 887.6999999880791, 1095.699999988079, 1195.5999999642372, 1401.3999999761581, 1612.199999988079, 1830.5, 1932.7999999523163, 2142.199999988079, 2350.599999964237, 2453.2999999523163, 2668.2999999523163, 2874.899999976158, 3079.399999976158]",M,10,58f25c978e0b617214d81d6d62e6f4aeae058fcdbe952573a74555a9dcd1f9d0,test
268,angel,M,1,M_orient1,22,1,angel/M/orient1/tilt_neutral_neutral_1/landmarks_trimmed.json,30,30,18,"[0, 1, 3, 5, 6, 8, 10, 11, 13, 15, 17, 18, 20, 22, 23, 25, 27, 29]","[102.09999996423721, 200.5, 398.19999998807907, 604.3999999761581, 703.3999999761581, 897.0999999642372, 1092.0999999642372, 1193.699999988079, 1398.5, 1591.3999999761581, 1785.5999999642372, 1887.5999999642372, 2094.300000011921, 2288.5, 2393.199999988079, 2602.5, 2800.699999988079, 3004.699999988079]",M,10,2aea6251c154cf3c7084eb87e4111cabe133b093e4ab07aac95395a17b6a28df,validation
269,angel,M,1,M_orient1,22,2,angel/M/orient1/tilt_neutral_neutral_2/landmarks_trimmed.json,33,33,18,"[0, 1, 3, 5, 7, 9, 11, 13, 15, 16, 18, 20, 22, 24, 26, 28, 30, 32]","[108.90000003576279, 211.69999998807907, 418.60000002384186, 619.3000000119209, 769.6999999880791, 826.4000000357628, 1008.8000000119209, 1194.1000000238419, 1378.4000000357628, 1477.5, 1680.0, 1890.699999988079, 2084.400000035763, 2291.600000023842, 2487.199999988079, 2685.900000035763, 2892.300000011921, 3096.300000011921]",M,10,eeaa571f7c694e44036239beaa41c858bc10ed53ef66de58a01c5354ebdd6b63,test
270,angel,M,1,M_orient1,22,1,angel/M/orient1/tilt_neutral_toward_1/landmarks_trimmed.json,25,25,18,"[0, 1, 2, 4, 5, 7, 8, 9, 11, 12, 14, 15, 16, 18, 19, 21, 22, 24]","[102.30000001192093, 204.80000001192093, 302.60000002384186, 512.3999999761581, 615.6000000238419, 1021.6999999880791, 1122.0, 1213.6000000238419, 1414.199999988079, 1616.0, 1820.800000011921, 1931.699999988079, 2030.1000000238419, 2432.699999988079, 2542.199999988079, 2759.0, 2860.100000023842, 3069.5]",M,10,b6a14b039c41cd816ad8c8bf6a3de153d4c2d6938830111a24f38fbc49e0a28c,train
271,angel,M,2,M_orient2,23,1,angel/M/orient2/tilt_back_away_1/landmarks_trimmed.json,28,28,18,"[0, 1, 3, 4, 6, 7, 9, 11, 12, 14, 15, 17, 19, 20, 22, 23, 25, 27]","[100.39999997615814, 200.79999995231628, 414.19999998807907, 518.5, 735.0999999642372, 853.5, 1079.699999988079, 1304.5, 1417.5, 1641.0999999642372, 1752.699999988079, 1976.5999999642372, 2188.099999964237, 2290.399999976158, 2498.899999976158, 2602.599999964237, 2818.0, 3029.699999988079]",M,10,a3d6b0fd18c70f41e0b087135913f2abf19764e8ce2d89e4ad7f8e839928777c,train
272,angel,M,2,M_orient2,23,1,angel/M/orient2/tilt_back_neutral_1/landmarks_trimmed.json,29,29,18,"[0, 1, 3, 4, 6, 8, 9, 11, 13, 14, 16, 18, 19, 21, 23, 24, 26, 28]","[103.10000002384186, 205.69999998807907, 416.10000002384186, 523.1999999880791, 744.3000000119209, 964.8999999761581, 1074.199999988079, 1286.5, 1485.6000000238419, 1590.3999999761581, 1802.699999988079, 2010.199999988079, 2111.899999976158, 2309.199999988079, 2549.5, 2651.199999988079, 2867.199999988079, 3080.199999988079]",M,10,8550b9580fc2f53db9e5bf1cfe76443953b610acb92239af4406e3ce2597b1ad,train
273,angel,M,2,M_orient2,23,2,angel/M/orient2/tilt_back_neutral_2/landmarks_trimmed.json,28,28,18,"[0, 1, 3, 4, 6, 7, 9, 11, 12, 14, 15, 17, 19, 20, 22, 23, 25, 27]","[100.20000004768372, 203.9000000357628, 465.10000002384186, 571.8000000119209, 780.7000000476837, 885.3000000119209, 1096.4000000357628, 1314.800000011921, 1417.9000000357628, 1627.1000000238419, 1735.6000000238419, 1945.1000000238419, 2153.400000035763, 2257.900000035763, 2496.7000000476837, 2604.600000023842, 2816.800000011921, 3030.0]",M,10,13aa699e587a667e18c5c5f7b4d2e9a644a8bd885de26c2a8eb0657b22c65628,train
274,angel,M,2,M_orient2,23,1,angel/M/orient2/tilt_back_toward_1/landmarks_trimmed.json,26,26,18,"[0, 1, 2, 4, 5, 7, 8, 10, 11, 13, 14, 16, 17, 19, 20, 22, 23, 25]","[103.19999998807907, 205.10000002384186, 311.30000001192093, 735.9000000357628, 842.1999999880791, 1160.5, 1275.5, 1501.6000000238419, 1604.6000000238419, 1809.800000011921, 1911.300000011921, 2135.900000035763, 2241.800000011921, 2453.5, 2557.100000023842, 2766.300000011921, 2871.5, 3084.199999988079]",M,10,2f96df0de4245ac8954ad8ffd1e441661c447097514779be2c1633a303954f3e,train
275,angel,M,2,M_orient2,23,1,angel/M/orient2/tilt_forward_away_1/landmarks_trimmed.json,30,30,18,"[0, 1, 3, 5, 6, 8, 10, 11, 13, 15, 17, 18, 20, 22, 23, 25, 27, 29]","[121.39999997615814, 167.89999997615814, 320.2999999523163, 527.0, 629.2999999523163, 823.6999999880791, 1019.5, 1118.3999999761581, 1322.2999999523163, 1538.0999999642372, 1738.3999999761581, 1954.2999999523163, 2165.199999988079, 2464.399999976158, 2566.2999999523163, 2776.699999988079, 2904.7999999523163, 3043.899999976158]",M,10,38d1122c4fcf1f344be08522355c46f7a4c99f942b4ef8d8e77411fcecb450d7,train
276,angel,M,2,M_orient2,23,1,angel/M/orient2/tilt_forward_neutral_1/landmarks_trimmed.json,30,30,18,"[0, 1, 3, 5, 6, 8, 10, 11, 13, 15, 17, 18, 20, 22, 23, 25, 27, 29]","[104.90000003576279, 208.4000000357628, 418.5, 624.0, 722.1999999880791, 927.3000000119209, 1124.800000011921, 1228.1000000238419, 1432.800000011921, 1643.199999988079, 1850.199999988079, 1951.699999988079, 2153.400000035763, 2366.199999988079, 2470.800000011921, 2674.699999988079, 2886.600000023842, 3092.199999988079]",M,10,f0cb24cc6079acc093abb4f72661c92354f2a2180b78870375e8ed004ab99d92,validation
277,angel,M,2,M_orient2,23,2,angel/M/orient2/tilt_forward_neutral_2/landmarks_trimmed.json,30,30,18,"[0, 1, 3, 5, 6, 8, 10, 11, 13, 15, 17, 18, 20, 22, 23, 25, 27, 29]","[97.30000001192093, 203.30000001192093, 407.69999998807907, 607.1999999880791, 710.1999999880791, 912.4000000357628, 1126.199999988079, 1229.5, 1443.6000000238419, 1640.300000011921, 1837.4000000357628, 1936.699999988079, 2137.400000035763, 2345.300000011921, 2447.699999988079, 2652.199999988079, 2870.5, 3080.800000011921]",M,10,2192d0db4c9959666df76c1cb61c87c5bd1c1c817292936713faac53e4652c14,train
278,angel,M,2,M_orient2,23,1,angel/M/orient2/tilt_forward_toward_1/landmarks_trimmed.json,26,26,18,"[0, 1, 2, 4, 5, 7, 8, 10, 11, 13, 14, 16, 17, 19, 20, 22, 23, 25]","[105.30000001192093, 210.80000001192093, 315.89999997615814, 515.8000000119209, 617.8999999761581, 823.6000000238419, 923.6999999880791, 1122.3999999761581, 1225.3999999761581, 1424.800000011921, 1532.800000011921, 1751.1000000238419, 1866.3999999761581, 2136.300000011921, 2273.300000011921, 2606.0, 2739.600000023842, 3118.300000011921]",M,10,c6feef52b2ce7e6aec51faf077851f7999f8af5abc971c7788da3031c39cc053,train
279,angel,M,2,M_orient2,23,1,angel/M/orient2/tilt_neutral_away_1/landmarks_trimmed.json,21,21,18,"[0, 1, 2, 3, 4, 5, 7, 8, 9, 10, 11, 12, 14, 15, 16, 17, 18, 20]","[107.30000001192093, 211.9000000357628, 314.10000002384186, 414.19999998807907, 721.1000000238419, 823.1000000238419, 1350.4000000357628, 1578.699999988079, 1741.800000011921, 1850.6000000238419, 1968.5, 2072.800000011921, 2302.100000023842, 2406.800000011921, 2511.5, 2614.199999988079, 2837.900000035763, 3060.699999988079]",M,10,efc0db37ba0e09bd1b51069a82728e413bc61c4764129ad96532d4372bd088f2,train
280,angel,M,2,M_orient2,23,1,angel/M/orient2/tilt_neutral_neutral_1/landmarks_trimmed.json,26,26,18,"[0, 1, 2, 4, 5, 7, 8, 10, 11, 13, 14, 16, 17, 19, 20, 22, 23, 25]","[107.69999998807907, 217.5, 330.0999999642372, 644.0, 743.8999999761581, 948.0999999642372, 1156.199999988079, 1461.3999999761581, 1561.3999999761581, 1769.7999999523163, 1972.0999999642372, 2172.5, 2275.5, 2485.899999976158, 2587.599999964237, 2791.599999964237, 2899.899999976158, 3098.599999964237]",M,10,0d676b4932a003f192c3e6477afe33b3e356fd5c0587ca14a27b2434483f2e04,train
281,angel,M,2,M_orient2,23,2,angel/M/orient2/tilt_neutral_neutral_2/landmarks_trimmed.json,27,27,18,"[0, 1, 3, 4, 6, 7, 9, 10, 12, 13, 15, 16, 18, 19, 21, 22, 24, 26]","[105.59999996423721, 211.29999995231628, 415.7999999523163, 514.5999999642372, 729.7999999523163, 836.5999999642372, 1061.0, 1171.5, 1392.0, 1609.0, 1933.0999999642372, 2036.5999999642372, 2263.2999999523163, 2379.199999988079, 2571.699999988079, 2673.099999964237, 2876.599999964237, 3088.099999964237]",M,10,925004035de40c5266a6b8ef741aa9adc234d408f721c4487e6ab3937be9c192,train
282,angel,M,2,M_orient2,23,1,angel/M/orient2/tilt_neutral_toward_1/landmarks_trimmed.json,33,33,18,"[0, 1, 3, 5, 7, 9, 11, 13, 15, 16, 18, 20, 22, 24, 26, 28, 30, 32]","[52.09999996423721, 66.59999996423721, 281.69999998807907, 480.89999997615814, 680.5999999642372, 792.5999999642372, 944.5999999642372, 1137.7999999523163, 1337.3999999761581, 1437.699999988079, 1628.699999988079, 1822.699999988079, 2011.0, 2205.7999999523163, 2410.599999964237, 2616.099999964237, 2831.5, 3031.199999988079]",M,10,6c414804434b67c1eaca8689adb8989df3ecbd5efa2c086d77815a44b38d70de,test
283,angel,M,3,M_orient3,24,1,angel/M/orient3/tilt_back_away_1/landmarks_trimmed.json,29,29,18,"[0, 1, 3, 4, 6, 8, 9, 11, 13, 14, 16, 18, 19, 21, 23, 24, 26, 28]","[105.40000003576279, 211.70000004768372, 434.4000000357628, 538.4000000357628, 749.9000000357628, 960.2000000476837, 1072.2000000476837, 1290.0, 1509.1000000238419, 1617.9000000357628, 1820.6000000238419, 1986.9000000357628, 2097.0, 2303.7000000476837, 2515.300000011921, 2621.0, 2838.0, 3050.400000035763]",M,10,47d08ae32b1d7ea3d87112af0459e97c5f7cc3647a989227eaeb2b4de1515898,train
284,angel,M,3,M_orient3,24,1,angel/M/orient3/tilt_back_neutral_1/landmarks_trimmed.json,29,29,18,"[0, 1, 3, 4, 6, 8, 9, 11, 13, 14, 16, 18, 19, 21, 23, 24, 26, 28]","[123.69999998807907, 235.10000002384186, 444.30000001192093, 462.30000001192093, 661.6999999880791, 882.4000000357628, 986.6999999880791, 1203.699999988079, 1428.6000000238419, 1550.9000000357628, 1765.300000011921, 1991.4000000357628, 2117.400000035763, 2366.800000011921, 2616.300000011921, 2734.800000011921, 2772.0, 3017.199999988079]",M,10,d676ef4fd14b3bbc7a0b8243f8f7763fbcede2374a36dce4b41b0c97e07fb3ea,validation
285,angel,M,3,M_orient3,24,2,angel/M/orient3/tilt_back_neutral_2/landmarks_trimmed.json,24,24,18,"[0, 1, 2, 4, 5, 6, 8, 9, 10, 12, 13, 14, 16, 17, 18, 20, 21, 23]","[117.5, 246.10000002384186, 356.80000001192093, 669.8000000119209, 770.8000000119209, 874.8000000119209, 1099.199999988079, 1208.6000000238419, 1319.800000011921, 1534.6000000238419, 1870.9000000357628, 1980.1000000238419, 2187.600000023842, 2299.800000011921, 2411.600000023842, 2632.800000011921, 2845.800000011921, 3056.5]",M,10,1b8149a1a332167a2bb440cebd47df1094934d3f9ff28571f5292376abaf6d9b,train
286,angel,M,3,M_orient3,24,1,angel/M/orient3/tilt_back_toward_1/landmarks_trimmed.json,24,24,18,"[0, 1, 2, 4, 5, 6, 8, 9, 10, 12, 13, 14, 16, 17, 18, 20, 21, 23]","[109.39999997615814, 160.0, 165.0999999642372, 327.5, 635.5, 732.8000000119209, 929.6999999880791, 958.8000000119209, 1064.0999999642372, 1362.199999988079, 1661.199999988079, 1971.0, 2188.5, 2310.899999976158, 2432.5, 2699.899999976158, 2832.699999988079, 3072.300000011921]",M,10,05637448316ef5d0be666368871115d144abc4ab4663e36cba18fdd9dddcc860,train
287,angel,M,3,M_orient3,24,1,angel/M/orient3/tilt_forward_away_1/landmarks_trimmed.json,29,29,18,"[0, 1, 3, 4, 6, 8, 9, 11, 13, 14, 16, 18, 19, 21, 23, 24, 26, 28]","[108.19999998807907, 227.5, 449.19999998807907, 553.8999999761581, 762.0, 961.1000000238419, 1064.8999999761581, 1283.5, 1488.1000000238419, 1608.699999988079, 1815.3999999761581, 2021.800000011921, 2128.300000011921, 2340.699999988079, 2558.0, 2660.699999988079, 2861.699999988079, 3020.699999988079]",M,10,fc8fd7d9983fd2065516ff2d2f5aed4bf3926eca4b43e16daad1b2592739295c,train
288,angel,M,3,M_orient3,24,1,angel/M/orient3/tilt_forward_neutral_1/landmarks_trimmed.json,29,29,18,"[0, 1, 3, 4, 6, 8, 9, 11, 13, 14, 16, 18, 19, 21, 23, 24, 26, 28]","[106.60000002384186, 207.10000002384186, 416.9000000357628, 523.6000000238419, 726.3000000119209, 929.0, 1039.6000000238419, 1251.300000011921, 1459.1000000238419, 1565.9000000357628, 1771.2000000476837, 1979.800000011921, 2089.600000023842, 2300.0, 2508.400000035763, 2616.600000023842, 2833.100000023842, 3035.600000023842]",M,10,482d476a52e3bf550ef4968c0e72769b321e46f4cb5486f9925580848fe88a83,validation
289,angel,M,3,M_orient3,24,2,angel/M/orient3/tilt_forward_neutral_2/landmarks_trimmed.json,28,28,18,"[0, 1, 3, 4, 6, 7, 9, 11, 12, 14, 15, 17, 19, 20, 22, 23, 25, 27]","[105.90000003576279, 208.10000002384186, 418.0, 526.1999999880791, 738.0, 845.0, 1066.6000000238419, 1279.6000000238419, 1384.1000000238419, 1606.199999988079, 1711.199999988079, 1918.699999988079, 2129.800000011921, 2234.0, 2455.5, 2579.300000011921, 2810.800000011921, 3026.0]",M,10,9cc536f2ebf5e0ef31a89653e8bf59bd45bcc0ed31aa0fcf24a06b6da2c5a64d,train
290,angel,M,3,M_orient3,24,1,angel/M/orient3/tilt_forward_toward_1/landmarks_trimmed.json,29,29,18,"[0, 1, 3, 4, 6, 8, 9, 11, 13, 14, 16, 18, 19, 21, 23, 24, 26, 28]","[109.10000002384186, 206.80000001192093, 423.80000001192093, 538.9000000357628, 760.6999999880791, 969.1999999880791, 1075.0, 1272.0, 1474.800000011921, 1576.0, 1788.9000000357628, 1990.300000011921, 2099.600000023842, 2312.900000035763, 2519.800000011921, 2613.100000023842, 2814.600000023842, 3009.300000011921]",M,10,f416e1337adef5a920477ec2f18962dbcc28561c42f54f05fdc6328ce6ee2f19,train
291,angel,M,3,M_orient3,24,1,angel/M/orient3/tilt_neutral_away_1/landmarks_trimmed.json,29,29,18,"[0, 1, 3, 4, 6, 8, 9, 11, 13, 14, 16, 18, 19, 21, 23, 24, 26, 28]","[111.09999996423721, 220.5, 426.69999998807907, 528.0, 734.6999999880791, 950.0999999642372, 1060.699999988079, 1262.699999988079, 1472.199999988079, 1574.8999999761581, 1773.699999988079, 1989.8999999761581, 2091.899999976158, 2310.699999988079, 2528.899999976158, 2631.800000011921, 2849.199999988079, 3055.899999976158]",M,10,70447f794019ecd0a6684908c3cefe395256941674704d27acd0872b4be32ab8,train
292,angel,M,3,M_orient3,24,1,angel/M/orient3/tilt_neutral_neutral_1/landmarks_trimmed.json,29,29,18,"[0, 1, 3, 4, 6, 8, 9, 11, 13, 14, 16, 18, 19, 21, 23, 24, 26, 28]","[104.5, 214.4000000357628, 427.60000002384186, 530.0, 727.3000000119209, 940.8000000119209, 1043.800000011921, 1248.199999988079, 1464.1000000238419, 1583.699999988079, 1789.300000011921, 1994.5, 2095.199999988079, 2302.5, 2503.300000011921, 2609.400000035763, 2819.400000035763, 3025.199999988079]",M,10,cb2469ca21b7c43be98d2d0ff63dc33c9aad32cfcaf0895b6656ff263be2572b,validation
293,angel,M,3,M_orient3,24,2,angel/M/orient3/tilt_neutral_neutral_2/landmarks_trimmed.json,29,29,18,"[0, 1, 3, 4, 6, 8, 9, 11, 13, 14, 16, 18, 19, 21, 23, 24, 26, 28]","[103.10000002384186, 212.30000001192093, 417.60000002384186, 520.6999999880791, 734.0, 942.9000000357628, 1049.1000000238419, 1260.300000011921, 1479.1000000238419, 1578.1000000238419, 1789.199999988079, 2001.6000000238419, 2122.600000023842, 2330.800000011921, 2549.5, 2656.400000035763, 2874.900000035763, 3095.900000035763]",M,10,e33733332db59821686c0b2cd9b9373a4221ffcc11b182e0e93e0b476038290a,train
294,angel,M,3,M_orient3,24,1,angel/M/orient3/tilt_neutral_toward_1/landmarks_trimmed.json,30,30,18,"[0, 1, 3, 5, 6, 8, 10, 11, 13, 15, 17, 18, 20, 22, 23, 25, 27, 29]","[108.80000001192093, 205.30000001192093, 407.9000000357628, 601.1999999880791, 702.0, 899.5, 1102.300000011921, 1204.300000011921, 1399.6000000238419, 1599.699999988079, 1800.4000000357628, 1900.6000000238419, 2101.699999988079, 2309.800000011921, 2410.100000023842, 2622.199999988079, 2828.5, 3036.300000011921]",M,10,260b8828126068fcdc2e35787d38ab12dec07881362fdc91706a69e7c56d73d7,train
295,angel,N,1,N_orient1,25,1,angel/N/orient1/tilt_back_away_1/landmarks_trimmed.json,31,31,18,"[0, 1, 3, 5, 7, 8, 10, 12, 14, 15, 17, 19, 21, 22, 24, 26, 28, 30]","[96.30000001192093, 273.19999998807907, 463.69999998807907, 634.8000000119209, 827.8000000119209, 922.1999999880791, 1112.3999999761581, 1305.1000000238419, 1494.3999999761581, 1578.8999999761581, 1767.1000000238419, 1965.800000011921, 2250.800000011921, 2351.0, 2546.199999988079, 2734.899999976158, 2914.0, 3084.899999976158]",N,11,c26c2903ca71065b3d40a5d0b136909ec1c76d2aa7d53dc523622a7eae8de347,train
296,angel,N,1,N_orient1,25,1,angel/N/orient1/tilt_back_neutral_1/landmarks_trimmed.json,39,39,18,"[0, 2, 4, 6, 8, 11, 13, 15, 17, 20, 22, 24, 26, 29, 31, 33, 35, 38]","[86.5, 213.4000000357628, 265.80000001192093, 393.10000002384186, 431.5, 717.9000000357628, 912.9000000357628, 1098.9000000357628, 1272.0, 1485.0, 1685.5, 1866.199999988079, 2057.100000023842, 2212.699999988079, 2359.300000011921, 2554.600000023842, 2749.199999988079, 3010.800000011921]",N,11,a340d177bfc6a2652b0de80ce1166fd3a4746bc5166520f2ae4449e6cc013e0b,train
297,angel,N,1,N_orient1,25,2,angel/N/orient1/tilt_back_neutral_2/landmarks_trimmed.json,31,31,18,"[0, 1, 3, 5, 7, 8, 10, 12, 14, 15, 17, 19, 21, 22, 24, 26, 28, 30]","[100.69999998807907, 198.0999999642372, 395.0, 596.2999999523163, 863.5, 953.5999999642372, 1134.2999999523163, 1328.5999999642372, 1528.5, 1621.699999988079, 1803.8999999761581, 1985.8999999761581, 2188.699999988079, 2292.199999988079, 2487.399999976158, 2673.599999964237, 2873.199999988079, 3064.2999999523163]",N,11,fab065cdd2ed5cf7a039a0812863a6168985c0e3c32a323a3fff1edab4e091cc,train
298,angel,N,1,N_orient1,25,1,angel/N/orient1/tilt_back_toward_1/landmarks_trimmed.json,35,35,18,"[0, 2, 4, 6, 8, 10, 12, 14, 16, 18, 20, 22, 24, 26, 28, 30, 32, 34]","[93.69999998807907, 268.30000001192093, 441.80000001192093, 496.39999997615814, 688.8000000119209, 888.5, 1055.3999999761581, 1225.0999999642372, 1394.199999988079, 1520.199999988079, 1711.199999988079, 1886.199999988079, 2073.300000011921, 2262.899999976158, 2445.699999988079, 2639.800000011921, 2826.699999988079, 3019.599999964237]",N,11,afb06141619e329be34d8c53464da10caecd60dbe9ab060d57bc5f0a530ba40c,train
299,angel,N,1,N_orient1,25,1,angel/N/orient1/tilt_forward_away_1/landmarks_trimmed.json,30,30,18,"[0, 1, 3, 5, 6, 8, 10, 11, 13, 15, 17, 18, 20, 22, 23, 25, 27, 29]","[104.70000004768372, 247.5, 452.30000001192093, 651.5, 748.5, 949.6000000238419, 1144.5, 1244.1000000238419, 1438.800000011921, 1626.5, 1818.800000011921, 1915.2000000476837, 2110.900000035763, 2306.5, 2403.2000000476837, 2596.100000023842, 2844.800000011921, 3043.5]",N,11,1e9b5a2268b157aa7928f9d43954f25bbfe8f2e6599b93b48a8f711db68be5c8,validation
300,angel,N,1,N_orient1,25,1,angel/N/orient1/tilt_forward_neutral_1/landmarks_trimmed.json,29,29,18,"[0, 1, 3, 4, 6, 8, 9, 11, 13, 14, 16, 18, 19, 21, 23, 24, 26, 28]","[110.89999997615814, 218.0, 436.69999998807907, 545.5999999642372, 750.5999999642372, 961.7999999523163, 1066.7999999523163, 1270.0999999642372, 1470.3999999761581, 1576.199999988079, 1780.7999999523163, 1991.199999988079, 2095.099999964237, 2302.899999976158, 2505.599999964237, 2605.199999988079, 2804.399999976158, 3019.399999976158]",N,11,8052c0624c0b09d8f6a8bf3a47fcddbf328186ede62cd5534c067a1d63c2b4e8,train
301,angel,N,1,N_orient1,25,2,angel/N/orient1/tilt_forward_neutral_2/landmarks_trimmed.json,31,31,18,"[0, 1, 3, 5, 7, 8, 10, 12, 14, 15, 17, 19, 21, 22, 24, 26, 28, 30]","[97.89999997615814, 191.69999998807907, 385.10000002384186, 574.5, 765.8000000119209, 863.6000000238419, 1052.1000000238419, 1245.3999999761581, 1436.699999988079, 1532.1000000238419, 1721.300000011921, 1916.5, 2112.5, 2211.100000023842, 2409.600000023842, 2601.399999976158, 2803.399999976158, 3014.199999988079]",N,11,25923a7e3e7dcbdc495a927ea8386811d59f326998b4b9dd19d871befe94af55,validation
302,angel,N,1,N_orient1,25,1,angel/N/orient1/tilt_forward_toward_1/landmarks_trimmed.json,28,28,18,"[0, 1, 3, 4, 6, 7, 9, 11, 12, 14, 15, 17, 19, 20, 22, 23, 25, 27]","[109.39999997615814, 223.19999998807907, 431.39999997615814, 531.5, 761.3999999761581, 861.5, 1083.1000000238419, 1296.0, 1403.3999999761581, 1618.1000000238419, 1725.800000011921, 1984.6000000238419, 2207.100000023842, 2314.699999988079, 2531.699999988079, 2642.100000023842, 2863.399999976158, 3085.600000023842]",N,11,998cd394ff761d431d5786ec3ce99f91076d48f5a97d5335e25bf1cf486e2d25,test
303,angel,N,1,N_orient1,25,1,angel/N/orient1/tilt_neutral_away_1/landmarks_trimmed.json,33,33,18,"[0, 1, 3, 5, 7, 9, 11, 13, 15, 16, 18, 20, 22, 24, 26, 28, 30, 32]","[89.79999995231628, 183.5, 357.19999998807907, 553.0999999642372, 731.6999999880791, 878.6999999880791, 1088.0, 1270.8999999761581, 1449.199999988079, 1544.199999988079, 1737.2999999523163, 1925.5, 2120.399999976158, 2313.099999964237, 2501.5, 2676.599999964237, 2854.5, 3049.899999976158]",N,11,31ac2dfe92295b304502cd3cae3b77a241f4568b0abf4c8cd5b127686c59e9f4,validation
304,angel,N,1,N_orient1,25,1,angel/N/orient1/tilt_neutral_neutral_1/landmarks_trimmed.json,33,33,18,"[0, 1, 3, 5, 7, 9, 11, 13, 15, 16, 18, 20, 22, 24, 26, 28, 30, 32]","[97.09999996423721, 191.19999998807907, 365.69999998807907, 501.30000001192093, 688.5999999642372, 882.1999999880791, 1075.0, 1288.0999999642372, 1481.3999999761581, 1588.0999999642372, 1722.3999999761581, 1915.300000011921, 2119.599999964237, 2325.199999988079, 2546.399999976158, 2724.699999988079, 2899.300000011921, 3075.0]",N,11,61f37c3d86f9fa08e0c0b82ae0788d8738d897b8f2148d6a61ab764b8a2f9ca6,train
305,angel,N,1,N_orient1,25,2,angel/N/orient1/tilt_neutral_neutral_2/landmarks_trimmed.json,33,33,18,"[0, 1, 3, 5, 7, 9, 11, 13, 15, 16, 18, 20, 22, 24, 26, 28, 30, 32]","[91.30000001192093, 177.69999998807907, 359.0, 558.8999999761581, 738.5, 877.3999999761581, 1074.5999999642372, 1266.3999999761581, 1446.0, 1531.800000011921, 1721.8999999761581, 1917.199999988079, 2108.5, 2309.0, 2508.5, 2697.0, 2867.899999976158, 3048.599999964237]",N,11,bdf86a37970214004061ba1699ea94e1989f45a1820ca9a3fe66cbd2ccb1d78e,test
306,angel,N,1,N_orient1,25,1,angel/N/orient1/tilt_neutral_toward_1/landmarks_trimmed.json,26,26,18,"[0, 1, 2, 4, 5, 7, 8, 10, 11, 13, 14, 16, 17, 19, 20, 22, 23, 25]","[93.19999998807907, 190.79999995231628, 284.69999998807907, 478.39999997615814, 566.7999999523163, 744.7999999523163, 833.1999999880791, 1101.199999988079, 1190.5999999642372, 1459.8999999761581, 1836.5999999642372, 2036.2999999523163, 2080.399999976158, 2257.7999999523163, 2343.7999999523163, 2532.7999999523163, 2630.599999964237, 3093.599999964237]",N,11,c0c9b2a8f403907977a0fa137a4db794ed14f3e3206f4d087bc119ad2c99cff0,train
307,angel,N,2,N_orient2,26,1,angel/N/orient2/tilt_back_away_1/landmarks_trimmed.json,33,33,18,"[0, 1, 3, 5, 7, 9, 11, 13, 15, 16, 18, 20, 22, 24, 26, 28, 30, 32]","[98.80000001192093, 203.20000004768372, 405.0, 609.3000000119209, 808.4000000357628, 1002.5, 1176.6000000238419, 1329.1000000238419, 1523.800000011921, 1610.6000000238419, 1793.1000000238419, 1926.5, 2108.600000023842, 2302.0, 2482.300000011921, 2655.100000023842, 2826.100000023842, 3009.7000000476837]",N,11,44844f111fdba32445f71cf84d85ac6ac6430c27a183e44e36dd106a9db2e41a,train
308,angel,N,2,N_orient2,26,1,angel/N/orient2/tilt_back_neutral_1/landmarks_trimmed.json,34,34,18,"[0, 1, 3, 5, 7, 9, 11, 13, 15, 17, 19, 21, 23, 25, 27, 29, 31, 33]","[34.0, 126.80000001192093, 310.60000002384186, 497.5, 680.6999999880791, 877.4000000357628, 1059.9000000357628, 1241.0, 1428.6000000238419, 1614.4000000357628, 1784.800000011921, 1957.800000011921, 2136.400000035763, 2327.5, 2505.300000011921, 2684.5, 2857.400000035763, 3037.900000035763]",N,11,f8b655103addd889a43bab6d81684aa933e6c85e4ad44fdc15ce4a5559e4f661,train
309,angel,N,2,N_orient2,26,2,angel/N/orient2/tilt_back_neutral_2/landmarks_trimmed.json,33,33,18,"[0, 1, 3, 5, 7, 9, 11, 13, 15, 16, 18, 20, 22, 24, 26, 28, 30, 32]","[88.5, 187.5, 378.69999998807907, 553.6999999880791, 726.0, 912.1999999880791, 1106.4000000357628, 1299.9000000357628, 1490.800000011921, 1580.1000000238419, 1767.1000000238419, 1959.199999988079, 2138.600000023842, 2332.199999988079, 2525.400000035763, 2723.300000011921, 2899.0, 3067.600000023842]",N,11,ae3358fac5fb1400570ee58bf4ab5c5fe14147bff7fd0fa40c9daf0687041723,train
310,angel,N,2,N_orient2,26,1,angel/N/orient2/tilt_back_toward_1/landmarks_trimmed.json,33,33,18,"[0, 1, 3, 5, 7, 9, 11, 13, 15, 16, 18, 20, 22, 24, 26, 28, 30, 32]","[100.59999996423721, 194.5, 392.30000001192093, 589.3000000119209, 775.6999999880791, 959.8999999761581, 1137.5, 1327.300000011921, 1504.3999999761581, 1590.800000011921, 1777.5999999642372, 1960.3999999761581, 2132.199999988079, 2311.599999964237, 2504.199999988079, 2693.399999976158, 2870.399999976158, 3062.099999964237]",N,11,dcba60e854050c418acf85456d0dbf3d5b1555f17533b23448bf593e90e7413b,train
311,angel,N,2,N_orient2,26,1,angel/N/orient2/tilt_forward_away_1/landmarks_trimmed.json,37,37,18,"[0, 2, 4, 6, 8, 10, 12, 14, 16, 19, 21, 23, 25, 27, 29, 31, 33, 36]","[34.40000003576279, 239.30000001192093, 445.5, 495.9000000357628, 692.0, 885.1000000238419, 1077.199999988079, 1269.0, 1454.199999988079, 1585.300000011921, 1772.300000011921, 1957.1000000238419, 2155.5, 2303.100000023842, 2417.600000023842, 2596.600000023842, 2795.5, 3053.400000035763]",N,11,68e2c0d942522779995e8b5968deaaf23972fb086bcd39e212546aa4a5e474c1,test
312,angel,N,2,N_orient2,26,1,angel/N/orient2/tilt_forward_neutral_1/landmarks_trimmed.json,34,34,18,"[0, 1, 3, 5, 7, 9, 11, 13, 15, 17, 19, 21, 23, 25, 27, 29, 31, 33]","[89.40000003576279, 131.60000002384186, 277.5, 468.30000001192093, 660.8000000119209, 855.8000000119209, 924.6999999880791, 1124.0, 1315.6000000238419, 1497.699999988079, 1680.699999988079, 1874.9000000357628, 2139.800000011921, 2327.800000011921, 2517.100000023842, 2694.0, 2874.900000035763, 3073.400000035763]",N,11,60f045e77b2fa94d7a3e02262899adf1da5ab7a5df5520bf3864cb249ec9ebcf,test
313,angel,N,2,N_orient2,26,2,angel/N/orient2/tilt_forward_neutral_2/landmarks_trimmed.json,35,35,18,"[0, 2, 4, 6, 8, 10, 12, 14, 16, 18, 20, 22, 24, 26, 28, 30, 32, 34]","[97.29999995231628, 288.0999999642372, 462.5999999642372, 645.2999999523163, 828.2999999523163, 891.0999999642372, 1064.8999999761581, 1256.699999988079, 1436.0, 1618.7999999523163, 1757.5999999642372, 1931.5, 2116.099999964237, 2305.2999999523163, 2499.7999999523163, 2697.2999999523163, 2890.7999999523163, 3083.199999988079]",N,11,f92fa8b84b08560fb370e201188517b69b45c8f685a7c3f9adbd96cae19f7816,train
314,angel,N,2,N_orient2,26,1,angel/N/orient2/tilt_forward_toward_1/landmarks_trimmed.json,33,33,18,"[0, 1, 3, 5, 7, 9, 11, 13, 15, 16, 18, 20, 22, 24, 26, 28, 30, 32]","[96.39999997615814, 189.5999999642372, 385.89999997615814, 575.0, 750.7999999523163, 926.5999999642372, 1106.2999999523163, 1279.3999999761581, 1463.5, 1549.5999999642372, 1732.199999988079, 1916.2999999523163, 2105.7999999523163, 2287.699999988079, 2463.899999976158, 2651.199999988079, 2823.899999976158, 3009.899999976158]",N,11,6b63baff6619dc1800e33b10bfe46786203f586d36e7e62546a0b8b068a6b7c2,train
315,angel,N,2,N_orient2,26,1,angel/N/orient2/tilt_neutral_away_1/landmarks_trimmed.json,32,32,18,"[0, 1, 3, 5, 7, 9, 10, 12, 14, 16, 18, 20, 21, 23, 25, 27, 29, 31]","[97.69999998807907, 188.5, 360.2999999523163, 549.0, 738.1999999880791, 928.0, 1024.7999999523163, 1225.0999999642372, 1430.0, 1627.0, 1810.3999999761581, 2002.0, 2098.099999964237, 2299.2999999523163, 2485.099999964237, 2658.099999964237, 2847.0, 3020.899999976158]",N,11,0de7eab97018d2c46109e8770b1c57e8e6a52ebce7d4eaaf6755c3827b59d400,train
316,angel,N,2,N_orient2,26,1,angel/N/orient2/tilt_neutral_neutral_1/landmarks_trimmed.json,34,34,18,"[0, 1, 3, 5, 7, 9, 11, 13, 15, 17, 19, 21, 23, 25, 27, 29, 31, 33]","[95.10000002384186, 184.10000002384186, 356.30000001192093, 525.8000000119209, 704.5, 879.1000000238419, 1070.3999999761581, 1213.800000011921, 1407.5, 1595.699999988079, 1774.199999988079, 1952.300000011921, 2147.899999976158, 2341.800000011921, 2534.600000023842, 2707.300000011921, 2895.800000011921, 3091.199999988079]",N,11,cff0d9168592b076207d0c92d896442a8d4b58b5f441aabc8cfa475d4521924c,train
317,angel,N,2,N_orient2,26,2,angel/N/orient2/tilt_neutral_neutral_2/landmarks_trimmed.json,34,34,18,"[0, 1, 3, 5, 7, 9, 11, 13, 15, 17, 19, 21, 23, 25, 27, 29, 31, 33]","[45.30000001192093, 66.69999998807907, 255.80000001192093, 428.80000001192093, 613.3999999761581, 806.0, 995.6999999880791, 1175.199999988079, 1367.1000000238419, 1573.5, 1762.800000011921, 1958.199999988079, 2146.5, 2333.5, 2529.5, 2734.0, 2935.699999988079, 3069.800000011921]",N,11,0faf987f80904245ccfc8f61de3e20d0a7ad311b9de9b9ea558fe9b7a820f94e,train
318,angel,N,2,N_orient2,26,1,angel/N/orient2/tilt_neutral_toward_1/landmarks_trimmed.json,33,33,18,"[0, 1, 3, 5, 7, 9, 11, 13, 15, 16, 18, 20, 22, 24, 26, 28, 30, 32]","[34.19999998807907, 138.19999998807907, 317.10000002384186, 506.39999997615814, 682.0, 864.1999999880791, 1049.1000000238419, 1223.699999988079, 1419.3999999761581, 1511.699999988079, 1694.1000000238419, 1883.699999988079, 2080.899999976158, 2270.300000011921, 2452.0, 2630.899999976158, 2832.0, 3022.399999976158]",N,11,54561d7aeabd0e5f2e598daea1b87ffdc886e29ab90aa3409c75bb56d28bab83,train
319,angel,N,3,N_orient3,27,1,angel/N/orient3/tilt_back_away_1/landmarks_trimmed.json,30,30,18,"[0, 1, 3, 5, 6, 8, 10, 11, 13, 15, 17, 18, 20, 22, 23, 25, 27, 29]","[96.5, 197.0, 468.5, 647.1000000238419, 730.6000000238419, 914.6999999880791, 1108.199999988079, 1207.0, 1393.9000000357628, 1569.699999988079, 1753.800000011921, 1842.699999988079, 2028.300000011921, 2203.100000023842, 2300.900000035763, 2476.5, 2862.300000011921, 3051.600000023842]",N,11,e459270de746059b16f5e4f2f1a8c4c907adb48b0896883a1987d378ed89bf58,train
320,angel,N,3,N_orient3,27,1,angel/N/orient3/tilt_back_neutral_1/landmarks_trimmed.json,32,32,18,"[0, 1, 3, 5, 7, 9, 10, 12, 14, 16, 18, 20, 21, 23, 25, 27, 29, 31]","[99.10000002384186, 193.80000001192093, 378.80000001192093, 641.1000000238419, 812.6999999880791, 1006.1000000238419, 1089.3999999761581, 1265.8999999761581, 1449.800000011921, 1627.800000011921, 1820.1000000238419, 2018.6000000238419, 2115.699999988079, 2306.699999988079, 2480.5, 2669.300000011921, 2838.399999976158, 3029.800000011921]",N,11,2539af38abd8a18a4ffac4d9d619d05211869508fcda34112719462f12140812,train
321,angel,N,3,N_orient3,27,2,angel/N/orient3/tilt_back_neutral_2/landmarks_trimmed.json,33,33,18,"[0, 1, 3, 5, 7, 9, 11, 13, 15, 16, 18, 20, 22, 24, 26, 28, 30, 32]","[97.10000002384186, 190.80000001192093, 368.4000000357628, 505.9000000357628, 686.3000000119209, 868.5, 1065.300000011921, 1258.0, 1453.1000000238419, 1554.1000000238419, 1746.9000000357628, 1938.5, 2114.100000023842, 2290.7000000476837, 2468.100000023842, 2641.5, 2828.7000000476837, 3021.600000023842]",N,11,91679624a7ebb379c3a5d8a1d08bc9ec38e9ef65465518bc91365952bddeab4c,train
322,angel,N,3,N_orient3,27,1,angel/N/orient3/tilt_back_toward_1/landmarks_trimmed.json,26,26,18,"[0, 1, 2, 4, 5, 7, 8, 10, 11, 13, 14, 16, 17, 19, 20, 22, 23, 25]","[86.69999998807907, 173.89999997615814, 263.89999997615814, 454.5, 554.0, 747.1999999880791, 844.3000000119209, 1037.0, 1125.800000011921, 1757.800000011921, 1859.3999999761581, 2066.099999964237, 2163.099999964237, 2539.199999988079, 2627.699999988079, 2821.5, 2910.899999976158, 3081.099999964237]",N,11,623d0e65f6503d73c39376250c82e379ea486d2b8071c48a1956f10cb7a58cb1,validation
323,angel,N,3,N_orient3,27,1,angel/N/orient3/tilt_forward_away_1/landmarks_trimmed.json,36,36,18,"[0, 2, 4, 6, 8, 10, 12, 14, 16, 18, 20, 22, 24, 26, 28, 30, 32, 35]","[96.89999997615814, 237.80000001192093, 369.89999997615814, 554.0, 740.0, 921.0, 1096.800000011921, 1293.300000011921, 1486.8999999761581, 1681.0, 1861.5, 2044.6000000238419, 2145.800000011921, 2280.600000023842, 2480.800000011921, 2676.699999988079, 2861.199999988079, 3022.100000023842]",N,11,413752c6a9565c330181a459a472f850510b6fdbb22cae9cdb6115c5fd5ab102,train
324,angel,N,3,N_orient3,27,1,angel/N/orient3/tilt_forward_neutral_1/landmarks_trimmed.json,32,32,18,"[0, 1, 3, 5, 7, 9, 10, 12, 14, 16, 18, 20, 21, 23, 25, 27, 29, 31]","[100.29999995231628, 197.19999998807907, 482.0, 627.1999999880791, 812.2999999523163, 999.0999999642372, 1084.2999999523163, 1272.5999999642372, 1464.5, 1639.0, 1832.0999999642372, 2022.7999999523163, 2110.7999999523163, 2288.399999976158, 2464.2999999523163, 2663.199999988079, 2846.899999976158, 3032.699999988079]",N,11,3110b1e6010298217294c35bcaa3f09076ea36ad35832bc9d74ed230b7054e28,train
325,angel,N,3,N_orient3,27,2,angel/N/orient3/tilt_forward_neutral_2/landmarks_trimmed.json,29,29,18,"[0, 1, 3, 4, 6, 8, 9, 11, 13, 14, 16, 18, 19, 21, 23, 24, 26, 28]","[96.59999996423721, 196.29999995231628, 393.0999999642372, 483.0, 923.3999999761581, 1100.2999999523163, 1198.7999999523163, 1393.2999999523163, 1598.3999999761581, 1700.0, 1904.8999999761581, 2097.5, 2187.599999964237, 2378.599999964237, 2559.199999988079, 2645.599999964237, 2819.7999999523163, 3011.099999964237]",N,11,0dc416b50ddd192ee3ff69c9fded635cdbdfc116fad55611d35fb74b54c67c04,train
326,angel,N,3,N_orient3,27,1,angel/N/orient3/tilt_forward_toward_1/landmarks_trimmed.json,32,32,18,"[0, 1, 3, 5, 7, 9, 10, 12, 14, 16, 18, 20, 21, 23, 25, 27, 29, 31]","[93.0, 187.69999998807907, 380.69999998807907, 575.4000000357628, 750.3000000119209, 826.0, 933.3000000119209, 1299.9000000357628, 1480.0, 1518.5, 1934.6000000238419, 2138.0, 2331.300000011921, 2443.100000023842, 2561.5, 2690.699999988079, 2881.5, 3057.800000011921]",N,11,1f6ca71e5d98c38b2e6717111ca0c0efc69f5158287991469e6adf7992237b3b,train
327,angel,N,3,N_orient3,27,1,angel/N/orient3/tilt_neutral_away_1/landmarks_trimmed.json,31,31,18,"[0, 1, 3, 5, 7, 8, 10, 12, 14, 15, 17, 19, 21, 22, 24, 26, 28, 30]","[105.5, 275.4000000357628, 462.10000002384186, 637.1999999880791, 917.6999999880791, 1013.4000000357628, 1207.1000000238419, 1393.0, 1568.4000000357628, 1658.6000000238419, 1846.4000000357628, 2038.699999988079, 2233.199999988079, 2328.100000023842, 2523.0, 2717.199999988079, 2894.400000035763, 3078.600000023842]",N,11,8cb48ed64ebe6458eae1fbfc61a21abeda910a3cdc4f8ed47cec03113596f388,validation
328,angel,N,3,N_orient3,27,1,angel/N/orient3/tilt_neutral_neutral_1/landmarks_trimmed.json,32,32,18,"[0, 1, 3, 5, 7, 9, 10, 12, 14, 16, 18, 20, 21, 23, 25, 27, 29, 31]","[102.59999996423721, 202.80000001192093, 393.69999998807907, 588.3000000119209, 787.5, 988.3999999761581, 1084.0, 1261.3999999761581, 1447.300000011921, 1643.300000011921, 1817.0999999642372, 2015.199999988079, 2103.199999988079, 2282.399999976158, 2458.800000011921, 2660.899999976158, 2857.699999988079, 3052.199999988079]",N,11,eaed8bf59b36bb3e2c187d204e74f4ca357e4f1e35f7ea00d0bbb1216455f61f,train
329,angel,N,3,N_orient3,27,2,angel/N/orient3/tilt_neutral_neutral_2/landmarks_trimmed.json,26,26,18,"[0, 1, 2, 4, 5, 7, 8, 10, 11, 13, 14, 16, 17, 19, 20, 22, 23, 25]","[103.19999998807907, 197.30000001192093, 384.5, 572.8000000119209, 667.6999999880791, 857.1999999880791, 949.3999999761581, 1141.5, 1239.0, 1430.800000011921, 1532.0, 1822.0999999642372, 1912.0, 2095.800000011921, 2187.399999976158, 2381.199999988079, 2474.399999976158, 3027.899999976158]",N,11,410e0d99da22b30f3d985a5460b73ff246f090143095854de4702f78b1c1f005,train
330,angel,N,3,N_orient3,27,1,angel/N/orient3/tilt_neutral_toward_1/landmarks_trimmed.json,33,33,18,"[0, 1, 3, 5, 7, 9, 11, 13, 15, 16, 18, 20, 22, 24, 26, 28, 30, 32]","[123.30000001192093, 219.0, 414.7000000476837, 601.3000000119209, 999.2000000476837, 1173.4000000357628, 1350.0, 1530.0, 1658.1000000238419, 1752.5, 1950.1000000238419, 2125.600000023842, 2264.600000023842, 2311.5, 2493.7000000476837, 2667.0, 2858.0, 3052.300000011921]",N,11,c015860db7045fc454d3ba3396498e6e3081016e1553dbd90d7feb3667f81030,test
331,angel,O,1,O_orient1,28,1,angel/O/orient1/tilt_back_away_1/landmarks_trimmed.json,33,33,18,"[0, 1, 3, 5, 7, 9, 11, 13, 15, 16, 18, 20, 22, 24, 26, 28, 30, 32]","[96.10000002384186, 195.19999998807907, 385.69999998807907, 583.5, 763.0, 940.1999999880791, 1129.8999999761581, 1310.1000000238419, 1502.800000011921, 1594.800000011921, 1765.0, 1955.699999988079, 2141.899999976158, 2317.199999988079, 2501.0, 2690.399999976158, 2868.0, 3058.899999976158]",O,12,195ea92665d993d70ee9719d226634708f325ec6037b5195ad455a142fb1a488,train
332,angel,O,1,O_orient1,28,1,angel/O/orient1/tilt_back_neutral_1/landmarks_trimmed.json,33,33,18,"[0, 1, 3, 5, 7, 9, 11, 13, 15, 16, 18, 20, 22, 24, 26, 28, 30, 32]","[97.19999998807907, 191.0, 378.0, 554.4000000357628, 697.8000000119209, 909.6000000238419, 1103.0, 1298.699999988079, 1490.0, 1588.1000000238419, 1772.5, 1952.5, 2151.0, 2343.0, 2532.800000011921, 2705.600000023842, 2898.300000011921, 3088.699999988079]",O,12,b4e7fa9d25bf2c2b78f4489c7612a70de1725a29552beea7b1741a91f5d33a0c,train
333,angel,O,1,O_orient1,28,2,angel/O/orient1/tilt_back_neutral_2/landmarks_trimmed.json,33,33,18,"[0, 1, 3, 5, 7, 9, 11, 13, 15, 16, 18, 20, 22, 24, 26, 28, 30, 32]","[94.90000003576279, 189.0, 382.2000000476837, 574.9000000357628, 762.1000000238419, 956.6000000238419, 1165.6000000238419, 1354.6000000238419, 1540.6000000238419, 1627.4000000357628, 1821.1000000238419, 2007.2000000476837, 2213.400000035763, 2415.300000011921, 2608.5, 2800.900000035763, 2928.0, 3034.400000035763]",O,12,be052e56a902ea8a9bc3cefaf0548f3b06bdd86dfe3e24d059cbca33f015599d,train
334,angel,O,1,O_orient1,28,1,angel/O/orient1/tilt_back_toward_1/landmarks_trimmed.json,33,33,18,"[0, 1, 3, 5, 7, 9, 11, 13, 15, 16, 18, 20, 22, 24, 26, 28, 30, 32]","[90.59999996423721, 175.89999997615814, 354.69999998807907, 523.5999999642372, 712.1999999880791, 897.3999999761581, 1088.5999999642372, 1297.300000011921, 1476.5999999642372, 1564.3999999761581, 1755.699999988079, 1950.8999999761581, 2131.5, 2316.699999988079, 2492.699999988079, 2671.800000011921, 2859.300000011921, 3050.300000011921]",O,12,c75ec82a45b47e6e27bbe20c6edcdf4cdc3b90eee9db334a2b996468ed015fcc,validation
335,angel,O,1,O_orient1,28,1,angel/O/orient1/tilt_forward_away_1/landmarks_trimmed.json,32,32,18,"[0, 1, 3, 5, 7, 9, 10, 12, 14, 16, 18, 20, 21, 23, 25, 27, 29, 31]","[95.10000002384186, 193.70000004768372, 389.7000000476837, 580.1000000238419, 776.2000000476837, 962.3000000119209, 1054.4000000357628, 1257.2000000476837, 1451.0, 1641.800000011921, 1829.5, 2027.9000000357628, 2123.100000023842, 2299.600000023842, 2490.900000035763, 2675.2000000476837, 2864.7000000476837, 3058.800000011921]",O,12,2caa184bfc182a09f3ddc91cc373c3d5c73fc27acebe50b196ee45951adfb1af,train
336,angel,O,1,O_orient1,28,1,angel/O/orient1/tilt_forward_neutral_1/landmarks_trimmed.json,32,32,18,"[0, 1, 3, 5, 7, 9, 10, 12, 14, 16, 18, 20, 21, 23, 25, 27, 29, 31]","[92.5, 189.39999997615814, 370.39999997615814, 545.5999999642372, 736.8999999761581, 929.0, 1021.0, 1200.199999988079, 1393.3999999761581, 1595.5999999642372, 1778.3999999761581, 1971.800000011921, 2069.699999988079, 2263.0, 2440.599999964237, 2635.399999976158, 2831.599999964237, 3020.699999988079]",O,12,16d86e0058cd32fc1a23a00406ec35ead90d31f4da512f79cc56654805577685,train
337,angel,O,1,O_orient1,28,2,angel/O/orient1/tilt_forward_neutral_2/landmarks_trimmed.json,32,32,18,"[0, 1, 3, 5, 7, 9, 10, 12, 14, 16, 18, 20, 21, 23, 25, 27, 29, 31]","[103.39999997615814, 204.39999997615814, 351.89999997615814, 543.6999999880791, 732.6999999880791, 922.0999999642372, 1005.6999999880791, 1194.5, 1395.2999999523163, 1599.5, 1773.199999988079, 1965.5, 2062.599999964237, 2243.899999976158, 2414.099999964237, 2615.899999976158, 2837.699999988079, 3014.0]",O,12,b540e8349e1ca9e610ebf7865ce09d0766b154a4606b43de0e3ed079906565d6,train
338,angel,O,1,O_orient1,28,1,angel/O/orient1/tilt_forward_toward_1/landmarks_trimmed.json,30,30,18,"[0, 1, 3, 5, 6, 8, 10, 11, 13, 15, 17, 18, 20, 22, 23, 25, 27, 29]","[97.09999996423721, 192.30000001192093, 378.0, 553.3999999761581, 637.8999999761581, 1000.0999999642372, 1173.800000011921, 1265.199999988079, 1454.199999988079, 1639.300000011921, 1830.300000011921, 1926.8999999761581, 2060.800000011921, 2439.699999988079, 2538.899999976158, 2717.300000011921, 2900.199999988079, 3087.399999976158]",O,12,7489d8e225ca24243604d4596e118b639d6f7830444396ac48898e9666bf9da6,test
339,angel,O,1,O_orient1,28,1,angel/O/orient1/tilt_neutral_away_1/landmarks_trimmed.json,28,28,18,"[0, 1, 3, 4, 6, 7, 9, 11, 12, 14, 15, 17, 19, 20, 22, 23, 25, 27]","[85.89999997615814, 270.89999997615814, 450.89999997615814, 537.2999999523163, 718.0, 900.8999999761581, 1184.5, 1380.699999988079, 1473.699999988079, 1746.3999999761581, 1847.699999988079, 2032.0999999642372, 2313.899999976158, 2417.0, 2605.399999976158, 2704.199999988079, 2896.699999988079, 3074.099999964237]",O,12,eaec6ecc7f2d690ff8cf248e0b1ea6c090cb16d8bd4e42bf02e8afc2212ebf80,train
340,angel,O,1,O_orient1,28,1,angel/O/orient1/tilt_neutral_neutral_1/landmarks_trimmed.json,34,34,18,"[0, 1, 3, 5, 7, 9, 11, 13, 15, 17, 19, 21, 23, 25, 27, 29, 31, 33]","[98.80000001192093, 184.5, 366.30000001192093, 559.5999999642372, 758.8999999761581, 951.1999999880791, 1136.199999988079, 1188.699999988079, 1378.3999999761581, 1554.800000011921, 1737.0, 1933.5, 2128.0, 2314.800000011921, 2494.199999988079, 2697.599999964237, 2876.0, 3072.899999976158]",O,12,771c2db4343fce2dcdf211bb2ebabd1b0b44f4e54b2411255645e110553afae3,train
341,angel,O,1,O_orient1,28,2,angel/O/orient1/tilt_neutral_neutral_2/landmarks_trimmed.json,33,33,18,"[0, 1, 3, 5, 7, 9, 11, 13, 15, 16, 18, 20, 22, 24, 26, 28, 30, 32]","[91.70000004768372, 180.60000002384186, 362.4000000357628, 559.2000000476837, 742.4000000357628, 921.2000000476837, 1114.4000000357628, 1299.5, 1476.0, 1566.0, 1758.1000000238419, 1952.6000000238419, 2129.900000035763, 2317.100000023842, 2495.400000035763, 2675.2000000476837, 2854.600000023842, 3045.400000035763]",O,12,b7b1e874b342de0bacce611cd755a833e274c750f330041a5a8e0a383c8be778,train
342,angel,O,1,O_orient1,28,1,angel/O/orient1/tilt_neutral_toward_1/landmarks_trimmed.json,32,32,18,"[0, 1, 3, 5, 7, 9, 10, 12, 14, 16, 18, 20, 21, 23, 25, 27, 29, 31]","[34.09999996423721, 132.5999999642372, 333.30000001192093, 528.3999999761581, 719.6999999880791, 914.1999999880791, 1011.8000000119209, 1189.300000011921, 1370.5999999642372, 1587.199999988079, 1784.300000011921, 1978.0, 2075.5, 2265.399999976158, 2457.199999988079, 2631.699999988079, 2829.699999988079, 3006.800000011921]",O,12,20c31ec59e7ed2dfe8a6feed0451e36800b2253125a8b2f8cba662eea4f065c8,train
343,angel,O,2,O_orient2,29,1,angel/O/orient2/tilt_back_away_1/landmarks_trimmed.json,33,33,18,"[0, 1, 3, 5, 7, 9, 11, 13, 15, 16, 18, 20, 22, 24, 26, 28, 30, 32]","[86.19999998807907, 172.89999997615814, 377.89999997615814, 579.0, 756.3000000119209, 945.1999999880791, 1140.800000011921, 1332.5, 1520.199999988079, 1612.5, 1801.0, 1984.0, 2154.5, 2341.399999976158, 2518.399999976158, 2692.199999988079, 2868.199999988079, 3058.100000023842]",O,12,7a802f97a167fa820259e61d1553ed9d9feb2ac7dc9db0bce33d94ddd59bc20e,validation
344,angel,O,2,O_orient2,29,1,angel/O/orient2/tilt_back_neutral_1/landmarks_trimmed.json,33,33,18,"[0, 1, 3, 5, 7, 9, 11, 13, 15, 16, 18, 20, 22, 24, 26, 28, 30, 32]","[97.70000004768372, 192.0, 372.80000001192093, 544.4000000357628, 738.6000000238419, 924.4000000357628, 1100.0, 1287.800000011921, 1478.2000000476837, 1574.0, 1755.0, 1925.300000011921, 2098.7000000476837, 2287.7000000476837, 2476.600000023842, 2663.0, 2847.2000000476837, 3037.400000035763]",O,12,7a01abcc8ab4bad6ffdc0dc37da57c1c6f0479fbc227931db79057650d5b9328,train
345,angel,O,2,O_orient2,29,2,angel/O/orient2/tilt_back_neutral_2/landmarks_trimmed.json,33,33,18,"[0, 1, 3, 5, 7, 9, 11, 13, 15, 16, 18, 20, 22, 24, 26, 28, 30, 32]","[92.5, 190.29999995231628, 378.39999997615814, 571.5, 757.6999999880791, 926.0, 1100.199999988079, 1273.8999999761581, 1455.8999999761581, 1546.0999999642372, 1733.8999999761581, 1921.8999999761581, 2106.399999976158, 2294.899999976158, 2487.399999976158, 2662.199999988079, 2845.0, 3037.399999976158]",O,12,a7a63447567af40cf63df8c823d32cbd795f6f8da1ecb4b40646753e096de186,train
346,angel,O,2,O_orient2,29,1,angel/O/orient2/tilt_back_toward_1/landmarks_trimmed.json,34,34,18,"[0, 1, 3, 5, 7, 9, 11, 13, 15, 17, 19, 21, 23, 25, 27, 29, 31, 33]","[95.89999997615814, 188.5999999642372, 367.19999998807907, 540.5, 723.6999999880791, 894.5, 1080.5, 1248.800000011921, 1436.5, 1616.0999999642372, 1792.5, 1979.5, 2163.5, 2331.300000011921, 2515.5, 2684.599999964237, 2865.899999976158, 3053.800000011921]",O,12,ba263acbce2c4ceab194a6650d845a30a2571a9736b475b5ef8a36aabe2295ff,train
347,angel,O,2,O_orient2,29,1,angel/O/orient2/tilt_forward_away_1/landmarks_trimmed.json,33,33,18,"[0, 1, 3, 5, 7, 9, 11, 13, 15, 16, 18, 20, 22, 24, 26, 28, 30, 32]","[94.5, 190.29999995231628, 377.39999997615814, 565.8999999761581, 750.0999999642372, 941.0999999642372, 1130.7999999523163, 1318.5, 1505.7999999523163, 1593.5999999642372, 1760.0999999642372, 1963.0999999642372, 2138.399999976158, 2322.099999964237, 2498.5, 2672.2999999523163, 2875.099999964237, 3049.2999999523163]",O,12,efce0c96ffd368dc5482a3f59daacfb0f4b0f056d7a4055b443fa93b4d85fb05,train
348,angel,O,2,O_orient2,29,1,angel/O/orient2/tilt_forward_neutral_1/landmarks_trimmed.json,35,35,18,"[0, 2, 4, 6, 8, 10, 12, 14, 16, 18, 20, 22, 24, 26, 28, 30, 32, 34]","[93.19999998807907, 281.10000002384186, 330.80000001192093, 474.4000000357628, 656.6999999880791, 836.0, 1023.9000000357628, 1212.4000000357628, 1400.9000000357628, 1578.6000000238419, 1754.699999988079, 1946.0, 2118.100000023842, 2305.100000023842, 2494.900000035763, 2683.5, 2875.199999988079, 3067.199999988079]",O,12,32888e36f5754002b7c3682bc6114cd34233523c9075f8fd71e6e897257b37f3,train
349,angel,O,2,O_orient2,29,2,angel/O/orient2/tilt_forward_neutral_2/landmarks_trimmed.json,33,33,18,"[0, 1, 3, 5, 7, 9, 11, 13, 15, 16, 18, 20, 22, 24, 26, 28, 30, 32]","[84.60000002384186, 167.10000002384186, 351.89999997615814, 534.3000000119209, 705.1999999880791, 882.6999999880791, 1072.699999988079, 1259.199999988079, 1446.1000000238419, 1539.6000000238419, 1733.5, 1921.699999988079, 2113.800000011921, 2293.899999976158, 2474.800000011921, 2671.600000023842, 2863.199999988079, 3048.0]",O,12,053d555ebeda050c711b9b26d9a0777d8b286927ad89d55f94dbab0f7c6cc951,train
350,angel,O,2,O_orient2,29,1,angel/O/orient2/tilt_forward_toward_1/landmarks_trimmed.json,35,35,18,"[0, 2, 4, 6, 8, 10, 12, 14, 16, 18, 20, 22, 24, 26, 28, 30, 32, 34]","[90.39999997615814, 275.39999997615814, 460.80000001192093, 649.3000000119209, 846.0, 1047.199999988079, 1248.5, 1440.5999999642372, 1519.0, 1719.699999988079, 1904.300000011921, 2042.300000011921, 2229.800000011921, 2278.699999988079, 2467.399999976158, 2658.300000011921, 2831.599999964237, 3011.199999988079]",O,12,d1e6ab86b9c07dbcfde3bf436865999e57ae5c030108d31a907dd11904d63dda,train
351,angel,O,2,O_orient2,29,1,angel/O/orient2/tilt_neutral_away_1/landmarks_trimmed.json,36,36,18,"[0, 2, 4, 6, 8, 10, 12, 14, 16, 18, 20, 22, 24, 26, 28, 30, 32, 35]","[39.40000003576279, 189.10000002384186, 377.60000002384186, 564.6000000238419, 752.2000000476837, 938.4000000357628, 1109.1000000238419, 1302.4000000357628, 1425.800000011921, 1601.9000000357628, 1789.1000000238419, 1967.1000000238419, 2079.400000035763, 2218.400000035763, 2411.600000023842, 2597.800000011921, 2769.100000023842, 3063.600000023842]",O,12,e1d15043513dc7e47ecd79a5ec84a29dfbd57084d5fd33ce2587f28ff83645de,train
352,angel,O,2,O_orient2,29,1,angel/O/orient2/tilt_neutral_neutral_1/landmarks_trimmed.json,39,39,18,"[0, 2, 4, 6, 8, 11, 13, 15, 17, 20, 22, 24, 26, 29, 31, 33, 35, 38]","[86.40000003576279, 132.4000000357628, 329.80000001192093, 514.0, 562.8000000119209, 818.3000000119209, 892.0, 1088.6000000238419, 1265.300000011921, 1544.4000000357628, 1739.6000000238419, 1935.300000011921, 2070.100000023842, 2198.600000023842, 2393.699999988079, 2576.0, 2755.100000023842, 3051.100000023842]",O,12,4c53a5cc13a2a8b40890443b3fe91f6645dffc691c5a0d3ac21128522b46a2a8,train
353,angel,O,2,O_orient2,29,2,angel/O/orient2/tilt_neutral_neutral_2/landmarks_trimmed.json,34,34,18,"[0, 1, 3, 5, 7, 9, 11, 13, 15, 17, 19, 21, 23, 25, 27, 29, 31, 33]","[97.0, 191.19999998807907, 378.30000001192093, 561.0999999642372, 697.6999999880791, 881.8000000119209, 1068.699999988079, 1251.199999988079, 1422.8999999761581, 1605.0999999642372, 1789.0, 1959.0, 2129.899999976158, 2316.599999964237, 2499.300000011921, 2668.800000011921, 2855.599999964237, 3040.300000011921]",O,12,4dce623eaece9fe0707efd5f8fb7c470bbc370e6ce9c9b103aa4a9835818b4cf,train
354,angel,O,2,O_orient2,29,1,angel/O/orient2/tilt_neutral_toward_1/landmarks_trimmed.json,34,34,18,"[0, 1, 3, 5, 7, 9, 11, 13, 15, 17, 19, 21, 23, 25, 27, 29, 31, 33]","[96.19999998807907, 140.89999997615814, 280.0, 460.0999999642372, 629.2999999523163, 823.2999999523163, 1012.1999999880791, 1201.699999988079, 1387.699999988079, 1578.0999999642372, 1766.5, 1941.5, 2112.599999964237, 2292.7999999523163, 2477.599999964237, 2647.599999964237, 2847.599999964237, 3049.099999964237]",O,12,7d95dd68b382a743462f1c3ad6915426bb16f420c526da88bcc28e7325eb0236,train
355,angel,O,3,O_orient3,30,1,angel/O/orient3/tilt_back_away_1/landmarks_trimmed.json,33,33,18,"[0, 1, 3, 5, 7, 9, 11, 13, 15, 16, 18, 20, 22, 24, 26, 28, 30, 32]","[88.5, 179.89999997615814, 367.89999997615814, 548.1999999880791, 743.0999999642372, 926.5999999642372, 1098.8999999761581, 1299.8999999761581, 1479.300000011921, 1574.5, 1764.5999999642372, 1953.699999988079, 2122.0, 2311.800000011921, 2499.0, 2688.099999964237, 2863.899999976158, 3050.5]",O,12,578f8e48d76a83c047774215dbf4c0d31e4ce1c86b697444c711275ec4dc4f6c,train
356,angel,O,3,O_orient3,30,1,angel/O/orient3/tilt_back_neutral_1/landmarks_trimmed.json,35,35,18,"[0, 2, 4, 6, 8, 10, 12, 14, 16, 18, 20, 22, 24, 26, 28, 30, 32, 34]","[94.60000002384186, 273.10000002384186, 458.19999998807907, 563.9000000357628, 693.3000000119209, 886.3000000119209, 1066.300000011921, 1233.199999988079, 1409.9000000357628, 1599.800000011921, 1774.0, 1948.199999988079, 2133.600000023842, 2324.600000023842, 2513.100000023842, 2703.600000023842, 2890.199999988079, 3082.199999988079]",O,12,4a803b2bf6f285f5f45d5560236ba5879a03dad7cca122a47430fd2089a461e2,test
357,angel,O,3,O_orient3,30,2,angel/O/orient3/tilt_back_neutral_2/landmarks_trimmed.json,39,39,18,"[0, 2, 4, 6, 8, 11, 13, 15, 17, 20, 22, 24, 26, 29, 31, 33, 35, 38]","[95.90000003576279, 281.10000002384186, 330.9000000357628, 515.8000000119209, 696.6000000238419, 948.6000000238419, 1137.4000000357628, 1328.7000000476837, 1518.9000000357628, 1789.300000011921, 1881.1000000238419, 2002.0, 2046.9000000357628, 2267.7000000476837, 2457.900000035763, 2623.600000023842, 2802.600000023842, 3090.2000000476837]",O,12,01b1aa2349965e8babe86ae55120a9060c7b3e37b00efaf664b19ec59e5ce0af,train
358,angel,O,3,O_orient3,30,1,angel/O/orient3/tilt_back_toward_1/landmarks_trimmed.json,34,34,18,"[0, 1, 3, 5, 7, 9, 11, 13, 15, 17, 19, 21, 23, 25, 27, 29, 31, 33]","[76.5, 205.19999998807907, 392.39999997615814, 589.6999999880791, 766.8999999761581, 953.8999999761581, 1142.300000011921, 1320.0, 1505.199999988079, 1680.0, 1881.5, 2055.599999964237, 2112.399999976158, 2303.0, 2490.199999988079, 2671.099999964237, 2843.399999976158, 3033.5]",O,12,d624922144b65b474a2313f3a09121f313a9e2edd3c77c24f0a5f2117464f6e1,train
359,angel,O,3,O_orient3,30,1,angel/O/orient3/tilt_forward_away_1/landmarks_trimmed.json,33,33,18,"[0, 1, 3, 5, 7, 9, 11, 13, 15, 16, 18, 20, 22, 24, 26, 28, 30, 32]","[95.69999998807907, 190.5, 371.19999998807907, 511.80000001192093, 700.4000000357628, 867.0, 1048.9000000357628, 1241.9000000357628, 1429.9000000357628, 1513.300000011921, 1688.4000000357628, 1876.1000000238419, 2064.100000023842, 2243.900000035763, 2457.100000023842, 2634.800000011921, 2819.800000011921, 3008.600000023842]",O,12,444ef594a003013e5714eb634d310794c5c5cbc249081da09ae394d5136084ec,train
360,angel,O,3,O_orient3,30,1,angel/O/orient3/tilt_forward_neutral_1/landmarks_trimmed.json,34,34,18,"[0, 1, 3, 5, 7, 9, 11, 13, 15, 17, 19, 21, 23, 25, 27, 29, 31, 33]","[94.5, 187.9000000357628, 372.9000000357628, 562.6999999880791, 750.0, 937.4000000357628, 1125.5, 1294.300000011921, 1471.4000000357628, 1650.699999988079, 1835.4000000357628, 2024.5, 2213.600000023842, 2382.199999988079, 2562.199999988079, 2742.0, 2909.5, 3082.699999988079]",O,12,54507a28e45002430513b9ada4842f9a3cd9839414df0831cf2a86a00c2057f4,validation
361,angel,O,3,O_orient3,30,2,angel/O/orient3/tilt_forward_neutral_2/landmarks_trimmed.json,33,33,18,"[0, 1, 3, 5, 7, 9, 11, 13, 15, 16, 18, 20, 22, 24, 26, 28, 30, 32]","[98.30000001192093, 192.19999998807907, 379.80000001192093, 562.6000000238419, 748.1000000238419, 933.6999999880791, 1120.9000000357628, 1302.1000000238419, 1482.1000000238419, 1576.699999988079, 1764.1000000238419, 1953.300000011921, 2142.800000011921, 2313.400000035763, 2502.600000023842, 2693.900000035763, 2884.5, 3077.800000011921]",O,12,002076ba87035dab615dd122657cad2fd3ce3a4d0c4b95de9660d77078b59814,train
362,angel,O,3,O_orient3,30,1,angel/O/orient3/tilt_forward_toward_1/landmarks_trimmed.json,31,31,18,"[0, 1, 3, 5, 7, 8, 10, 12, 14, 15, 17, 19, 21, 22, 24, 26, 28, 30]","[96.90000003576279, 294.30000001192093, 488.19999998807907, 681.8000000119209, 868.6999999880791, 962.6999999880791, 1152.6000000238419, 1341.9000000357628, 1513.9000000357628, 1605.1000000238419, 1796.9000000357628, 1986.800000011921, 2186.0, 2281.699999988079, 2465.600000023842, 2658.699999988079, 2850.800000011921, 3041.300000011921]",O,12,fe8d9c0815130018afe42d1eb6166c8396f81203c9c918660df33041e5423473,validation
363,angel,O,3,O_orient3,30,1,angel/O/orient3/tilt_neutral_away_1/landmarks_trimmed.json,34,34,18,"[0, 1, 3, 5, 7, 9, 11, 13, 15, 17, 19, 21, 23, 25, 27, 29, 31, 33]","[96.5, 192.10000002384186, 379.10000002384186, 557.1000000238419, 728.3000000119209, 916.6999999880791, 1105.199999988079, 1294.5, 1480.300000011921, 1673.5, 1803.6000000238419, 1900.8999999761581, 2069.399999976158, 2254.899999976158, 2441.100000023842, 2630.100000023842, 2817.5, 3004.399999976158]",O,12,08c7575996eddca2efa53c57ba87d9aaa63a467b0be2b9e0008ba1974960fced,test
364,angel,O,3,O_orient3,30,1,angel/O/orient3/tilt_neutral_neutral_1/landmarks_trimmed.json,34,34,18,"[0, 1, 3, 5, 7, 9, 11, 13, 15, 17, 19, 21, 23, 25, 27, 29, 31, 33]","[93.20000004768372, 180.5, 305.0, 486.9000000357628, 675.2000000476837, 861.1000000238419, 1038.800000011921, 1205.2000000476837, 1394.5, 1585.2000000476837, 1777.6000000238419, 1971.7000000476837, 2160.900000035763, 2348.0, 2496.800000011921, 2684.100000023842, 2875.0, 3082.300000011921]",O,12,7e79fb0063572bc3135f3c29cd163f488215a9a48c46ab6c86626ac29e40d81a,test
365,angel,O,3,O_orient3,30,2,angel/O/orient3/tilt_neutral_neutral_2/landmarks_trimmed.json,33,33,18,"[0, 1, 3, 5, 7, 9, 11, 13, 15, 16, 18, 20, 22, 24, 26, 28, 30, 32]","[95.10000002384186, 180.80000001192093, 363.10000002384186, 551.1000000238419, 743.3000000119209, 930.1999999880791, 1119.3999999761581, 1300.800000011921, 1468.1000000238419, 1561.800000011921, 1750.1000000238419, 1942.699999988079, 2133.100000023842, 2316.5, 2442.800000011921, 2639.600000023842, 2826.100000023842, 3007.600000023842]",O,12,9d6f20a592745fe342d0544d6bf50f4e498920a45db8972880258402084d54b2,validation
366,angel,O,3,O_orient3,30,1,angel/O/orient3/tilt_neutral_toward_1/landmarks_trimmed.json,34,34,18,"[0, 1, 3, 5, 7, 9, 11, 13, 15, 17, 19, 21, 23, 25, 27, 29, 31, 33]","[90.0, 173.0999999642372, 352.5999999642372, 529.6999999880791, 710.1999999880791, 886.6999999880791, 1066.3999999761581, 1252.699999988079, 1441.0999999642372, 1626.300000011921, 1809.0999999642372, 1981.199999988079, 2167.300000011921, 2350.099999964237, 2519.300000011921, 2708.099999964237, 2896.899999976158, 3084.899999976158]",O,12,3cb10535d0f2d893a1cccc8e1e2f78ab663b190a060394fbfeb62bed28561ee4,test
367,angel,P,1,P_orient1,31,1,angel/P/orient1/tilt_back_away_1/landmarks_trimmed.json,34,34,18,"[0, 1, 3, 5, 7, 9, 11, 13, 15, 17, 19, 21, 23, 25, 27, 29, 31, 33]","[83.80000001192093, 168.5, 349.30000001192093, 541.1000000238419, 728.8000000119209, 925.8999999761581, 1112.699999988079, 1294.1000000238419, 1422.300000011921, 1606.800000011921, 1777.8999999761581, 1959.199999988079, 2147.0, 2336.399999976158, 2523.300000011921, 2712.899999976158, 2883.899999976158, 3070.600000023842]",P,13,a35a8ac90a8576cd6aa7b9e7c603b70f80159cc1da001ffaad1752c6a1badaec,train
368,angel,P,1,P_orient1,31,1,angel/P/orient1/tilt_back_neutral_1/landmarks_trimmed.json,33,33,18,"[0, 1, 3, 5, 7, 9, 11, 13, 15, 16, 18, 20, 22, 24, 26, 28, 30, 32]","[93.80000001192093, 187.0999999642372, 374.80000001192093, 555.8000000119209, 732.8000000119209, 920.5, 1108.800000011921, 1283.199999988079, 1464.8999999761581, 1560.0, 1752.8999999761581, 1940.0, 2131.599999964237, 2318.399999976158, 2505.699999988079, 2684.199999988079, 2870.399999976158, 3062.399999976158]",P,13,74cfc4688c51370f59289074b3ab65b8eee760d7e0bada1f4d6ee47afdb49634,test
369,angel,P,1,P_orient1,31,2,angel/P/orient1/tilt_back_neutral_2/landmarks_trimmed.json,34,34,18,"[0, 1, 3, 5, 7, 9, 11, 13, 15, 17, 19, 21, 23, 25, 27, 29, 31, 33]","[97.0, 188.79999995231628, 367.2999999523163, 430.0, 642.8999999761581, 824.8999999761581, 1012.0, 1194.7999999523163, 1381.0, 1567.199999988079, 1747.699999988079, 1925.7999999523163, 2101.7999999523163, 2282.699999988079, 2477.899999976158, 2668.5, 2845.599999964237, 3028.699999988079]",P,13,b005a73e31b61c5fcf4ee1a5fc1f13fc84791367f169226e7c408d77bfb5ac62,validation
370,angel,P,1,P_orient1,31,1,angel/P/orient1/tilt_back_toward_1/landmarks_trimmed.json,37,37,18,"[0, 2, 4, 6, 8, 10, 12, 14, 16, 19, 21, 23, 25, 27, 29, 31, 33, 36]","[33.19999998807907, 175.39999997615814, 353.5999999642372, 543.0999999642372, 714.7999999523163, 759.7999999523163, 881.8999999761581, 1065.199999988079, 1250.5999999642372, 1466.199999988079, 1656.5999999642372, 1831.5999999642372, 2011.3999999761581, 2205.099999964237, 2393.199999988079, 2584.899999976158, 2759.899999976158, 3038.5]",P,13,47b1eea159b6bbec7005b02f6f66a5a28f98b0f5717b21f56060eda4eaf255cd,train
371,angel,P,1,P_orient1,31,1,angel/P/orient1/tilt_forward_away_1/landmarks_trimmed.json,33,33,18,"[0, 1, 3, 5, 7, 9, 11, 13, 15, 16, 18, 20, 22, 24, 26, 28, 30, 32]","[84.79999995231628, 168.79999995231628, 349.7999999523163, 524.1999999880791, 705.0, 895.0, 1065.3999999761581, 1243.699999988079, 1430.5999999642372, 1524.0, 1719.5, 1922.199999988079, 2115.699999988079, 2303.2999999523163, 2492.599999964237, 2680.2999999523163, 2851.099999964237, 3029.199999988079]",P,13,02abda2eb4f0a2c994d445c7e599f14b869992f4d2ce0c246d542df94dc91abb,train
372,angel,P,1,P_orient1,31,1,angel/P/orient1/tilt_forward_neutral_1/landmarks_trimmed.json,33,33,18,"[0, 1, 3, 5, 7, 9, 11, 13, 15, 16, 18, 20, 22, 24, 26, 28, 30, 32]","[103.5, 198.0, 387.60000002384186, 575.9000000357628, 764.8000000119209, 933.1000000238419, 1111.0, 1298.7000000476837, 1491.4000000357628, 1578.9000000357628, 1766.9000000357628, 1956.4000000357628, 2146.2000000476837, 2316.5, 2504.0, 2669.2000000476837, 2836.0, 3012.900000035763]",P,13,0ceccabb1c5330fb9e8ee6c525da4e4afb7e096a5783a636e35fd70f057eb36e,train
373,angel,P,1,P_orient1,31,2,angel/P/orient1/tilt_forward_neutral_2/landmarks_trimmed.json,33,33,18,"[0, 1, 3, 5, 7, 9, 11, 13, 15, 16, 18, 20, 22, 24, 26, 28, 30, 32]","[93.10000002384186, 186.30000001192093, 361.60000002384186, 537.0, 726.1999999880791, 903.8000000119209, 1076.3999999761581, 1252.0, 1445.5, 1538.199999988079, 1665.300000011921, 1843.699999988079, 2030.3999999761581, 2227.800000011921, 2422.300000011921, 2608.800000011921, 2814.300000011921, 3002.300000011921]",P,13,0d53db628286e7792073d2893bee7114fd0a5f57994c3310d2a870d7ceb99b3c,train
374,angel,P,1,P_orient1,31,1,angel/P/orient1/tilt_forward_toward_1/landmarks_trimmed.json,33,33,18,"[0, 1, 3, 5, 7, 9, 11, 13, 15, 16, 18, 20, 22, 24, 26, 28, 30, 32]","[85.19999998807907, 170.39999997615814, 357.0, 547.3000000119209, 731.8000000119209, 917.1999999880791, 1084.5999999642372, 1259.300000011921, 1427.5, 1512.800000011921, 1703.699999988079, 1893.199999988079, 2082.399999976158, 2270.199999988079, 2464.099999964237, 2654.399999976158, 2844.300000011921, 3031.099999964237]",P,13,c708c1261d8b14b62fb5007931cc0fe2020b655d9e996379dca9e4f62f8b04da,train
375,angel,P,1,P_orient1,31,1,angel/P/orient1/tilt_neutral_away_1/landmarks_trimmed.json,35,35,18,"[0, 2, 4, 6, 8, 10, 12, 14, 16, 18, 20, 22, 24, 26, 28, 30, 32, 34]","[83.5, 255.69999998807907, 431.0, 619.1999999880791, 807.1999999880791, 983.8999999761581, 1164.300000011921, 1344.1000000238419, 1516.3999999761581, 1688.699999988079, 1889.699999988079, 2082.800000011921, 2250.699999988079, 2439.600000023842, 2623.399999976158, 2674.100000023842, 2847.600000023842, 3022.899999976158]",P,13,1768f46a96c0353f73a54470a8a073325f1571996e1c0ea7355e705ff2dbdc15,validation
376,angel,P,1,P_orient1,31,1,angel/P/orient1/tilt_neutral_neutral_1/landmarks_trimmed.json,36,36,18,"[0, 2, 4, 6, 8, 10, 12, 14, 16, 18, 20, 22, 24, 26, 28, 30, 32, 35]","[95.69999998807907, 278.19999998807907, 445.10000002384186, 561.9000000357628, 759.8000000119209, 949.3000000119209, 1115.0, 1284.1000000238419, 1320.5, 1505.800000011921, 1696.5, 1886.199999988079, 2074.400000035763, 2264.199999988079, 2439.199999988079, 2616.300000011921, 2805.400000035763, 3081.199999988079]",P,13,33bdc648addea17c6f4e6ecee996132c88d81fe5cb6fbe92c0b25e1599bf9fec,train
377,angel,P,1,P_orient1,31,2,angel/P/orient1/tilt_neutral_neutral_2/landmarks_trimmed.json,34,34,18,"[0, 1, 3, 5, 7, 9, 11, 13, 15, 17, 19, 21, 23, 25, 27, 29, 31, 33]","[91.69999998807907, 173.79999995231628, 355.0, 546.3999999761581, 733.6999999880791, 908.5999999642372, 1014.5, 1189.699999988079, 1361.199999988079, 1539.5999999642372, 1730.0999999642372, 1918.2999999523163, 2109.099999964237, 2281.899999976158, 2465.0, 2656.7999999523163, 2839.699999988079, 3007.0]",P,13,c599193ff0a7307fcf21ab87537190a1b66f9084cdfe5dfa603287e22ffde195,train
378,angel,P,1,P_orient1,31,1,angel/P/orient1/tilt_neutral_toward_1/landmarks_trimmed.json,34,34,18,"[0, 1, 3, 5, 7, 9, 11, 13, 15, 17, 19, 21, 23, 25, 27, 29, 31, 33]","[84.19999998807907, 170.0, 337.69999998807907, 517.1999999880791, 687.5999999642372, 868.5999999642372, 1055.199999988079, 1238.5999999642372, 1413.699999988079, 1586.8999999761581, 1785.5, 1973.5, 2160.699999988079, 2348.7999999523163, 2535.599999964237, 2723.5, 2839.099999964237, 3044.899999976158]",P,13,d044bf2b7493694a9f63cd9784d9412947fdc75040459509deacf1ae1abd8462,train
379,angel,P,2,P_orient2,32,1,angel/P/orient2/tilt_back_away_1/landmarks_trimmed.json,33,33,18,"[0, 1, 3, 5, 7, 9, 11, 13, 15, 16, 18, 20, 22, 24, 26, 28, 30, 32]","[82.5, 166.0, 342.0999999642372, 515.8000000119209, 696.0999999642372, 881.8000000119209, 1070.199999988079, 1261.8999999761581, 1451.300000011921, 1534.800000011921, 1702.5999999642372, 1891.5999999642372, 2078.099999964237, 2268.099999964237, 2454.199999988079, 2639.300000011921, 2826.300000011921, 3011.599999964237]",P,13,2f36a609885f033eb70200793cf02999166d62c69ef57b425bdd555f2a09bac3,validation
380,angel,P,2,P_orient2,32,1,angel/P/orient2/tilt_back_neutral_1/landmarks_trimmed.json,34,34,18,"[0, 1, 3, 5, 7, 9, 11, 13, 15, 17, 19, 21, 23, 25, 27, 29, 31, 33]","[92.69999998807907, 183.4000000357628, 374.4000000357628, 551.5, 728.1000000238419, 919.0, 1092.6000000238419, 1274.199999988079, 1475.300000011921, 1670.300000011921, 1856.1000000238419, 2046.199999988079, 2232.900000035763, 2403.699999988079, 2581.300000011921, 2674.900000035763, 2854.400000035763, 3046.199999988079]",P,13,afafba9f9c76e9c0fa0749a127448a0f29396b53e05466fcb3b07563a19fa06f,train
381,angel,P,2,P_orient2,32,2,angel/P/orient2/tilt_back_neutral_2/landmarks_trimmed.json,35,35,18,"[0, 2, 4, 6, 8, 10, 12, 14, 16, 18, 20, 22, 24, 26, 28, 30, 32, 34]","[94.5, 276.30000001192093, 331.19999998807907, 519.6999999880791, 704.5, 881.0999999642372, 1053.5, 1243.5, 1431.300000011921, 1614.0999999642372, 1783.0, 1965.5999999642372, 2151.399999976158, 2336.699999988079, 2530.599999964237, 2731.599999964237, 2906.899999976158, 3076.5]",P,13,adf2094dbeefbb37e9eed77ca733a83e07dccb4db246b9d19697ceb673257a91,train
382,angel,P,2,P_orient2,32,1,angel/P/orient2/tilt_back_toward_1/landmarks_trimmed.json,35,35,18,"[0, 2, 4, 6, 8, 10, 12, 14, 16, 18, 20, 22, 24, 26, 28, 30, 32, 34]","[83.5, 133.5, 265.0999999642372, 469.0, 656.0, 838.3999999761581, 1016.8999999761581, 1210.0999999642372, 1396.199999988079, 1564.3999999761581, 1754.5, 1942.3999999761581, 2130.800000011921, 2294.899999976158, 2470.899999976158, 2642.800000011921, 2829.699999988079, 3016.899999976158]",P,13,05811361142f35817cf397ff01912f57a1389b710ce3a7d9715f34d6bab35932,train
383,angel,P,2,P_orient2,32,1,angel/P/orient2/tilt_forward_away_1/landmarks_trimmed.json,34,34,18,"[0, 1, 3, 5, 7, 9, 11, 13, 15, 17, 19, 21, 23, 25, 27, 29, 31, 33]","[86.5, 172.10000002384186, 264.30000001192093, 403.0, 597.1999999880791, 764.3000000119209, 944.8000000119209, 1150.4000000357628, 1327.199999988079, 1505.9000000357628, 1695.5, 1900.1000000238419, 2087.699999988079, 2275.400000035763, 2469.5, 2658.5, 2827.400000035763, 3014.600000023842]",P,13,95dde1098a8795567b18ae2656eddc62ef7cd44fe6750a1fc48daa4932e6a8f0,train
384,angel,P,2,P_orient2,32,1,angel/P/orient2/tilt_forward_neutral_1/landmarks_trimmed.json,30,30,18,"[0, 1, 3, 5, 6, 8, 10, 11, 13, 15, 17, 18, 20, 22, 23, 25, 27, 29]","[92.19999998807907, 185.5999999642372, 371.89999997615814, 542.3000000119209, 626.1999999880791, 836.0, 1118.300000011921, 1238.800000011921, 1563.5999999642372, 1815.5999999642372, 2054.5, 2178.399999976158, 2277.099999964237, 2485.699999988079, 2581.5, 2706.599999964237, 2891.599999964237, 3060.300000011921]",P,13,48fa24967474c53515498a5989016562e1043b410238e7a379daf903e8de314b,train
385,angel,P,2,P_orient2,32,2,angel/P/orient2/tilt_forward_neutral_2/landmarks_trimmed.json,34,34,18,"[0, 1, 3, 5, 7, 9, 11, 13, 15, 17, 19, 21, 23, 25, 27, 29, 31, 33]","[85.80000001192093, 170.4000000357628, 341.30000001192093, 517.8000000119209, 562.2000000476837, 762.7000000476837, 958.4000000357628, 1133.6000000238419, 1321.2000000476837, 1506.300000011921, 1684.800000011921, 1862.300000011921, 2084.7000000476837, 2256.100000023842, 2433.900000035763, 2622.900000035763, 2813.2000000476837, 3007.600000023842]",P,13,d667e410f676a3ce55c2b83079fc382848e7186fd4dc81313521ac25e09024e6,train
386,angel,P,2,P_orient2,32,1,angel/P/orient2/tilt_forward_toward_1/landmarks_trimmed.json,34,34,18,"[0, 1, 3, 5, 7, 9, 11, 13, 15, 17, 19, 21, 23, 25, 27, 29, 31, 33]","[88.5, 180.89999997615814, 356.0999999642372, 397.19999998807907, 604.1999999880791, 803.5999999642372, 1016.3999999761581, 1186.199999988079, 1355.3999999761581, 1537.0999999642372, 1724.8999999761581, 1916.5999999642372, 2111.599999964237, 2301.599999964237, 2483.899999976158, 2651.800000011921, 2816.699999988079, 3007.099999964237]",P,13,a63939468f7fd40269f0a69f69abfe82a382fd22103bfbafa1b37ca0efd2ff3d,validation
387,angel,P,2,P_orient2,32,1,angel/P/orient2/tilt_neutral_away_1/landmarks_trimmed.json,33,33,18,"[0, 1, 3, 5, 7, 9, 11, 13, 15, 16, 18, 20, 22, 24, 26, 28, 30, 32]","[84.80000001192093, 171.0, 353.10000002384186, 540.8000000119209, 727.5, 899.8000000119209, 1077.1000000238419, 1264.0, 1450.300000011921, 1544.2000000476837, 1716.1000000238419, 1903.9000000357628, 2094.2000000476837, 2291.5, 2495.300000011921, 2679.400000035763, 2869.900000035763, 3061.0]",P,13,b6fadf83c7342070b3b2db1d521d74caa621477fd6f6bd24d6732ac9090d6595,train
388,angel,P,2,P_orient2,32,1,angel/P/orient2/tilt_neutral_neutral_1/landmarks_trimmed.json,35,35,18,"[0, 2, 4, 6, 8, 10, 12, 14, 16, 18, 20, 22, 24, 26, 28, 30, 32, 34]","[95.19999998807907, 285.10000002384186, 481.89999997615814, 664.8000000119209, 831.5, 1022.8000000119209, 1211.199999988079, 1390.5, 1519.300000011921, 1711.8999999761581, 1899.3999999761581, 2086.100000023842, 2146.100000023842, 2287.5, 2476.600000023842, 2663.600000023842, 2855.699999988079, 3054.399999976158]",P,13,5fc541271681e21711c565a345893ed84a6a35106bbbe7ab417d743c0c6469c1,train
389,angel,P,2,P_orient2,32,2,angel/P/orient2/tilt_neutral_neutral_2/landmarks_trimmed.json,33,33,18,"[0, 1, 3, 5, 7, 9, 11, 13, 15, 16, 18, 20, 22, 24, 26, 28, 30, 32]","[82.80000001192093, 175.5, 363.89999997615814, 545.0, 714.3000000119209, 903.6999999880791, 1091.300000011921, 1283.1000000238419, 1479.6000000238419, 1572.8999999761581, 1741.5, 1919.800000011921, 2093.899999976158, 2284.0, 2475.199999988079, 2664.699999988079, 2858.600000023842, 3042.0]",P,13,c585bd7226fe968065313aceb859bc43dc71d94f2999683f32f34a5b21ec9207,test
390,angel,P,2,P_orient2,32,1,angel/P/orient2/tilt_neutral_toward_1/landmarks_trimmed.json,34,34,18,"[0, 1, 3, 5, 7, 9, 11, 13, 15, 17, 19, 21, 23, 25, 27, 29, 31, 33]","[83.89999997615814, 170.0999999642372, 355.5999999642372, 498.89999997615814, 683.2999999523163, 869.3999999761581, 1045.8999999761581, 1232.5999999642372, 1408.0, 1578.7999999523163, 1761.3999999761581, 1952.199999988079, 2138.7999999523163, 2316.2999999523163, 2495.899999976158, 2675.2999999523163, 2846.399999976158, 3054.699999988079]",P,13,157150fd0f54035d55b9db6632c84cdf1c9f28ca7deb138734e3aafcb094de3b,test
391,angel,Q,1,Q_orient1,33,1,angel/Q/orient1/tilt_back_away_1/landmarks_trimmed.json,34,34,18,"[0, 1, 3, 5, 7, 9, 11, 13, 15, 17, 19, 21, 23, 25, 27, 29, 31, 33]","[88.5, 178.19999998807907, 361.69999998807907, 533.3999999761581, 726.5, 904.8000000119209, 1079.0, 1196.199999988079, 1377.199999988079, 1573.6000000238419, 1777.800000011921, 1848.699999988079, 2053.699999988079, 2232.0, 2414.399999976158, 2639.100000023842, 2846.5, 3036.300000011921]",Q,14,a2c4ce508c70641fb1300df587789ba3ddb81e3bb7c9d853ba11329a49aeba5e,test
392,angel,Q,1,Q_orient1,33,1,angel/Q/orient1/tilt_back_neutral_1/landmarks_trimmed.json,34,34,18,"[0, 1, 3, 5, 7, 9, 11, 13, 15, 17, 19, 21, 23, 25, 27, 29, 31, 33]","[99.59999996423721, 194.0, 383.30000001192093, 573.5, 757.1999999880791, 937.0, 1125.199999988079, 1314.3999999761581, 1501.800000011921, 1701.0, 1896.5, 2077.5, 2267.399999976158, 2445.699999988079, 2508.300000011921, 2656.399999976158, 2856.099999964237, 3049.800000011921]",Q,14,81518b733f5db2dd6ff04a7ffd6bbc0ff371a171a22b627aeb56e2bf80f4aa78,validation
393,angel,Q,1,Q_orient1,33,2,angel/Q/orient1/tilt_back_neutral_2/landmarks_trimmed.json,38,38,18,"[0, 2, 4, 6, 8, 10, 13, 15, 17, 19, 21, 23, 26, 28, 30, 32, 34, 37]","[82.80000001192093, 258.39999997615814, 330.30000001192093, 469.5999999642372, 659.8999999761581, 840.5999999642372, 1052.8999999761581, 1090.0, 1218.0, 1405.800000011921, 1596.0999999642372, 1785.5999999642372, 2036.300000011921, 2212.199999988079, 2394.699999988079, 2581.199999988079, 2786.599999964237, 3065.399999976158]",Q,14,36a33b351b045c71dddd830ad4b83ea9045231f3d5367d7c6b26fdd62c9ea7f0,validation
394,angel,Q,1,Q_orient1,33,1,angel/Q/orient1/tilt_back_toward_1/landmarks_trimmed.json,37,37,18,"[0, 2, 4, 6, 8, 10, 12, 14, 16, 19, 21, 23, 25, 27, 29, 31, 33, 36]","[34.0, 159.0, 348.0999999642372, 520.0999999642372, 699.5, 883.7999999523163, 1064.5, 1229.7999999523163, 1399.2999999523163, 1676.5999999642372, 1850.5, 2040.0, 2227.7999999523163, 2410.599999964237, 2536.399999976158, 2575.099999964237, 2748.0, 3009.099999964237]",Q,14,7a8c197c8fdaba56dd1e9fbd9b8dfa9be61c531f394dce04ebb0fb31a7a3ed8e,train
395,angel,Q,1,Q_orient1,33,1,angel/Q/orient1/tilt_forward_away_1/landmarks_trimmed.json,34,34,18,"[0, 1, 3, 5, 7, 9, 11, 13, 15, 17, 19, 21, 23, 25, 27, 29, 31, 33]","[83.19999998807907, 177.39999997615814, 360.39999997615814, 429.80000001192093, 628.0, 805.5999999642372, 997.3999999761581, 1178.5, 1345.5999999642372, 1536.3999999761581, 1730.699999988079, 1927.800000011921, 2115.599999964237, 2293.199999988079, 2494.099999964237, 2694.099999964237, 2892.099999964237, 3081.099999964237]",Q,14,c831c6eb368f84dcc5864b1818e9debafdcc87cf3438e7a593e6ed4d4c8ab493,train
396,angel,Q,1,Q_orient1,33,1,angel/Q/orient1/tilt_forward_neutral_1/landmarks_trimmed.json,34,34,18,"[0, 1, 3, 5, 7, 9, 11, 13, 15, 17, 19, 21, 23, 25, 27, 29, 31, 33]","[90.79999995231628, 181.5, 266.0, 395.0999999642372, 585.7999999523163, 781.7999999523163, 976.1999999880791, 1166.7999999523163, 1370.8999999761581, 1504.0, 1703.2999999523163, 1894.7999999523163, 2082.5, 2271.5, 2456.0, 2642.699999988079, 2831.199999988079, 3003.599999964237]",Q,14,3ef6189c187bcc49b1e3a66438d7eb7a3d54de058d6ff8fc13921f7bf98b4d38,train
397,angel,Q,1,Q_orient1,33,2,angel/Q/orient1/tilt_forward_neutral_2/landmarks_trimmed.json,34,34,18,"[0, 1, 3, 5, 7, 9, 11, 13, 15, 17, 19, 21, 23, 25, 27, 29, 31, 33]","[86.5, 177.0, 353.2000000476837, 528.8000000119209, 710.2000000476837, 898.6000000238419, 1082.300000011921, 1264.300000011921, 1439.5, 1630.1000000238419, 1806.1000000238419, 1977.6000000238419, 2163.5, 2352.600000023842, 2544.300000011921, 2710.800000011921, 2892.2000000476837, 3085.400000035763]",Q,14,fd4a5a2725f490627058227646ab4f7a8a6becbbe9b605164d94f5cac25557f5,train
398,angel,Q,1,Q_orient1,33,1,angel/Q/orient1/tilt_forward_toward_1/landmarks_trimmed.json,33,33,18,"[0, 1, 3, 5, 7, 9, 11, 13, 15, 16, 18, 20, 22, 24, 26, 28, 30, 32]","[93.90000003576279, 188.0, 378.4000000357628, 565.6000000238419, 754.4000000357628, 938.2000000476837, 1123.0, 1303.2000000476837, 1476.4000000357628, 1572.4000000357628, 1773.5, 1961.1000000238419, 2138.2000000476837, 2310.300000011921, 2500.0, 2685.800000011921, 2880.2000000476837, 3071.800000011921]",Q,14,b2a5d129020b3396ec1fc91f5e1afa7250b84e90bf56c5df4a47c4f6d9075edd,train
399,angel,Q,1,Q_orient1,33,1,angel/Q/orient1/tilt_neutral_away_1/landmarks_trimmed.json,33,33,18,"[0, 1, 3, 5, 7, 9, 11, 13, 15, 16, 18, 20, 22, 24, 26, 28, 30, 32]","[92.90000003576279, 188.70000004768372, 373.80000001192093, 541.4000000357628, 722.9000000357628, 912.0, 1105.5, 1275.800000011921, 1446.300000011921, 1535.0, 1723.800000011921, 1891.5, 2059.900000035763, 2247.7000000476837, 2436.2000000476837, 2616.100000023842, 2815.100000023842, 3006.2000000476837]",Q,14,f1e4757c935469d46828efea8dabea9cb953666354b6c1434323b0912a47002a,train
400,angel,Q,1,Q_orient1,33,1,angel/Q/orient1/tilt_neutral_neutral_1/landmarks_trimmed.json,33,33,18,"[0, 1, 3, 5, 7, 9, 11, 13, 15, 16, 18, 20, 22, 24, 26, 28, 30, 32]","[90.60000002384186, 178.10000002384186, 352.10000002384186, 525.6999999880791, 701.8000000119209, 882.6999999880791, 1078.9000000357628, 1256.5, 1463.1000000238419, 1556.699999988079, 1746.199999988079, 1936.1000000238419, 2115.400000035763, 2304.5, 2481.600000023842, 2663.400000035763, 2832.800000011921, 3014.400000035763]",Q,14,f8881ef630c44ebc46e716073ef87c7209f6e1bcacbf0a02209c3143ddb751fc,train
401,angel,Q,1,Q_orient1,33,2,angel/Q/orient1/tilt_neutral_neutral_2/landmarks_trimmed.json,36,36,18,"[0, 2, 4, 6, 8, 10, 12, 14, 16, 18, 20, 22, 24, 26, 28, 30, 32, 35]","[86.40000003576279, 133.0, 326.4000000357628, 515.4000000357628, 701.0, 834.9000000357628, 976.9000000357628, 1170.300000011921, 1356.2000000476837, 1540.0, 1712.0, 1887.5, 2065.100000023842, 2251.600000023842, 2436.900000035763, 2612.5, 2796.100000023842, 3058.900000035763]",Q,14,0a851fdd939dce370eb9ca11203a51aa7a311f206c46c702880058b13b77a17b,train
402,angel,Q,1,Q_orient1,33,1,angel/Q/orient1/tilt_neutral_toward_1/landmarks_trimmed.json,40,40,18,"[0, 2, 4, 6, 9, 11, 13, 16, 18, 20, 22, 25, 27, 29, 32, 34, 36, 39]","[83.39999997615814, 198.60000002384186, 322.39999997615814, 396.69999998807907, 545.3999999761581, 726.5, 909.8999999761581, 1193.5, 1378.1000000238419, 1507.8999999761581, 1656.199999988079, 1870.3999999761581, 2061.199999988079, 2257.0, 2484.199999988079, 2623.600000023842, 2789.600000023842, 3065.5]",Q,14,e907a3a7a2a3aa8cf982e96049372452ae8369d7fee9d4d649947807e2168edb,train
439,angel,S,1,S_orient1,37,1,angel/S/orient1/tilt_back_away_1/landmarks_trimmed.json,24,24,18,"[0, 1, 2, 4, 5, 6, 8, 9, 10, 12, 13, 14, 16, 17, 18, 20, 21, 23]","[128.0, 246.09999990463257, 358.09999990463257, 607.0999999046326, 728.0, 844.3999999761581, 1102.1999999284744, 1231.0, 1463.7999999523163, 1689.5, 1792.5999999046326, 1899.0, 2163.1999999284744, 2301.0, 2421.7999999523163, 2654.6999999284744, 2778.7999999523163, 3019.2999999523163]",S,15,082ad502ef697984f43fc55d1719bebafaaadc8010b3fe361fdc6c095b8959a5,train
440,angel,S,1,S_orient1,37,1,angel/S/orient1/tilt_back_neutral_1/landmarks_trimmed.json,25,25,18,"[0, 1, 2, 4, 5, 7, 8, 9, 11, 12, 14, 15, 16, 18, 19, 21, 22, 24]","[141.30000007152557, 258.7000000476837, 377.89999997615814, 622.7000000476837, 747.8000000715256, 986.5, 1107.8999999761581, 1231.7000000476837, 1463.3000000715256, 1589.3999999761581, 1845.8999999761581, 1960.6000000238419, 2082.2000000476837, 2329.8000000715256, 2445.8000000715256, 2713.5, 2836.100000023842, 3080.8000000715256]",S,15,18ec8d50956578b299ca02a7f2dc96cbe681d7fe6ff45426268427d6ff8f61b4,test
441,angel,S,1,S_orient1,37,2,angel/S/orient1/tilt_back_neutral_2/landmarks_trimmed.json,26,26,18,"[0, 1, 2, 4, 5, 7, 8, 10, 11, 13, 14, 16, 17, 19, 20, 22, 23, 25]","[111.20000004768372, 227.20000004768372, 348.60000002384186, 577.8000000715256, 687.3000000715256, 909.7000000476837, 1019.2000000476837, 1232.2000000476837, 1344.1000000238419, 1567.8000000715256, 1684.1000000238419, 1922.0, 2038.8000000715256, 2290.2000000476837, 2412.0, 2667.9000000953674, 2787.3000000715256, 3038.3000000715256]",S,15,c4b1036ddabdeb6d0b18d47586aa5459829e784e7c8a450699b80b3d942f557b,validation
442,angel,S,1,S_orient1,37,1,angel/S/orient1/tilt_back_toward_1/landmarks_trimmed.json,26,26,18,"[0, 1, 2, 4, 5, 7, 8, 10, 11, 13, 14, 16, 17, 19, 20, 22, 23, 25]","[127.59999990463257, 260.6999999284744, 315.0, 465.5, 589.2999999523163, 828.1999999284744, 941.7999999523163, 1183.0999999046326, 1323.3999999761581, 1565.0, 1686.6999999284744, 1934.0, 2048.0999999046326, 2294.0, 2417.2999999523163, 2691.399999976158, 2806.1999999284744, 3050.0999999046326]",S,15,9c4c2eee18ef7106d35814d32510026c2ed37580ba34f333585f2e0f23b13d07,validation
443,angel,S,1,S_orient1,37,1,angel/S/orient1/tilt_forward_away_1/landmarks_trimmed.json,33,33,18,"[0, 1, 3, 5, 7, 9, 11, 13, 15, 16, 18, 20, 22, 24, 26, 28, 30, 32]","[94.70000004768372, 190.5, 362.30000001192093, 528.1000000238419, 713.1000000238419, 899.9000000357628, 1087.300000011921, 1276.300000011921, 1458.9000000357628, 1542.5, 1720.7000000476837, 1889.6000000238419, 2085.0, 2280.2000000476837, 2477.7000000476837, 2663.900000035763, 2850.7000000476837, 3038.800000011921]",S,15,576b5abcc627ee2dd32e04531ab5746944ef5a2f5d155dda83cd61b2d084dd2a,train
444,angel,S,1,S_orient1,37,1,angel/S/orient1/tilt_forward_neutral_1/landmarks_trimmed.json,33,33,18,"[0, 1, 3, 5, 7, 9, 11, 13, 15, 16, 18, 20, 22, 24, 26, 28, 30, 32]","[94.60000002384186, 180.89999997615814, 362.60000002384186, 557.6000000238419, 737.8999999761581, 909.1999999880791, 1073.699999988079, 1266.699999988079, 1449.699999988079, 1531.3999999761581, 1715.3999999761581, 1900.8999999761581, 2091.699999988079, 2279.0, 2447.800000011921, 2635.100000023842, 2817.0, 3006.199999988079]",S,15,876bbf58e9f0b3ebef1efeb7ffb727b7b4fca3c04bc86cf4975489f43aa6bba4,train
445,angel,S,1,S_orient1,37,2,angel/S/orient1/tilt_forward_neutral_2/landmarks_trimmed.json,35,35,18,"[0, 2, 4, 6, 8, 10, 12, 14, 16, 18, 20, 22, 24, 26, 28, 30, 32, 34]","[100.40000003576279, 298.80000001192093, 490.10000002384186, 638.7000000476837, 693.5, 886.9000000357628, 1061.0, 1245.6000000238419, 1425.9000000357628, 1550.6000000238419, 1730.7000000476837, 1913.2000000476837, 2080.100000023842, 2272.7000000476837, 2446.400000035763, 2634.900000035763, 2829.7000000476837, 3008.5]",S,15,8743ab0fbe02b79bd0f6265febb880397f4b10e1eea8f6274a5d33114523bf17,train
446,angel,S,1,S_orient1,37,1,angel/S/orient1/tilt_forward_toward_1/landmarks_trimmed.json,35,35,18,"[0, 2, 4, 6, 8, 10, 12, 14, 16, 18, 20, 22, 24, 26, 28, 30, 32, 34]","[91.69999998807907, 279.19999998807907, 473.30000001192093, 612.1999999880791, 791.3999999761581, 973.8000000119209, 1160.1000000238419, 1221.800000011921, 1363.5, 1552.199999988079, 1737.3999999761581, 1910.5, 2077.899999976158, 2256.800000011921, 2443.899999976158, 2634.800000011921, 2833.199999988079, 3036.300000011921]",S,15,e1cee1f491cf15f902a636df08689ddc7650ef3ce0120a247170377af1c278fc,train
447,angel,S,1,S_orient1,37,1,angel/S/orient1/tilt_neutral_away_1/landmarks_trimmed.json,25,25,18,"[0, 1, 2, 4, 5, 7, 8, 9, 11, 12, 14, 15, 16, 18, 19, 21, 22, 24]","[133.79999995231628, 260.59999990463257, 382.6999999284744, 613.8999999761581, 742.5, 997.7999999523163, 1124.3999999761581, 1242.0, 1498.0, 1636.7999999523163, 1877.3999999761581, 1996.1999999284744, 2104.5, 2323.5, 2435.1999999284744, 2655.5999999046326, 2771.899999976158, 3002.5999999046326]",S,15,21915bfc7114dcf8bcd8ec3658b1ea7595f59de4efd4991a7483a07ba745d82f,train
448,angel,S,1,S_orient1,37,1,angel/S/orient1/tilt_neutral_neutral_1/landmarks_trimmed.json,27,27,18,"[0, 1, 3, 4, 6, 7, 9, 10, 12, 13, 15, 16, 18, 19, 21, 22, 24, 26]","[118.69999992847443, 224.69999992847443, 461.1999999284744, 576.8999999761581, 813.6999999284744, 928.5, 1172.3999999761581, 1294.5999999046326, 1527.6999999284744, 1634.5999999046326, 1854.5999999046326, 1962.5999999046326, 2183.0999999046326, 2294.6999999284744, 2525.399999976158, 2639.7999999523163, 2869.1999999284744, 3087.0999999046326]",S,15,6a44fe71b3e5d31e9d1a0948cb7cbc28064442ee4828e02480554087511f7055,train
449,angel,S,1,S_orient1,37,2,angel/S/orient1/tilt_neutral_neutral_2/landmarks_trimmed.json,25,25,18,"[0, 1, 2, 4, 5, 7, 8, 9, 11, 12, 14, 15, 16, 18, 19, 21, 22, 24]","[112.80000007152557, 222.89999997615814, 340.8000000715256, 595.1000000238419, 725.6000000238419, 987.3999999761581, 1119.1000000238419, 1232.8999999761581, 1457.0, 1570.1000000238419, 1808.5, 1927.5, 2049.600000023842, 2307.8000000715256, 2442.2000000476837, 2674.7000000476837, 2783.100000023842, 3026.3000000715256]",S,15,33e2bad4e0e78ec1894ca35b3cdc1a28cec274b5c8e5d7126548868310570d74,train
450,angel,S,1,S_orient1,37,1,angel/S/orient1/tilt_neutral_toward_1/landmarks_trimmed.json,33,33,18,"[0, 1, 3, 5, 7, 9, 11, 13, 15, 16, 18, 20, 22, 24, 26, 28, 30, 32]","[94.40000003576279, 184.10000002384186, 372.60000002384186, 549.1000000238419, 746.5, 935.0, 1124.5, 1310.699999988079, 1492.1000000238419, 1577.800000011921, 1750.5, 1914.699999988079, 2100.300000011921, 2292.699999988079, 2480.100000023842, 2668.0, 2867.5, 3054.0]",S,15,fad58269adec8cc58496a8c23b4cba4014c4b42f0d559ba19fb36084db480aed,train
451,angel,T,1,T_orient1,38,1,angel/T/orient1/tilt_back_away_1/landmarks_trimmed.json,26,26,18,"[0, 1, 2, 4, 5, 7, 8, 10, 11, 13, 14, 16, 17, 19, 20, 22, 23, 25]","[108.79999995231628, 221.89999997615814, 334.2999999523163, 553.6000000238419, 667.6999999284744, 904.6000000238419, 1016.2999999523163, 1273.1000000238419, 1403.7999999523163, 1650.7999999523163, 1767.1999999284744, 2037.3999999761581, 2163.2999999523163, 2407.1999999284744, 2529.2999999523163, 2769.7999999523163, 2887.100000023842, 3106.899999976158]",T,16,5cf00e69979027b33849f68b5838a94f0d4fa49f39c978ce779ede6672fef1dc,train
452,angel,T,1,T_orient1,38,1,angel/T/orient1/tilt_back_neutral_1/landmarks_trimmed.json,25,25,18,"[0, 1, 2, 4, 5, 7, 8, 9, 11, 12, 14, 15, 16, 18, 19, 21, 22, 24]","[133.60000002384186, 259.5, 376.89999997615814, 604.6000000238419, 722.7000000476837, 955.3999999761581, 1077.1000000238419, 1207.8000000715256, 1447.0, 1572.0, 1796.7000000476837, 1916.7000000476837, 2029.5, 2269.600000023842, 2399.899999976158, 2661.3000000715256, 2792.0, 3039.8000000715256]",T,16,a1cbc56be2ced6339316ffc5a48eb637f3a58613f63c5729a7ac342fc74e55eb,validation
453,angel,T,1,T_orient1,38,2,angel/T/orient1/tilt_back_neutral_2/landmarks_trimmed.json,26,26,18,"[0, 1, 2, 4, 5, 7, 8, 10, 11, 13, 14, 16, 17, 19, 20, 22, 23, 25]","[113.39999997615814, 231.29999995231628, 354.39999997615814, 593.5, 710.1000000238419, 938.6999999284744, 1056.0, 1272.6999999284744, 1386.5, 1617.6999999284744, 1728.6000000238419, 1960.2999999523163, 2080.0, 2316.1999999284744, 2424.0, 2672.899999976158, 2813.6999999284744, 3064.0]",T,16,cdc04fa83efd5f8f78e4fb09646c6f38afd646550d6855790d151a7f9bf3dd98,train
454,angel,T,1,T_orient1,38,1,angel/T/orient1/tilt_back_toward_1/landmarks_trimmed.json,26,26,18,"[0, 1, 2, 4, 5, 7, 8, 10, 11, 13, 14, 16, 17, 19, 20, 22, 23, 25]","[120.80000007152557, 230.60000002384186, 343.7000000476837, 566.8000000715256, 696.6000000238419, 947.9000000953674, 1058.5, 1296.1000000238419, 1419.4000000953674, 1638.7000000476837, 1746.8000000715256, 1978.6000000238419, 2107.0, 2371.2000000476837, 2488.8000000715256, 2733.100000023842, 2850.3000000715256, 3072.3000000715256]",T,16,0ffbc004c8c27a486a276797116c38263d0f148d69cdcfd11db16a8c3cba9d2d,train
455,angel,T,1,T_orient1,38,1,angel/T/orient1/tilt_forward_away_1/landmarks_trimmed.json,24,24,18,"[0, 1, 2, 4, 5, 6, 8, 9, 10, 12, 13, 14, 16, 17, 18, 20, 21, 23]","[122.39999997615814, 241.0, 370.7000000476837, 611.8000000715256, 739.3999999761581, 869.5, 1125.1000000238419, 1251.2000000476837, 1379.5, 1645.6000000238419, 1784.5, 1903.6000000238419, 2149.2000000476837, 2270.7000000476837, 2395.2000000476837, 2641.2000000476837, 2769.0, 3007.8000000715256]",T,16,baa7d1ff3ab8cf40a09aaaefe498c7b613ad6bc3f2ad3bc25af763d970be4463,train
456,angel,T,1,T_orient1,38,1,angel/T/orient1/tilt_forward_neutral_1/landmarks_trimmed.json,26,26,18,"[0, 1, 2, 4, 5, 7, 8, 10, 11, 13, 14, 16, 17, 19, 20, 22, 23, 25]","[112.29999995231628, 218.79999995231628, 333.5, 552.6999999284744, 670.5999999046326, 901.1999999284744, 1027.2999999523163, 1292.8999999761581, 1408.6999999284744, 1641.0, 1762.0, 2023.5999999046326, 2143.399999976158, 2396.0, 2512.0999999046326, 2752.0999999046326, 2870.2999999523163, 3090.5999999046326]",T,16,2001c2e56fec30ceead41bd11d3387487bc44460d90e1c21583c1b7b450da891,train
457,angel,T,1,T_orient1,38,2,angel/T/orient1/tilt_forward_neutral_2/landmarks_trimmed.json,26,26,18,"[0, 1, 2, 4, 5, 7, 8, 10, 11, 13, 14, 16, 17, 19, 20, 22, 23, 25]","[124.10000002384186, 234.89999997615814, 348.7000000476837, 584.8999999761581, 701.0, 933.6000000238419, 1045.1000000238419, 1278.6000000238419, 1394.1000000238419, 1625.5, 1745.7000000476837, 1962.3999999761581, 2075.0, 2300.2999999523163, 2413.5, 2642.2000000476837, 2753.2000000476837, 3016.5]",T,16,a7064006ec63eebde7eb09ad48b6c9810d9c5968d7ec08e118c34e4bc9bd1bc8,validation
458,angel,T,1,T_orient1,38,1,angel/T/orient1/tilt_forward_toward_1/landmarks_trimmed.json,25,25,18,"[0, 1, 2, 4, 5, 7, 8, 9, 11, 12, 14, 15, 16, 18, 19, 21, 22, 24]","[112.5, 229.20000004768372, 347.0, 571.3999999761581, 691.6000000238419, 956.8000000715256, 1081.1000000238419, 1200.2000000476837, 1436.8999999761581, 1553.7000000476837, 1825.8999999761581, 1953.3999999761581, 2073.3000000715256, 2307.8000000715256, 2430.100000023842, 2663.600000023842, 2783.8000000715256, 3046.7000000476837]",T,16,8ee4f421508ec71d4bab1f12bc5a006d3b9df912badf498fbeee9cd438103e2a,train
459,angel,T,1,T_orient1,38,1,angel/T/orient1/tilt_neutral_away_1/landmarks_trimmed.json,26,26,18,"[0, 1, 2, 4, 5, 7, 8, 10, 11, 13, 14, 16, 17, 19, 20, 22, 23, 25]","[130.0, 257.60000002384186, 375.6999999284744, 601.6000000238419, 720.5, 971.3999999761581, 1088.0, 1333.2999999523163, 1461.8999999761581, 1691.7999999523163, 1822.1999999284744, 2065.100000023842, 2178.899999976158, 2407.399999976158, 2517.5, 2757.7999999523163, 2871.6999999284744, 3124.5]",T,16,be9423d2ecbe60ae40808056be230d8bba9a50230d84f48be5de625e4a2dad07,train
460,angel,T,1,T_orient1,38,1,angel/T/orient1/tilt_neutral_neutral_1/landmarks_trimmed.json,25,25,18,"[0, 1, 2, 4, 5, 7, 8, 9, 11, 12, 14, 15, 16, 18, 19, 21, 22, 24]","[129.89999997615814, 262.39999997615814, 395.60000002384186, 669.2999999523163, 810.7999999523163, 1046.5, 1166.6000000238419, 1288.2000000476837, 1534.1000000238419, 1668.2999999523163, 1937.1000000238419, 2047.7999999523163, 2167.0, 2390.7000000476837, 2503.899999976158, 2747.5, 2866.600000023842, 3118.7000000476837]",T,16,61ee2b48c03d81bb7ca3593fb6bf50fb2cfda7c1ddd09b55941388bb4b715b08,train
461,angel,T,1,T_orient1,38,2,angel/T/orient1/tilt_neutral_neutral_2/landmarks_trimmed.json,25,25,18,"[0, 1, 2, 4, 5, 7, 8, 9, 11, 12, 14, 15, 16, 18, 19, 21, 22, 24]","[125.5, 260.3000000715256, 381.8000000715256, 629.7000000476837, 749.3000000715256, 1003.3999999761581, 1116.3000000715256, 1236.8999999761581, 1492.1000000238419, 1604.7000000476837, 1854.8000000715256, 1980.2000000476837, 2096.3000000715256, 2335.2000000476837, 2450.600000023842, 2700.2000000476837, 2819.399999976158, 3070.7000000476837]",T,16,198dfc34fa3ddadc333291ebb80c889f8a44f87b2e298454b9ffca9dd5b6ed7c,test
462,angel,T,1,T_orient1,38,1,angel/T/orient1/tilt_neutral_toward_1/landmarks_trimmed.json,26,26,18,"[0, 1, 2, 4, 5, 7, 8, 10, 11, 13, 14, 16, 17, 19, 20, 22, 23, 25]","[129.90000009536743, 248.10000002384186, 363.40000009536743, 613.9000000953674, 730.3000000715256, 961.6000000238419, 1071.2000000476837, 1296.6000000238419, 1409.8000000715256, 1639.1000000238419, 1752.6000000238419, 1994.2000000476837, 2127.0, 2359.7000000476837, 2475.2000000476837, 2699.100000023842, 2822.2000000476837, 3058.100000023842]",T,16,22b581cbf3efc17177a118c14d4e7afdb828278e8293c9e2ee926acf73d53bf6,test
463,angel,U,1,U_orient1,39,1,angel/U/orient1/tilt_back_away_1/landmarks_trimmed.json,26,26,18,"[0, 1, 2, 4, 5, 7, 8, 10, 11, 13, 14, 16, 17, 19, 20, 22, 23, 25]","[120.29999995231628, 179.29999995231628, 299.0, 547.1000000238419, 677.7999999523163, 922.1000000238419, 1043.6000000238419, 1270.2000000476837, 1385.6000000238419, 1650.2999999523163, 1764.6000000238419, 2007.7000000476837, 2129.7999999523163, 2356.100000023842, 2469.7999999523163, 2702.399999976158, 2811.899999976158, 3068.2000000476837]",U,17,1aeec9de89b934d5f070a840431f9d227a5a8a0f482a594b74e777d558d07415,validation
464,angel,U,1,U_orient1,39,1,angel/U/orient1/tilt_back_neutral_1/landmarks_trimmed.json,25,25,18,"[0, 1, 2, 4, 5, 7, 8, 9, 11, 12, 14, 15, 16, 18, 19, 21, 22, 24]","[125.39999997615814, 264.7999999523163, 385.6999999284744, 622.5999999046326, 735.5, 995.7999999523163, 1115.3999999761581, 1288.5, 1522.1999999284744, 1631.1999999284744, 1867.1999999284744, 1974.1999999284744, 2084.7999999523163, 2303.2999999523163, 2416.1999999284744, 2668.0999999046326, 2801.2999999523163, 3040.5999999046326]",U,17,d1cb88e2b102068559fe5386880f6929c48798b3728d913c40ff7bb3220c9f98,train
465,angel,U,1,U_orient1,39,2,angel/U/orient1/tilt_back_neutral_2/landmarks_trimmed.json,25,25,18,"[0, 1, 2, 4, 5, 7, 8, 9, 11, 12, 14, 15, 16, 18, 19, 21, 22, 24]","[132.90000009536743, 257.5, 388.60000002384186, 644.8000000715256, 766.3000000715256, 1009.0, 1123.0, 1249.4000000953674, 1493.9000000953674, 1632.5, 1861.2000000476837, 1977.9000000953674, 2092.8000000715256, 2321.9000000953674, 2430.3000000715256, 2647.2000000476837, 2757.3000000715256, 3009.3000000715256]",U,17,9db291e5e0ab17d80da922ab5f63f51379293a02e2f4bcaf7f0b77292b5a75a0,train
466,angel,U,1,U_orient1,39,1,angel/U/orient1/tilt_back_toward_1/landmarks_trimmed.json,23,23,18,"[0, 1, 2, 3, 5, 6, 7, 9, 10, 11, 12, 14, 15, 16, 18, 19, 20, 22]","[119.19999992847443, 565.2999999523163, 681.5999999046326, 790.8999999761581, 1009.5999999046326, 1122.5, 1230.2999999523163, 1459.1999999284744, 1575.6999999284744, 1703.5999999046326, 1826.1999999284744, 2069.899999976158, 2191.7999999523163, 2313.7999999523163, 2553.899999976158, 2673.1999999284744, 2783.6999999284744, 3022.399999976158]",U,17,3a4a0940c5b01ecd46923255222c48cf79c5a6832fdd49799219f602754f5db1,train
467,angel,U,1,U_orient1,39,1,angel/U/orient1/tilt_forward_away_1/landmarks_trimmed.json,25,25,18,"[0, 1, 2, 4, 5, 7, 8, 9, 11, 12, 14, 15, 16, 18, 19, 21, 22, 24]","[115.20000004768372, 233.5, 355.60000002384186, 596.1000000238419, 724.2000000476837, 966.5, 1088.0, 1204.1000000238419, 1458.7000000476837, 1582.1000000238419, 1819.7000000476837, 1941.0, 2058.7000000476837, 2302.100000023842, 2427.100000023842, 2652.899999976158, 2776.7000000476837, 3014.5]",U,17,6d48bab9d05d7c6e5efc1e5748d0abc7275ad6c2a1e458492116976df769a43c,validation
468,angel,U,1,U_orient1,39,1,angel/U/orient1/tilt_forward_neutral_1/landmarks_trimmed.json,25,25,18,"[0, 1, 2, 4, 5, 7, 8, 9, 11, 12, 14, 15, 16, 18, 19, 21, 22, 24]","[122.39999997615814, 253.10000002384186, 366.2999999523163, 599.1999999284744, 720.1000000238419, 957.0, 1081.3999999761581, 1200.6999999284744, 1458.1999999284744, 1575.6000000238419, 1820.1000000238419, 1932.6000000238419, 2048.7999999523163, 2311.399999976158, 2432.399999976158, 2668.0, 2786.399999976158, 3041.0]",U,17,3a4ba9a8066857cab8f063cbbf834ba629ee4f7bb047b7e3a3a29de8e99c25c1,train
469,angel,U,1,U_orient1,39,2,angel/U/orient1/tilt_forward_neutral_2/landmarks_trimmed.json,24,24,18,"[0, 1, 2, 4, 5, 6, 8, 9, 10, 12, 13, 14, 16, 17, 18, 20, 21, 23]","[126.60000002384186, 254.5, 370.1999999284744, 617.8999999761581, 751.0, 878.7999999523163, 1126.8999999761581, 1260.7999999523163, 1397.7999999523163, 1656.5, 1780.5, 1917.5, 2165.1999999284744, 2287.100000023842, 2409.600000023842, 2657.1999999284744, 2784.6999999284744, 3025.5]",U,17,aa88a2929f2ac6d44c7f2c24534e6b23aefe8dafa0c8a434adbc736a678354ae,train
470,angel,U,1,U_orient1,39,1,angel/U/orient1/tilt_forward_toward_1/landmarks_trimmed.json,25,25,18,"[0, 1, 2, 4, 5, 7, 8, 9, 11, 12, 14, 15, 16, 18, 19, 21, 22, 24]","[127.29999995231628, 259.89999997615814, 381.0, 621.3999999761581, 758.1999999284744, 1021.3999999761581, 1133.2999999523163, 1241.7999999523163, 1499.8999999761581, 1623.8999999761581, 1871.5, 1995.1999999284744, 2113.0, 2333.899999976158, 2447.7999999523163, 2681.399999976158, 2787.899999976158, 3021.0]",U,17,edf556b93e745d9d997435fdb5ea261008287d4efe862603160c3f328449b56b,train
471,angel,U,1,U_orient1,39,1,angel/U/orient1/tilt_neutral_away_1/landmarks_trimmed.json,26,26,18,"[0, 1, 2, 4, 5, 7, 8, 10, 11, 13, 14, 16, 17, 19, 20, 22, 23, 25]","[112.60000002384186, 225.0, 344.5, 581.3000000715256, 757.1000000238419, 1007.1000000238419, 1119.0, 1350.0, 1469.0, 1729.2000000476837, 1860.0, 2080.7000000476837, 2198.600000023842, 2432.600000023842, 2545.9000000953674, 2771.600000023842, 2881.5, 3113.100000023842]",U,17,50b7da708af07edafdad534aa7ed9460b9deaceeb37a0cfe26e4a6b0e22e306c,test
472,angel,U,1,U_orient1,39,1,angel/U/orient1/tilt_neutral_neutral_1/landmarks_trimmed.json,25,25,18,"[0, 1, 2, 4, 5, 7, 8, 9, 11, 12, 14, 15, 16, 18, 19, 21, 22, 24]","[127.5, 257.7000000476837, 375.2000000476837, 625.5, 735.7000000476837, 992.7000000476837, 1113.3999999761581, 1225.8999999761581, 1468.6000000238419, 1585.6000000238419, 1829.2999999523163, 1954.1000000238419, 2078.5, 2338.7999999523163, 2471.7000000476837, 2715.7999999523163, 2823.600000023842, 3049.2000000476837]",U,17,33deb8a7e528e69f09ea4861f887fbade40213bba55f1b9d6bb93f4a5b704254,train
473,angel,U,1,U_orient1,39,2,angel/U/orient1/tilt_neutral_neutral_2/landmarks_trimmed.json,25,25,18,"[0, 1, 2, 4, 5, 7, 8, 9, 11, 12, 14, 15, 16, 18, 19, 21, 22, 24]","[115.59999990463257, 245.59999990463257, 376.1999999284744, 612.7999999523163, 729.5999999046326, 959.5, 1086.5, 1226.7999999523163, 1461.7999999523163, 1586.0, 1840.5, 1955.8999999761581, 2077.0999999046326, 2312.1999999284744, 2428.0999999046326, 2661.5, 2785.6999999284744, 3047.399999976158]",U,17,ba237b3a8c00f92eca8343e453a1d192254758a45ab4661386ccee91d5eaf5da,train
474,angel,U,1,U_orient1,39,1,angel/U/orient1/tilt_neutral_toward_1/landmarks_trimmed.json,25,25,18,"[0, 1, 2, 4, 5, 7, 8, 9, 11, 12, 14, 15, 16, 18, 19, 21, 22, 24]","[120.5, 233.30000007152557, 361.0, 593.5, 713.0, 950.7000000476837, 1071.2000000476837, 1187.5, 1418.3000000715256, 1544.6000000238419, 1813.7000000476837, 1931.2000000476837, 2046.8999999761581, 2284.100000023842, 2410.0, 2642.3000000715256, 2763.0, 3020.5]",U,17,12f3a8022321c658b5aad51479b4d36392b65a7f05793d8204a1c77380d3a706,validation
475,angel,U,2,U_orient2,40,1,angel/U/orient2/tilt_back_away_1/landmarks_trimmed.json,22,22,18,"[0, 1, 2, 3, 4, 6, 7, 8, 9, 11, 12, 13, 14, 16, 17, 18, 19, 21]","[123.29999995231628, 252.09999990463257, 366.59999990463257, 498.0, 640.8999999761581, 910.0999999046326, 1029.8999999761581, 1147.3999999761581, 1262.7999999523163, 1505.5, 1622.1999999284744, 1750.8999999761581, 1876.6999999284744, 2133.0, 2244.899999976158, 2359.7999999523163, 2703.399999976158, 3044.7999999523163]",U,17,23627fd81dd0b2859ef6c7cc991322c3fe749c59f0ce3f7da71fa896d17197f5,train
476,angel,U,2,U_orient2,40,1,angel/U/orient2/tilt_back_neutral_1/landmarks_trimmed.json,18,18,18,"[0, 1, 2, 3, 4, 5, 6, 7, 8, 9, 10, 11, 12, 13, 14, 15, 16, 17]","[246.5, 369.7000000476837, 485.3000000715256, 609.8999999761581, 878.3999999761581, 1122.7000000476837, 1482.1000000238419, 1607.6000000238419, 1736.1000000238419, 1874.1000000238419, 1985.2000000476837, 2110.5, 2361.7000000476837, 2612.3000000715256, 2739.7000000476837, 2865.8000000715256, 2989.8000000715256, 3121.0]",U,17,f5db47aa63249e862fee3dd084a2beed2a47aff709988e6df9002e02f6d20b33,train
477,angel,U,2,U_orient2,40,2,angel/U/orient2/tilt_back_neutral_2/landmarks_trimmed.json,23,23,18,"[0, 1, 2, 3, 5, 6, 7, 9, 10, 11, 12, 14, 15, 16, 18, 19, 20, 22]","[230.5, 356.6999999284744, 491.39999997615814, 607.1999999284744, 853.1999999284744, 979.5, 1108.8999999761581, 1352.5, 1470.0, 1604.3999999761581, 1722.1000000238419, 1968.8999999761581, 2107.399999976158, 2229.7999999523163, 2619.1999999284744, 2742.2999999523163, 2868.600000023842, 3118.6999999284744]",U,17,d881dec8461d5b22b02d57cc8611337bb6baacc246b270a0fa05e44bd22a4462,train
478,angel,U,2,U_orient2,40,1,angel/U/orient2/tilt_back_toward_1/landmarks_trimmed.json,24,24,18,"[0, 1, 2, 4, 5, 6, 8, 9, 10, 12, 13, 14, 16, 17, 18, 20, 21, 23]","[118.19999992847443, 233.39999997615814, 341.1999999284744, 711.6000000238419, 842.6999999284744, 966.1000000238419, 1214.1000000238419, 1326.1000000238419, 1444.6000000238419, 1706.0, 1833.5, 1944.7999999523163, 2179.6999999284744, 2302.100000023842, 2428.6999999284744, 2668.6999999284744, 2787.2999999523163, 3116.399999976158]",U,17,f85cf962735e22346aed99db1bc7b762004e14cc941ab9d7b9d28e7798dd1421,train
479,angel,U,2,U_orient2,40,1,angel/U/orient2/tilt_forward_away_1/landmarks_trimmed.json,25,25,18,"[0, 1, 2, 4, 5, 7, 8, 9, 11, 12, 14, 15, 16, 18, 19, 21, 22, 24]","[122.5, 259.2000000476837, 396.0, 619.3000000715256, 726.5, 936.8000000715256, 1041.1000000238419, 1149.1000000238419, 1377.4000000953674, 1485.5, 1763.7000000476837, 2010.5, 2120.5, 2338.5, 2448.4000000953674, 2769.7000000476837, 2878.5, 3094.5]",U,17,eeaf89273f4b509257b8437ea3ca49fd8a112b079f95295e20954d4d3e2573ee,train
480,angel,U,2,U_orient2,40,1,angel/U/orient2/tilt_forward_neutral_1/landmarks_trimmed.json,24,24,18,"[0, 1, 2, 4, 5, 6, 8, 9, 10, 12, 13, 14, 16, 17, 18, 20, 21, 23]","[129.19999992847443, 253.69999992847443, 377.09999990463257, 645.0999999046326, 775.8999999761581, 904.5999999046326, 1143.8999999761581, 1268.1999999284744, 1398.8999999761581, 1638.6999999284744, 1780.0999999046326, 1911.0999999046326, 2166.899999976158, 2295.399999976158, 2407.1999999284744, 2662.5, 2777.399999976158, 3033.5]",U,17,cf5226278f24fb00b0ca0123df218906f91f615e1ab636529c3c9c8149d9876b,train
481,angel,U,2,U_orient2,40,2,angel/U/orient2/tilt_forward_neutral_2/landmarks_trimmed.json,23,23,18,"[0, 1, 2, 3, 5, 6, 7, 9, 10, 11, 12, 14, 15, 16, 18, 19, 20, 22]","[139.20000004768372, 253.80000007152557, 377.2000000476837, 494.8000000715256, 753.0, 886.9000000953674, 1023.8000000715256, 1258.5, 1378.1000000238419, 1521.3000000715256, 1652.5, 1885.1000000238419, 2030.1000000238419, 2285.7000000476837, 2537.5, 2660.0, 2778.4000000953674, 3016.7000000476837]",U,17,c15a8965bd4b7d4384cedf48520a27bfdfcb0d4d9516e860db8dd3e750ddefd1,test
482,angel,U,2,U_orient2,40,1,angel/U/orient2/tilt_forward_toward_1/landmarks_trimmed.json,25,25,18,"[0, 1, 2, 4, 5, 7, 8, 9, 11, 12, 14, 15, 16, 18, 19, 21, 22, 24]","[114.79999995231628, 225.0, 339.10000002384186, 558.5, 680.5, 922.7999999523163, 1039.3999999761581, 1159.2999999523163, 1391.3999999761581, 1503.7000000476837, 1780.2000000476837, 1903.6000000238419, 2024.1000000238419, 2285.2000000476837, 2413.2999999523163, 2662.899999976158, 2791.7999999523163, 3035.2999999523163]",U,17,9cb72fc3bfd3ecffb8773f453d2c3a0508f2858ea91220b94afef1d2cc763ec7,train
483,angel,U,2,U_orient2,40,1,angel/U/orient2/tilt_neutral_away_1/landmarks_trimmed.json,25,25,18,"[0, 1, 2, 4, 5, 7, 8, 9, 11, 12, 14, 15, 16, 18, 19, 21, 22, 24]","[118.89999997615814, 234.89999997615814, 351.39999997615814, 615.3999999761581, 735.3999999761581, 1021.7000000476837, 1153.5, 1276.3999999761581, 1498.6000000238419, 1614.3000000715256, 1850.7000000476837, 1979.1000000238419, 2104.2000000476837, 2331.399999976158, 2461.2000000476837, 2717.3000000715256, 2843.0, 3085.899999976158]",U,17,38667cba4627defa85e0a5ce5f350d8e2536cecf6d43b802d1c9f14ff96479a0,test
484,angel,U,2,U_orient2,40,1,angel/U/orient2/tilt_neutral_neutral_1/landmarks_trimmed.json,21,21,18,"[0, 1, 2, 3, 4, 5, 7, 8, 9, 10, 11, 12, 14, 15, 16, 17, 18, 20]","[130.0, 261.3000000715256, 383.3000000715256, 503.3000000715256, 747.8999999761581, 862.5, 1154.8999999761581, 1289.3999999761581, 1415.6000000238419, 1526.1000000238419, 1633.6000000238419, 1756.7000000476837, 2244.8000000715256, 2366.0, 2495.2000000476837, 2630.3000000715256, 2752.2000000476837, 3004.8000000715256]",U,17,3f41fbebd88d90775f2f1a5733b87cd5e9f0bffe60c3739b8ec691bef34789df,train
485,angel,U,2,U_orient2,40,2,angel/U/orient2/tilt_neutral_neutral_2/landmarks_trimmed.json,23,23,18,"[0, 1, 2, 3, 5, 6, 7, 9, 10, 11, 12, 14, 15, 16, 18, 19, 20, 22]","[116.5, 353.2999999523163, 482.5, 624.5999999046326, 895.8999999761581, 1017.0, 1144.3999999761581, 1522.3999999761581, 1642.2999999523163, 1762.3999999761581, 1879.2999999523163, 2127.2999999523163, 2236.899999976158, 2362.0999999046326, 2601.6999999284744, 2718.5, 2835.1999999284744, 3093.6999999284744]",U,17,d2bbf185d9eeb182ab9155be2d93849118e4243e1fb7a137868e24788befc45a,train
486,angel,U,2,U_orient2,40,1,angel/U/orient2/tilt_neutral_toward_1/landmarks_trimmed.json,24,24,18,"[0, 1, 2, 4, 5, 6, 8, 9, 10, 12, 13, 14, 16, 17, 18, 20, 21, 23]","[125.40000009536743, 239.5, 364.7000000476837, 595.7000000476837, 728.1000000238419, 862.2000000476837, 1103.0, 1226.3000000715256, 1353.5, 1610.0, 1862.3000000715256, 1983.3000000715256, 2231.5, 2360.0, 2482.3000000715256, 2741.100000023842, 2865.4000000953674, 3105.100000023842]",U,17,0fd8b46df06fb9fe082f0d13432419a31bcdf2fe665c3a52f4a582ca68209145,train
487,angel,U,3,U_orient3,41,1,angel/U/orient3/tilt_back_away_1/landmarks_trimmed.json,25,25,18,"[0, 1, 2, 4, 5, 7, 8, 9, 11, 12, 14, 15, 16, 18, 19, 21, 22, 24]","[116.60000002384186, 233.69999992847443, 350.60000002384186, 587.5, 705.8999999761581, 973.0, 1107.1000000238419, 1244.8999999761581, 1496.5, 1610.0, 1858.6999999284744, 1977.1999999284744, 2091.5, 2305.7999999523163, 2423.7999999523163, 2667.600000023842, 2791.1999999284744, 3034.399999976158]",U,17,2bd49acd4f72a427dbe0807043d3ba2e25670a0fb51742c6f3607ec21d6956a1,test
488,angel,U,3,U_orient3,41,1,angel/U/orient3/tilt_back_neutral_1/landmarks_trimmed.json,25,25,18,"[0, 1, 2, 4, 5, 7, 8, 9, 11, 12, 14, 15, 16, 18, 19, 21, 22, 24]","[131.39999997615814, 249.0, 392.6999999284744, 651.1999999284744, 767.8999999761581, 1022.7999999523163, 1165.2999999523163, 1291.6000000238419, 1528.8999999761581, 1662.8999999761581, 1895.7999999523163, 2007.2999999523163, 2119.5, 2338.399999976158, 2452.399999976158, 2689.5, 2823.1999999284744, 3057.1999999284744]",U,17,2d1f53df3b73ec461458c152fe8c7aa1208b4f88ba789b4a8584dde4da67fe2b,train
489,angel,U,3,U_orient3,41,2,angel/U/orient3/tilt_back_neutral_2/landmarks_trimmed.json,26,26,18,"[0, 1, 2, 4, 5, 7, 8, 10, 11, 13, 14, 16, 17, 19, 20, 22, 23, 25]","[119.20000004768372, 234.40000009536743, 341.8000000715256, 570.5, 689.8000000715256, 916.4000000953674, 1020.9000000953674, 1248.5, 1362.1000000238419, 1588.5, 1697.0, 1926.7000000476837, 2062.0, 2333.4000000953674, 2470.5, 2749.8000000715256, 2869.600000023842, 3131.3000000715256]",U,17,ee88aa4f948da1b5512080596cd48f9f0209ecdc7b44a218198bab63aac423f8,validation
490,angel,U,3,U_orient3,41,1,angel/U/orient3/tilt_back_toward_1/landmarks_trimmed.json,27,27,18,"[0, 1, 3, 4, 6, 7, 9, 10, 12, 13, 15, 16, 18, 19, 21, 22, 24, 26]","[116.79999995231628, 226.19999992847443, 459.60000002384186, 573.0, 801.1999999284744, 912.7999999523163, 1138.3999999761581, 1246.0, 1479.0, 1608.7999999523163, 1842.1000000238419, 1953.7999999523163, 2183.899999976158, 2295.7999999523163, 2505.600000023842, 2622.0, 2863.2999999523163, 3080.2999999523163]",U,17,bd0f3d0de3a1aee9e6943d2cb0c18f29ff34da5cc9ef035102020024831c6623,train
491,angel,U,3,U_orient3,41,1,angel/U/orient3/tilt_forward_away_1/landmarks_trimmed.json,25,25,18,"[0, 1, 2, 4, 5, 7, 8, 9, 11, 12, 14, 15, 16, 18, 19, 21, 22, 24]","[125.30000007152557, 248.89999997615814, 366.39999997615814, 600.0, 723.3000000715256, 963.7000000476837, 1096.5, 1204.8999999761581, 1424.7000000476837, 1537.6000000238419, 1780.8999999761581, 1899.3000000715256, 2018.8000000715256, 2275.0, 2393.3000000715256, 2641.7000000476837, 2764.8000000715256, 3011.2000000476837]",U,17,d39736703272c4d4cf880b9b95b98767c6a1ba38456a38845ce1a0ad76863111,train
492,angel,U,3,U_orient3,41,1,angel/U/orient3/tilt_forward_neutral_1/landmarks_trimmed.json,26,26,18,"[0, 1, 2, 4, 5, 7, 8, 10, 11, 13, 14, 16, 17, 19, 20, 22, 23, 25]","[111.79999995231628, 222.0, 331.5, 573.1000000238419, 696.3999999761581, 948.8999999761581, 1072.1000000238419, 1318.1000000238419, 1433.3999999761581, 1664.7999999523163, 1780.0, 2017.6000000238419, 2132.899999976158, 2367.0, 2502.7999999523163, 2734.600000023842, 2857.2999999523163, 3112.399999976158]",U,17,5d6156834ebc9988860c934687919f6c03755f0ef412bdad76ec1f58472c6289,train
493,angel,U,3,U_orient3,41,2,angel/U/orient3/tilt_forward_neutral_2/landmarks_trimmed.json,27,27,18,"[0, 1, 3, 4, 6, 7, 9, 10, 12, 13, 15, 16, 18, 19, 21, 22, 24, 26]","[103.79999995231628, 216.79999995231628, 437.39999997615814, 542.2999999523163, 762.1000000238419, 867.1000000238419, 1099.1000000238419, 1210.7000000476837, 1433.2999999523163, 1544.2000000476837, 1785.2000000476837, 1905.7999999523163, 2117.600000023842, 2224.600000023842, 2466.2999999523163, 2582.7000000476837, 2797.2999999523163, 3034.600000023842]",U,17,faebbafcdf3b2fb59697809120c805bcaa76a8564d55446e02c4ed41ebc7107f,test
494,angel,U,3,U_orient3,41,1,angel/U/orient3/tilt_forward_toward_1/landmarks_trimmed.json,20,20,18,"[0, 1, 2, 3, 4, 5, 6, 7, 8, 10, 11, 12, 13, 14, 15, 16, 17, 19]","[115.10000002384186, 230.69999992847443, 350.1999999284744, 462.89999997615814, 572.6000000238419, 680.3999999761581, 799.5, 921.1000000238419, 1050.1000000238419, 1297.1000000238419, 1887.7999999523163, 2014.8999999761581, 2137.100000023842, 2277.100000023842, 2405.899999976158, 2519.2999999523163, 2639.1999999284744, 3024.2999999523163]",U,17,ab3a23a4440285129269b22ed1514427113c200a2f434620f21c9735b5ef9f34,validation
495,angel,U,3,U_orient3,41,1,angel/U/orient3/tilt_neutral_away_1/landmarks_trimmed.json,25,25,18,"[0, 1, 2, 4, 5, 7, 8, 9, 11, 12, 14, 15, 16, 18, 19, 21, 22, 24]","[121.89999997615814, 243.5, 357.10000002384186, 587.6000000238419, 698.0, 947.6000000238419, 1080.1000000238419, 1211.7000000476837, 1461.2000000476837, 1578.7000000476837, 1797.5, 1908.8999999761581, 2021.2999999523163, 2248.7000000476837, 2377.7999999523163, 2624.399999976158, 2746.5, 3016.5]",U,17,2aceb75b685e6bee641a6a6bd6a4c59ab71bbc6b003c2043d0d793e1114547af,train
496,angel,U,3,U_orient3,41,1,angel/U/orient3/tilt_neutral_neutral_1/landmarks_trimmed.json,26,26,18,"[0, 1, 2, 4, 5, 7, 8, 10, 11, 13, 14, 16, 17, 19, 20, 22, 23, 25]","[115.60000002384186, 227.19999992847443, 338.0, 571.8999999761581, 695.8999999761581, 976.8999999761581, 1102.0, 1329.2999999523163, 1439.0, 1662.8999999761581, 1772.8999999761581, 2026.8999999761581, 2155.899999976158, 2381.399999976158, 2491.2999999523163, 2725.899999976158, 2837.7999999523163, 3087.2999999523163]",U,17,f95aa9e00a3aadb1772ce2f987610b3703b8f69c13651b48b1aa3621da3f37b9,train
497,angel,U,3,U_orient3,41,2,angel/U/orient3/tilt_neutral_neutral_2/landmarks_trimmed.json,25,25,18,"[0, 1, 2, 4, 5, 7, 8, 9, 11, 12, 14, 15, 16, 18, 19, 21, 22, 24]","[115.5, 237.89999997615814, 351.60000002384186, 610.6000000238419, 739.8999999761581, 993.5, 1113.2000000476837, 1223.2000000476837, 1453.0, 1584.5, 1858.2000000476837, 1976.3999999761581, 2101.5, 2346.7000000476837, 2464.5, 2689.8000000715256, 2798.600000023842, 3029.8000000715256]",U,17,bc4f174b4595a2a033f2213423c8961c55d23b50295e430d69e27d3c2b01719b,train
498,angel,U,3,U_orient3,41,1,angel/U/orient3/tilt_neutral_toward_1/landmarks_trimmed.json,26,26,18,"[0, 1, 2, 4, 5, 7, 8, 10, 11, 13, 14, 16, 17, 19, 20, 22, 23, 25]","[107.59999990463257, 217.69999992847443, 343.1999999284744, 584.7999999523163, 711.0999999046326, 961.2999999523163, 1077.8999999761581, 1319.5, 1449.2999999523163, 1673.0, 1781.3999999761581, 2019.6999999284744, 2129.5999999046326, 2357.399999976158, 2473.5, 2698.399999976158, 2832.0, 3072.2999999523163]",U,17,deb86f0a0f3c19539960eaeea4d7f2fdc3749a031c0169633fa9aaf84917785d,train
499,angel,V,1,V_orient1,42,1,angel/V/orient1/tilt_back_away_1/landmarks_trimmed.json,23,23,18,"[0, 1, 2, 3, 5, 6, 7, 9, 10, 11, 12, 14, 15, 16, 18, 19, 20, 22]","[116.5, 236.39999997615814, 365.7999999523163, 492.1999999284744, 730.1999999284744, 859.0, 987.1999999284744, 1244.2999999523163, 1357.2999999523163, 1485.6000000238419, 1738.0, 1980.6000000238419, 2108.1999999284744, 2249.6999999284744, 2600.5, 2717.600000023842, 2836.600000023842, 3056.2999999523163]",V,18,7f5d93b2f7f277a93b0b692e18653bbc8028c121accd1e731162c68a8935dc56,validation
500,angel,V,1,V_orient1,42,1,angel/V/orient1/tilt_back_neutral_1/landmarks_trimmed.json,22,22,18,"[0, 1, 2, 3, 4, 6, 7, 8, 9, 11, 12, 13, 14, 16, 17, 18, 19, 21]","[118.10000002384186, 240.90000009536743, 352.5, 596.9000000953674, 735.3000000715256, 964.4000000953674, 1078.0, 1199.0, 1322.4000000953674, 1573.4000000953674, 1690.8000000715256, 2091.600000023842, 2213.0, 2472.100000023842, 2595.9000000953674, 2712.2000000476837, 2833.5, 3067.0]",V,18,57dd1594db34811442ed799766ce3771fa2f5d4fcb27c62807c4ecef3b88eabe,train
501,angel,V,1,V_orient1,42,2,angel/V/orient1/tilt_back_neutral_2/landmarks_trimmed.json,24,24,18,"[0, 1, 2, 4, 5, 6, 8, 9, 10, 12, 13, 14, 16, 17, 18, 20, 21, 23]","[111.90000009536743, 240.30000007152557, 378.90000009536743, 642.6000000238419, 760.0, 885.6000000238419, 1136.9000000953674, 1261.2000000476837, 1405.6000000238419, 1685.3000000715256, 1817.2000000476837, 1941.4000000953674, 2185.8000000715256, 2311.0, 2438.9000000953674, 2699.0, 2822.2000000476837, 3064.9000000953674]",V,18,dc6c0e673a1a6d270295c4d6316b017749b96ddfc1b49ecd39d17636d507f58f,train
502,angel,V,1,V_orient1,42,1,angel/V/orient1/tilt_back_toward_1/landmarks_trimmed.json,25,25,18,"[0, 1, 2, 4, 5, 7, 8, 9, 11, 12, 14, 15, 16, 18, 19, 21, 22, 24]","[127.09999990463257, 254.69999992847443, 394.39999997615814, 636.6999999284744, 754.2999999523163, 1001.3999999761581, 1136.1999999284744, 1258.8999999761581, 1506.2999999523163, 1630.3999999761581, 1871.6999999284744, 1982.0999999046326, 2094.1999999284744, 2340.399999976158, 2482.6999999284744, 2742.399999976158, 2863.899999976158, 3102.7999999523163]",V,18,e7ae3423f5529483c3c52b3255562739d5c8511ceacc9364588937a0648cd52a,validation
503,angel,V,1,V_orient1,42,1,angel/V/orient1/tilt_forward_away_1/landmarks_trimmed.json,24,24,18,"[0, 1, 2, 4, 5, 6, 8, 9, 10, 12, 13, 14, 16, 17, 18, 20, 21, 23]","[131.19999992847443, 269.5, 398.7999999523163, 646.8999999761581, 767.1000000238419, 896.3999999761581, 1164.3999999761581, 1282.7999999523163, 1398.6999999284744, 1659.0, 1780.1999999284744, 1900.0, 2160.600000023842, 2289.2999999523163, 2410.399999976158, 2686.0, 2810.2999999523163, 3055.0]",V,18,e0d59b35033a1901722c659e92778ac77371d9b6c896f191cbdc5ed7d8714728,test
504,angel,V,1,V_orient1,42,1,angel/V/orient1/tilt_forward_neutral_1/landmarks_trimmed.json,26,26,18,"[0, 1, 2, 4, 5, 7, 8, 10, 11, 13, 14, 16, 17, 19, 20, 22, 23, 25]","[114.89999997615814, 225.0, 335.3000000715256, 566.5, 674.7000000476837, 905.8999999761581, 1019.8000000715256, 1255.3999999761581, 1375.3999999761581, 1616.8000000715256, 1734.8999999761581, 1968.2000000476837, 2085.2000000476837, 2333.5, 2463.8000000715256, 2716.7000000476837, 2859.3000000715256, 3105.399999976158]",V,18,9e1b3a9a6738c6555600ac3f4566e70e4883de809bcdcddb02a07d5d60e5c13e,train
505,angel,V,1,V_orient1,42,2,angel/V/orient1/tilt_forward_neutral_2/landmarks_trimmed.json,24,24,18,"[0, 1, 2, 4, 5, 6, 8, 9, 10, 12, 13, 14, 16, 17, 18, 20, 21, 23]","[245.39999997615814, 362.6999999284744, 599.6000000238419, 845.6999999284744, 965.1000000238419, 1081.1000000238419, 1310.5, 1431.1999999284744, 1557.8999999761581, 1806.1999999284744, 1918.1999999284744, 2029.8999999761581, 2269.5, 2383.7999999523163, 2497.600000023842, 2741.5, 2872.5, 3118.600000023842]",V,18,f53bf6d8254b77c12f81956a10681bbd36ede8e7373acb0a029dc220ea83cd71,train
506,angel,V,1,V_orient1,42,1,angel/V/orient1/tilt_forward_toward_1/landmarks_trimmed.json,21,21,18,"[0, 1, 2, 3, 4, 5, 7, 8, 9, 10, 11, 12, 14, 15, 16, 17, 18, 20]","[111.89999997615814, 238.69999992847443, 359.1999999284744, 475.39999997615814, 603.0999999046326, 723.7999999523163, 956.6999999284744, 1075.8999999761581, 1197.8999999761581, 1323.6999999284744, 1437.0999999046326, 1551.6999999284744, 1786.1999999284744, 1905.2999999523163, 2177.5, 2686.7999999523163, 2817.899999976158, 3059.899999976158]",V,18,1930800f6e2a80cc38b833f2372c7545223713afad298f991354f3c42de238c2,train
507,angel,V,1,V_orient1,42,1,angel/V/orient1/tilt_neutral_away_1/landmarks_trimmed.json,24,24,18,"[0, 1, 2, 4, 5, 6, 8, 9, 10, 12, 13, 14, 16, 17, 18, 20, 21, 23]","[124.60000002384186, 254.20000004768372, 385.89999997615814, 649.8999999761581, 769.0, 892.1000000238419, 1145.3999999761581, 1267.0, 1410.3999999761581, 1679.8999999761581, 1808.6000000238419, 1924.0, 2156.600000023842, 2287.2000000476837, 2414.600000023842, 2683.399999976158, 2808.0, 3033.600000023842]",V,18,45c513ad9d62c380ec7cb185b8f33474788ad1200ac60fcf1ad7b70c3a710207,train
508,angel,V,1,V_orient1,42,1,angel/V/orient1/tilt_neutral_neutral_1/landmarks_trimmed.json,23,23,18,"[0, 1, 2, 3, 5, 6, 7, 9, 10, 11, 12, 14, 15, 16, 18, 19, 20, 22]","[113.20000004768372, 230.70000004768372, 499.2000000476837, 626.5, 887.3000000715256, 1149.1000000238419, 1280.5, 1539.3999999761581, 1658.3000000715256, 1776.8000000715256, 1888.8999999761581, 2129.600000023842, 2249.100000023842, 2369.5, 2623.2000000476837, 2741.600000023842, 2869.600000023842, 3112.5]",V,18,b2fa46d3037b0e03e1e17a723707403cfd20ffa1212f98ff4c9073403e3082e0,train
509,angel,V,1,V_orient1,42,2,angel/V/orient1/tilt_neutral_neutral_2/landmarks_trimmed.json,25,25,18,"[0, 1, 2, 4, 5, 7, 8, 9, 11, 12, 14, 15, 16, 18, 19, 21, 22, 24]","[115.5, 231.5, 346.09999990463257, 579.3999999761581, 693.5, 951.0999999046326, 1077.6999999284744, 1207.0999999046326, 1446.0, 1573.7999999523163, 1816.2999999523163, 1944.0, 2068.899999976158, 2298.7999999523163, 2417.2999999523163, 2646.399999976158, 2758.6999999284744, 3101.5999999046326]",V,18,9af00b140e0b11931b2c73b6a870d2f9ba716df81067bd843d1f37a14cd38dac,train
510,angel,V,1,V_orient1,42,1,angel/V/orient1/tilt_neutral_toward_1/landmarks_trimmed.json,25,25,18,"[0, 1, 2, 4, 5, 7, 8, 9, 11, 12, 14, 15, 16, 18, 19, 21, 22, 24]","[114.89999997615814, 245.59999990463257, 371.0, 625.0999999046326, 749.6999999284744, 983.6999999284744, 1101.1999999284744, 1225.8999999761581, 1489.0, 1620.5999999046326, 1862.1999999284744, 1993.0999999046326, 2129.0, 2373.899999976158, 2500.0999999046326, 2760.6999999284744, 2876.0999999046326, 3094.2999999523163]",V,18,82d28fbf690659de4db6c7066a88d3788f5d09805287f399047cdd8ca9e34930,train
511,angel,V,2,V_orient2,43,1,angel/V/orient2/tilt_back_away_1/landmarks_trimmed.json,28,28,18,"[0, 1, 3, 4, 6, 7, 9, 11, 12, 14, 15, 17, 19, 20, 22, 23, 25, 27]","[101.0, 197.60000002384186, 413.2000000476837, 521.8000000715256, 728.7000000476837, 832.8000000715256, 1032.3000000715256, 1239.8000000715256, 1353.8000000715256, 1587.7000000476837, 1703.7000000476837, 1909.1000000238419, 2204.0, 2310.600000023842, 2522.100000023842, 2624.3000000715256, 2832.8000000715256, 3038.600000023842]",V,18,983d640fd86f6e066dd52231e260d89ecd94deac2b3c121768ed28a0057ae498,train
512,angel,V,2,V_orient2,43,1,angel/V/orient2/tilt_back_neutral_1/landmarks_trimmed.json,28,28,18,"[0, 1, 3, 4, 6, 7, 9, 11, 12, 14, 15, 17, 19, 20, 22, 23, 25, 27]","[108.10000002384186, 219.60000002384186, 436.39999997615814, 548.3999999761581, 760.6999999284744, 871.3999999761581, 1094.6999999284744, 1312.8999999761581, 1421.6000000238419, 1653.3999999761581, 1762.6999999284744, 1982.0, 2204.7999999523163, 2309.600000023842, 2530.5, 2642.5, 2856.7999999523163, 3095.399999976158]",V,18,8bfd1fd2ba11af591b200a9efdf0408bb2501d06ece263212fccb691b34f79ca,validation
513,angel,V,2,V_orient2,43,2,angel/V/orient2/tilt_back_neutral_2/landmarks_trimmed.json,30,30,18,"[0, 1, 3, 5, 6, 8, 10, 11, 13, 15, 17, 18, 20, 22, 23, 25, 27, 29]","[102.10000002384186, 218.40000009536743, 411.90000009536743, 623.3000000715256, 726.6000000238419, 941.9000000953674, 1150.4000000953674, 1258.4000000953674, 1451.6000000238419, 1644.6000000238419, 1855.3000000715256, 1960.2000000476837, 2171.7000000476837, 2375.2000000476837, 2472.7000000476837, 2680.5, 2882.0, 3088.2000000476837]",V,18,0748cca01b0ce330d651fea070b4a693d5de7b6745f2815ed51017e854294b02,train
514,angel,V,2,V_orient2,43,1,angel/V/orient2/tilt_back_toward_1/landmarks_trimmed.json,25,25,18,"[0, 1, 2, 4, 5, 7, 8, 9, 11, 12, 14, 15, 16, 18, 19, 21, 22, 24]","[98.39999997615814, 220.20000004768372, 332.5, 559.3000000715256, 681.5, 962.6000000238419, 1105.7000000476837, 1265.5, 1571.2000000476837, 1701.6000000238419, 1969.5, 2083.7000000476837, 2185.8000000715256, 2383.7000000476837, 2490.399999976158, 2707.100000023842, 2802.8000000715256, 3028.600000023842]",V,18,e3d7932251ff7e83c6d8635eebe74d11a84be71a64fef3d72064d2e5b970b0e3,validation
515,angel,V,2,V_orient2,43,1,angel/V/orient2/tilt_forward_away_1/landmarks_trimmed.json,24,24,18,"[0, 1, 2, 4, 5, 6, 8, 9, 10, 12, 13, 14, 16, 17, 18, 20, 21, 23]","[134.39999997615814, 265.2000000476837, 382.60000002384186, 617.2000000476837, 738.6000000238419, 862.5, 1104.2000000476837, 1331.2999999523163, 1453.3999999761581, 1714.1000000238419, 1839.1000000238419, 1966.2999999523163, 2219.5, 2347.899999976158, 2466.100000023842, 2691.399999976158, 2801.2999999523163, 3017.2999999523163]",V,18,4f450083af96bcb14daa6dd554d490be4b79c8f2fb685b8825652c8f1765e69a,train
516,angel,V,2,V_orient2,43,1,angel/V/orient2/tilt_forward_neutral_1/landmarks_trimmed.json,22,22,18,"[0, 1, 2, 3, 4, 6, 7, 8, 9, 11, 12, 13, 14, 16, 17, 18, 19, 21]","[111.60000002384186, 334.5, 448.39999997615814, 562.2999999523163, 682.7999999523163, 928.6000000238419, 1053.8999999761581, 1169.3999999761581, 1286.2000000476837, 1522.5, 1749.2000000476837, 1857.1000000238419, 1970.5, 2449.5, 2566.600000023842, 2681.2000000476837, 2799.7000000476837, 3032.600000023842]",V,18,4c81fd31632e87f7094ea9d202a62a0ac68c43544d4fa8f27a94f17f3f369bc0,train
517,angel,V,2,V_orient2,43,2,angel/V/orient2/tilt_forward_neutral_2/landmarks_trimmed.json,24,24,18,"[0, 1, 2, 4, 5, 6, 8, 9, 10, 12, 13, 14, 16, 17, 18, 20, 21, 23]","[124.09999990463257, 236.69999992847443, 357.7999999523163, 608.5999999046326, 749.8999999761581, 868.7999999523163, 1210.8999999761581, 1329.3999999761581, 1447.8999999761581, 1703.3999999761581, 1832.2999999523163, 1952.3999999761581, 2206.0999999046326, 2350.6999999284744, 2491.5, 2745.2999999523163, 2874.0, 3127.5999999046326]",V,18,d5619d9ee30920e2c6ff7f34a9ab521ad105b7870bb5a94fc40ceefb86d5d0e6,test
518,angel,V,2,V_orient2,43,1,angel/V/orient2/tilt_forward_toward_1/landmarks_trimmed.json,25,25,18,"[0, 1, 2, 4, 5, 7, 8, 9, 11, 12, 14, 15, 16, 18, 19, 21, 22, 24]","[111.0, 223.40000009536743, 341.3000000715256, 596.8000000715256, 729.4000000953674, 977.4000000953674, 1093.7000000476837, 1233.1000000238419, 1478.2000000476837, 1590.2000000476837, 1854.7000000476837, 1979.5, 2097.9000000953674, 2345.0, 2461.9000000953674, 2705.100000023842, 2819.3000000715256, 3065.4000000953674]",V,18,6294e37642a3cca101d61217b598c20a8aceb5eb0c7bd201e4705262b04c299b,train
519,angel,V,2,V_orient2,43,1,angel/V/orient2/tilt_neutral_away_1/landmarks_trimmed.json,29,29,18,"[0, 1, 3, 4, 6, 8, 9, 11, 13, 14, 16, 18, 19, 21, 23, 24, 26, 28]","[95.39999997615814, 190.39999997615814, 398.60000002384186, 501.7000000476837, 728.3000000715256, 947.7000000476837, 1064.8000000715256, 1285.3000000715256, 1489.5, 1594.2000000476837, 1802.8999999761581, 2010.3999999761581, 2106.399999976158, 2311.399999976158, 2519.600000023842, 2620.7000000476837, 2818.2000000476837, 3015.2000000476837]",V,18,e5bd5ff2df750914b792866839f13b66d2d217ba9ae3fa9250422c31034ee37e,test
520,angel,V,2,V_orient2,43,1,angel/V/orient2/tilt_neutral_neutral_1/landmarks_trimmed.json,28,28,18,"[0, 1, 3, 4, 6, 7, 9, 11, 12, 14, 15, 17, 19, 20, 22, 23, 25, 27]","[130.80000007152557, 254.30000007152557, 494.10000002384186, 605.5, 843.2000000476837, 959.8999999761581, 1182.7000000476837, 1423.3999999761581, 1555.7000000476837, 1793.6000000238419, 1905.6000000238419, 2099.0, 2302.5, 2395.899999976158, 2588.899999976158, 2687.5, 2880.899999976158, 3088.8000000715256]",V,18,32e2438a652a768ff221358ec0aa8815ab851d35331ae15c5e2bf2a4876f5a33,train
521,angel,V,2,V_orient2,43,2,angel/V/orient2/tilt_neutral_neutral_2/landmarks_trimmed.json,23,23,18,"[0, 1, 2, 3, 5, 6, 7, 9, 10, 11, 12, 14, 15, 16, 18, 19, 20, 22]","[108.30000007152557, 206.80000007152557, 306.7000000476837, 406.3000000715256, 618.6000000238419, 729.3999999761581, 913.2000000476837, 1340.8000000715256, 1563.8000000715256, 1771.8000000715256, 1967.6000000238419, 2243.100000023842, 2345.2000000476837, 2450.100000023842, 2653.3000000715256, 2751.8000000715256, 2853.7000000476837, 3042.5]",V,18,6218cbed7ea89f00b49e93e875bd3499513a3fff83684205544eadc600d1ca56,train
522,angel,V,3,V_orient3,44,1,angel/V/orient3/tilt_back_away_1/landmarks_trimmed.json,31,31,18,"[0, 1, 3, 5, 7, 8, 10, 12, 14, 15, 17, 19, 21, 22, 24, 26, 28, 30]","[125.30000007152557, 253.40000009536743, 448.7000000476837, 662.0, 869.4000000953674, 967.3000000715256, 1168.3000000715256, 1352.7000000476837, 1533.2000000476837, 1633.1000000238419, 1827.4000000953674, 2022.0, 2209.0, 2301.0, 2488.2000000476837, 2662.9000000953674, 2840.8000000715256, 3020.4000000953674]",V,18,0d77c0d1d6b471958f0d427f2a1caaacc3fcc2ef60c481a0bb288fa20aa5bb7a,train
523,angel,V,3,V_orient3,44,1,angel/V/orient3/tilt_back_neutral_1/landmarks_trimmed.json,28,28,18,"[0, 1, 3, 4, 6, 7, 9, 11, 12, 14, 15, 17, 19, 20, 22, 23, 25, 27]","[101.29999995231628, 194.69999992847443, 367.39999997615814, 464.10000002384186, 656.8999999761581, 752.2999999523163, 947.6999999284744, 1147.1999999284744, 1246.2999999523163, 1438.6999999284744, 1724.8999999761581, 1946.1000000238419, 2157.399999976158, 2255.2999999523163, 2448.0, 2545.1999999284744, 2723.899999976158, 3001.5]",V,18,c8e10f41d6d328eee99d19b0154e51964b9df940b582c85fe1cd7b093bf05bf8,test
524,angel,V,3,V_orient3,44,2,angel/V/orient3/tilt_back_neutral_2/landmarks_trimmed.json,27,27,18,"[0, 1, 3, 4, 6, 7, 9, 10, 12, 13, 15, 16, 18, 19, 21, 22, 24, 26]","[111.89999997615814, 221.10000002384186, 422.3000000715256, 513.6000000238419, 706.3000000715256, 802.7000000476837, 980.1000000238419, 1066.0, 1247.3000000715256, 1335.3999999761581, 1622.3999999761581, 1715.8000000715256, 2019.8000000715256, 2222.5, 2435.5, 2531.399999976158, 2797.0, 2990.100000023842]",V,18,9b6e2051f780f24ce9daec74924d7de0b62dab3c4bfd0c6ab0fd7d1ff54a7156,train
525,angel,V,3,V_orient3,44,1,angel/V/orient3/tilt_back_toward_1/landmarks_trimmed.json,34,34,18,"[0, 1, 3, 5, 7, 9, 11, 13, 15, 17, 19, 21, 23, 25, 27, 29, 31, 33]","[98.5, 197.60000002384186, 382.10000002384186, 559.3999999761581, 755.6999999284744, 947.1999999284744, 1135.5, 1304.6000000238419, 1485.7999999523163, 1660.1999999284744, 1836.5, 2014.0, 2185.5, 2351.600000023842, 2541.2999999523163, 2729.600000023842, 2906.5, 3077.2999999523163]",V,18,0a2093c7f5d63d1b3ab071cfd2e397a53076c292cee1c6eee58765d3697968be,train
526,angel,V,3,V_orient3,44,1,angel/V/orient3/tilt_forward_away_1/landmarks_trimmed.json,30,30,18,"[0, 1, 3, 5, 6, 8, 10, 11, 13, 15, 17, 18, 20, 22, 23, 25, 27, 29]","[92.39999997615814, 196.59999990463257, 385.0, 572.3999999761581, 662.6999999284744, 947.8999999761581, 1225.6999999284744, 1308.3999999761581, 1488.3999999761581, 1679.5999999046326, 1874.5999999046326, 1968.3999999761581, 2253.6999999284744, 2433.5, 2518.0, 2694.0999999046326, 2884.0999999046326, 3069.6999999284744]",V,18,823c2374d5bf7729d7b66757b9884dcfaac7b135064b8b4c08dc883510576c86,train
527,angel,V,3,V_orient3,44,1,angel/V/orient3/tilt_forward_neutral_1/landmarks_trimmed.json,27,27,18,"[0, 1, 3, 4, 6, 7, 9, 10, 12, 13, 15, 16, 18, 19, 21, 22, 24, 26]","[104.0, 206.39999997615814, 409.39999997615814, 501.2999999523163, 695.5, 803.3999999761581, 1011.1999999284744, 1118.1999999284744, 1514.1999999284744, 1618.6999999284744, 1822.6999999284744, 1924.0, 2121.6999999284744, 2223.6999999284744, 2446.1999999284744, 2563.600000023842, 2795.1999999284744, 3019.899999976158]",V,18,a3d8c30e94cea69099d18d82744e4c19da336ae86313521add124257dc1adf63,train
528,angel,V,3,V_orient3,44,2,angel/V/orient3/tilt_forward_neutral_2/landmarks_trimmed.json,28,28,18,"[0, 1, 3, 4, 6, 7, 9, 11, 12, 14, 15, 17, 19, 20, 22, 23, 25, 27]","[101.20000004768372, 198.39999997615814, 591.3999999761581, 698.3000000715256, 905.5, 1009.3000000715256, 1205.7000000476837, 1397.8000000715256, 1498.2000000476837, 1710.5, 1814.3000000715256, 2015.0, 2221.399999976158, 2325.899999976158, 2519.8000000715256, 2614.7000000476837, 2806.0, 3014.7000000476837]",V,18,3d91a9a0af1cd662fd19c09db8016bc59f459dc7f5cdc84f424e620b4a46c59e,train
529,angel,V,3,V_orient3,44,1,angel/V/orient3/tilt_forward_toward_1/landmarks_trimmed.json,30,30,18,"[0, 1, 3, 5, 6, 8, 10, 11, 13, 15, 17, 18, 20, 22, 23, 25, 27, 29]","[94.60000002384186, 188.89999997615814, 387.7999999523163, 581.2999999523163, 684.7999999523163, 875.2999999523163, 1085.6000000238419, 1187.5, 1387.6999999284744, 1578.7999999523163, 1791.5, 1895.8999999761581, 2105.6999999284744, 2314.600000023842, 2418.1999999284744, 2610.1999999284744, 2800.5, 3000.899999976158]",V,18,c0e46689c4e66db6f5d6cc33c6cf0e96c3354c9b2e62679c429012e59b3177f7,train
530,angel,V,3,V_orient3,44,1,angel/V/orient3/tilt_neutral_away_1/landmarks_trimmed.json,33,33,18,"[0, 1, 3, 5, 7, 9, 11, 13, 15, 16, 18, 20, 22, 24, 26, 28, 30, 32]","[91.19999992847443, 185.0, 371.6999999284744, 567.5999999046326, 754.0999999046326, 935.0, 1112.5, 1284.5, 1472.1999999284744, 1565.3999999761581, 1756.2999999523163, 1946.3999999761581, 2141.2999999523163, 2330.6999999284744, 2503.5999999046326, 2677.5, 2867.5999999046326, 3036.0]",V,18,d1b57d16517c3e0ab04b00a8a1d7dde515328641454b44a822927a1298276fcb,test
531,angel,V,3,V_orient3,44,1,angel/V/orient3/tilt_neutral_neutral_1/landmarks_trimmed.json,33,33,18,"[0, 1, 3, 5, 7, 9, 11, 13, 15, 16, 18, 20, 22, 24, 26, 28, 30, 32]","[92.39999997615814, 177.60000002384186, 352.7000000476837, 541.0, 730.7999999523163, 900.7000000476837, 1073.8999999761581, 1260.7000000476837, 1406.5, 1496.1000000238419, 1667.2000000476837, 1834.8999999761581, 2098.7999999523163, 2285.2000000476837, 2474.2000000476837, 2660.2000000476837, 2845.7000000476837, 3017.7000000476837]",V,18,78035ea4d6b59db8b43dcc001f278290b2cdadef6aa4b2a7262c0a18a328682f,validation
532,angel,V,3,V_orient3,44,2,angel/V/orient3/tilt_neutral_neutral_2/landmarks_trimmed.json,34,34,18,"[0, 1, 3, 5, 7, 9, 11, 13, 15, 17, 19, 21, 23, 25, 27, 29, 31, 33]","[95.30000007152557, 188.5, 375.89999997615814, 561.6000000238419, 729.6000000238419, 908.0, 1043.3000000715256, 1216.3999999761581, 1396.7000000476837, 1540.1000000238419, 1719.0, 1891.7000000476837, 2072.5, 2263.399999976158, 2455.3000000715256, 2639.8000000715256, 2829.7000000476837, 3019.0]",V,18,bb6231538272aa8e31d05201c7205f40e187dec430c8d56411239edc88f40edc,train
533,angel,V,3,V_orient3,44,1,angel/V/orient3/tilt_neutral_toward_1/landmarks_trimmed.json,31,31,18,"[0, 1, 3, 5, 7, 8, 10, 12, 14, 15, 17, 19, 21, 22, 24, 26, 28, 30]","[91.90000009536743, 185.5, 440.90000009536743, 707.2000000476837, 893.4000000953674, 987.7000000476837, 1176.3000000715256, 1351.8000000715256, 1625.6000000238419, 1722.1000000238419, 1914.3000000715256, 2091.0, 2265.0, 2360.600000023842, 2531.100000023842, 2702.7000000476837, 2876.5, 3056.600000023842]",V,18,51f3f36c68470d1f9d1ff73d2ab4eba76d9d8b5ba06d0c3121eded7626f10803,train
534,angel,W,1,W_orient1,45,1,angel/W/orient1/tilt_back_away_1/landmarks_trimmed.json,31,31,18,"[0, 1, 3, 5, 7, 8, 10, 12, 14, 15, 17, 19, 21, 22, 24, 26, 28, 30]","[99.40000009536743, 201.0, 396.8000000715256, 588.5, 766.5, 863.7000000476837, 1174.5, 1373.0, 1573.7000000476837, 1669.2000000476837, 1845.5, 2025.1000000238419, 2221.100000023842, 2316.100000023842, 2496.2000000476837, 2687.2000000476837, 2866.7000000476837, 3048.9000000953674]",W,19,3e43d29f1f6a160e36b3dc5a3456b2b1b923abc8bdcbb2f1e8f29f0a7d8b0521,test
535,angel,W,1,W_orient1,45,1,angel/W/orient1/tilt_back_neutral_1/landmarks_trimmed.json,27,27,18,"[0, 1, 3, 4, 6, 7, 9, 10, 12, 13, 15, 16, 18, 19, 21, 22, 24, 26]","[92.89999997615814, 288.1999999284744, 593.8999999761581, 686.7999999523163, 870.6999999284744, 971.5, 1163.3999999761581, 1259.2999999523163, 1655.7999999523163, 1758.1999999284744, 1962.1999999284744, 2059.600000023842, 2237.2999999523163, 2336.2999999523163, 2543.100000023842, 2641.1999999284744, 2819.5, 3004.5]",W,19,affbfa24c6dfc55a27c335d187c90c68cc80c28a75b2262ea0e92c099b4ca8c7,test
536,angel,W,1,W_orient1,45,2,angel/W/orient1/tilt_back_neutral_2/landmarks_trimmed.json,31,31,18,"[0, 1, 3, 5, 7, 8, 10, 12, 14, 15, 17, 19, 21, 22, 24, 26, 28, 30]","[85.30000007152557, 191.30000007152557, 380.10000002384186, 553.6000000238419, 740.5, 837.2000000476837, 1043.9000000953674, 1255.9000000953674, 1461.6000000238419, 1565.2000000476837, 1762.8000000715256, 1959.2000000476837, 2153.3000000715256, 2250.100000023842, 2444.7000000476837, 2642.100000023842, 2834.600000023842, 3024.7000000476837]",W,19,e22298057d7613b3fd958cd5aad72176ab5cae44b3f95facf170dbc51688f2db,train
537,angel,W,1,W_orient1,45,1,angel/W/orient1/tilt_back_toward_1/landmarks_trimmed.json,34,34,18,"[0, 1, 3, 5, 7, 9, 11, 13, 15, 17, 19, 21, 23, 25, 27, 29, 31, 33]","[84.80000007152557, 176.89999997615814, 362.3000000715256, 548.3000000715256, 734.7000000476837, 911.8999999761581, 1087.6000000238419, 1273.6000000238419, 1468.1000000238419, 1664.2000000476837, 1850.6000000238419, 2040.8000000715256, 2170.3000000715256, 2270.5, 2442.8000000715256, 2629.899999976158, 2811.8000000715256, 3019.0]",W,19,80cc70e922261b50943edae0f0937f2ea2896d93ee33a880448b185f522ac068,train
538,angel,W,1,W_orient1,45,1,angel/W/orient1/tilt_forward_away_1/landmarks_trimmed.json,32,32,18,"[0, 1, 3, 5, 7, 9, 10, 12, 14, 16, 18, 20, 21, 23, 25, 27, 29, 31]","[120.09999990463257, 221.69999992847443, 437.7999999523163, 628.0999999046326, 797.6999999284744, 978.7999999523163, 1066.0999999046326, 1261.1999999284744, 1452.5, 1643.3999999761581, 1834.5, 2020.2999999523163, 2105.7999999523163, 2272.7999999523163, 2464.5, 2652.1999999284744, 2841.0999999046326, 3015.399999976158]",W,19,8734c622d8dbdfc8eb6991e2fceb1eb79527a4602b4bbd1cc709007092bd915e,validation
539,angel,W,1,W_orient1,45,1,angel/W/orient1/tilt_forward_neutral_1/landmarks_trimmed.json,32,32,18,"[0, 1, 3, 5, 7, 9, 10, 12, 14, 16, 18, 20, 21, 23, 25, 27, 29, 31]","[96.69999992847443, 194.19999992847443, 398.1999999284744, 581.3999999761581, 758.1999999284744, 959.1999999284744, 1059.5, 1261.2999999523163, 1459.5999999046326, 1659.6999999284744, 1848.2999999523163, 2042.5, 2136.7999999523163, 2325.1999999284744, 2515.7999999523163, 2696.6999999284744, 2885.899999976158, 3085.1999999284744]",W,19,52c5c8980e0e7d5513af6e51e1a60539646f01683f7c58394a59a9a4fc2e221a,validation
540,angel,W,1,W_orient1,45,2,angel/W/orient1/tilt_forward_neutral_2/landmarks_trimmed.json,31,31,18,"[0, 1, 3, 5, 7, 8, 10, 12, 14, 15, 17, 19, 21, 22, 24, 26, 28, 30]","[89.70000004768372, 184.5, 378.39999997615814, 594.0, 794.8000000715256, 897.1000000238419, 1112.7000000476837, 1307.8999999761581, 1496.3999999761581, 1579.2000000476837, 1764.8999999761581, 1947.8000000715256, 2117.600000023842, 2209.0, 2395.3000000715256, 2567.5, 2738.7000000476837, 2920.600000023842]",W,19,f9dc238a00e3bb4f0bb0a7bf8253bbdc72569318974913818365e8776a806e1d,train
541,angel,W,1,W_orient1,45,1,angel/W/orient1/tilt_forward_toward_1/landmarks_trimmed.json,32,32,18,"[0, 1, 3, 5, 7, 9, 10, 12, 14, 16, 18, 20, 21, 23, 25, 27, 29, 31]","[96.5, 193.39999997615814, 383.2999999523163, 567.7999999523163, 762.7999999523163, 951.3999999761581, 1049.0, 1240.2000000476837, 1433.2000000476837, 1619.5, 1812.6000000238419, 1988.7000000476837, 2088.600000023842, 2278.7999999523163, 2469.2000000476837, 2658.7000000476837, 2856.600000023842, 3037.7999999523163]",W,19,ac411db6a2389f7ee70f0ef89b5676cd87f8856a72b50d10d6e2056f859b0ac6,train
542,angel,W,1,W_orient1,45,1,angel/W/orient1/tilt_neutral_away_1/landmarks_trimmed.json,31,31,18,"[0, 1, 3, 5, 7, 8, 10, 12, 14, 15, 17, 19, 21, 22, 24, 26, 28, 30]","[98.5, 186.80000007152557, 374.10000002384186, 569.3999999761581, 768.0, 866.6000000238419, 1064.3000000715256, 1265.3999999761581, 1455.2000000476837, 1541.5, 1716.1000000238419, 1908.6000000238419, 2111.5, 2217.2000000476837, 2417.600000023842, 2643.0, 2847.600000023842, 3021.3000000715256]",W,19,b26fbd2bc669cfe61e3a71f3fcd23b458f075c420f032658b3e4ab6ea614b643,train
543,angel,W,1,W_orient1,45,1,angel/W/orient1/tilt_neutral_neutral_1/landmarks_trimmed.json,32,32,18,"[0, 1, 3, 5, 7, 9, 10, 12, 14, 16, 18, 20, 21, 23, 25, 27, 29, 31]","[95.29999995231628, 198.79999995231628, 380.59999990463257, 560.7999999523163, 700.1999999284744, 891.8999999761581, 982.5, 1166.1999999284744, 1357.0, 1539.2999999523163, 1741.0999999046326, 1948.5, 2053.2999999523163, 2271.7999999523163, 2480.1999999284744, 2681.1999999284744, 2866.7999999523163, 3069.5999999046326]",W,19,faeaf08c12cf4a5810fe264a32454c154c63e6f54242eed89acb74ce85a5fa6e,train
544,angel,W,1,W_orient1,45,2,angel/W/orient1/tilt_neutral_neutral_2/landmarks_trimmed.json,34,34,18,"[0, 1, 3, 5, 7, 9, 11, 13, 15, 17, 19, 21, 23, 25, 27, 29, 31, 33]","[100.19999992847443, 192.59999990463257, 370.0, 557.8999999761581, 752.7999999523163, 929.7999999523163, 1120.7999999523163, 1326.5999999046326, 1523.3999999761581, 1717.3999999761581, 1902.6999999284744, 1948.5, 2149.899999976158, 2350.2999999523163, 2548.0, 2729.1999999284744, 2907.5, 3090.1999999284744]",W,19,12ea669e41c72e62fceb8c74c6776d39f3be30717ed101661e2d240b7900fb17,train
545,angel,W,1,W_orient1,45,1,angel/W/orient1/tilt_neutral_toward_1/landmarks_trimmed.json,31,31,18,"[0, 1, 3, 5, 7, 8, 10, 12, 14, 15, 17, 19, 21, 22, 24, 26, 28, 30]","[103.89999997615814, 193.89999997615814, 370.39999997615814, 546.8999999761581, 726.6000000238419, 815.0, 1012.7000000476837, 1198.1000000238419, 1393.3999999761581, 1483.3000000715256, 1660.0, 1839.6000000238419, 2016.0, 2110.100000023842, 2341.7000000476837, 2596.399999976158, 2845.899999976158, 3062.3000000715256]",W,19,bfdd64892c204c72dd3f93c287421fc5e8afdb6ef4260b7f4325693628a4eed8,train
546,angel,X,1,X_orient1,46,1,angel/X/orient1/tilt_back_away_1/landmarks_trimmed.json,33,33,18,"[0, 1, 3, 5, 7, 9, 11, 13, 15, 16, 18, 20, 22, 24, 26, 28, 30, 32]","[90.60000002384186, 199.89999997615814, 377.39999997615814, 561.0, 745.1000000238419, 958.7999999523163, 1146.6000000238419, 1327.7999999523163, 1513.7999999523163, 1608.6000000238419, 1815.1000000238419, 2019.3999999761581, 2201.100000023842, 2385.100000023842, 2580.0, 2762.2999999523163, 2954.2000000476837, 3005.0]",X,20,67283ba9e6fb6d0f55d9edcd6c9d1d7874f6a8d340ec0facced21e59a0583f1c,validation
547,angel,X,1,X_orient1,46,1,angel/X/orient1/tilt_back_neutral_1/landmarks_trimmed.json,28,28,18,"[0, 1, 3, 4, 6, 7, 9, 11, 12, 14, 15, 17, 19, 20, 22, 23, 25, 27]","[314.60000002384186, 597.1999999284744, 782.8999999761581, 869.0, 1068.0, 1168.8999999761581, 1354.5, 1553.7999999523163, 1646.0, 1835.1999999284744, 1933.2999999523163, 2123.600000023842, 2314.600000023842, 2414.1999999284744, 2607.5, 2694.100000023842, 2875.0, 3069.1999999284744]",X,20,ce746d39009b6ece7d48a08ab485d72afa9d4f74b36a3c6eab504952c02e2ac0,train
548,angel,X,1,X_orient1,46,2,angel/X/orient1/tilt_back_neutral_2/landmarks_trimmed.json,27,27,18,"[0, 1, 3, 4, 6, 7, 9, 10, 12, 13, 15, 16, 18, 19, 21, 22, 24, 26]","[104.59999990463257, 204.5, 403.2999999523163, 430.5, 625.2999999523163, 713.7999999523163, 1447.2999999523163, 1547.1999999284744, 1740.2999999523163, 1838.0, 2039.2999999523163, 2142.899999976158, 2311.399999976158, 2406.7999999523163, 2600.6999999284744, 2686.7999999523163, 2880.399999976158, 3073.899999976158]",X,20,0e844d2cfb86570c373cceea9c6f72638267ae177fa9663bb8766895609f8d1b,train
549,angel,X,1,X_orient1,46,1,angel/X/orient1/tilt_back_toward_1/landmarks_trimmed.json,32,32,18,"[0, 1, 3, 5, 7, 9, 10, 12, 14, 16, 18, 20, 21, 23, 25, 27, 29, 31]","[92.29999995231628, 180.0, 359.1999999284744, 553.7999999523163, 770.8999999761581, 975.1999999284744, 1062.0, 1251.7999999523163, 1450.3999999761581, 1626.7999999523163, 1829.5, 2020.3999999761581, 2118.5999999046326, 2318.1999999284744, 2515.5, 2707.899999976158, 2889.899999976158, 3077.1999999284744]",X,20,e2e272d2978f01db25b6aba2090f5c277eaadb842cede17b27add18af6bf92d0,validation
550,angel,X,1,X_orient1,46,1,angel/X/orient1/tilt_forward_away_1/landmarks_trimmed.json,36,36,18,"[0, 2, 4, 6, 8, 10, 12, 14, 16, 18, 20, 22, 24, 26, 28, 30, 32, 35]","[87.80000007152557, 269.3000000715256, 460.7000000476837, 645.8999999761581, 834.5, 1035.3999999761581, 1236.8000000715256, 1372.8000000715256, 1419.3000000715256, 1601.3999999761581, 1789.5, 1988.3000000715256, 2135.899999976158, 2178.399999976158, 2368.8000000715256, 2563.7000000476837, 2755.899999976158, 3052.399999976158]",X,20,56b9d4931117756c7400c8ebe03e6ae3875d65d41bea9bad3dd83d00d4deb693,train
551,angel,X,1,X_orient1,46,1,angel/X/orient1/tilt_forward_neutral_1/landmarks_trimmed.json,31,31,18,"[0, 1, 3, 5, 7, 8, 10, 12, 14, 15, 17, 19, 21, 22, 24, 26, 28, 30]","[91.89999997615814, 183.69999992847443, 362.2999999523163, 564.7999999523163, 763.6999999284744, 862.2999999523163, 1005.3999999761581, 1169.0, 1371.7999999523163, 1469.2999999523163, 1656.2999999523163, 1837.7999999523163, 2034.5, 2133.899999976158, 2306.5, 2646.7999999523163, 2823.399999976158, 3011.600000023842]",X,20,c27b84df61a15f0b9c4bed34e73bfcec186bab0f9658748bc59c4b65a30f1c5f,train
552,angel,X,1,X_orient1,46,2,angel/X/orient1/tilt_forward_neutral_2/landmarks_trimmed.json,32,32,18,"[0, 1, 3, 5, 7, 9, 10, 12, 14, 16, 18, 20, 21, 23, 25, 27, 29, 31]","[90.60000002384186, 183.69999992847443, 372.60000002384186, 559.8999999761581, 758.2999999523163, 957.1999999284744, 1053.0, 1232.7999999523163, 1426.1999999284744, 1614.0, 1797.6000000238419, 1991.1000000238419, 2087.2999999523163, 2283.1999999284744, 2425.1999999284744, 2607.899999976158, 2808.399999976158, 3005.600000023842]",X,20,4e5aa6dea2bc062dc2b99ea0fdea70c070123d5c3f90eaac2952e27e10da19ba,train
553,angel,X,1,X_orient1,46,1,angel/X/orient1/tilt_forward_toward_1/landmarks_trimmed.json,28,28,18,"[0, 1, 3, 4, 6, 7, 9, 11, 12, 14, 15, 17, 19, 20, 22, 23, 25, 27]","[97.10000002384186, 189.5, 375.3000000715256, 463.39999997615814, 658.0, 754.0, 938.5, 1116.1000000238419, 1208.3999999761581, 1389.6000000238419, 1478.2000000476837, 1666.1000000238419, 1844.7000000476837, 1939.7000000476837, 2517.3000000715256, 2619.600000023842, 2825.0, 3026.899999976158]",X,20,2da1b09bf3f871da3e2061ca8eb758523d25dee060f9efa4024d2801b7342dfe,train
554,angel,X,1,X_orient1,46,1,angel/X/orient1/tilt_neutral_away_1/landmarks_trimmed.json,28,28,18,"[0, 1, 3, 4, 6, 7, 9, 11, 12, 14, 15, 17, 19, 20, 22, 23, 25, 27]","[92.09999990463257, 182.29999995231628, 408.7999999523163, 503.2999999523163, 681.0999999046326, 770.0, 960.6999999284744, 1142.0, 1239.7999999523163, 1440.1999999284744, 1641.6999999284744, 2067.0, 2253.7999999523163, 2342.7999999523163, 2523.5999999046326, 2613.5, 2816.2999999523163, 3013.7999999523163]",X,20,05816449cbd8a506d1e4af621382aa300314099e28b68ffcdfa0bcfddbcd71b7,test
555,angel,X,1,X_orient1,46,1,angel/X/orient1/tilt_neutral_neutral_1/landmarks_trimmed.json,31,31,18,"[0, 1, 3, 5, 7, 8, 10, 12, 14, 15, 17, 19, 21, 22, 24, 26, 28, 30]","[93.79999995231628, 183.29999995231628, 385.10000002384186, 591.3999999761581, 792.8999999761581, 892.8999999761581, 1073.1999999284744, 1256.1999999284744, 1432.1999999284744, 1529.7999999523163, 1732.3999999761581, 1924.1000000238419, 2138.5, 2245.399999976158, 2440.0, 2630.100000023842, 2803.399999976158, 3002.399999976158]",X,20,df021da83198f4ae9c83847659ac5390444f39eef6c7cf35df374e59361e6487,train
556,angel,X,1,X_orient1,46,2,angel/X/orient1/tilt_neutral_neutral_2/landmarks_trimmed.json,32,32,18,"[0, 1, 3, 5, 7, 9, 10, 12, 14, 16, 18, 20, 21, 23, 25, 27, 29, 31]","[107.89999997615814, 202.89999997615814, 396.89999997615814, 577.5, 762.2000000476837, 976.6000000238419, 1066.1000000238419, 1253.7000000476837, 1442.5, 1648.6000000238419, 1836.7000000476837, 2010.7000000476837, 2099.100000023842, 2299.2999999523163, 2483.899999976158, 2691.100000023842, 2888.2000000476837, 3103.2000000476837]",X,20,ae8afa4c2e672b2a8ddbc1ddca123d432d00152a8a8330688ef9ce1961c8ce6e,train
557,angel,X,1,X_orient1,46,1,angel/X/orient1/tilt_neutral_toward_1/landmarks_trimmed.json,34,34,18,"[0, 1, 3, 5, 7, 9, 11, 13, 15, 17, 19, 21, 23, 25, 27, 29, 31, 33]","[89.20000004768372, 181.10000002384186, 359.3000000715256, 559.1000000238419, 764.3999999761581, 954.1000000238419, 1155.2000000476837, 1332.1000000238419, 1452.3000000715256, 1642.0, 1850.3000000715256, 2064.600000023842, 2178.899999976158, 2316.7000000476837, 2499.7000000476837, 2681.3000000715256, 2877.7000000476837, 3076.0]",X,20,f74063aa13f1cad38df886a180f4e77bba4b3b2e9ee5ed69020954d509119733,train
558,angel,Y,1,Y_orient1,47,1,angel/Y/orient1/tilt_back_away_1/landmarks_trimmed.json,30,30,18,"[0, 1, 3, 5, 6, 8, 10, 11, 13, 15, 17, 18, 20, 22, 23, 25, 27, 29]","[100.39999997615814, 199.09999990463257, 398.7999999523163, 580.2999999523163, 672.5, 869.8999999761581, 1076.1999999284744, 1180.2999999523163, 1379.5, 1560.3999999761581, 1763.7999999523163, 1878.0999999046326, 2101.5, 2311.5999999046326, 2423.6999999284744, 2634.1999999284744, 2812.899999976158, 3003.399999976158]",Y,21,8074457a603b36de1d9b9d59528e23ddd8382e07bf6ead8720fa2699d238763b,train
559,angel,Y,1,Y_orient1,47,1,angel/Y/orient1/tilt_back_neutral_1/landmarks_trimmed.json,30,30,18,"[0, 1, 3, 5, 6, 8, 10, 11, 13, 15, 17, 18, 20, 22, 23, 25, 27, 29]","[92.20000004768372, 190.39999997615814, 394.3000000715256, 595.8999999761581, 702.3000000715256, 917.3000000715256, 1110.3999999761581, 1203.6000000238419, 1383.3999999761581, 1583.6000000238419, 1783.5, 1881.8000000715256, 2086.399999976158, 2317.600000023842, 2421.899999976158, 2602.8000000715256, 2805.600000023842, 3010.5]",Y,21,989152f4f795bfee44acd5cf88607cd18a5d218da7ce58d7877db2d0e705e3e9,train
560,angel,Y,1,Y_orient1,47,2,angel/Y/orient1/tilt_back_neutral_2/landmarks_trimmed.json,32,32,18,"[0, 1, 3, 5, 7, 9, 10, 12, 14, 16, 18, 20, 21, 23, 25, 27, 29, 31]","[98.5, 197.39999997615814, 385.39999997615814, 562.7999999523163, 745.7999999523163, 954.6000000238419, 1077.6000000238419, 1298.6000000238419, 1502.0, 1551.8999999761581, 1749.8999999761581, 1943.8999999761581, 2041.7999999523163, 2234.5, 2433.0, 2623.100000023842, 2807.7000000476837, 3005.0]",Y,21,d02644bc95fc903611af5736f8d31dad678d5e3b517aa47029694466d90782d7,validation
561,angel,Y,1,Y_orient1,47,1,angel/Y/orient1/tilt_back_toward_1/landmarks_trimmed.json,27,27,18,"[0, 1, 3, 4, 6, 7, 9, 10, 12, 13, 15, 16, 18, 19, 21, 22, 24, 26]","[106.29999995231628, 150.5, 332.09999990463257, 434.1999999284744, 632.0, 733.3999999761581, 925.5, 1009.1999999284744, 1201.8999999761581, 1301.3999999761581, 1501.2999999523163, 1597.6999999284744, 1803.5999999046326, 2094.2999999523163, 2421.2999999523163, 2622.0999999046326, 2817.399999976158, 3001.7999999523163]",Y,21,2c4e1b516da3901a9a86f7773bcaefd70e8d06772b89d05a1c13ab908618b28c,train
562,angel,Y,1,Y_orient1,47,1,angel/Y/orient1/tilt_forward_away_1/landmarks_trimmed.json,31,31,18,"[0, 1, 3, 5, 7, 8, 10, 12, 14, 15, 17, 19, 21, 22, 24, 26, 28, 30]","[100.10000002384186, 198.80000007152557, 380.2000000476837, 568.0, 759.8999999761581, 847.0, 1047.2000000476837, 1235.5, 1421.7000000476837, 1531.1000000238419, 1734.5, 1954.8000000715256, 2142.899999976158, 2232.0, 2411.399999976158, 2606.2000000476837, 2818.0, 3029.8000000715256]",Y,21,5fffa544ecb9e64a44e656ea1452c4c7f0947d68b620a881496bb58ea9caf35d,train
563,angel,Y,1,Y_orient1,47,1,angel/Y/orient1/tilt_forward_neutral_1/landmarks_trimmed.json,32,32,18,"[0, 1, 3, 5, 7, 9, 10, 12, 14, 16, 18, 20, 21, 23, 25, 27, 29, 31]","[95.60000002384186, 186.10000002384186, 367.5, 564.7000000476837, 754.0, 952.2000000476837, 1051.8000000715256, 1237.3999999761581, 1431.6000000238419, 1622.6000000238419, 1814.3000000715256, 2003.3999999761581, 2103.7000000476837, 2285.3000000715256, 2489.399999976158, 2689.600000023842, 2899.3000000715256, 3093.5]",Y,21,b30f86aea07a5515eb193d8db6fc46795ba0a6a49fa6e621be66f310238d735f,train
564,angel,Y,1,Y_orient1,47,2,angel/Y/orient1/tilt_forward_neutral_2/landmarks_trimmed.json,31,31,18,"[0, 1, 3, 5, 7, 8, 10, 12, 14, 15, 17, 19, 21, 22, 24, 26, 28, 30]","[88.5, 189.60000002384186, 389.5, 586.6000000238419, 784.1000000238419, 890.6000000238419, 1092.2000000476837, 1265.2000000476837, 1450.7999999523163, 1546.6000000238419, 1727.1000000238419, 1922.7000000476837, 2116.600000023842, 2217.5, 2425.5, 2646.7000000476837, 2861.399999976158, 3082.600000023842]",Y,21,d56e0455a83ead3944ada8904a74738656930653fe4f48d8fc8bb5eeca68a010,test
565,angel,Y,1,Y_orient1,47,1,angel/Y/orient1/tilt_forward_toward_1/landmarks_trimmed.json,32,32,18,"[0, 1, 3, 5, 7, 9, 10, 12, 14, 16, 18, 20, 21, 23, 25, 27, 29, 31]","[97.60000002384186, 195.69999992847443, 395.1999999284744, 578.1000000238419, 764.8999999761581, 945.1000000238419, 1034.6000000238419, 1229.2999999523163, 1415.2999999523163, 1607.1999999284744, 1809.1999999284744, 2007.1999999284744, 2110.7999999523163, 2297.100000023842, 2482.6999999284744, 2678.6999999284744, 2860.899999976158, 3059.899999976158]",Y,21,714aa702ab93c548d82a26eee5d3ef59f302df93dca1b94c4a371211ae2dd4fc,validation
566,angel,Y,1,Y_orient1,47,1,angel/Y/orient1/tilt_neutral_away_1/landmarks_trimmed.json,30,30,18,"[0, 1, 3, 5, 6, 8, 10, 11, 13, 15, 17, 18, 20, 22, 23, 25, 27, 29]","[115.29999995231628, 231.29999995231628, 444.89999997615814, 661.7999999523163, 757.8999999761581, 957.2999999523163, 1154.2000000476837, 1255.1000000238419, 1464.0, 1660.0, 1849.2000000476837, 1938.7999999523163, 2136.600000023842, 2334.7000000476837, 2435.2999999523163, 2635.600000023842, 2817.2000000476837, 3018.899999976158]",Y,21,ce4ebb963e53664057eb6c0b2104b0693bd9fa2d04ddd615467df540a3d8f723,train
567,angel,Y,1,Y_orient1,47,1,angel/Y/orient1/tilt_neutral_neutral_1/landmarks_trimmed.json,32,32,18,"[0, 1, 3, 5, 7, 9, 10, 12, 14, 16, 18, 20, 21, 23, 25, 27, 29, 31]","[98.10000002384186, 199.89999997615814, 382.39999997615814, 569.6000000238419, 747.0, 934.6000000238419, 1034.6000000238419, 1232.7999999523163, 1433.2999999523163, 1623.1999999284744, 1818.0, 2010.3999999761581, 2103.6999999284744, 2296.2999999523163, 2478.600000023842, 2676.1999999284744, 2889.899999976158, 3082.5]",Y,21,26f5194c1919412f0cd5a50ce1c6c1ecfcdd447299717c0727555736fc23fb3e,train
568,angel,Y,1,Y_orient1,47,2,angel/Y/orient1/tilt_neutral_neutral_2/landmarks_trimmed.json,27,27,18,"[0, 1, 3, 4, 6, 7, 9, 10, 12, 13, 15, 16, 18, 19, 21, 22, 24, 26]","[94.70000004768372, 194.20000004768372, 396.10000002384186, 491.60000002384186, 671.0, 758.7000000476837, 948.3999999761581, 1040.1000000238419, 1233.2000000476837, 1334.7999999523163, 1509.3999999761581, 1607.0, 1801.7000000476837, 1913.8999999761581, 2548.0, 2647.100000023842, 2842.899999976158, 3043.0]",Y,21,869bc83bfe01bb1f2a91fc622c84737d140bf90d20a5fec9f94210db7fe45001,train
569,angel,Y,1,Y_orient1,47,1,angel/Y/orient1/tilt_neutral_toward_1/landmarks_trimmed.json,31,31,18,"[0, 1, 3, 5, 7, 8, 10, 12, 14, 15, 17, 19, 21, 22, 24, 26, 28, 30]","[97.70000004768372, 198.39999997615814, 334.0, 526.8999999761581, 700.0, 793.6000000238419, 982.8999999761581, 1248.7999999523163, 1454.3999999761581, 1565.2000000476837, 1763.2999999523163, 1970.8999999761581, 2184.2000000476837, 2304.100000023842, 2499.5, 2672.399999976158, 2871.5, 3086.7999999523163]",Y,21,c56ae2ecc6ab25bf7e96b22ee72ed740065519e330c757de9833ff66a1da6c05,train
570,angel,Y,2,Y_orient2,48,1,angel/Y/orient2/tilt_back_away_1/landmarks_trimmed.json,30,30,18,"[0, 1, 3, 5, 6, 8, 10, 11, 13, 15, 17, 18, 20, 22, 23, 25, 27, 29]","[98.10000002384186, 199.19999992847443, 392.60000002384186, 582.8999999761581, 684.1000000238419, 885.5, 1083.7999999523163, 1190.6999999284744, 1385.0, 1584.6999999284744, 1786.1000000238419, 1887.7999999523163, 2082.5, 2270.399999976158, 2365.899999976158, 2578.1999999284744, 2805.7999999523163, 3057.1999999284744]",Y,21,caa9772dd75217d45ba4e5c6ff07e5ec0996cd5afe047848d8c9cffdfc919c41,train
571,angel,Y,2,Y_orient2,48,1,angel/Y/orient2/tilt_back_neutral_1/landmarks_trimmed.json,27,27,18,"[0, 1, 3, 4, 6, 7, 9, 10, 12, 13, 15, 16, 18, 19, 21, 22, 24, 26]","[110.39999997615814, 221.79999995231628, 440.10000002384186, 552.6000000238419, 782.5, 902.5, 1137.1000000238419, 1244.2000000476837, 1460.7999999523163, 1574.3999999761581, 1801.2999999523163, 1915.2999999523163, 2145.7999999523163, 2259.100000023842, 2475.899999976158, 2592.100000023842, 2810.399999976158, 3045.899999976158]",Y,21,cdc1144349ca09a801ea3d1cd975a0afed172c6b771baa75c66d9efcb32af349,validation
572,angel,Y,2,Y_orient2,48,2,angel/Y/orient2/tilt_back_neutral_2/landmarks_trimmed.json,27,27,18,"[0, 1, 3, 4, 6, 7, 9, 10, 12, 13, 15, 16, 18, 19, 21, 22, 24, 26]","[105.89999997615814, 224.5, 452.0, 557.2000000476837, 773.7000000476837, 875.7999999523163, 1095.1000000238419, 1202.8999999761581, 1440.7999999523163, 1555.2000000476837, 1781.1000000238419, 1891.7999999523163, 2120.2999999523163, 2233.2000000476837, 2456.399999976158, 2567.399999976158, 2785.7000000476837, 3005.2999999523163]",Y,21,f74288b8f0be5a4ad42185cea243ca22171d3688dda68b183c6e7ff42b86f420,test
573,angel,Y,2,Y_orient2,48,1,angel/Y/orient2/tilt_back_toward_1/landmarks_trimmed.json,28,28,18,"[0, 1, 3, 4, 6, 7, 9, 11, 12, 14, 15, 17, 19, 20, 22, 23, 25, 27]","[220.69999992847443, 552.2999999523163, 766.5999999046326, 883.8999999761581, 1094.7999999523163, 1142.3999999761581, 1188.1999999284744, 1382.3999999761581, 1611.8999999761581, 1839.0, 1889.2999999523163, 2031.2999999523163, 2212.5, 2308.6999999284744, 2509.1999999284744, 2618.899999976158, 2856.1999999284744, 3082.399999976158]",Y,21,bdafc5f7608663f601ed59f9ef0b7b37e7d12f00b2fa7a4453820d662cb42c3c,train
574,angel,Y,2,Y_orient2,48,1,angel/Y/orient2/tilt_forward_away_1/landmarks_trimmed.json,31,31,18,"[0, 1, 3, 5, 7, 8, 10, 12, 14, 15, 17, 19, 21, 22, 24, 26, 28, 30]","[90.39999997615814, 179.10000002384186, 377.60000002384186, 577.2999999523163, 828.7999999523163, 930.5, 1126.8999999761581, 1325.5, 1505.1000000238419, 1596.1000000238419, 1774.2999999523163, 1967.6999999284744, 2161.0, 2256.399999976158, 2454.5, 2650.600000023842, 2831.600000023842, 3019.6999999284744]",Y,21,2770ec4fbaa65251f65a4279e52bf8dec4c836e067a6a0e1d87f13680848a501,train
575,angel,Y,2,Y_orient2,48,1,angel/Y/orient2/tilt_forward_neutral_1/landmarks_trimmed.json,31,31,18,"[0, 1, 3, 5, 7, 8, 10, 12, 14, 15, 17, 19, 21, 22, 24, 26, 28, 30]","[106.5, 205.39999997615814, 402.89999997615814, 600.2999999523163, 798.7999999523163, 892.0, 1077.7999999523163, 1280.2999999523163, 1475.7000000476837, 1575.7999999523163, 1753.7000000476837, 1959.1000000238419, 2170.7999999523163, 2269.100000023842, 2461.899999976158, 2658.399999976158, 2869.0, 3064.399999976158]",Y,21,c8ff150ca74e5a4df5575e426e7eb323ad2872647072c9e9dfcfaca01c529805,validation
576,angel,Y,2,Y_orient2,48,2,angel/Y/orient2/tilt_forward_neutral_2/landmarks_trimmed.json,32,32,18,"[0, 1, 3, 5, 7, 9, 10, 12, 14, 16, 18, 20, 21, 23, 25, 27, 29, 31]","[96.10000002384186, 191.79999995231628, 381.2000000476837, 589.2999999523163, 816.2999999523163, 1018.2999999523163, 1113.7000000476837, 1313.1000000238419, 1498.1000000238419, 1673.6000000238419, 1870.7999999523163, 2077.2999999523163, 2183.899999976158, 2371.399999976158, 2470.5, 2658.100000023842, 2846.2999999523163, 3031.899999976158]",Y,21,5876dbc5f0f95c8b362d55b4a6e712638af0476f5babeed032bf877a6718cdc4,train
577,angel,Y,2,Y_orient2,48,1,angel/Y/orient2/tilt_forward_toward_1/landmarks_trimmed.json,33,33,18,"[0, 1, 3, 5, 7, 9, 11, 13, 15, 16, 18, 20, 22, 24, 26, 28, 30, 32]","[98.69999992847443, 194.29999995231628, 373.10000002384186, 578.8999999761581, 778.7999999523163, 983.3999999761581, 1179.5, 1380.1000000238419, 1566.3999999761581, 1656.7999999523163, 1843.1000000238419, 2030.8999999761581, 2228.399999976158, 2373.600000023842, 2478.0, 2665.5, 2859.6999999284744, 3048.7999999523163]",Y,21,104621f859767cb0b11cf0d6a04f6d141eaf371ea24a8812c82b13bdcb44a7e2,train
578,angel,Y,2,Y_orient2,48,1,angel/Y/orient2/tilt_neutral_away_1/landmarks_trimmed.json,27,27,18,"[0, 1, 3, 4, 6, 7, 9, 10, 12, 13, 15, 16, 18, 19, 21, 22, 24, 26]","[113.30000007152557, 219.5, 436.5, 548.1000000238419, 763.1000000238419, 880.5, 1105.8999999761581, 1222.1000000238419, 1454.2000000476837, 1568.0, 1786.1000000238419, 1906.6000000238419, 2131.100000023842, 2247.7000000476837, 2462.399999976158, 2594.600000023842, 2815.7000000476837, 3038.3000000715256]",Y,21,1ca510b1c92966f01a2c611287613ce39e56db21d5679981e5aef00c58e6f051,test
579,angel,Y,2,Y_orient2,48,1,angel/Y/orient2/tilt_neutral_neutral_1/landmarks_trimmed.json,31,31,18,"[0, 1, 3, 5, 7, 8, 10, 12, 14, 15, 17, 19, 21, 22, 24, 26, 28, 30]","[92.09999990463257, 182.19999992847443, 372.0, 566.7999999523163, 764.8999999761581, 864.7999999523163, 1071.5999999046326, 1266.0, 1449.3999999761581, 1542.3999999761581, 1739.3999999761581, 1943.5999999046326, 2144.1999999284744, 2238.5, 2425.899999976158, 2625.7999999523163, 2808.7999999523163, 3001.1999999284744]",Y,21,2d4b77c44bdacead637c56ab7e67aefc5a1ba3f2c29e25b39ae78bdd74124990,train
580,angel,Y,2,Y_orient2,48,2,angel/Y/orient2/tilt_neutral_neutral_2/landmarks_trimmed.json,24,24,18,"[0, 1, 2, 4, 5, 6, 8, 9, 10, 12, 13, 14, 16, 17, 18, 20, 21, 23]","[94.10000002384186, 193.5, 287.3000000715256, 481.60000002384186, 598.2000000476837, 708.8000000715256, 924.3999999761581, 1036.7000000476837, 1148.5, 1364.2000000476837, 1472.5, 1578.8999999761581, 1808.5, 1915.1000000238419, 2028.3999999761581, 2286.7000000476837, 2821.899999976158, 3018.899999976158]",Y,21,92dfa116b2ae811954183666c0b190d7f83a3c6ef7dd1db9b608ba4e527d229e,train
581,angel,Y,2,Y_orient2,48,1,angel/Y/orient2/tilt_neutral_toward_1/landmarks_trimmed.json,27,27,18,"[0, 1, 3, 4, 6, 7, 9, 10, 12, 13, 15, 16, 18, 19, 21, 22, 24, 26]","[97.19999992847443, 197.69999992847443, 394.09999990463257, 503.0, 707.8999999761581, 807.6999999284744, 1011.7999999523163, 1115.0, 1314.5, 1411.8999999761581, 1612.5, 1710.5999999046326, 2197.2999999523163, 2309.5, 2493.899999976158, 2595.0, 2799.1999999284744, 3006.399999976158]",Y,21,c262643d0eac457f06a4d46ce02f89abb54337203edcd503ed705259963c1316,train
582,angel,Z,1,Z_orient1,49,1,angel/Z/orient1/tilt_back_away_1/landmarks_trimmed.json,18,18,18,"[0, 1, 2, 3, 4, 5, 6, 7, 8, 9, 10, 11, 12, 13, 14, 15, 16, 17]","[357.7999999523163, 940.7000000476837, 1560.8999999761581, 1661.6000000238419, 1756.3999999761581, 1852.6000000238419, 1947.5, 2042.1000000238419, 2141.2000000476837, 2237.899999976158, 2328.899999976158, 2427.7999999523163, 2526.5, 2618.7000000476837, 2714.2999999523163, 2806.7000000476837, 2908.100000023842, 3002.5]",Z,22,f37787881fa267f2671f93e35522401805a617e32dca262ae38fd9cc2c0c33e3,train
583,angel,Z,1,Z_orient1,49,1,angel/Z/orient1/tilt_back_neutral_1/landmarks_trimmed.json,27,27,18,"[0, 1, 3, 4, 6, 7, 9, 10, 12, 13, 15, 16, 18, 19, 21, 22, 24, 26]","[112.79999995231628, 231.89999997615814, 459.7999999523163, 560.6000000238419, 783.3999999761581, 899.1000000238419, 1118.2999999523163, 1234.2000000476837, 1459.5, 1571.1000000238419, 1786.5, 1886.3999999761581, 2097.7999999523163, 2202.100000023842, 2439.600000023842, 2553.100000023842, 2798.7000000476837, 3025.7999999523163]",Z,22,604d4898d78cdfa291d3985c3bd3ffbf766fdb9e55e9c9098d2844bc122cf136,test
584,angel,Z,1,Z_orient1,49,2,angel/Z/orient1/tilt_back_neutral_2/landmarks_trimmed.json,28,28,18,"[0, 1, 3, 4, 6, 7, 9, 11, 12, 14, 15, 17, 19, 20, 22, 23, 25, 27]","[107.0, 203.19999992847443, 402.2999999523163, 515.0, 737.2999999523163, 848.5, 1096.1000000238419, 1323.7999999523163, 1435.7999999523163, 1599.7999999523163, 1706.0, 1920.6999999284744, 2140.7999999523163, 2253.899999976158, 2485.1999999284744, 2598.5, 2825.399999976158, 3052.899999976158]",Z,22,acf2d71ab1ac80914e056915b0d946d1a32439200d183602e189e29c8cceeee7,train
585,angel,Z,1,Z_orient1,49,1,angel/Z/orient1/tilt_back_toward_1/landmarks_trimmed.json,22,22,18,"[0, 1, 2, 3, 4, 6, 7, 8, 9, 11, 12, 13, 14, 16, 17, 18, 19, 21]","[117.19999992847443, 231.39999997615814, 347.5, 455.2999999523163, 570.0999999046326, 790.8999999761581, 904.7999999523163, 1017.5, 1129.5999999046326, 1882.0999999046326, 2143.5999999046326, 2241.0999999046326, 2335.0999999046326, 2529.6999999284744, 2625.0, 2722.2999999523163, 2818.6999999284744, 3008.399999976158]",Z,22,1fcc5cc4baa45d831c355c401d96a7cf024e1b564458067a07f03efe200ce6cd,train
586,angel,Z,1,Z_orient1,49,1,angel/Z/orient1/tilt_forward_away_1/landmarks_trimmed.json,27,27,18,"[0, 1, 3, 4, 6, 7, 9, 10, 12, 13, 15, 16, 18, 19, 21, 22, 24, 26]","[110.39999997615814, 223.0, 453.39999997615814, 568.5, 795.1000000238419, 907.2999999523163, 1130.1999999284744, 1239.3999999761581, 1460.1000000238419, 1582.6999999284744, 1809.6000000238419, 1925.8999999761581, 2151.899999976158, 2256.5, 2475.2999999523163, 2589.2999999523163, 2817.5, 3035.7999999523163]",Z,22,dde5e91aec1e56dfa8b2edc6d965ae9ac06a77a1c66ba2e3a9a1b070ec3a4c3a,train
587,angel,Z,1,Z_orient1,49,1,angel/Z/orient1/tilt_forward_neutral_1/landmarks_trimmed.json,27,27,18,"[0, 1, 3, 4, 6, 7, 9, 10, 12, 13, 15, 16, 18, 19, 21, 22, 24, 26]","[112.09999990463257, 220.69999992847443, 459.39999997615814, 575.3999999761581, 790.6999999284744, 895.8999999761581, 1115.5, 1220.6999999284744, 1448.0, 1563.0999999046326, 1786.7999999523163, 1896.3999999761581, 2115.1999999284744, 2226.7999999523163, 2441.1999999284744, 2564.2999999523163, 2809.6999999284744, 3041.0999999046326]",Z,22,8848626a533be96c48225c37823f8fe77485214a45f7839043fb15a5d64f7322,train
588,angel,Z,1,Z_orient1,49,2,angel/Z/orient1/tilt_forward_neutral_2/landmarks_trimmed.json,27,27,18,"[0, 1, 3, 4, 6, 7, 9, 10, 12, 13, 15, 16, 18, 19, 21, 22, 24, 26]","[106.60000002384186, 211.0, 418.10000002384186, 544.0, 801.2000000476837, 917.5, 1144.2000000476837, 1250.6000000238419, 1468.2000000476837, 1573.8999999761581, 1793.3999999761581, 1911.2000000476837, 2140.0, 2246.100000023842, 2468.0, 2583.5, 2802.100000023842, 3027.2999999523163]",Z,22,43891b453e2304d07347b56b2d85699754c71949a8d26d8d686279444bb1ac95,train
589,angel,Z,1,Z_orient1,49,1,angel/Z/orient1/tilt_forward_toward_1/landmarks_trimmed.json,27,27,18,"[0, 1, 3, 4, 6, 7, 9, 10, 12, 13, 15, 16, 18, 19, 21, 22, 24, 26]","[107.60000002384186, 220.69999992847443, 443.60000002384186, 573.5, 805.7999999523163, 927.1000000238419, 1153.5, 1265.0, 1486.8999999761581, 1596.3999999761581, 1824.0, 1940.8999999761581, 2166.2999999523163, 2277.5, 2491.5, 2603.899999976158, 2831.600000023842, 3059.7999999523163]",Z,22,f681bb3b7c3f4a02f06de76b79e0e60111b9b2cecf4751f8c841f54d7c3a191d,train
590,angel,Z,1,Z_orient1,49,1,angel/Z/orient1/tilt_neutral_away_1/landmarks_trimmed.json,28,28,18,"[0, 1, 3, 4, 6, 7, 9, 11, 12, 14, 15, 17, 19, 20, 22, 23, 25, 27]","[106.60000002384186, 220.80000007152557, 437.7000000476837, 554.8999999761581, 777.2000000476837, 897.1000000238419, 1116.8000000715256, 1336.2000000476837, 1439.3999999761581, 1655.8999999761581, 1759.7000000476837, 1982.3000000715256, 2209.399999976158, 2331.100000023842, 2551.7000000476837, 2661.3000000715256, 2881.8000000715256, 3102.600000023842]",Z,22,064ea61c0bdd70bb703fc78105871125b46c42f6b59d19796e189b7dff4082c8,train
591,angel,Z,1,Z_orient1,49,1,angel/Z/orient1/tilt_neutral_neutral_1/landmarks_trimmed.json,27,27,18,"[0, 1, 3, 4, 6, 7, 9, 10, 12, 13, 15, 16, 18, 19, 21, 22, 24, 26]","[113.39999997615814, 231.89999997615814, 459.09999990463257, 564.8999999761581, 792.8999999761581, 908.6999999284744, 1138.5, 1245.6999999284744, 1471.5999999046326, 1575.5999999046326, 1804.6999999284744, 1915.0999999046326, 2140.399999976158, 2252.5, 2490.1999999284744, 2609.0, 2834.399999976158, 3061.0]",Z,22,a8a3d37a4e8a07b0654c46f14a887ffba75799d8cedbb31e1f79d81991a2114e,validation
592,angel,Z,1,Z_orient1,49,2,angel/Z/orient1/tilt_neutral_neutral_2/landmarks_trimmed.json,23,23,18,"[0, 1, 2, 3, 5, 6, 7, 9, 10, 11, 12, 14, 15, 16, 18, 19, 20, 22]","[116.20000004768372, 226.5, 336.39999997615814, 446.2999999523163, 677.0, 788.8999999761581, 901.7000000476837, 1139.2999999523163, 1362.6000000238419, 1470.2000000476837, 1574.8999999761581, 2252.0, 2355.2000000476837, 2449.2999999523163, 2632.7000000476837, 2728.100000023842, 2819.100000023842, 3012.7000000476837]",Z,22,f947ae6ea836e7c1cbc8b8b1a16f2dba02004274787fddcc4cc6a033fe441f80,train
593,angel,Z,1,Z_orient1,49,1,angel/Z/orient1/tilt_neutral_toward_1/landmarks_trimmed.json,27,27,18,"[0, 1, 3, 4, 6, 7, 9, 10, 12, 13, 15, 16, 18, 19, 21, 22, 24, 26]","[91.5, 184.19999992847443, 471.7999999523163, 566.3999999761581, 761.5999999046326, 853.5, 1159.7999999523163, 1255.7999999523163, 1449.1999999284744, 1544.5999999046326, 1862.8999999761581, 1969.7999999523163, 2186.6999999284744, 2301.399999976158, 2516.899999976158, 2620.0, 2849.6999999284744, 3084.5]",Z,22,0168f87b78df505e028bb8f6082a49a291962d301fb9ee2192a4f59a7eee80cb,validation
594,isaac,A,1,A_orient1,0,1,isaac copy/A/orient1/tilt_back_away_1/landmarks_trimmed.json,51,51,18,"[0, 2, 5, 8, 11, 14, 17, 20, 23, 26, 29, 32, 35, 38, 41, 44, 47, 50]","[65.0, 200.0000000000291, 409.0, 532.0, 750.0, 892.0, 1061.0, 1272.0, 1455.0, 1622.000000000029, 1753.000000000029, 1894.0, 2052.0, 2248.0, 2453.0, 2645.0, 2829.0, 3012.0]",A,0,060b83b22eaf80f4a9f9f70d9ffee4c07e20017c9fd96ee82551eefbd3b82a10,train
595,isaac,A,1,A_orient1,0,1,isaac copy/A/orient1/tilt_back_neutral_1/landmarks_trimmed.json,45,45,18,"[0, 2, 5, 7, 10, 12, 15, 18, 20, 23, 25, 28, 31, 33, 36, 38, 41, 44]","[131.0, 262.0, 449.0, 583.0000000000291, 794.0, 937.0, 1148.0, 1362.0, 1497.0, 1663.0, 1772.0, 1926.0, 2077.000000000029, 2191.0, 2371.0, 2512.0, 2857.000000000029, 2981.0]",A,0,b5dc2a47764d43c20cba48d92812f634e8c031344eea3c78e6be8bff27f5b1bb,test
596,isaac,A,1,A_orient1,0,2,isaac copy/A/orient1/tilt_back_neutral_2/landmarks_trimmed.json,45,45,18,"[0, 2, 5, 7, 10, 12, 15, 18, 20, 23, 25, 28, 31, 33, 36, 38, 41, 44]","[71.0, 207.0, 401.0, 592.0000000000291, 804.0, 1033.000000000029, 1191.0, 1346.0, 1448.0, 1602.0, 1718.0, 1912.0, 2124.0, 2261.0, 2473.000000000029, 2607.0, 2803.0, 2989.0]",A,0,241f602a21278b0ac47e9161282b84737aa6789462367a55d0bcd6f2e5bfc78d,train
597,isaac,A,1,A_orient1,0,1,isaac copy/A/orient1/tilt_back_toward_1/landmarks_trimmed.json,50,50,18,"[0, 2, 5, 8, 11, 14, 17, 20, 23, 25, 28, 31, 34, 37, 40, 43, 46, 49]","[66.0, 203.0, 400.0000000000291, 560.0, 705.0, 853.0, 1007.0000000000291, 1165.0, 1342.0, 1455.0, 1649.0, 1841.0, 2033.0, 2216.0, 2405.0, 2615.0, 2806.0, 2981.0]",A,0,3fc6656e173088d87c93ee21ebace960b7bac7e4126d29e370142681375f5c67,test
598,isaac,A,1,A_orient1,0,1,isaac copy/A/orient1/tilt_forward_away_1/landmarks_trimmed.json,42,42,18,"[0, 2, 4, 7, 9, 12, 14, 16, 19, 21, 24, 26, 28, 31, 33, 36, 38, 41]","[67.0, 203.0, 336.0, 533.0, 650.0, 821.0, 935.0, 1067.0, 1267.0, 1389.0, 1816.0, 1938.0, 2187.0000000000146, 2381.0, 2500.0, 2685.0, 2813.0, 3018.0]",A,0,c605c738d54ef99042ed3af2b518604fefcd6b4c1d27e4b338267843b956f215,train
599,isaac,A,1,A_orient1,0,1,isaac copy/A/orient1/tilt_forward_neutral_1/landmarks_trimmed.json,54,54,18,"[0, 3, 6, 9, 12, 15, 18, 21, 24, 28, 31, 34, 37, 40, 43, 46, 49, 53]","[56.0, 223.0, 389.0, 541.0, 706.0, 876.0000000000073, 1046.0, 1225.0, 1411.0, 1642.0, 1817.0, 1976.0, 2139.0, 2287.0, 2436.0, 2590.0, 2746.0, 2991.0]",A,0,56aa5b4db38a7c56381e263b133ca16e397df25408695c106e3bcf0b590d99b1,train
600,isaac,A,1,A_orient1,0,2,isaac copy/A/orient1/tilt_forward_neutral_2/landmarks_trimmed.json,57,57,18,"[0, 3, 6, 9, 13, 16, 19, 23, 26, 29, 32, 36, 39, 42, 46, 49, 52, 56]","[55.0, 241.0, 423.0, 616.0, 831.0, 954.0, 1083.0, 1277.0, 1458.0, 1672.0, 1813.0, 1980.0, 2112.0, 2263.0000000000073, 2500.0, 2697.0, 2820.0, 2989.0]",A,0,31d0e8a39c2b0c3a6ecee6456663cf42ec50a8e1366487eef5c8957ae1f2d4a6,train
601,isaac,A,1,A_orient1,0,1,isaac copy/A/orient1/tilt_forward_toward_1/landmarks_trimmed.json,55,55,18,"[0, 3, 6, 9, 12, 15, 19, 22, 25, 28, 31, 34, 38, 41, 44, 47, 50, 54]","[57.0, 233.0, 396.0, 546.0, 698.0, 866.0, 1077.0, 1232.0, 1402.0, 1603.0, 1812.0, 2011.0, 2174.0, 2300.0, 2432.0, 2581.0, 2757.0, 2982.0]",A,0,07d066fab38412b8a9dd8ff9ced8eadb01830a1c89cea9b448a8cb83ef4128ca,validation
602,isaac,A,1,A_orient1,0,1,isaac copy/A/orient1/tilt_neutral_away_1/landmarks_trimmed.json,53,53,18,"[0, 3, 6, 9, 12, 15, 18, 21, 24, 27, 30, 33, 36, 39, 42, 45, 48, 52]","[50.0, 201.0, 354.0, 523.0, 717.0, 887.0, 1038.0, 1186.000000000029, 1339.0, 1507.0, 1695.0, 1892.0, 2069.0, 2240.0, 2423.0, 2602.0, 2761.0, 2982.0]",A,0,a03677b77fba713da781e012bc2a420d12775a3fb6166c7d6395dd524385d143,train
603,isaac,A,1,A_orient1,0,1,isaac copy/A/orient1/tilt_neutral_neutral_1/landmarks_trimmed.json,53,53,18,"[0, 3, 6, 9, 12, 15, 18, 21, 24, 27, 30, 33, 36, 39, 42, 45, 48, 52]","[71.0, 266.0, 388.0, 514.0, 654.0, 809.0, 992.0, 1145.0, 1271.0000000000146, 1404.0, 1546.0, 1715.0, 2178.0, 2304.0000000000146, 2434.0, 2573.0, 2730.0, 2989.0]",A,0,de822c45a8655af2b9ff95b0cf42985b9b45ed6834dd8eb85a90cc5a53ea264f,test
604,isaac,A,1,A_orient1,0,2,isaac copy/A/orient1/tilt_neutral_neutral_2/landmarks_trimmed.json,46,46,18,"[0, 2, 5, 7, 10, 13, 15, 18, 21, 23, 26, 29, 31, 34, 37, 39, 42, 45]","[63.99999999998545, 166.99999999998545, 328.99999999998545, 429.99999999998545, 583.9999999999854, 768.9999999999854, 1128.9999999999854, 1296.9999999999854, 1445.9999999999854, 1697.9999999999854, 1860.0, 2035.9999999999854, 2162.9999999999854, 2332.9999999999854, 2515.0, 2634.9999999999854, 2829.9999999999854, 3015.9999999999854]",A,0,118c0f9641b3b67d8cc49e318bc8f67c0cf0b754611cc0c1287ed3abc35b3d0d,validation
605,isaac,A,1,A_orient1,0,1,isaac copy/A/orient1/tilt_neutral_toward_1/landmarks_trimmed.json,50,50,18,"[0, 2, 5, 8, 11, 14, 17, 20, 23, 25, 28, 31, 34, 37, 40, 43, 46, 49]","[67.0, 199.0, 399.0, 599.0000000000146, 799.0, 1006.0, 1215.0000000000146, 1403.0, 1579.0, 1696.0, 1875.0, 2043.0, 2213.0, 2404.0, 2605.0000000000146, 2729.0, 2856.0, 2992.0000000000146]",A,0,a9bccbadb78091667a9472fb3d198054beaa3f423d5da6f4a4e4bd8997c577ab,train
606,isaac,A,2,A_orient2,1,1,isaac copy/A/orient2/tilt_back_away_1/landmarks_trimmed.json,46,46,18,"[0, 2, 5, 7, 10, 13, 15, 18, 21, 23, 26, 29, 31, 34, 37, 39, 42, 45]","[524.0, 624.0, 781.0, 894.0, 1066.0, 1266.0, 1406.0, 1536.0, 1665.0, 1755.0, 1897.0, 2066.0, 2186.0, 2310.0, 2438.0, 2527.0, 2847.0, 2988.0]",A,0,6028aa438cc6129fc4528d4359cb1a2b7b2616ba62513cad219ba1c9b61880f5,train
607,isaac,A,2,A_orient2,1,1,isaac copy/A/orient2/tilt_back_neutral_1/landmarks_trimmed.json,53,53,18,"[0, 3, 6, 9, 12, 15, 18, 21, 24, 27, 30, 33, 36, 39, 42, 45, 48, 52]","[73.0, 276.0, 443.0, 613.0, 795.0, 975.0, 1141.0, 1311.0, 1506.0, 1719.0000000000582, 1893.0, 2018.0, 2149.0, 2287.0, 2443.0, 2619.0, 2801.000000000058, 2972.0]",A,0,0aa45b002e32385c1fbafd5ba4795b075d5e2c7927d733bd1dd4d81bd048c813,train
608,isaac,A,2,A_orient2,1,2,isaac copy/A/orient2/tilt_back_neutral_2/landmarks_trimmed.json,59,59,18,"[0, 3, 6, 10, 13, 17, 20, 23, 27, 30, 34, 37, 40, 44, 47, 51, 54, 58]","[69.0, 275.0, 427.0, 595.0, 728.0000000000582, 926.0, 1120.0, 1251.0, 1421.0, 1556.0, 1757.0, 1948.0, 2154.0, 2322.0, 2452.0, 2638.0, 2789.0, 3017.0]",A,0,aea2b2ce309981eb8ecbb2d4e395fadc2c2aaacf2f22fb0edb4b359f34b79442,train
609,isaac,A,2,A_orient2,1,1,isaac copy/A/orient2/tilt_back_toward_1/landmarks_trimmed.json,53,53,18,"[0, 3, 6, 9, 12, 15, 18, 21, 24, 27, 30, 33, 36, 39, 42, 45, 48, 52]","[50.99999999994179, 201.9999999999418, 353.9999999999418, 521.9999999999418, 704.9999999999418, 885.9999999999418, 1053.9999999999418, 1202.9999999999418, 1354.9999999999418, 1527.9999999999418, 1724.9999999999418, 1923.9999999999418, 2099.999999999942, 2250.999999999942, 2399.999999999942, 2553.999999999942, 2725.999999999942, 3000.999999999942]",A,0,f7e4d7e8b166c309b0b93dbcae7710bdbae82fd1efb75f2cb219b042ae6f8a46,train
610,isaac,A,2,A_orient2,1,1,isaac copy/A/orient2/tilt_forward_away_1/landmarks_trimmed.json,51,51,18,"[0, 2, 5, 8, 11, 14, 17, 20, 23, 26, 29, 32, 35, 38, 41, 44, 47, 50]","[61.0, 173.0, 337.0, 509.0, 667.0, 841.0, 1031.0, 1232.0, 1437.0, 1648.0, 1822.0, 1947.0, 2079.0, 2225.0, 2382.0, 2559.0, 2767.0, 2985.0]",A,0,73b12890be46ac85309963e5fdf67b13a25d58a2a7c38bd7579e0e2765c78ca6,train
611,isaac,A,2,A_orient2,1,1,isaac copy/A/orient2/tilt_forward_neutral_1/landmarks_trimmed.json,53,53,18,"[0, 3, 6, 9, 12, 15, 18, 21, 24, 27, 30, 33, 36, 39, 42, 45, 48, 52]","[66.0, 269.0, 469.0, 667.0, 854.0, 1025.0, 1193.0, 1368.0000000000582, 1570.0, 1725.0, 1846.0, 1973.0, 2111.0, 2269.0, 2454.0, 2662.0, 2802.0, 2967.0]",A,0,992f67f92990725a6a3afa67287ad86fefb586d49ee0a1e55214eae8256bfbf9,train
612,isaac,A,2,A_orient2,1,2,isaac copy/A/orient2/tilt_forward_neutral_2/landmarks_trimmed.json,52,52,18,"[0, 3, 6, 9, 12, 15, 18, 21, 24, 27, 30, 33, 36, 39, 42, 45, 48, 51]","[66.00000000005821, 276.0, 481.0, 674.0, 872.0, 1036.0, 1185.0, 1343.0, 1513.0, 1707.0, 1871.0, 2035.0, 2192.0, 2378.0, 2594.0, 2734.0, 2857.000000000058, 2986.0]",A,0,1303a33d837b650cb78e728716610b9b02c04084cec1a21324d45cbc35942a69,validation
613,isaac,A,2,A_orient2,1,1,isaac copy/A/orient2/tilt_forward_toward_1/landmarks_trimmed.json,56,56,18,"[0, 3, 6, 9, 12, 16, 19, 22, 25, 29, 32, 35, 38, 42, 45, 48, 51, 55]","[58.0, 228.0000000000582, 350.0, 478.0000000000582, 612.0, 825.0, 997.0, 1163.0000000000582, 1343.0, 1596.0, 1767.0, 1920.0, 2070.0, 2275.0, 2457.0, 2650.0, 2806.0, 2971.0]",A,0,082f7b0ee955f3cd1146e55647b396fb038d22120df31746c72a4e506d2b8992,train
614,isaac,A,2,A_orient2,1,1,isaac copy/A/orient2/tilt_neutral_away_1/landmarks_trimmed.json,48,48,18,"[0, 2, 5, 8, 11, 13, 16, 19, 22, 24, 27, 30, 33, 35, 38, 41, 44, 47]","[71.0, 210.0, 414.0000000000582, 596.0, 773.0, 879.0, 1050.0, 1229.0, 1416.0, 1546.0000000000582, 1724.0000000000582, 1892.0, 2065.0, 2193.0, 2384.0, 2582.0, 2780.0, 2974.000000000058]",A,0,91525778e1324666967b0e67e0d797a8afd8951828bd6a6d9ad298d049f861ff,validation
615,isaac,A,2,A_orient2,1,1,isaac copy/A/orient2/tilt_neutral_neutral_1/landmarks_trimmed.json,53,53,18,"[0, 3, 6, 9, 12, 15, 18, 21, 24, 27, 30, 33, 36, 39, 42, 45, 48, 52]","[59.0, 181.0, 309.0, 440.0, 583.0, 763.0, 954.0, 1130.0, 1277.0, 1430.0, 1599.0, 1778.0000000000582, 1966.0, 2151.0, 2345.0, 2530.0, 2716.0, 2976.0]",A,0,785f414638374e5becb54e207f3331a4c049c4482f1212699a069bf12fb9e944,train
616,isaac,A,2,A_orient2,1,2,isaac copy/A/orient2/tilt_neutral_neutral_2/landmarks_trimmed.json,50,50,18,"[0, 2, 5, 8, 11, 14, 17, 20, 23, 25, 28, 31, 34, 37, 40, 43, 46, 49]","[70.00000000005821, 215.0, 418.0, 614.0, 811.0, 1012.0, 1220.0, 1382.0, 1537.0, 1638.0, 1793.0, 1959.0, 2141.0, 2337.0, 2550.0, 2752.0, 2876.0, 3002.0]",A,0,85c717d26c44e0561eeb44ae39bb1706ecdd853dbba075c4a6eabdb8288e0666,validation
617,isaac,A,2,A_orient2,1,1,isaac copy/A/orient2/tilt_neutral_toward_1/landmarks_trimmed.json,47,47,18,"[0, 2, 5, 8, 10, 13, 16, 18, 21, 24, 27, 29, 32, 35, 37, 40, 43, 46]","[145.0, 243.0, 408.0000000000582, 788.0, 919.0, 1239.0, 1368.0, 1455.0, 1599.0, 1756.0, 1920.0000000000582, 2043.0, 2206.000000000058, 2356.0, 2469.0, 2624.0, 2794.0, 2986.0]",A,0,6dacd224e6fc7e8a944506ac80ce0bc8c05ebee9dd825efe5207c676f0fdfbe3,train
618,isaac,A,3,A_orient3,2,1,isaac copy/A/orient3/tilt_back_away_1/landmarks_trimmed.json,52,52,18,"[0, 3, 6, 9, 12, 15, 18, 21, 24, 27, 30, 33, 36, 39, 42, 45, 48, 51]","[56.0, 214.0, 376.0, 549.0, 738.0, 941.0, 1139.0, 1354.0, 1570.0, 1780.0, 1976.0, 2171.0, 2331.0, 2474.0, 2607.0, 2737.0, 2870.0, 3006.0]",A,0,5ea28d6f8e81c19caef7bcfb5cbe7d554cdb762414d3851b83e962e5dead026d,train
619,isaac,A,3,A_orient3,2,1,isaac copy/A/orient3/tilt_back_neutral_1/landmarks_trimmed.json,50,50,18,"[0, 2, 5, 8, 11, 14, 17, 20, 23, 25, 28, 31, 34, 37, 40, 43, 46, 49]","[65.0, 189.0, 361.0, 541.0, 715.0000000001164, 894.0, 1074.0, 1249.0, 1447.0, 1575.0, 1759.0, 1948.0, 2147.0, 2344.0, 2544.0, 2743.0, 2868.0, 2995.0]",A,0,6e18240ad01aca1bc5bf04344b980438128fcf6cee455809fff97e27ea01b514,train
620,isaac,A,3,A_orient3,2,2,isaac copy/A/orient3/tilt_back_neutral_2/landmarks_trimmed.json,58,58,18,"[0, 3, 6, 10, 13, 16, 20, 23, 26, 30, 33, 36, 40, 43, 46, 50, 53, 57]","[48.0, 220.0, 378.0, 545.0000000001164, 677.0, 819.0000000001164, 1061.0, 1260.0, 1385.0, 1556.0, 1696.0, 1852.0, 2132.0, 2258.0, 2390.0, 2576.0, 2731.0, 2990.0]",A,0,83ec55f5177af76546e45c7ae282b1dd2f6b988f53abb307e83dd23ac01aef02,train
621,isaac,A,3,A_orient3,2,1,isaac copy/A/orient3/tilt_forward_away_1/landmarks_trimmed.json,48,48,18,"[0, 2, 5, 8, 11, 13, 16, 19, 22, 24, 27, 30, 33, 35, 38, 41, 44, 47]","[72.0, 214.0, 393.0, 561.0, 733.0, 861.0, 1048.0, 1252.0, 1462.0, 1602.0, 1811.0, 2027.0, 2241.0, 2382.0, 2599.0, 2738.0, 2864.0, 2994.0]",A,0,edae3048e8a2c2cbfc02d4b56122d10198f216a454bbe593aae8d2918e02d8db,train
622,isaac,A,3,A_orient3,2,1,isaac copy/A/orient3/tilt_forward_neutral_1/landmarks_trimmed.json,53,53,18,"[0, 3, 6, 9, 12, 15, 18, 21, 24, 27, 30, 33, 36, 39, 42, 45, 48, 52]","[70.0, 288.0, 476.0, 600.0, 729.0, 866.0, 1019.0000000000582, 1185.0000000000582, 1366.0, 1536.0, 1713.0, 1905.0, 2117.0, 2323.0, 2531.000000000058, 2657.0, 2786.0, 2968.0]",A,0,1b740bf668fed61830e766749dd17e461281c4bfcd1826cb96b9adb90c4d9ab5,train
623,isaac,A,3,A_orient3,2,2,isaac copy/A/orient3/tilt_forward_neutral_2/landmarks_trimmed.json,51,51,18,"[0, 2, 5, 8, 11, 14, 17, 20, 23, 26, 29, 32, 35, 38, 41, 44, 47, 50]","[64.0, 196.0, 393.0, 574.0000000000582, 751.0, 929.0, 1112.0, 1301.0, 1507.0, 1722.0, 1892.0, 2014.0, 2142.0, 2279.0, 2437.0, 2621.0, 2824.000000000058, 3026.0]",A,0,482e4735412c871f85be34b86d300a2dc0111264d81a77b2c433424ab7b06ee0,train
624,isaac,A,3,A_orient3,2,1,isaac copy/A/orient3/tilt_forward_toward_1/landmarks_trimmed.json,52,52,18,"[0, 3, 6, 9, 12, 15, 18, 21, 24, 27, 30, 33, 36, 39, 42, 45, 48, 51]","[53.0, 237.0, 445.0, 647.0, 767.0, 896.0, 1029.0, 1175.0, 1338.0, 1518.0, 1700.0, 1880.0, 2045.0, 2202.0, 2369.0, 2553.0, 2764.0, 2979.0]",A,0,3d8e9326b89bf14eb584cba20776a60bba5b7d3d604e24a684b18bb6b52db92d,train
625,isaac,A,3,A_orient3,2,1,isaac copy/A/orient3/tilt_neutral_away_1/landmarks_trimmed.json,50,50,18,"[0, 2, 5, 8, 11, 14, 17, 20, 23, 25, 28, 31, 34, 37, 40, 43, 46, 49]","[42.0, 127.0, 257.0, 395.0, 550.0, 729.0000000001164, 854.0000000001164, 982.0, 1266.0, 1389.0, 1733.0, 1910.0, 2046.0, 2177.0, 2307.0, 2440.0, 2573.0, 2972.0]",A,0,9c10fc5c5e386ccdf412f3a95b7620a12429e480abe4b004402cd270a3706562,test
626,isaac,A,3,A_orient3,2,1,isaac copy/A/orient3/tilt_neutral_neutral_1/landmarks_trimmed.json,49,49,18,"[0, 2, 5, 8, 11, 14, 16, 19, 22, 25, 28, 31, 33, 36, 39, 42, 45, 48]","[61.00000000005821, 189.00000000011642, 373.0000000000582, 547.0000000000582, 720.0000000000582, 905.0000000001164, 1038.0, 1238.0000000000582, 1440.0000000000582, 1640.0000000001164, 1838.0000000001164, 2036.0000000000582, 2174.0000000001164, 2389.0, 2599.000000000058, 2723.000000000058, 2850.000000000058, 2983.000000000058]",A,0,62d1e58a74b5b6b98cc0e8314748ec790e25f3bbc75e37b398e889a1278d7b09,test
627,isaac,A,3,A_orient3,2,2,isaac copy/A/orient3/tilt_neutral_neutral_2/landmarks_trimmed.json,52,52,18,"[0, 3, 6, 9, 12, 15, 18, 21, 24, 27, 30, 33, 36, 39, 42, 45, 48, 51]","[50.00000000005821, 226.0, 419.0, 572.9999999999418, 699.0000000000582, 832.9999999999418, 971.9999999999418, 1133.0, 1341.0, 1535.0, 1729.0, 1919.0, 2117.0000000001164, 2315.0, 2517.0, 2724.0, 2847.0, 2973.0000000001164]",A,0,b22fc723e3e63ee60b882157e930594e1b9bf87a163c165ffb5091df56629ee9,train
628,isaac,A,3,A_orient3,2,1,isaac copy/A/orient3/tilt_neutral_toward_1/landmarks_trimmed.json,51,51,18,"[0, 2, 5, 8, 11, 14, 17, 20, 23, 26, 29, 32, 35, 38, 41, 44, 47, 50]","[53.0, 168.0000000000582, 336.0, 519.0000000000582, 705.0, 898.0, 1047.0, 1195.0, 1346.0000000000582, 1502.0000000000582, 1686.0, 1876.0, 2070.0, 2273.0, 2469.0, 2649.0, 2814.0, 2983.000000000058]",A,0,4b29f69f571798dd07c22d2a93d48feef73f9631ac4b94e045e6e9ce224ac181,train
629,isaac,B,1,B_orient1,3,1,isaac copy/B/orient1/tilt_back_away_1/landmarks_trimmed.json,48,48,18,"[0, 2, 5, 8, 11, 13, 16, 19, 22, 24, 27, 30, 33, 35, 38, 41, 44, 47]","[44.0, 141.0, 302.0, 501.0, 685.0, 804.0000000004657, 995.0, 1199.0, 1422.0, 1557.0, 1751.0, 1934.0, 2122.0, 2250.0, 2427.0, 2604.0, 2801.0, 2990.0]",B,1,44725ef4b20e5f63145b89e483e6cc29e31687f53cbac6b67151b7ad58dda8e1,train
630,isaac,B,1,B_orient1,3,1,isaac copy/B/orient1/tilt_back_neutral_1/landmarks_trimmed.json,48,48,18,"[0, 2, 5, 8, 11, 13, 16, 19, 22, 24, 27, 30, 33, 35, 38, 41, 44, 47]","[63.0, 189.0, 396.0, 597.0, 782.0, 912.0, 1090.0, 1274.0000000004657, 1472.0, 1615.0, 1825.0, 2031.0, 2206.0, 2310.0, 2460.0, 2618.0, 2798.0, 2991.0]",B,1,98094ddf19cac8e8826c1ccd5e18ed298d9d331425873f8b69d7df9d2f708960,test
631,isaac,B,1,B_orient1,3,2,isaac copy/B/orient1/tilt_back_neutral_2/landmarks_trimmed.json,55,55,18,"[0, 3, 6, 9, 12, 15, 19, 22, 25, 28, 31, 34, 38, 41, 44, 47, 50, 54]","[87.0, 212.0, 344.0, 492.0, 670.0, 879.0, 1145.0, 1341.0, 1465.0, 1593.0, 1729.0, 1883.0, 2140.0000000004657, 2347.0, 2543.0, 2666.0, 2796.0, 2977.0000000004657]",B,1,80eebcee678f60de2307621e6284716aea4df175c4c63fe4c87ffa4ccbe27210,train
632,isaac,B,1,B_orient1,3,1,isaac copy/B/orient1/tilt_back_toward_1/landmarks_trimmed.json,45,45,18,"[0, 2, 5, 7, 10, 12, 15, 18, 20, 23, 25, 28, 31, 33, 36, 38, 41, 44]","[74.0, 223.00000000046566, 373.0, 454.0, 581.0, 668.0, 816.0, 995.0, 1075.0, 1196.0, 1280.0, 1409.0, 1598.0000000004657, 2321.0, 2476.0, 2585.0, 2762.0, 2972.0]",B,1,45238e49a4d2215011467882ecfe981a8dd9a14688e5b4c47ffba5ab056e604c,train
633,isaac,B,1,B_orient1,3,1,isaac copy/B/orient1/tilt_forward_away_1/landmarks_trimmed.json,53,53,18,"[0, 3, 6, 9, 12, 15, 18, 21, 24, 27, 30, 33, 36, 39, 42, 45, 48, 52]","[67.99999999953434, 261.99999999953434, 442.99999999953434, 621.9999999995343, 808.9999999995343, 996.9999999995343, 1170.9999999995343, 1340.9999999995343, 1518.9999999995343, 1698.9999999995343, 1873.9999999995343, 2023.9999999995343, 2172.9999999995343, 2326.0, 2495.9999999995343, 2694.9999999995343, 2815.9999999995343, 2984.9999999995343]",B,1,7fad48a1f2f3f46601ecf00f38d1db1ad8b1dcc34f1bd3ed28f4513c7fc1d933,train
634,isaac,B,1,B_orient1,3,1,isaac copy/B/orient1/tilt_forward_neutral_1/landmarks_trimmed.json,50,50,18,"[0, 2, 5, 8, 11, 14, 17, 20, 23, 25, 28, 31, 34, 37, 40, 43, 46, 49]","[73.0, 218.0, 416.0, 579.0000000001164, 732.0, 884.0, 1052.0, 1232.0, 1419.0, 1542.0, 1735.0, 1921.0, 2101.0, 2267.0, 2435.0000000001164, 2622.0, 2822.0, 3013.0]",B,1,202de9735734fad12e4bdf40ebdff182eb53de279bbf6f2de2c4f3af527e1a7f,train
635,isaac,B,1,B_orient1,3,2,isaac copy/B/orient1/tilt_forward_neutral_2/landmarks_trimmed.json,55,55,18,"[0, 3, 6, 9, 12, 15, 19, 22, 25, 28, 31, 34, 38, 41, 44, 47, 50, 54]","[68.0, 268.0, 434.00000000046566, 603.0, 783.0, 973.0, 1187.0, 1350.0, 1499.0, 1653.0, 1821.0, 2003.0, 2245.0, 2366.0, 2493.0, 2629.0, 2782.0, 3004.0]",B,1,b783e8cfda40c7f55e3276c950e54e202bdd10d1e82dbe71c1e0f09ee75f54e8,validation
636,isaac,B,1,B_orient1,3,1,isaac copy/B/orient1/tilt_forward_toward_1/landmarks_trimmed.json,51,51,18,"[0, 2, 5, 8, 11, 14, 17, 20, 23, 26, 29, 32, 35, 38, 41, 44, 47, 50]","[49.0, 144.0, 282.0, 425.0, 582.0000000001164, 758.0, 930.0, 1130.0, 1342.0000000001164, 1553.0, 1757.0, 1942.0, 2102.0, 2253.0, 2407.0, 2571.0, 2764.0, 2975.0]",B,1,791d06f2d649d2bf9ae8e1dca5ef072273cadb728fe36d25c3bc424dfd821614,test
637,isaac,B,1,B_orient1,3,1,isaac copy/B/orient1/tilt_neutral_away_1/landmarks_trimmed.json,52,52,18,"[0, 3, 6, 9, 12, 15, 18, 21, 24, 27, 30, 33, 36, 39, 42, 45, 48, 51]","[49.0, 198.0, 351.0, 519.0, 705.0000000004657, 905.0, 1094.0, 1270.0, 1455.0000000004657, 1671.0, 1810.0000000004657, 1935.0000000004657, 2064.0, 2203.0, 2370.0, 2565.0, 2777.0, 2989.0]",B,1,952450c8d5dc9b8f1fc8fa7264f724d3db2ec381c181f1e591746a9d935ee18a,validation
638,isaac,B,1,B_orient1,3,1,isaac copy/B/orient1/tilt_neutral_neutral_1/landmarks_trimmed.json,54,54,18,"[0, 3, 6, 9, 12, 15, 18, 21, 24, 28, 31, 34, 37, 40, 43, 46, 49, 53]","[63.99999999953434, 271.99999999953434, 428.99999999953434, 555.9999999995343, 687.9999999995343, 834.9999999995343, 996.9999999995343, 1201.0, 1382.9999999995343, 1551.9999999995343, 1684.9999999995343, 1827.9999999995343, 2003.9999999995343, 2202.9999999995343, 2393.9999999995343, 2584.9999999995343, 2760.9999999995343, 2992.9999999995343]",B,1,55ab4f35dcb3f4c381a88319549b89ab3e2662cfa54b38a1c3d96878f64df29f,train
639,isaac,B,1,B_orient1,3,2,isaac copy/B/orient1/tilt_neutral_neutral_2/landmarks_trimmed.json,54,54,18,"[0, 3, 6, 9, 12, 15, 18, 21, 24, 28, 31, 34, 37, 40, 43, 46, 49, 53]","[45.0, 194.0, 350.0, 548.0000000004657, 762.0, 914.0, 1037.0000000004657, 1165.0, 1302.0, 1522.0, 1710.0, 1868.0, 2031.0, 2200.0, 2386.0, 2585.0, 2764.0, 2984.0]",B,1,10c1651fb843cdc0c9112698d8d719d43371ea6db35c79739162b247db789ed4,train
640,isaac,B,1,B_orient1,3,1,isaac copy/B/orient1/tilt_neutral_toward_1/landmarks_trimmed.json,62,62,18,"[0, 3, 7, 10, 14, 17, 21, 25, 28, 32, 35, 39, 43, 46, 50, 53, 57, 61]","[62.0, 256.0, 453.0, 577.0, 757.0, 909.0, 1112.0, 1276.0, 1409.0, 1607.0, 1774.0, 1936.0, 2110.0, 2252.0, 2495.0, 2622.0, 2790.0, 2972.0000000004657]",B,1,38254dbb15e031d82fe80d0a5a1c3794ac10994822ac13e0326adf50ec7f239a,train
641,isaac,B,2,B_orient2,4,1,isaac copy/B/orient2/tilt_back_away_1/landmarks_trimmed.json,50,50,18,"[0, 2, 5, 8, 11, 14, 17, 20, 23, 25, 28, 31, 34, 37, 40, 43, 46, 49]","[70.0, 211.0, 409.0, 611.0000000004657, 808.0, 995.0, 1189.0000000004657, 1377.0, 1566.0, 1706.0, 1919.0000000004657, 2090.0, 2212.0, 2341.0, 2479.0, 2642.0, 2837.0, 2988.0]",B,1,bc1d3a2bb32b77a088177f32d5329442262f3a64acc775ab3c5a4fe5b00990ca,train
642,isaac,B,2,B_orient2,4,1,isaac copy/B/orient2/tilt_back_neutral_1/landmarks_trimmed.json,51,51,18,"[0, 2, 5, 8, 11, 14, 17, 20, 23, 26, 29, 32, 35, 38, 41, 44, 47, 50]","[47.0, 143.0, 307.0, 516.0, 696.0, 860.0, 1018.0, 1182.0, 1365.0, 1557.0, 1730.0, 1911.0, 2096.0, 2284.0000000004657, 2495.0, 2711.0, 2883.0, 3006.0]",B,1,6aa294f4664858f47015deda691ee43ee7efaa2355a9299ed756644ff2015e21,test
643,isaac,B,2,B_orient2,4,2,isaac copy/B/orient2/tilt_back_neutral_2/landmarks_trimmed.json,51,51,18,"[0, 2, 5, 8, 11, 14, 17, 20, 23, 26, 29, 32, 35, 38, 41, 44, 47, 50]","[42.0, 133.0, 272.0, 433.0, 630.0, 832.0, 1033.0, 1243.0, 1454.0, 1670.0000000004657, 1843.0, 1965.0, 2097.0, 2237.0000000004657, 2396.0, 2593.0, 2795.0000000004657, 2979.0]",B,1,5ae8768bd620b539381b57b73248f69b1743a5da7cd56093b6ccd3c8a134fbdc,train
644,isaac,B,2,B_orient2,4,1,isaac copy/B/orient2/tilt_back_toward_1/landmarks_trimmed.json,39,39,18,"[0, 2, 4, 6, 8, 11, 13, 15, 17, 20, 22, 24, 26, 29, 31, 33, 35, 38]","[40.0, 124.0, 206.0, 292.0, 383.0, 534.0, 649.0, 769.0, 1567.0, 1742.0, 1835.0, 1983.0, 2104.0, 2320.0, 2419.0, 2502.0, 2587.0, 2717.0]",B,1,149408e6f7f681c1d67cfc434e016cebb8aff590299013692a2748b64cbfeb98,train
645,isaac,B,2,B_orient2,4,1,isaac copy/B/orient2/tilt_forward_away_1/landmarks_trimmed.json,52,52,18,"[0, 3, 6, 9, 12, 15, 18, 21, 24, 27, 30, 33, 36, 39, 42, 45, 48, 51]","[50.0, 216.0, 372.0, 556.0, 752.0, 937.0, 1123.0, 1297.0, 1466.0, 1633.0, 1808.0, 1998.0, 2186.0000000004657, 2375.0, 2554.0, 2709.0, 2858.0, 3008.0]",B,1,49be6cbd15ea9c7cadf5d73fb93bdf443dedc8b6670ea93b2563d432b2517d73,train
646,isaac,B,2,B_orient2,4,1,isaac copy/B/orient2/tilt_forward_neutral_1/landmarks_trimmed.json,57,57,18,"[0, 3, 6, 9, 13, 16, 19, 23, 26, 29, 32, 36, 39, 42, 46, 49, 52, 56]","[67.0, 248.0, 374.00000000046566, 498.0, 677.0, 817.0, 974.0, 1251.0, 1456.0, 1577.0, 1700.0, 1877.0, 2018.0, 2177.0, 2405.0, 2559.0, 2733.0, 2980.0]",B,1,bae767d15933d1f9388c6a6dd25aae487235c86a6f402f932e232f538842e662,train
647,isaac,B,2,B_orient2,4,2,isaac copy/B/orient2/tilt_forward_neutral_2/landmarks_trimmed.json,55,55,18,"[0, 3, 6, 9, 12, 15, 19, 22, 25, 28, 31, 34, 38, 41, 44, 47, 50, 54]","[52.0, 208.0, 382.0, 563.0, 768.0, 978.0, 1156.0, 1281.0, 1415.0, 1565.0, 1753.0, 1937.0, 2101.0, 2233.0, 2378.0, 2540.0, 2729.0000000004657, 3007.0]",B,1,1da7c28264eaf4df1c4a359e60228b54cdbdb32c1d70da26fa8a0800bdaa5ba1,train
648,isaac,B,2,B_orient2,4,1,isaac copy/B/orient2/tilt_forward_toward_1/landmarks_trimmed.json,52,52,18,"[0, 3, 6, 9, 12, 15, 18, 21, 24, 27, 30, 33, 36, 39, 42, 45, 48, 51]","[63.0, 252.0, 422.0, 592.0, 769.0000000004657, 954.0, 1135.0000000004657, 1319.0, 1478.0, 1632.0, 1795.0, 1946.0, 2114.0, 2279.0, 2430.0, 2597.0000000004657, 2788.0, 2997.0]",B,1,fa9b978596df70d65b753ea3f87320bcac1efb7ed5be11fd82f7569e52cf273d,train
649,isaac,B,2,B_orient2,4,1,isaac copy/B/orient2/tilt_neutral_away_1/landmarks_trimmed.json,51,51,18,"[0, 2, 5, 8, 11, 14, 17, 20, 23, 26, 29, 32, 35, 38, 41, 44, 47, 50]","[67.00000000046566, 184.0, 338.0, 491.0, 650.0, 815.0, 1015.0, 1229.0, 1427.0, 1586.0, 1741.0, 1886.0, 2039.0, 2192.0000000004657, 2364.0000000004657, 2572.0, 2792.0, 3007.0]",B,1,929e91367fa91dce53cbcd4d87b3e05cf3632b2bb1c0cb123b477941bacb9c76,validation
650,isaac,B,2,B_orient2,4,1,isaac copy/B/orient2/tilt_neutral_neutral_1/landmarks_trimmed.json,52,52,18,"[0, 3, 6, 9, 12, 15, 18, 21, 24, 27, 30, 33, 36, 39, 42, 45, 48, 51]","[73.0, 246.0, 371.0, 502.0, 641.0, 796.0, 991.0, 1198.0, 1423.0, 1636.0, 1854.0, 2055.0, 2177.0, 2315.0000000004657, 2449.0000000004657, 2603.0000000004657, 2782.0, 2983.0]",B,1,dc86d51e4724cea1f96484e471c3f3ce26beab7bcdc84bc88229b56362470449,train
651,isaac,B,2,B_orient2,4,2,isaac copy/B/orient2/tilt_neutral_neutral_2/landmarks_trimmed.json,54,54,18,"[0, 3, 6, 9, 12, 15, 18, 21, 24, 28, 31, 34, 37, 40, 43, 46, 49, 53]","[67.0, 267.0, 453.00000000046566, 612.0, 762.0, 912.0, 1063.0, 1226.0, 1399.0, 1617.0, 1812.0, 1962.0000000004657, 2086.0, 2216.0, 2360.0, 2517.0, 2717.0, 3002.0000000004657]",B,1,4b04f3a54f0498372f549727879f8cb4dabdbb8e06dd8e2d066ef35b4a502010,train
652,isaac,B,2,B_orient2,4,1,isaac copy/B/orient2/tilt_neutral_toward_1/landmarks_trimmed.json,51,51,18,"[0, 2, 5, 8, 11, 14, 17, 20, 23, 26, 29, 32, 35, 38, 41, 44, 47, 50]","[67.0, 200.0, 401.0, 600.0, 804.0, 994.0, 1177.0, 1367.0, 1552.0, 1673.0, 1802.0, 1936.0, 2089.0, 2278.0, 2475.0, 2662.0, 2842.0, 3014.0]",B,1,46ad0d0b7e86c8483e701a2caddd2b361059d9517a9a24cc200fed74842e66c9,validation
653,isaac,D,1,D_orient1,6,1,isaac copy/D/orient1/tilt_back_away_1/landmarks_trimmed.json,49,49,18,"[0, 2, 5, 8, 11, 14, 16, 19, 22, 25, 28, 31, 33, 36, 39, 42, 45, 48]","[65.0, 187.0, 367.0, 558.0, 770.0, 981.0, 1117.0, 1310.0, 1461.0, 1609.0, 1759.0, 1928.0, 2046.0, 2219.0, 2396.0, 2583.0, 2788.0, 2974.0000000004657]",D,3,b29bb69baafa4e78e43d5b1dcd58c2bda37ccb70f52d0aa75cd1a2fd59c6cd8b,train
654,isaac,D,1,D_orient1,6,1,isaac copy/D/orient1/tilt_back_neutral_1/landmarks_trimmed.json,48,48,18,"[0, 2, 5, 8, 11, 13, 16, 19, 22, 24, 27, 30, 33, 35, 38, 41, 44, 47]","[67.0, 195.0, 367.0, 548.0, 738.0, 871.0, 1070.0, 1266.0, 1460.0, 1594.0, 1790.0, 1978.0, 2153.0, 2281.0, 2469.0, 2650.0, 2829.0, 3005.0]",D,3,2ea645ed618bca53aecac56e4e2c5f0dea331abf2522b4c50d04e4812f9224f9,train
655,isaac,D,1,D_orient1,6,2,isaac copy/D/orient1/tilt_back_neutral_2/landmarks_trimmed.json,50,50,18,"[0, 2, 5, 8, 11, 14, 17, 20, 23, 25, 28, 31, 34, 37, 40, 43, 46, 49]","[74.0, 207.0, 386.0, 558.0, 751.0, 949.0, 1163.0, 1377.0, 1564.0, 1672.0, 1840.0, 2009.0, 2196.0, 2387.0, 2591.0, 2716.0, 2843.0, 2977.0]",D,3,80676742ef641df0ea32c19879f0efdc37bf4006231a8dffa5535fa013038bfb,train
656,isaac,D,1,D_orient1,6,1,isaac copy/D/orient1/tilt_back_toward_1/landmarks_trimmed.json,57,57,18,"[0, 3, 6, 9, 13, 16, 19, 23, 26, 29, 32, 36, 39, 42, 46, 49, 52, 56]","[70.0, 222.0, 344.0, 482.0, 672.0, 851.0, 1063.0, 1250.0, 1376.0, 1511.0, 1661.0, 1920.0, 2130.0, 2269.0, 2443.0, 2579.0, 2733.0, 2970.0]",D,3,936cf7d46f8fc525be0b5562bb368fcc504911c46827b6804f2abbbf4c7789b3,train
657,isaac,D,1,D_orient1,6,1,isaac copy/D/orient1/tilt_forward_away_1/landmarks_trimmed.json,52,52,18,"[0, 3, 6, 9, 12, 15, 18, 21, 24, 27, 30, 33, 36, 39, 42, 45, 48, 51]","[68.0, 241.0, 392.0, 541.0, 693.0, 849.0, 1027.0, 1199.0, 1384.0, 1564.0, 1739.0, 1935.0, 2119.0, 2303.0000000004657, 2462.0, 2617.0, 2785.0, 2969.0]",D,3,70d08773e76dcec5cb462b5e29ec30de8f1b4644fd05fa2e657db7be1dcfd732,train
658,isaac,D,1,D_orient1,6,1,isaac copy/D/orient1/tilt_forward_neutral_1/landmarks_trimmed.json,55,55,18,"[0, 3, 6, 9, 12, 15, 19, 22, 25, 28, 31, 34, 38, 41, 44, 47, 50, 54]","[61.0, 231.0, 416.00000000046566, 606.0, 805.0, 968.0, 1133.0, 1266.0, 1409.0, 1569.0, 1752.0, 1950.0, 2226.0, 2348.0, 2476.0, 2610.0, 2762.0000000004657, 3008.0]",D,3,d6f461e03e4eedee00ee7089b1aa8d2ad5b39753e40c407f0aac75cf859901c8,validation
659,isaac,D,1,D_orient1,6,2,isaac copy/D/orient1/tilt_forward_neutral_2/landmarks_trimmed.json,59,59,18,"[0, 3, 6, 10, 13, 17, 20, 23, 27, 30, 34, 37, 40, 44, 47, 51, 54, 58]","[56.0, 181.0, 307.0, 488.0, 645.0, 889.0, 1011.0, 1138.0, 1323.0, 1481.0, 1717.0, 1905.0, 2117.0, 2317.0, 2440.0, 2617.0, 2767.0, 3001.0]",D,3,36a7d3af0f43cc3cf50d32e0d4d7325f38dcdef3efbed897b3259a4c06bde49d,train
660,isaac,D,1,D_orient1,6,1,isaac copy/D/orient1/tilt_forward_toward_1/landmarks_trimmed.json,58,58,18,"[0, 3, 6, 10, 13, 16, 20, 23, 26, 30, 33, 36, 40, 43, 46, 50, 53, 57]","[43.0, 179.0, 332.0, 557.0, 680.0, 813.0, 1002.0000000004657, 1166.0, 1338.0, 1620.0, 1760.0, 1892.0, 2068.0, 2215.0, 2388.0000000004657, 2623.0, 2780.0, 2998.0]",D,3,0ff659350e6d7a7a65cf784f91f2ce1c5ff0133179de2361ee4d146a9dbca88a,train
661,isaac,D,1,D_orient1,6,1,isaac copy/D/orient1/tilt_neutral_away_1/landmarks_trimmed.json,62,62,18,"[0, 3, 7, 10, 14, 17, 21, 25, 28, 32, 35, 39, 43, 46, 50, 53, 57, 61]","[61.99999999953434, 244.99999999953434, 514.9999999995343, 637.9999999995343, 809.9999999995343, 944.9999999995343, 1149.9999999995343, 1381.9999999995343, 1506.9999999995343, 1685.9999999995343, 1824.9999999995343, 2040.9999999995343, 2243.9999999995343, 2349.9999999995343, 2498.9999999995343, 2616.0, 2801.9999999995343, 3000.9999999995343]",D,3,cf30a0b322d8b8ca6a350e33e4f8c4b912ab7e027b6d9f60cdb2c82e740eefe2,train
662,isaac,D,1,D_orient1,6,1,isaac copy/D/orient1/tilt_neutral_neutral_1/landmarks_trimmed.json,52,52,18,"[0, 3, 6, 9, 12, 15, 18, 21, 24, 27, 30, 33, 36, 39, 42, 45, 48, 51]","[49.0, 196.0, 352.0, 522.0, 679.0, 838.0, 1005.0, 1177.0, 1373.0, 1592.0, 1806.0, 2018.0, 2216.0, 2417.0, 2617.0, 2741.0, 2872.0, 3006.0]",D,3,5ebe1587f1306d7a508440b9933e5740c69ea8891178088c0d6283ca68ffed7f,validation
663,isaac,D,1,D_orient1,6,2,isaac copy/D/orient1/tilt_neutral_neutral_2/landmarks_trimmed.json,49,49,18,"[0, 2, 5, 8, 11, 14, 16, 19, 22, 25, 28, 31, 33, 36, 39, 42, 45, 48]","[57.99999999953434, 167.99999999953434, 335.99999999953434, 500.99999999953434, 683.9999999995343, 881.9999999995343, 990.9999999995343, 1137.9999999995343, 1284.9999999995343, 1435.9999999995343, 1594.9999999995343, 1778.9999999995343, 1913.0, 2127.9999999995343, 2342.9999999995343, 2556.9999999995343, 2764.9999999995343, 2978.9999999995343]",D,3,a445276aeb267ce28a11cb59040cf7147180f6ad5ae9cbae4902ad20295b4bfa,train
664,isaac,D,1,D_orient1,6,1,isaac copy/D/orient1/tilt_neutral_toward_1/landmarks_trimmed.json,54,54,18,"[0, 3, 6, 9, 12, 15, 18, 21, 24, 28, 31, 34, 37, 40, 43, 46, 49, 53]","[66.0, 265.0, 464.0, 634.0000000004657, 754.0, 883.0, 1019.0, 1176.0, 1356.0, 1585.0000000004657, 1741.0, 1909.0, 2090.0, 2270.0, 2444.0, 2623.0000000004657, 2792.0, 3009.0000000004657]",D,3,6e3356d89c3cc19065f490a6174590dac679c90cadffa1bf558f9526952c3547,train
665,isaac,D,2,D_orient2,7,1,isaac copy/D/orient2/tilt_back_away_1/landmarks_trimmed.json,55,55,18,"[0, 3, 6, 9, 12, 15, 19, 22, 25, 28, 31, 34, 38, 41, 44, 47, 50, 54]","[69.0, 192.0, 315.0, 446.0, 585.0, 748.0, 1000.0, 1193.0, 1386.0, 1569.0, 1757.0, 1957.0, 2230.0, 2352.0, 2476.0, 2607.0, 2753.0000000004657, 2969.0]",D,3,6d21fd053a21116d70ee1add97449ecab0486d89b01788f403f3a5bfdea5e65a,train
666,isaac,D,2,D_orient2,7,1,isaac copy/D/orient2/tilt_back_neutral_1/landmarks_trimmed.json,51,51,18,"[0, 2, 5, 8, 11, 14, 17, 20, 23, 26, 29, 32, 35, 38, 41, 44, 47, 50]","[55.0, 178.0, 383.0, 509.0, 636.0, 768.0, 908.0, 1074.0, 1403.0000000004657, 1606.0000000004657, 1821.0, 2035.0, 2248.0, 2399.0, 2529.0, 2660.0, 2808.0, 2996.0]",D,3,1a6f9bffedcb9b589c65b12a83be9438d9abc7189c85f4645a004a30ebbfd6df,train
667,isaac,D,2,D_orient2,7,2,isaac copy/D/orient2/tilt_back_neutral_2/landmarks_trimmed.json,54,54,18,"[0, 3, 6, 9, 12, 15, 18, 21, 24, 28, 31, 34, 37, 40, 43, 46, 49, 53]","[69.99999999953434, 281.99999999953434, 476.99999999953434, 648.9999999995343, 812.9999999995343, 980.0, 1164.9999999995343, 1384.9999999995343, 1594.9999999995343, 1756.9999999995343, 1889.9999999995343, 2024.9999999995343, 2178.9999999995343, 2369.9999999995343, 2557.9999999995343, 2681.0, 2808.9999999995343, 2996.9999999995343]",D,3,e2402379400606aa62957de5578c37773cded2ddb4c8e05a643d4e84112e2370,test
668,isaac,D,2,D_orient2,7,1,isaac copy/D/orient2/tilt_back_toward_1/landmarks_trimmed.json,48,48,18,"[0, 2, 5, 8, 11, 13, 16, 19, 22, 24, 27, 30, 33, 35, 38, 41, 44, 47]","[66.0, 201.0, 409.0, 616.0, 804.0, 886.0, 1013.0, 1149.0, 1301.0, 1422.0, 1608.0, 1808.0, 2014.0, 2152.0, 2359.0, 2557.0, 2766.0, 2969.0]",D,3,2143a1a5236361d494c8afe6f8b8c0711ccfed846181e58e59c27d3dd9cec902,train
669,isaac,D,2,D_orient2,7,1,isaac copy/D/orient2/tilt_forward_away_1/landmarks_trimmed.json,52,52,18,"[0, 3, 6, 9, 12, 15, 18, 21, 24, 27, 30, 33, 36, 39, 42, 45, 48, 51]","[54.0, 218.0, 389.0, 583.0, 751.0, 920.0, 1099.0, 1273.0, 1433.0, 1602.0, 1786.0, 1949.0, 2099.0, 2255.0, 2425.0, 2618.0, 2803.0, 2986.0]",D,3,bada508740fa1869ef210dbe331822ddc8d16bc6dce6ec66c933777ab1e6a4cb,test
670,isaac,D,2,D_orient2,7,1,isaac copy/D/orient2/tilt_forward_neutral_1/landmarks_trimmed.json,58,58,18,"[0, 3, 6, 10, 13, 16, 20, 23, 26, 30, 33, 36, 40, 43, 46, 50, 53, 57]","[41.0, 171.00000000046566, 308.0, 517.0000000004657, 716.0, 891.0, 1107.0, 1259.0, 1408.0, 1628.0, 1814.0000000004657, 1981.0, 2150.0, 2280.0, 2424.0, 2662.0, 2836.0, 2999.0]",D,3,717a8a4d3d163d1c2c096e9c3b448cfc932cb230ffebd3ac371ace00abc5c4af,train
671,isaac,D,2,D_orient2,7,2,isaac copy/D/orient2/tilt_forward_neutral_2/landmarks_trimmed.json,49,49,18,"[0, 2, 5, 8, 11, 14, 16, 19, 22, 25, 28, 31, 33, 36, 39, 42, 45, 48]","[66.0, 182.00000000046566, 356.00000000046566, 534.0, 736.0, 937.0, 1070.0, 1266.0, 1448.0, 1630.0, 1815.0, 2014.0, 2147.0, 2336.0000000004657, 2540.0, 2709.0, 2859.0, 3009.0]",D,3,8384794460ec6de0186dcbb16380cc6ad77c1b6679e7c0aa96336017e614bce5,train
672,isaac,D,2,D_orient2,7,1,isaac copy/D/orient2/tilt_forward_toward_1/landmarks_trimmed.json,52,52,18,"[0, 3, 6, 9, 12, 15, 18, 21, 24, 27, 30, 33, 36, 39, 42, 45, 48, 51]","[64.0, 235.0, 398.0, 570.0, 751.0, 933.0, 1115.0, 1308.0, 1508.0, 1630.0, 1755.0, 1888.0, 2034.0, 2197.0, 2378.0, 2570.0, 2770.0, 2967.0]",D,3,3614ec0a03803cda9bdbcb931df14d2c302442caab093641efbd08bfb3ba934f,train
673,isaac,D,2,D_orient2,7,1,isaac copy/D/orient2/tilt_neutral_away_1/landmarks_trimmed.json,55,55,18,"[0, 3, 6, 9, 12, 15, 19, 22, 25, 28, 31, 34, 38, 41, 44, 47, 50, 54]","[46.0, 195.0, 372.0, 564.0, 690.0, 817.0, 996.0000000004657, 1154.0, 1353.0, 1478.0, 1611.0, 1748.0, 1962.0, 2154.0, 2335.0, 2534.0000000004657, 2747.0, 3028.0]",D,3,e8363749906b4588224b5ea2b70b161c1c3f3bb41bf6f4550f4def870f0612ab,test
674,isaac,D,2,D_orient2,7,1,isaac copy/D/orient2/tilt_neutral_neutral_1/landmarks_trimmed.json,51,51,18,"[0, 2, 5, 8, 11, 14, 17, 20, 23, 26, 29, 32, 35, 38, 41, 44, 47, 50]","[147.0, 287.0, 480.00000000046566, 631.0, 778.0, 927.0, 1084.0, 1253.0, 1438.0, 1642.0, 1860.0, 2061.0, 2191.0, 2318.0, 2457.0, 2616.0, 2817.0000000004657, 3023.0]",D,3,02387936c36f919a36dc3b2028d6c0060d4ead5af63c74b797380d69c28f9198,validation
675,isaac,D,2,D_orient2,7,2,isaac copy/D/orient2/tilt_neutral_neutral_2/landmarks_trimmed.json,53,53,18,"[0, 3, 6, 9, 12, 15, 18, 21, 24, 27, 30, 33, 36, 39, 42, 45, 48, 52]","[66.0, 282.0, 499.0, 697.0, 820.0, 948.0000000004657, 1087.0, 1240.0, 1412.0, 1609.0, 1820.0, 2041.0, 2179.0, 2305.0000000004657, 2435.0, 2576.0, 2741.0, 2998.0]",D,3,2c06138c4cae45fb7d2ab6c2b527eefabd2686db72f353c093ccf396b8835a6e,train
676,isaac,D,2,D_orient2,7,1,isaac copy/D/orient2/tilt_neutral_toward_1/landmarks_trimmed.json,53,53,18,"[0, 3, 6, 9, 12, 15, 18, 21, 24, 27, 30, 33, 36, 39, 42, 45, 48, 52]","[53.0, 241.0, 419.0, 590.0, 763.0, 916.0, 1066.0000000004657, 1232.0, 1409.0, 1576.0, 1748.0, 1921.0, 2103.0, 2291.0, 2472.0, 2635.0, 2799.0, 3018.0]",D,3,4c3d47d3e22a25f9471075b384bacbaa8aa90745bdcdf498234a316bf23ee176,train
677,isaac,E,1,E_orient1,8,1,isaac copy/E/orient1/tilt_back_away_1/landmarks_trimmed.json,53,53,18,"[0, 3, 6, 9, 12, 15, 18, 21, 24, 27, 30, 33, 36, 39, 42, 45, 48, 52]","[51.0, 202.0, 345.0, 500.0, 657.0, 837.0, 1107.0, 1281.0, 1490.0, 1610.0, 1737.0, 1876.0000000004657, 2021.0000000004657, 2205.0, 2406.0, 2619.0, 2771.0000000004657, 2973.0]",E,4,0d531da146623f641cb8bf2ce324cd2dfb409897c81861db7b74279b212803d3,train
678,isaac,E,1,E_orient1,8,1,isaac copy/E/orient1/tilt_back_neutral_1/landmarks_trimmed.json,37,37,18,"[0, 2, 4, 6, 8, 10, 12, 14, 16, 19, 21, 23, 25, 27, 29, 31, 33, 36]","[57.0, 184.0, 289.0, 419.0, 537.0, 671.0, 869.0000000004657, 1013.0, 1322.0, 1479.0, 1580.0, 1687.0, 2066.0, 2166.0000000004657, 2283.0, 2396.0000000004657, 2524.0, 3001.0]",E,4,5d13f4e29d4334533c2950013d5babc5fce066c7e1d6d3d50ccf927908d29c23,test
679,isaac,E,1,E_orient1,8,2,isaac copy/E/orient1/tilt_back_neutral_2/landmarks_trimmed.json,47,47,18,"[0, 2, 5, 8, 10, 13, 16, 18, 21, 24, 27, 29, 32, 35, 37, 40, 43, 46]","[64.0, 182.00000000046566, 361.0, 541.0, 666.0, 927.0, 1139.0, 1278.0000000004657, 1480.0, 1673.0, 1806.0, 1941.0000000004657, 2280.0, 2448.0, 2533.0, 2668.0, 2814.0, 3007.0]",E,4,b14b991dedc21ff8dae152af865f1adb75dd5748bad63fe483fd370c6b1de760,train
680,isaac,E,1,E_orient1,8,1,isaac copy/E/orient1/tilt_back_toward_1/landmarks_trimmed.json,32,32,18,"[0, 1, 3, 5, 7, 9, 10, 12, 14, 16, 18, 20, 21, 23, 25, 27, 29, 31]","[65.00000000046566, 132.00000000046566, 251.0, 384.0, 514.0, 645.0, 707.0, 837.0, 969.0000000004657, 1105.0, 1244.0, 1368.0, 1960.0000000004657, 2091.0, 2178.0, 2260.0, 2347.0, 2485.0]",E,4,e63ba0b2f0586fddda0dfabee266b093446272de1c4752f4b88f71deca19a876,train
681,isaac,E,1,E_orient1,8,1,isaac copy/E/orient1/tilt_forward_away_1/landmarks_trimmed.json,52,52,18,"[0, 3, 6, 9, 12, 15, 18, 21, 24, 27, 30, 33, 36, 39, 42, 45, 48, 51]","[89.0, 218.0, 355.0, 508.0, 678.0000000004657, 845.0, 1030.0, 1219.0, 1385.0, 1541.0, 1692.0, 1862.0, 2035.0, 2212.0, 2389.0, 2581.0, 2778.0, 2969.0]",E,4,5ac7c033a2ab66ecd4a4e985be064dce760d7e01a168cd8baedaa7c5e420b392,train
682,isaac,E,1,E_orient1,8,1,isaac copy/E/orient1/tilt_forward_neutral_1/landmarks_trimmed.json,54,54,18,"[0, 3, 6, 9, 12, 15, 18, 21, 24, 28, 31, 34, 37, 40, 43, 46, 49, 53]","[69.0, 249.0, 402.0, 565.0, 735.0000000004657, 933.0, 1129.0, 1254.0, 1384.0, 1563.0, 1719.0, 1894.0, 2084.0, 2252.0, 2430.0, 2634.0, 2803.0, 2968.0]",E,4,0352edb929ddd85aee4d618d23cdda672e9b24a467e8ee7b2fef7d06b87f8246,train
683,isaac,E,1,E_orient1,8,2,isaac copy/E/orient1/tilt_forward_neutral_2/landmarks_trimmed.json,57,57,18,"[0, 3, 6, 9, 13, 16, 19, 23, 26, 29, 32, 36, 39, 42, 46, 49, 52, 56]","[62.0, 223.0, 376.0, 523.0, 725.0, 895.0, 1106.0, 1325.0000000004657, 1449.0, 1583.0, 1722.0, 1936.0, 2139.0, 2344.0, 2505.0, 2630.0, 2771.0, 2976.0]",E,4,6d36d8172e10fde8fdd304f75a719ac08178a24afa6faebc69bd78c3709bccdd,train
684,isaac,E,1,E_orient1,8,1,isaac copy/E/orient1/tilt_forward_toward_1/landmarks_trimmed.json,50,50,18,"[0, 2, 5, 8, 11, 14, 17, 20, 23, 25, 28, 31, 34, 37, 40, 43, 46, 49]","[54.99999999953434, 183.0, 371.99999999953434, 559.9999999995343, 738.9999999995343, 922.9999999995343, 1102.9999999995343, 1285.9999999995343, 1471.9999999995343, 1591.9999999995343, 1751.9999999995343, 1917.9999999995343, 2082.9999999995343, 2256.9999999995343, 2451.9999999995343, 2630.9999999995343, 2801.9999999995343, 2972.9999999995343]",E,4,e57ff775f43e48daeee4377f7e1b8c2ab5624409546b9a7f275e77da67cc56b6,train
685,isaac,E,1,E_orient1,8,1,isaac copy/E/orient1/tilt_neutral_away_1/landmarks_trimmed.json,53,53,18,"[0, 3, 6, 9, 12, 15, 18, 21, 24, 27, 30, 33, 36, 39, 42, 45, 48, 52]","[70.0, 193.0, 318.0, 449.00000000046566, 600.0, 781.0, 987.0, 1175.0, 1354.0, 1521.0, 1689.0, 1878.0, 2072.0, 2272.0, 2461.0, 2667.0, 2818.0, 2993.0]",E,4,9a006af22530b90561bbe11d246b896ab57a33098dccf82b77c99ef00e64809b,validation
686,isaac,E,1,E_orient1,8,1,isaac copy/E/orient1/tilt_neutral_neutral_1/landmarks_trimmed.json,50,50,18,"[0, 2, 5, 8, 11, 14, 17, 20, 23, 25, 28, 31, 34, 37, 40, 43, 46, 49]","[116.0, 233.0, 407.0, 595.0, 809.0, 948.0, 1071.0, 1205.0, 1354.0, 1458.0, 1795.0000000004657, 2156.0, 2280.0, 2408.0, 2544.0, 2686.0, 2838.0, 3011.0]",E,4,424a3db83a7bdb42bc406acfd62949170adf7f82cc705754cf0fd0928dd391f4,test
687,isaac,E,1,E_orient1,8,2,isaac copy/E/orient1/tilt_neutral_neutral_2/landmarks_trimmed.json,47,47,18,"[0, 2, 5, 8, 10, 13, 16, 18, 21, 24, 27, 29, 32, 35, 37, 40, 43, 46]","[63.0, 186.0, 391.0, 585.0, 717.0, 912.0, 1126.0, 1265.0, 1512.0, 1649.0, 1793.0, 1904.0, 2105.0, 2319.0, 2449.0, 2636.0, 2820.0, 3015.0]",E,4,6a794660b5fa11b72197b5421883087a0fdffb81659edd2889177fee5603df06,train
688,isaac,E,1,E_orient1,8,1,isaac copy/E/orient1/tilt_neutral_toward_1/landmarks_trimmed.json,52,52,18,"[0, 3, 6, 9, 12, 15, 18, 21, 24, 27, 30, 33, 36, 39, 42, 45, 48, 51]","[59.0, 257.0, 455.0, 635.0, 786.0, 932.0, 1083.0, 1244.0, 1422.0, 1613.0, 1826.0, 2043.0, 2251.0, 2449.0, 2576.0, 2702.0, 2835.0, 2984.0]",E,4,c35f257a870675811e7f87fc5c099995b3486cd952a1c6d9c3794ba3b5ebafad,validation
689,isaac,F,1,F_orient1,11,1,isaac copy/F/orient1/tilt_back_away_1/landmarks_trimmed.json,48,48,18,"[0, 2, 5, 8, 11, 13, 16, 19, 22, 24, 27, 30, 33, 35, 38, 41, 44, 47]","[62.00000000005821, 192.0, 395.0, 609.0, 822.0, 964.0, 1114.0, 1237.0, 1368.0, 1461.0000000000582, 1617.0, 1800.0000000000582, 1999.0, 2143.0, 2359.0, 2574.000000000058, 2778.0, 2970.0]",F,5,ecd5abeca654b65621a3bc5ff829d275ad1eab04adc19fdd0e64301112ef88bf,train
690,isaac,F,1,F_orient1,11,1,isaac copy/F/orient1/tilt_back_neutral_1/landmarks_trimmed.json,56,56,18,"[0, 3, 6, 9, 12, 16, 19, 22, 25, 29, 32, 35, 38, 42, 45, 48, 51, 55]","[67.0, 252.0, 419.0000000000582, 587.0, 775.0, 1047.0, 1168.0, 1292.0, 1424.0, 1613.0, 1782.0000000000582, 1967.0000000000582, 2163.0, 2373.0, 2496.000000000058, 2626.0, 2770.000000000058, 2994.0]",F,5,374869aa09a8d62cfe954745b24b2f99648d634dd6c30c2aa3e673c29151df97,train
691,isaac,F,1,F_orient1,11,2,isaac copy/F/orient1/tilt_back_neutral_2/landmarks_trimmed.json,58,58,18,"[0, 3, 6, 10, 13, 16, 20, 23, 26, 30, 33, 36, 40, 43, 46, 50, 53, 57]","[63.0, 277.0, 487.0, 673.0, 797.0, 931.0, 1135.0, 1338.0000000000582, 1554.0, 1735.0, 1858.0, 1991.0, 2185.0, 2375.0, 2500.0, 2671.0, 2807.000000000058, 2998.0]",F,5,cb0a39f35ab396a7bcd1c06f898ee78cbe34d3ba4a35e66e2338d8b91083b8ef,validation
692,isaac,F,1,F_orient1,11,1,isaac copy/F/orient1/tilt_back_toward_1/landmarks_trimmed.json,57,57,18,"[0, 3, 6, 9, 13, 16, 19, 23, 26, 29, 32, 36, 39, 42, 46, 49, 52, 56]","[46.0, 192.0, 362.0, 542.0, 762.0, 943.0, 1130.0000000000582, 1406.0, 1559.0, 1683.0, 1813.0, 2007.0, 2195.000000000058, 2334.0, 2499.0, 2631.0, 2777.0, 3026.0]",F,5,2382dd7ef9a31caa6122a92f8e7a95bfe89a1b0b1c588bf0ef1d4ed40ff8ad30,train
693,isaac,F,1,F_orient1,11,1,isaac copy/F/orient1/tilt_forward_away_1/landmarks_trimmed.json,55,55,18,"[0, 3, 6, 9, 12, 15, 19, 22, 25, 28, 31, 34, 38, 41, 44, 47, 50, 54]","[61.0, 267.0, 466.0, 642.0, 767.0, 899.0, 1085.0, 1240.0, 1421.0, 1601.0, 1727.0, 1856.0, 2038.0, 2191.0, 2378.000000000058, 2583.0, 2790.0, 3006.0]",F,5,6ef46ee306ae30127d9187423c3ae273a4ef0de2c1102d0e7c1c751fc2e0b268,test
694,isaac,F,1,F_orient1,11,1,isaac copy/F/orient1/tilt_forward_neutral_1/landmarks_trimmed.json,56,56,18,"[0, 3, 6, 9, 12, 16, 19, 22, 25, 29, 32, 35, 38, 42, 45, 48, 51, 55]","[50.999999999970896, 218.9999999999709, 393.9999999999709, 589.0, 730.9999999999709, 901.9999999999709, 1037.999999999971, 1183.999999999971, 1358.999999999971, 1583.999999999971, 1760.999999999971, 1923.999999999971, 2102.999999999971, 2365.999999999971, 2543.999999999971, 2665.999999999971, 2790.999999999971, 2973.999999999971]",F,5,2ace70f6cb7b36b689b3f270493ae18efe09984f027ce333fd77a53f68fff124,test
695,isaac,F,1,F_orient1,11,2,isaac copy/F/orient1/tilt_forward_neutral_2/landmarks_trimmed.json,50,50,18,"[0, 2, 5, 8, 11, 14, 17, 20, 23, 25, 28, 31, 34, 37, 40, 43, 46, 49]","[63.999999999970896, 186.9999999999709, 381.9999999999709, 563.9999999999709, 752.9999999999709, 917.0, 1082.999999999971, 1250.999999999971, 1433.999999999971, 1548.999999999971, 1710.999999999971, 1875.999999999971, 2057.999999999971, 2268.999999999971, 2465.999999999971, 2632.999999999971, 2799.999999999971, 2984.999999999971]",F,5,5b61357564cc7a1435ec3f9f0c4199a9369647ee9f22d10f93a69ebbe2aee340,train
696,isaac,F,1,F_orient1,11,1,isaac copy/F/orient1/tilt_forward_toward_1/landmarks_trimmed.json,51,51,18,"[0, 2, 5, 8, 11, 14, 17, 20, 23, 26, 29, 32, 35, 38, 41, 44, 47, 50]","[49.999999999970896, 147.9999999999709, 348.9999999999709, 506.0, 750.9999999999709, 955.9999999999709, 1164.999999999971, 1341.999999999971, 1465.0, 1592.999999999971, 1728.999999999971, 1881.0, 2052.999999999971, 2254.999999999971, 2443.999999999971, 2632.999999999971, 2818.999999999971, 3006.0]",F,5,fab76ecfa2806fdd867368dd9343078268fd7b039d033a9817983d81ea506cdf,validation
697,isaac,F,1,F_orient1,11,1,isaac copy/F/orient1/tilt_neutral_away_1/landmarks_trimmed.json,49,49,18,"[0, 2, 5, 8, 11, 14, 16, 19, 22, 25, 28, 31, 33, 36, 39, 42, 45, 48]","[71.0, 212.0, 407.0000000000582, 593.0, 758.0000000000582, 913.0, 1024.0, 1194.0, 1395.0000000000582, 1599.0, 1792.0, 1971.0, 2090.0, 2276.0, 2477.0, 2663.0, 2843.0, 3026.0]",F,5,3fadfb1edba56eb7b6c16d8327321b455a156a789e0df43477356b6bd7fb9cc0,train
698,isaac,F,1,F_orient1,11,1,isaac copy/F/orient1/tilt_neutral_neutral_1/landmarks_trimmed.json,50,50,18,"[0, 2, 5, 8, 11, 14, 17, 20, 23, 25, 28, 31, 34, 37, 40, 43, 46, 49]","[70.0, 214.0, 423.0, 590.0, 748.0000000000582, 911.0, 1090.0, 1278.0, 1467.0, 1607.0, 1795.0, 1976.0, 2163.0, 2354.0, 2552.0, 2732.0, 2854.0, 2982.0]",F,5,26cb1c081f062554c9e264535c31852f9d8e79a4186896ad4258e4a9ea1a1ea6,train
699,isaac,F,1,F_orient1,11,2,isaac copy/F/orient1/tilt_neutral_neutral_2/landmarks_trimmed.json,60,60,18,"[0, 3, 6, 10, 13, 17, 20, 24, 27, 31, 34, 38, 41, 45, 48, 52, 55, 59]","[71.0, 193.0, 319.0, 499.0, 652.0, 912.0, 1095.0, 1260.0, 1389.0000000000582, 1568.0, 1716.0000000000582, 1959.0, 2172.0, 2355.0, 2478.000000000058, 2651.000000000058, 2798.0, 3033.0]",F,5,b5da678ab29914b3ffe874ea90c1385bcf4de13217b5c6858d5f1bf1bddcaf12,train
700,isaac,F,1,F_orient1,11,1,isaac copy/F/orient1/tilt_neutral_toward_1/landmarks_trimmed.json,50,50,18,"[0, 2, 5, 8, 11, 14, 17, 20, 23, 25, 28, 31, 34, 37, 40, 43, 46, 49]","[66.0, 197.0, 395.0, 588.0000000000582, 798.0, 935.0, 1059.0000000000582, 1189.0, 1330.0, 1430.0, 1600.0000000000582, 1798.0, 2003.0, 2208.000000000058, 2398.000000000058, 2598.0, 2798.0, 3000.0]",F,5,ce98c5ebf16b509d621c934b309cfd346e980227b23bd69aec00ca2ebebe6d69,train
701,isaac,F,2,F_orient2,12,1,isaac copy/F/orient2/tilt_back_away_1/landmarks_trimmed.json,55,55,18,"[0, 3, 6, 9, 12, 15, 19, 22, 25, 28, 31, 34, 38, 41, 44, 47, 50, 54]","[56.999999999883585, 247.99999999988358, 439.9999999998836, 613.9999999998836, 770.9999999998836, 933.9999999998836, 1168.9999999998836, 1335.9999999998836, 1500.0, 1650.9999999998836, 1811.9999999998836, 1998.9999999998836, 2264.9999999998836, 2415.9999999998836, 2539.9999999998836, 2667.9999999998836, 2804.9999999998836, 3024.9999999998836]",F,5,e6fbda2371b8d23981164b510c0d2a39624e97d21c2837c2716cc8a831bd6455,test
702,isaac,F,2,F_orient2,12,1,isaac copy/F/orient2/tilt_back_neutral_1/landmarks_trimmed.json,48,48,18,"[0, 2, 5, 8, 11, 13, 16, 19, 22, 24, 27, 30, 33, 35, 38, 41, 44, 47]","[66.0, 198.00000000011642, 398.0, 588.0, 784.0, 912.0, 1096.0, 1266.0, 1428.0, 1543.0, 1716.0, 1917.0, 2128.0, 2332.0, 2520.0000000001164, 2681.0, 2842.0000000001164, 2996.0000000001164]",F,5,4e651466b1e7b03da377025bb441e2f06e9944dea81e9b068c826d92bcc5191d,train
703,isaac,F,2,F_orient2,12,2,isaac copy/F/orient2/tilt_back_neutral_2/landmarks_trimmed.json,48,48,18,"[0, 2, 5, 8, 11, 13, 16, 19, 22, 24, 27, 30, 33, 35, 38, 41, 44, 47]","[63.999999999883585, 183.99999999988358, 615.9999999998836, 790.9999999998836, 910.9999999998836, 992.9999999998836, 1121.9999999998836, 1359.9999999998836, 1531.9999999998836, 1664.9999999998836, 1858.9999999998836, 2061.9999999998836, 2318.9999999998836, 2401.9999999998836, 2530.9999999998836, 2669.9999999998836, 2834.9999999998836, 3031.9999999998836]",F,5,f3c7a85eef69bffe555c4f2a53e17b444da1a7b9773783c14d1b21b3cc5bb480,train
704,isaac,F,2,F_orient2,12,1,isaac copy/F/orient2/tilt_back_toward_1/landmarks_trimmed.json,42,42,18,"[0, 2, 4, 7, 9, 12, 14, 16, 19, 21, 24, 26, 28, 31, 33, 36, 38, 41]","[60.0, 180.0, 300.0, 489.0, 620.0, 859.0, 972.0, 1089.0, 1266.0, 1384.0000000001164, 1570.0, 1758.0, 1913.0000000001164, 2064.0, 2469.0, 2653.0, 2784.0, 2987.0]",F,5,53b02bf50877b6bd8f06fb62621b98659999e194a60bb0a301d8bacf06cb02ba,train
705,isaac,F,2,F_orient2,12,1,isaac copy/F/orient2/tilt_forward_away_1/landmarks_trimmed.json,50,50,18,"[0, 2, 5, 8, 11, 14, 17, 20, 23, 25, 28, 31, 34, 37, 40, 43, 46, 49]","[49.0, 149.0, 302.0, 462.0000000000582, 618.0000000000582, 784.0000000000582, 953.0, 1135.0000000000582, 1313.0000000000582, 1435.0, 1621.0, 1798.0, 1980.0, 2170.0, 2434.0, 2558.000000000058, 2690.0, 2903.0]",F,5,257ca2103249ea20e0aebe8e9e3300d23d019f28d4429a2f65f038110cc3621a,validation
706,isaac,F,2,F_orient2,12,1,isaac copy/F/orient2/tilt_forward_neutral_1/landmarks_trimmed.json,44,44,18,"[0, 2, 5, 7, 10, 12, 15, 17, 20, 22, 25, 27, 30, 32, 35, 37, 40, 43]","[64.00000000005821, 188.0, 391.0000000000582, 533.0000000000582, 742.0000000000582, 882.0, 1090.0, 1228.0, 1438.0, 1574.0, 1780.0, 1920.0000000000582, 2121.0, 2255.0, 2454.0, 2588.0, 2789.0, 2999.0]",F,5,8c63e6ec1a5036158f4ef341318aaa1828f6699b53e8e99ac3b3de3b568fea3c,train
707,isaac,F,2,F_orient2,12,2,isaac copy/F/orient2/tilt_forward_neutral_2/landmarks_trimmed.json,47,47,18,"[0, 2, 5, 8, 10, 13, 16, 18, 21, 24, 27, 29, 32, 35, 37, 40, 43, 46]","[59.0, 140.0, 262.0, 391.0, 479.0, 634.0000000000582, 891.0, 1022.0, 1208.0, 1388.0, 1570.0, 1694.0, 1893.0, 2105.0, 2240.000000000058, 2433.0, 2600.0, 3004.0]",F,5,f0800588a143a7faa6d316dbbcac93774e98e11f8456cba3d7f668257e9a9272,validation
708,isaac,F,2,F_orient2,12,1,isaac copy/F/orient2/tilt_forward_toward_1/landmarks_trimmed.json,58,58,18,"[0, 3, 6, 10, 13, 16, 20, 23, 26, 30, 33, 36, 40, 43, 46, 50, 53, 57]","[59.0, 247.0, 447.0, 658.0, 801.0, 944.0, 1143.0, 1299.0000000000582, 1492.0, 1737.0, 1858.0, 1982.0, 2162.000000000058, 2318.000000000058, 2483.0, 2648.0, 2778.0, 2975.0]",F,5,0546a96d0a6d2a38a3be37df8299295f656ad3edc2a43444e248d391932f90af,train
709,isaac,F,2,F_orient2,12,1,isaac copy/F/orient2/tilt_neutral_away_1/landmarks_trimmed.json,56,56,18,"[0, 3, 6, 9, 12, 16, 19, 22, 25, 29, 32, 35, 38, 42, 45, 48, 51, 55]","[48.99999999994179, 218.9999999999418, 410.9999999999418, 621.0, 813.9999999999418, 1063.0, 1183.0, 1305.9999999999418, 1438.0, 1639.9999999999418, 1840.9999999999418, 2053.999999999942, 2204.999999999942, 2372.999999999942, 2507.999999999942, 2650.999999999942, 2803.999999999942, 3014.000000000058]",F,5,09b310379f1494d12490efb7c3334e75987cf87915122992949000e1d2d2df97,train
710,isaac,F,2,F_orient2,12,1,isaac copy/F/orient2/tilt_neutral_neutral_1/landmarks_trimmed.json,55,55,18,"[0, 3, 6, 9, 12, 15, 19, 22, 25, 28, 31, 34, 38, 41, 44, 47, 50, 54]","[41.0, 176.0, 328.0, 508.0, 690.0, 807.0000000000582, 976.0, 1107.0, 1242.0, 1392.0, 1551.0, 1724.0, 2025.0, 2200.0, 2366.0, 2587.0, 2769.0, 3015.0]",F,5,d164134d116219ca392f9fffb953e4123e55fd53fc4ad2b855c236599291a40e,train
711,isaac,F,2,F_orient2,12,2,isaac copy/F/orient2/tilt_neutral_neutral_2/landmarks_trimmed.json,45,45,18,"[0, 2, 5, 7, 10, 12, 15, 18, 20, 23, 25, 28, 31, 33, 36, 38, 41, 44]","[61.0, 179.0, 349.0000000000582, 465.0000000000582, 645.0, 767.0000000000582, 953.9999999999418, 1142.0000000000582, 1335.0000000000582, 1535.0, 1660.9999999999418, 1844.0000000000582, 2030.9999999999418, 2160.999999999942, 2352.0, 2468.0, 2746.0, 2989.000000000058]",F,5,e299ab2e95114caf53b65260aec192838d3a7e09f80bef466cf3e540c43f01a5,train
712,isaac,F,2,F_orient2,12,1,isaac copy/F/orient2/tilt_neutral_toward_1/landmarks_trimmed.json,46,46,18,"[0, 2, 5, 7, 10, 13, 15, 18, 21, 23, 26, 29, 31, 34, 37, 39, 42, 45]","[50.99999999994179, 152.9999999999418, 432.9999999999418, 680.9999999999418, 891.9999999999418, 1110.9999999999418, 1236.9999999999418, 1413.9999999999418, 1533.9999999999418, 1614.9999999999418, 1743.9999999999418, 1933.9999999999418, 2048.0, 2235.999999999942, 2480.999999999942, 2613.999999999942, 2767.999999999942, 2947.0]",F,5,72b96b9a9f8abda84cd8615313704c7ab92c73216b155f476b97c0fd092d8766,train
713,isaac,K,2,K_orient2,18,1,isaac copy/K/orient2/tilt_back_away_1/landmarks_trimmed.json,49,49,18,"[0, 2, 5, 8, 11, 14, 16, 19, 22, 25, 28, 31, 33, 36, 39, 42, 45, 48]","[56.0, 168.0, 334.0, 514.0, 707.0, 907.0, 1036.0, 1217.0, 1406.0, 1586.0, 1819.0, 2001.0, 2119.0000000001164, 2309.0, 2507.0, 2678.0, 2830.0, 2982.0]",K,8,8a5ea65c8424087784e587a127a3722f0a66546f24b2e463509058f7ac6c4145,validation
714,isaac,K,2,K_orient2,18,1,isaac copy/K/orient2/tilt_back_neutral_1/landmarks_trimmed.json,55,55,18,"[0, 3, 6, 9, 12, 15, 19, 22, 25, 28, 31, 34, 38, 41, 44, 47, 50, 54]","[56.0, 215.0, 381.0, 564.0, 764.0000000001164, 952.0, 1219.0, 1409.0, 1612.0, 1732.0, 1857.0, 1986.0, 2180.0, 2362.0, 2515.0, 2641.0, 2776.0, 2980.0000000001164]",K,8,e389402ad34c864af770bad54075576f4e62e74cfac8b6d32789b94c4a3bd009,train
715,isaac,K,2,K_orient2,18,2,isaac copy/K/orient2/tilt_back_neutral_2/landmarks_trimmed.json,61,61,18,"[0, 3, 7, 10, 14, 17, 21, 24, 28, 31, 35, 38, 42, 45, 49, 52, 56, 60]","[52.0, 248.0, 442.0, 568.0, 746.0, 900.0000000001164, 1144.0, 1266.0, 1434.0000000001164, 1571.0, 1788.0, 1978.0, 2140.0, 2265.0, 2448.0, 2605.0, 2831.0, 2998.0]",K,8,f6ec61fc0350d79bf8740a80048eb21323a117e0423b17e2c40a357d2c75c966,validation
716,isaac,K,2,K_orient2,18,1,isaac copy/K/orient2/tilt_back_toward_1/landmarks_trimmed.json,54,54,18,"[0, 3, 6, 9, 12, 15, 18, 21, 24, 28, 31, 34, 37, 40, 43, 46, 49, 53]","[62.999999999883585, 242.99999999988358, 397.9999999998836, 560.9999999998836, 731.0, 923.9999999998836, 1128.9999999998836, 1305.9999999998836, 1478.9999999998836, 1721.0, 1921.9999999998836, 2072.0, 2192.9999999998836, 2318.9999999998836, 2454.9999999998836, 2610.9999999998836, 2807.9999999998836, 3000.9999999998836]",K,8,237f67aacfc09e2cb6e6b47bbe7cfd50cb344f60dc2e8f298b77ed22a14950b8,train
717,isaac,K,2,K_orient2,18,1,isaac copy/K/orient2/tilt_forward_away_1/landmarks_trimmed.json,57,57,18,"[0, 3, 6, 9, 13, 16, 19, 23, 26, 29, 32, 36, 39, 42, 46, 49, 52, 56]","[54.0, 253.0, 402.0, 527.0, 710.0, 853.0000000001164, 1020.0, 1242.0, 1404.0, 1571.0, 1752.0000000001164, 2021.0000000001164, 2143.0, 2264.0, 2441.0, 2587.0, 2757.0000000001164, 2969.0]",K,8,bbb20e37ea7d4ec9083f289d160b7643d444ca28bfba5dff9e0412f76bffa28a,test
718,isaac,K,2,K_orient2,18,1,isaac copy/K/orient2/tilt_forward_neutral_1/landmarks_trimmed.json,60,60,18,"[0, 3, 6, 10, 13, 17, 20, 24, 27, 31, 34, 38, 41, 45, 48, 52, 55, 59]","[45.0, 185.0, 347.0, 551.0, 673.0, 848.0, 991.0, 1240.0, 1412.0000000001164, 1577.0, 1710.0000000001164, 1909.0, 2091.0, 2299.0, 2423.0, 2599.0, 2742.0, 2968.0]",K,8,a1c158e3019823ba8ee0551c8066ddda434adecbdcb8d5f4ca03d4abffd16b20,train
719,isaac,K,2,K_orient2,18,2,isaac copy/K/orient2/tilt_forward_neutral_2/landmarks_trimmed.json,56,56,18,"[0, 3, 6, 9, 12, 16, 19, 22, 25, 29, 32, 35, 38, 42, 45, 48, 51, 55]","[45.0, 182.0, 340.0, 507.0, 713.0, 892.0, 1019.0, 1152.0, 1301.0, 1564.0, 1739.0, 1890.0, 2037.0, 2239.0, 2396.0, 2583.0, 2776.0, 2978.0]",K,8,997bfbd10b8f2697208312075b535084434e33b8b1da61fcf6c7e3b926ce72ce,train
720,isaac,K,2,K_orient2,18,1,isaac copy/K/orient2/tilt_forward_toward_1/landmarks_trimmed.json,57,57,18,"[0, 3, 6, 9, 13, 16, 19, 23, 26, 29, 32, 36, 39, 42, 46, 49, 52, 56]","[51.0, 214.0, 366.0, 534.0000000001164, 802.0, 944.0, 1067.0, 1246.0, 1396.0, 1575.0, 1783.0, 1946.0, 2075.0, 2212.0000000001164, 2428.0000000001164, 2631.0, 2797.0, 3017.0]",K,8,280234b8bf57d02a55bdb6a2a18c1716c5a1e1707005f7c7a730e9341b7e325a,train
721,isaac,K,2,K_orient2,18,1,isaac copy/K/orient2/tilt_neutral_away_1/landmarks_trimmed.json,53,53,18,"[0, 3, 6, 9, 12, 15, 18, 21, 24, 27, 30, 33, 36, 39, 42, 45, 48, 52]","[57.0, 223.0, 387.0000000001164, 558.0, 748.0, 962.0, 1168.0, 1347.0, 1469.0, 1594.0, 1725.0, 1868.0000000001164, 2036.0000000001164, 2232.0, 2408.0, 2576.0, 2758.0, 3023.0]",K,8,ca02b3b78771f3d4550f30768c88f2381c888bd6a83f71ff7436620ef8f657c9,train
722,isaac,K,2,K_orient2,18,1,isaac copy/K/orient2/tilt_neutral_neutral_1/landmarks_trimmed.json,56,56,18,"[0, 3, 6, 9, 12, 16, 19, 22, 25, 29, 32, 35, 38, 42, 45, 48, 51, 55]","[48.0, 202.0, 371.0, 552.0, 749.0, 916.0, 1045.0, 1180.0, 1335.0, 1560.0, 1743.0, 1900.0, 2026.0, 2198.0, 2338.0000000001164, 2504.0, 2699.0, 2984.0]",K,8,ddc8ccc82d5fd16b0376d45f019c07756386e6ff5761b5df64613ce1e964b1a5,train
723,isaac,K,2,K_orient2,18,2,isaac copy/K/orient2/tilt_neutral_neutral_2/landmarks_trimmed.json,56,56,18,"[0, 3, 6, 9, 12, 16, 19, 22, 25, 29, 32, 35, 38, 42, 45, 48, 51, 55]","[70.00000000011642, 221.0, 342.0, 471.0, 607.0, 815.0, 1018.0, 1228.0, 1350.0, 1525.0, 1662.0, 1805.0, 1962.0, 2230.0, 2410.0, 2576.0, 2744.0, 2995.0]",K,8,96f849bb584ee4927c022e0de162bcf05bde3649f5d0a42496351e9081d01da6,train
724,isaac,K,2,K_orient2,18,1,isaac copy/K/orient2/tilt_neutral_toward_1/landmarks_trimmed.json,56,56,18,"[0, 3, 6, 9, 12, 16, 19, 22, 25, 29, 32, 35, 38, 42, 45, 48, 51, 55]","[63.0, 247.0, 450.0, 595.0, 719.0000000001164, 894.0, 1044.0, 1230.0, 1404.0, 1567.0, 1694.0, 1834.0, 1995.0, 2231.0, 2398.0, 2575.0, 2760.0, 3031.0]",K,8,f80cc01396a09d67492ce7442fdba02af5d9065a3dfee01688765bcaba1d15f4,train
725,isaac,M,1,M_orient1,22,1,isaac copy/M/orient1/tilt_back_away_1/landmarks_trimmed.json,56,56,18,"[0, 3, 6, 9, 12, 16, 19, 22, 25, 29, 32, 35, 38, 42, 45, 48, 51, 55]","[42.0, 165.0, 292.0, 428.0, 586.0, 802.0, 926.0, 1053.0, 1198.0, 1412.0, 1617.0, 1828.0, 2018.0000000004657, 2235.0, 2406.0, 2589.0, 2768.0000000004657, 3017.0]",M,10,4d44bea44e5767eb5463d9f3c5839023d3d7cc6b54dd520e98e4995c84ca7cdc,train
726,isaac,M,1,M_orient1,22,1,isaac copy/M/orient1/tilt_back_neutral_1/landmarks_trimmed.json,53,53,18,"[0, 3, 6, 9, 12, 15, 18, 21, 24, 27, 30, 33, 36, 39, 42, 45, 48, 52]","[70.99999999976717, 284.99999999976717, 491.99999999953434, 710.0, 920.0, 1130.9999999997672, 1342.9999999997672, 1481.9999999997672, 1606.9999999997672, 1744.0, 1880.9999999997672, 2038.9999999997672, 2219.999999999767, 2369.999999999767, 2494.0, 2623.0, 2759.0, 2980.999999999767]",M,10,53b502cf8b4ed2145177ff9827e7668c1483f011cf41f4d3fb8a0d502c2d7ba7,train
727,isaac,M,1,M_orient1,22,2,isaac copy/M/orient1/tilt_back_neutral_2/landmarks_trimmed.json,36,36,18,"[0, 2, 4, 6, 8, 10, 12, 14, 16, 18, 20, 22, 24, 26, 28, 30, 32, 35]","[342.0, 486.0, 619.0, 745.0, 863.0, 963.0, 1061.0, 1162.0, 1262.0, 1432.0, 1679.0, 1797.0, 1981.0, 2107.0000000004657, 2244.0, 2385.0, 2524.0, 2771.0]",M,10,b0d4461f10d0d0beafc3c7aabe8e0401430c97b7487a3d3c1748d3f9eec13068,train
728,isaac,M,1,M_orient1,22,1,isaac copy/M/orient1/tilt_back_toward_1/landmarks_trimmed.json,47,47,18,"[0, 2, 5, 8, 10, 13, 16, 18, 21, 24, 27, 29, 32, 35, 37, 40, 43, 46]","[54.99999999976717, 185.0, 382.99999999976717, 533.9999999997672, 613.9999999995343, 745.0, 926.9999999997672, 1034.9999999997672, 1219.9999999997672, 1475.0, 1656.9999999997672, 1738.9999999995343, 1862.9999999997672, 2140.9999999995343, 2255.999999999767, 2536.999999999767, 2821.0, 2986.9999999995343]",M,10,584ecc0e1c24fe8b1d2b67f74ac95aa1b1d34a36a342284473fdb8d191a4db85,train
729,isaac,M,1,M_orient1,22,1,isaac copy/M/orient1/tilt_forward_away_1/landmarks_trimmed.json,46,46,18,"[0, 2, 5, 7, 10, 13, 15, 18, 21, 23, 26, 29, 31, 34, 37, 39, 42, 45]","[42.99999999976717, 128.99999999976717, 356.99999999976717, 458.99999999976717, 772.9999999997672, 996.9999999997672, 1109.9999999997672, 1279.0, 1467.9999999997672, 1676.9999999997672, 1805.9999999997672, 1932.0, 2019.9999999997672, 2223.999999999767, 2473.999999999767, 2616.999999999767, 2818.999999999767, 2987.999999999767]",M,10,b0db90a7b4a829305c8f7cfa2f59539c9fdd6a38f0cb4ddfe9d1a9950104e519,train
730,isaac,M,1,M_orient1,22,1,isaac copy/M/orient1/tilt_forward_neutral_1/landmarks_trimmed.json,38,38,18,"[0, 2, 4, 6, 8, 10, 13, 15, 17, 19, 21, 23, 26, 28, 30, 32, 34, 37]","[58.0, 163.0, 257.0, 350.0, 443.0, 536.0, 728.0, 829.0, 931.0, 1030.0, 1482.0, 1596.0, 1759.0, 1865.0, 1975.0, 2082.0, 2325.0, 2741.0]",M,10,731ea5ad2b215937679dc2b38988a95e3477f0e30f365b7e9d5bbe7e7024c859,train
731,isaac,M,1,M_orient1,22,2,isaac copy/M/orient1/tilt_forward_neutral_2/landmarks_trimmed.json,42,42,18,"[0, 2, 4, 7, 9, 12, 14, 16, 19, 21, 24, 26, 28, 31, 33, 36, 38, 41]","[83.0, 165.0, 250.0, 385.0, 485.00000000023283, 653.0, 771.0, 888.0000000002328, 1078.0, 1216.0, 1368.0, 1449.0, 1532.0000000002328, 2438.0, 2556.0, 2729.0, 2838.0, 3005.0]",M,10,459982033b34d850d898115afbdde54650ff7e8b991f3bac108517f11a47f688,validation
732,isaac,M,1,M_orient1,22,1,isaac copy/M/orient1/tilt_forward_toward_1/landmarks_trimmed.json,51,51,18,"[0, 2, 5, 8, 11, 14, 17, 20, 23, 26, 29, 32, 35, 38, 41, 44, 47, 50]","[70.00000000023283, 206.0, 403.0, 589.0, 769.0, 932.0, 1096.0, 1264.0, 1432.0, 1618.0000000002328, 1800.0, 1975.0000000002328, 2153.0, 2342.0, 2497.0, 2663.0, 2834.0, 3025.0]",M,10,b985bde20f3ca54539d3451d4ea0df0107b2c09448896db2926d1601f12adae6,train
733,isaac,M,1,M_orient1,22,1,isaac copy/M/orient1/tilt_neutral_away_1/landmarks_trimmed.json,61,61,18,"[0, 3, 7, 10, 14, 17, 21, 24, 28, 31, 35, 38, 42, 45, 49, 52, 56, 60]","[50.00000000023283, 218.0, 415.0, 538.0, 715.0000000002328, 868.0000000002328, 1079.0000000002328, 1204.0000000002328, 1384.0, 1533.0, 1782.0000000002328, 1940.0, 2105.0, 2235.0, 2439.0, 2617.0, 2814.0, 2981.0]",M,10,fa5e43d4cc1be95d43e9d0d8dab319f8024fddce2de9da7ba2be6c16adf1fd5d,test
734,isaac,M,1,M_orient1,22,1,isaac copy/M/orient1/tilt_neutral_neutral_1/landmarks_trimmed.json,62,62,18,"[0, 3, 7, 10, 14, 17, 21, 25, 28, 32, 35, 39, 43, 46, 50, 53, 57, 61]","[48.99999999976717, 204.99999999976717, 449.99999999976717, 570.9999999997672, 749.0, 885.0, 1100.9999999997672, 1321.9999999997672, 1445.9999999997672, 1619.9999999997672, 1769.9999999997672, 1988.9999999997672, 2154.0, 2281.999999999767, 2471.999999999767, 2654.999999999767, 2817.0, 2986.999999999767]",M,10,68fde191b443e8e83175a22f1a7a8ab4e8c87c889b53ae0bb9ed7e3a74a78ffa,train
735,isaac,M,1,M_orient1,22,2,isaac copy/M/orient1/tilt_neutral_neutral_2/landmarks_trimmed.json,54,54,18,"[0, 3, 6, 9, 12, 15, 18, 21, 24, 28, 31, 34, 37, 40, 43, 46, 49, 53]","[57.0, 214.0, 390.00000000023283, 541.0, 691.0, 845.0, 1025.0000000002328, 1196.0, 1385.0, 1670.0, 1881.0000000002328, 2057.0, 2203.0, 2343.0, 2486.000000000233, 2632.0, 2791.0, 3026.0]",M,10,48125be1e8b17df7df6bb8c90f125d1adcc9834027df14928864c882b6596e8c,validation
736,isaac,M,1,M_orient1,22,1,isaac copy/M/orient1/tilt_neutral_toward_1/landmarks_trimmed.json,39,39,18,"[0, 2, 4, 6, 8, 11, 13, 15, 17, 20, 22, 24, 26, 29, 31, 33, 35, 38]","[209.0, 416.00000000023283, 552.0000000002328, 743.0000000002328, 826.0, 955.0000000002328, 1047.0, 1149.0, 1320.0000000002328, 1491.0, 1617.0, 1755.0, 1895.0, 2107.0, 2389.0, 2735.0, 2855.0, 3022.000000000233]",M,10,1e857e2c6c03850fc57a95e0466955ad7063d75f2f9337d76a8b7b8f44f4a929,train
737,isaac,N,1,N_orient1,25,1,isaac copy/N/orient1/tilt_back_away_1/landmarks_trimmed.json,53,53,18,"[0, 3, 6, 9, 12, 15, 18, 21, 24, 27, 30, 33, 36, 39, 42, 45, 48, 52]","[53.0, 200.0, 370.0, 579.0000000000582, 717.0, 861.0, 1033.0000000000582, 1235.0000000000582, 1374.0, 1518.0, 1679.0, 1880.0, 2038.0000000000582, 2179.0, 2388.0, 2585.0, 2796.0, 3001.0]",N,11,978b531cfecabb6b17da136bc13580b6ee3415d46860a5b3a6f336c1201b813a,train
738,isaac,N,1,N_orient1,25,1,isaac copy/N/orient1/tilt_back_neutral_1/landmarks_trimmed.json,50,50,18,"[0, 2, 5, 8, 11, 14, 17, 20, 23, 25, 28, 31, 34, 37, 40, 43, 46, 49]","[61.0, 194.0, 429.0000000000582, 656.0, 796.0, 944.0, 1120.0, 1344.0, 1585.0, 1698.0, 1834.0, 1983.0, 2151.0, 2356.0, 2553.0, 2691.000000000058, 2834.0, 3002.0]",N,11,26f45ea2888e92d7b4343d4b1f0b3c028439ebe317bc600033c7f03b1ea1bcb8,train
739,isaac,N,1,N_orient1,25,2,isaac copy/N/orient1/tilt_back_neutral_2/landmarks_trimmed.json,44,44,18,"[0, 2, 5, 7, 10, 12, 15, 17, 20, 22, 25, 27, 30, 32, 35, 37, 40, 43]","[82.0, 237.0, 441.0, 533.0, 683.0, 785.0, 977.0, 1110.0, 1323.0000000000582, 1481.0, 1712.0, 1861.0, 2061.000000000058, 2193.000000000058, 2394.0, 2532.000000000058, 2759.0, 2992.0]",N,11,bbb31dd9939a0cbd05e8591e0e93ddd79716abd3d1dc8800a05fa1ed241130c6,train
740,isaac,N,1,N_orient1,25,1,isaac copy/N/orient1/tilt_back_toward_1/landmarks_trimmed.json,51,51,18,"[0, 2, 5, 8, 11, 14, 17, 20, 23, 26, 29, 32, 35, 38, 41, 44, 47, 50]","[54.0, 144.0, 289.0, 569.0, 756.0, 894.0, 1041.0, 1215.0000000000582, 1432.0, 1660.0, 1814.0, 1967.0, 2124.0, 2310.0, 2505.0, 2675.0, 2832.0, 2988.0]",N,11,2f82615da6b28503f5dbf0ebae3eb7d067e45f7e998a8bfaf5885055e7a71523,train
741,isaac,N,1,N_orient1,25,1,isaac copy/N/orient1/tilt_forward_away_1/landmarks_trimmed.json,50,50,18,"[0, 2, 5, 8, 11, 14, 17, 20, 23, 25, 28, 31, 34, 37, 40, 43, 46, 49]","[83.0, 237.0, 465.0, 697.0, 834.0, 978.0, 1138.0, 1346.0, 1484.0, 1577.0, 1726.0, 1915.0, 2129.0, 2364.0, 2502.0, 2648.0, 2808.000000000058, 3010.0]",N,11,a288c479c327542f4c92ea9dc6d0c137273a4a5db6a67e99389703aa0dbc7a7e,train
742,isaac,N,1,N_orient1,25,1,isaac copy/N/orient1/tilt_forward_neutral_1/landmarks_trimmed.json,42,42,18,"[0, 2, 4, 7, 9, 12, 14, 16, 19, 21, 24, 26, 28, 31, 33, 36, 38, 41]","[78.99999999994179, 234.9999999999418, 390.9999999999709, 623.9999999999709, 781.9999999999709, 972.9999999999709, 1065.999999999971, 1160.999999999971, 1316.999999999971, 1432.999999999971, 1656.000000000029, 1811.999999999971, 1969.999999999971, 2203.999999999971, 2356.999999999971, 2590.999999999971, 2745.999999999971, 2979.999999999971]",N,11,1b41802d9314c344c37eced18d514c34f57ffb9b97bc18d66995dad3f6639800,train
743,isaac,N,1,N_orient1,25,2,isaac copy/N/orient1/tilt_forward_neutral_2/landmarks_trimmed.json,46,46,18,"[0, 2, 5, 7, 10, 13, 15, 18, 21, 23, 26, 29, 31, 34, 37, 39, 42, 45]","[79.0, 235.0, 470.0, 622.0, 856.0000000000582, 1090.0, 1245.0, 1479.0, 1717.0, 1835.0, 1972.0, 2122.0, 2238.0, 2427.0, 2636.0, 2726.0, 2868.000000000058, 3021.0]",N,11,44b63123310539246bc2edf306deb04970bd8033471de7e74a4f0d1fd293fb2e,validation
744,isaac,N,1,N_orient1,25,1,isaac copy/N/orient1/tilt_forward_toward_1/landmarks_trimmed.json,49,49,18,"[0, 2, 5, 8, 11, 14, 16, 19, 22, 25, 28, 31, 33, 36, 39, 42, 45, 48]","[75.0, 220.0, 377.0, 517.0, 673.0000000000291, 875.0, 984.0, 1121.0, 1269.0, 1442.0, 1642.0, 1835.0, 1958.0, 2161.000000000029, 2361.0, 2560.000000000029, 2763.0, 2983.000000000029]",N,11,032fc4c8d11702fb4f6eaa852fe31f890f17386c91fbb941892cf91b5d1aaef2,test
745,isaac,N,1,N_orient1,25,1,isaac copy/N/orient1/tilt_neutral_away_1/landmarks_trimmed.json,49,49,18,"[0, 2, 5, 8, 11, 14, 16, 19, 22, 25, 28, 31, 33, 36, 39, 42, 45, 48]","[57.0, 181.0, 411.0, 633.0, 850.0, 1070.0, 1162.0, 1304.0000000000582, 1462.0, 1662.0, 1882.0, 2051.0, 2145.0, 2290.0, 2458.0, 2686.0, 2851.0, 2994.000000000058]",N,11,eb552ac22b4284ae730de7ad04cf12a8a4f9e6c6d4bfa7b167659820373cf05d,train
746,isaac,N,1,N_orient1,25,1,isaac copy/N/orient1/tilt_neutral_neutral_1/landmarks_trimmed.json,51,51,18,"[0, 2, 5, 8, 11, 14, 17, 20, 23, 26, 29, 32, 35, 38, 41, 44, 47, 50]","[71.0, 224.0, 457.0, 657.0, 794.0, 941.0, 1113.0, 1318.0, 1547.0, 1687.0, 1834.0, 1984.0, 2165.0, 2375.0, 2511.0, 2657.0, 2827.0, 3046.0]",N,11,b85b310ef296a45b078281f888a6be4de4e110e4b0bd0f64a6eecb7efd505185,train
747,isaac,N,1,N_orient1,25,2,isaac copy/N/orient1/tilt_neutral_neutral_2/landmarks_trimmed.json,48,48,18,"[0, 2, 5, 8, 11, 13, 16, 19, 22, 24, 27, 30, 33, 35, 38, 41, 44, 47]","[50.0, 148.0, 323.0, 523.0, 728.0, 869.0, 1038.0, 1178.0, 1329.0, 1441.0, 1642.0, 1848.0, 2072.000000000058, 2210.0, 2407.0, 2607.0, 2792.0, 2993.0]",N,11,021ee21fb7f27fde3bc306a239f94e39764fa3d472ea0331ef3ff0172943471a,train
748,isaac,N,1,N_orient1,25,1,isaac copy/N/orient1/tilt_neutral_toward_1/landmarks_trimmed.json,54,54,18,"[0, 3, 6, 9, 12, 15, 18, 21, 24, 28, 31, 34, 37, 40, 43, 46, 49, 53]","[77.0, 211.0, 351.0, 508.0, 699.0, 877.0, 1014.0, 1161.0, 1325.0, 1606.0, 1747.0000000000582, 1889.0, 2058.0, 2265.0, 2449.0, 2589.0, 2739.0, 2981.0]",N,11,4717666925476e0c6a63cab1c723372de315e5027ba37fea8f8b4a094f48068f,train
749,isaac,N,2,N_orient2,26,1,isaac copy/N/orient2/tilt_back_away_1/landmarks_trimmed.json,52,52,18,"[0, 3, 6, 9, 12, 15, 18, 21, 24, 27, 30, 33, 36, 39, 42, 45, 48, 51]","[50.000000000116415, 203.0, 398.0, 575.0, 715.0, 867.0000000001164, 1061.0, 1281.0, 1417.0, 1564.0, 1731.0, 1939.0, 2081.0, 2229.0, 2399.0, 2615.0, 2841.0, 2978.0000000001164]",N,11,e636cf6a4cea43f14e0bf142c2b9b6b5386aee22ca5685be1ffb450bc9589cae,validation
750,isaac,N,2,N_orient2,26,1,isaac copy/N/orient2/tilt_back_neutral_1/landmarks_trimmed.json,52,52,18,"[0, 3, 6, 9, 12, 15, 18, 21, 24, 27, 30, 33, 36, 39, 42, 45, 48, 51]","[54.0, 236.0, 400.0, 540.0, 692.0, 878.0, 1101.0, 1265.0, 1403.0, 1557.0, 1742.0000000001164, 1953.0, 2093.0000000001164, 2235.0, 2404.0, 2606.0, 2809.0, 3025.0]",N,11,86c8839ebf37eca645bde7aec81ad0b108320d007dcf387a523163fa73f4aa2c,train
751,isaac,N,2,N_orient2,26,2,isaac copy/N/orient2/tilt_back_neutral_2/landmarks_trimmed.json,52,52,18,"[0, 3, 6, 9, 12, 15, 18, 21, 24, 27, 30, 33, 36, 39, 42, 45, 48, 51]","[78.00000000011642, 237.0, 377.0, 533.0, 734.0, 966.0, 1122.0, 1261.0000000001164, 1415.0, 1607.0000000001164, 1796.0, 1934.0000000001164, 2082.0, 2261.0000000001164, 2489.0, 2689.0, 2827.0, 2976.0]",N,11,6589768e00879009a0589870b8a643734422d4bcacab2cb0f4690fcac1324ab5,validation
752,isaac,N,2,N_orient2,26,1,isaac copy/N/orient2/tilt_back_toward_1/landmarks_trimmed.json,54,54,18,"[0, 3, 6, 9, 12, 15, 18, 21, 24, 28, 31, 34, 37, 40, 43, 46, 49, 53]","[44.000000000116415, 183.0, 328.0000000001164, 498.0, 709.0, 911.0, 1051.0, 1197.0, 1366.0, 1651.0, 1791.0, 1934.0, 2096.0, 2314.0, 2473.0, 2611.0, 2765.0, 3028.0]",N,11,44089ce8dafb22b1ec445d2a1279d957cf91900bae6f38ba4f5d3cfbf1840c91,train
753,isaac,N,2,N_orient2,26,1,isaac copy/N/orient2/tilt_forward_away_1/landmarks_trimmed.json,47,47,18,"[0, 2, 5, 8, 10, 13, 16, 18, 21, 24, 27, 29, 32, 35, 37, 40, 43, 46]","[53.0, 199.0, 436.0, 668.0, 817.0, 959.0, 1102.0, 1208.0, 1408.0, 1644.0, 1849.0000000001164, 1939.0, 2083.0, 2241.0, 2376.0, 2611.0, 2847.0, 3006.0]",N,11,f5fd24112e4688d7740a9a5ced00c5a0900b159a1575ab295f8ab6e5cce8044e,test
754,isaac,N,2,N_orient2,26,1,isaac copy/N/orient2/tilt_forward_neutral_1/landmarks_trimmed.json,44,44,18,"[0, 2, 5, 7, 10, 12, 15, 17, 20, 22, 25, 27, 30, 32, 35, 37, 40, 43]","[80.0, 219.0, 356.0, 453.0, 606.0, 728.0, 961.0, 1116.0, 1351.0, 1507.0, 1644.0, 1739.0, 1889.0, 2007.0, 2219.0, 2528.0000000001164, 2761.0, 2987.0]",N,11,ae7b34e819d8c6604b4062d947150e878999b95dccf16c49f4ac58eae70a2166,test
755,isaac,N,2,N_orient2,26,2,isaac copy/N/orient2/tilt_forward_neutral_2/landmarks_trimmed.json,47,47,18,"[0, 2, 5, 8, 10, 13, 16, 18, 21, 24, 27, 29, 32, 35, 37, 40, 43, 46]","[78.0, 236.0, 393.0, 536.0, 638.0000000001164, 796.0, 1001.0, 1155.0, 1384.0, 1620.0, 1855.0, 2012.0, 2245.0, 2416.0, 2508.0000000001164, 2652.0000000001164, 2819.0, 3023.0]",N,11,26a1884d13d45e3402c6314e6a996a25d6044265227851bc3b45281d2f7955a2,train
756,isaac,N,2,N_orient2,26,1,isaac copy/N/orient2/tilt_forward_toward_1/landmarks_trimmed.json,50,50,18,"[0, 2, 5, 8, 11, 14, 17, 20, 23, 25, 28, 31, 34, 37, 40, 43, 46, 49]","[51.0, 147.0, 307.0, 508.0000000001164, 706.0, 911.0, 1120.0, 1282.0000000001164, 1421.0, 1519.0, 1689.0, 1897.0, 2065.0, 2203.0, 2353.0, 2543.0, 2777.0000000001164, 3004.0]",N,11,ddcb7728a888a30d42528da67757226ea18eda400e0a932e2a15c08cdc21c588,train
757,isaac,N,2,N_orient2,26,1,isaac copy/N/orient2/tilt_neutral_away_1/landmarks_trimmed.json,51,51,18,"[0, 2, 5, 8, 11, 14, 17, 20, 23, 26, 29, 32, 35, 38, 41, 44, 47, 50]","[79.0, 236.0, 403.0, 544.0000000001164, 696.0, 882.0, 1103.0, 1336.0, 1504.0, 1643.0, 1795.0, 1976.0, 2181.0, 2360.0, 2500.0, 2648.0, 2817.0, 3019.0]",N,11,cd5d6dc538d02b685fcd8c101ea10069df542af95ae9c26154abe79c544e7af7,train
758,isaac,N,2,N_orient2,26,1,isaac copy/N/orient2/tilt_neutral_neutral_1/landmarks_trimmed.json,44,44,18,"[0, 2, 5, 7, 10, 12, 15, 17, 20, 22, 25, 27, 30, 32, 35, 37, 40, 43]","[66.0, 199.00000000011642, 404.0, 554.0, 789.0, 944.0000000001164, 1174.0, 1327.0, 1550.0000000001164, 1684.0, 1884.0, 2011.0000000001164, 2198.0, 2334.0, 2544.0, 2699.0000000001164, 2843.0000000001164, 2989.0]",N,11,c5dd13687bc2e9e7e711f243ba6baef5b58c428be2a8e806bbdf22bdcb8c3c4e,train
759,isaac,N,2,N_orient2,26,2,isaac copy/N/orient2/tilt_neutral_neutral_2/landmarks_trimmed.json,49,49,18,"[0, 2, 5, 8, 11, 14, 16, 19, 22, 25, 28, 31, 33, 36, 39, 42, 45, 48]","[64.0, 155.0, 299.0, 455.0, 657.0, 866.0, 957.0, 1097.0, 1252.0, 1443.0, 1678.0, 1918.0000000001164, 2079.0, 2299.0, 2439.0, 2584.0, 2817.0000000001164, 3043.0000000001164]",N,11,af84b57be18e45c4d25aa1b273b15a38c6ee2b7e561d31d0a0c91cf5df887a0e,validation
760,isaac,N,2,N_orient2,26,1,isaac copy/N/orient2/tilt_neutral_toward_1/landmarks_trimmed.json,48,48,18,"[0, 2, 5, 8, 11, 13, 16, 19, 22, 24, 27, 30, 33, 35, 38, 41, 44, 47]","[77.0, 238.0, 395.0000000001164, 536.0, 689.0, 818.0000000001164, 1024.0, 1242.0, 1477.0000000001164, 1631.0, 1864.0, 2101.0, 2258.0, 2352.0000000001164, 2502.0, 2679.0000000001164, 2867.0, 3003.0]",N,11,bdf6f6d92c2061096374e72f2c8b6f823332cd1ef2d58217758a6671965f1448,train
761,isaac,O,1,O_orient1,28,1,isaac copy/O/orient1/tilt_back_away_1/landmarks_trimmed.json,47,47,18,"[0, 2, 5, 8, 10, 13, 16, 18, 21, 24, 27, 29, 32, 35, 37, 40, 43, 46]","[74.99999999988358, 226.0, 386.9999999998836, 529.0, 627.9999999998836, 812.9999999998836, 1012.9999999998836, 1149.9999999998836, 1347.9999999998836, 1549.9999999998836, 1753.9999999998836, 1902.9999999998836, 2135.9999999998836, 2368.9999999998836, 2524.0, 2688.9999999998836, 2825.9999999998836, 2976.0]",O,12,5b0fca81bd0dfcad2d59f00958ef0fdcd694cd7a047cdf94a79c686e7f7a567b,validation
762,isaac,O,1,O_orient1,28,1,isaac copy/O/orient1/tilt_back_neutral_1/landmarks_trimmed.json,50,50,18,"[0, 2, 5, 8, 11, 14, 17, 20, 23, 25, 28, 31, 34, 37, 40, 43, 46, 49]","[77.0, 236.99999999988358, 404.9999999998836, 543.9999999998836, 691.9999999998836, 880.0, 1108.9999999998836, 1274.9999999998836, 1415.9999999998836, 1519.0, 1694.9999999998836, 1911.9999999998836, 2101.9999999998836, 2239.9999999998836, 2388.9999999998836, 2564.9999999998836, 2787.9999999998836, 3015.9999999998836]",O,12,278c6a297deab404de5e005cb2cf6b3843084372cd66d221b76216ca68b78d66,train
763,isaac,O,1,O_orient1,28,2,isaac copy/O/orient1/tilt_back_neutral_2/landmarks_trimmed.json,49,49,18,"[0, 2, 5, 8, 11, 14, 16, 19, 22, 25, 28, 31, 33, 36, 39, 42, 45, 48]","[139.0, 279.0, 465.0, 601.0, 747.0, 912.0, 1050.0, 1252.0000000001164, 1420.0, 1582.0, 1752.0000000001164, 1955.0, 2104.0, 2295.0, 2431.0, 2579.0000000001164, 2754.0, 2974.0]",O,12,2b06ce7ebf14aa779768e2ca78bfaccdfae47be7cfa4cb828624cdb75bbea9a3,train
764,isaac,O,1,O_orient1,28,1,isaac copy/O/orient1/tilt_back_toward_1/landmarks_trimmed.json,50,50,18,"[0, 2, 5, 8, 11, 14, 17, 20, 23, 25, 28, 31, 34, 37, 40, 43, 46, 49]","[65.0, 156.0, 294.0, 447.0, 639.0, 845.0000000001164, 1065.0, 1206.0, 1349.0, 1454.0, 1660.0, 1948.0, 2131.0, 2282.0, 2458.0, 2690.0, 2831.0, 2986.0]",O,12,1fa05d61e765660098bad82a118030b45011d7a2439776830f30612c5083ba63,train
765,isaac,O,1,O_orient1,28,1,isaac copy/O/orient1/tilt_forward_away_1/landmarks_trimmed.json,50,50,18,"[0, 2, 5, 8, 11, 14, 17, 20, 23, 25, 28, 31, 34, 37, 40, 43, 46, 49]","[63.0, 199.0, 434.0, 668.0, 860.0, 999.0, 1149.0, 1327.0, 1516.0, 1605.0, 1749.0, 1907.0000000001164, 2113.0, 2318.0, 2455.0000000001164, 2602.0, 2768.0, 2985.0]",O,12,37125b9aa689e34018f5bee45ca205edae9314ecfb54629c989ca04c98650e06,train
766,isaac,O,1,O_orient1,28,1,isaac copy/O/orient1/tilt_forward_neutral_1/landmarks_trimmed.json,46,46,18,"[0, 2, 5, 7, 10, 13, 15, 18, 21, 23, 26, 29, 31, 34, 37, 39, 42, 45]","[52.0, 163.0, 371.0, 523.0, 676.0, 817.0, 918.0, 1091.0, 1304.0, 1395.0, 1536.0, 1687.0, 1804.0, 2023.0, 2259.0, 2571.0, 2805.0, 2997.0000000001164]",O,12,3c7920a3148855416f5f8ddee459de1c196ce1617fa7cadc5de529de2972f0a3,train
767,isaac,O,1,O_orient1,28,2,isaac copy/O/orient1/tilt_forward_neutral_2/landmarks_trimmed.json,49,49,18,"[0, 2, 5, 8, 11, 14, 16, 19, 22, 25, 28, 31, 33, 36, 39, 42, 45, 48]","[68.00000000011642, 159.00000000011642, 303.0, 454.0, 628.0, 815.0, 904.0, 1046.0, 1205.0, 1421.0, 1655.0, 1888.0, 2043.0, 2276.0, 2520.0000000001164, 2714.0, 2850.0, 2998.0]",O,12,1b263a088a1ca17608569692ffc7894929c09291214905e18ebc3e9c2b030c84,train
768,isaac,O,1,O_orient1,28,1,isaac copy/O/orient1/tilt_forward_toward_1/landmarks_trimmed.json,49,49,18,"[0, 2, 5, 8, 11, 14, 16, 19, 22, 25, 28, 31, 33, 36, 39, 42, 45, 48]","[54.0, 155.0, 337.0, 557.0, 793.0, 1026.0, 1183.0, 1418.0, 1587.0, 1722.0, 1876.0, 2053.0, 2189.0, 2354.0000000001164, 2491.0, 2640.0, 2815.0, 3020.0]",O,12,b2fac401fa1f4ca1f0f6d6fdcc0cf7d06d86914ff097f387711ac08bb8085493,train
769,isaac,O,1,O_orient1,28,1,isaac copy/O/orient1/tilt_neutral_away_1/landmarks_trimmed.json,49,49,18,"[0, 2, 5, 8, 11, 14, 16, 19, 22, 25, 28, 31, 33, 36, 39, 42, 45, 48]","[47.0, 142.0, 301.0, 506.0000000001164, 740.0, 908.0, 1004.0, 1150.0000000001164, 1314.0000000001164, 1525.0000000001164, 1726.0, 1865.0, 1960.0, 2118.0, 2313.0, 2518.0, 2745.0, 2976.0]",O,12,00b488640fe92877bedf6751c25369a91921b361e216f3bf00049c53a3aecc30,test
770,isaac,O,1,O_orient1,28,1,isaac copy/O/orient1/tilt_neutral_neutral_1/landmarks_trimmed.json,51,51,18,"[0, 2, 5, 8, 11, 14, 17, 20, 23, 26, 29, 32, 35, 38, 41, 44, 47, 50]","[71.0, 208.00000000011642, 436.0, 572.0, 717.0, 872.0, 1071.0, 1291.0, 1457.0, 1593.0000000001164, 1738.0, 1899.0, 2105.0, 2290.0000000001164, 2428.0, 2581.0, 2770.0, 2979.0]",O,12,126fdb206b351b827f65440c1fbb415ff5e553d7edd87d70c9f20f2064d78e0a,train
771,isaac,O,1,O_orient1,28,2,isaac copy/O/orient1/tilt_neutral_neutral_2/landmarks_trimmed.json,52,52,18,"[0, 3, 6, 9, 12, 15, 18, 21, 24, 27, 30, 33, 36, 39, 42, 45, 48, 51]","[64.00000000011642, 277.0, 476.0, 615.0, 760.0, 930.0, 1145.0, 1357.0000000001164, 1497.0, 1640.0, 1808.0, 2010.0, 2170.0, 2311.0, 2469.0, 2671.0, 2847.0, 2983.0]",O,12,cb04e0636b8a4fae1e82a6897f503cb01ddfc7542ed72473458253b07f67a0ee,validation
772,isaac,O,1,O_orient1,28,1,isaac copy/O/orient1/tilt_neutral_toward_1/landmarks_trimmed.json,51,51,18,"[0, 2, 5, 8, 11, 14, 17, 20, 23, 26, 29, 32, 35, 38, 41, 44, 47, 50]","[58.999999999883585, 189.99999999988358, 413.0, 577.9999999998836, 716.0, 870.9999999998836, 1064.9999999998836, 1230.9999999998836, 1370.0, 1520.9999999998836, 1709.9999999998836, 1942.9999999998836, 2173.0, 2310.9999999998836, 2454.9999999998836, 2610.9999999998836, 2812.9999999998836, 3045.9999999998836]",O,12,ceadee75b78d0b550e016fd804c9b3621dd7f4b4c758854e6326dc2d4e5630e2,train
773,isaac,O,2,O_orient2,29,1,isaac copy/O/orient2/tilt_back_away_1/landmarks_trimmed.json,52,52,18,"[0, 3, 6, 9, 12, 15, 18, 21, 24, 27, 30, 33, 36, 39, 42, 45, 48, 51]","[49.00000000023283, 190.0, 347.00000000023283, 555.0, 712.0, 850.0, 1002.0, 1189.0, 1347.0000000002328, 1488.0, 1642.0, 1835.0, 2064.0, 2282.0, 2497.0, 2691.0, 2830.0, 2977.0]",O,12,3774be0136033ab56bcee9f2362b70fe391d346c1f5138e422fcfd2e1e6a04f0,train
774,isaac,O,2,O_orient2,29,1,isaac copy/O/orient2/tilt_back_neutral_1/landmarks_trimmed.json,47,47,18,"[0, 2, 5, 8, 10, 13, 16, 18, 21, 24, 27, 29, 32, 35, 37, 40, 43, 46]","[51.0, 146.0, 310.0, 526.0, 615.0, 756.0, 908.0, 1027.0, 1219.0, 1434.0000000002328, 1667.0, 1823.0, 2223.0, 2402.0, 2554.0, 2720.0, 2860.0, 3008.0]",O,12,8e2e304600f73d9c4c5b1828a7d4fd5f294fbb1e827df6cbaa845ffcfced7d2e,train
775,isaac,O,2,O_orient2,29,2,isaac copy/O/orient2/tilt_back_neutral_2/landmarks_trimmed.json,47,47,18,"[0, 2, 5, 8, 10, 13, 16, 18, 21, 24, 27, 29, 32, 35, 37, 40, 43, 46]","[51.0, 144.0, 295.0, 493.0, 653.0, 890.0, 1120.0000000002328, 1269.0, 1481.0, 1680.0, 1878.0, 2014.0000000002328, 2224.0, 2389.000000000233, 2478.0, 2625.0, 2796.0, 3008.0]",O,12,e0a1cf0c6e3e634d58ab484aea2328ff63936115c2f4d56e4cf0268190fc1670,train
776,isaac,O,2,O_orient2,29,1,isaac copy/O/orient2/tilt_back_toward_1/landmarks_trimmed.json,52,52,18,"[0, 3, 6, 9, 12, 15, 18, 21, 24, 27, 30, 33, 36, 39, 42, 45, 48, 51]","[56.000000000116415, 231.0, 415.0, 599.9999999998836, 736.0000000001164, 886.0, 1061.0, 1286.0000000001164, 1452.0, 1592.0000000001164, 1746.0000000001164, 1932.0, 2161.0, 2357.0, 2495.0, 2638.0, 2808.0, 2991.0]",O,12,9387a0bcc018e7b0435dbcd0a77888afcc8a47e38cf6d408c536fcbf99cb34b9,train
777,isaac,O,2,O_orient2,29,1,isaac copy/O/orient2/tilt_forward_away_1/landmarks_trimmed.json,42,42,18,"[0, 2, 4, 7, 9, 12, 14, 16, 19, 21, 24, 26, 28, 31, 33, 36, 38, 41]","[79.00000000011642, 236.0, 390.0, 611.0, 764.0, 1005.0, 1164.0, 1312.0, 1540.0000000001164, 1699.0000000001164, 1934.0, 2091.0, 2246.0, 2480.0, 2624.0, 2762.0, 2856.0, 3009.0]",O,12,9effeb554bf40d48a3e7981ebfe5d971d0406c8dfac4740132bd4364755b7e2f,train
778,isaac,O,2,O_orient2,29,1,isaac copy/O/orient2/tilt_forward_neutral_1/landmarks_trimmed.json,43,43,18,"[0, 2, 4, 7, 9, 12, 14, 17, 19, 22, 24, 27, 29, 32, 34, 37, 39, 42]","[107.99999999988358, 228.99999999988358, 373.9999999998836, 608.9999999998836, 765.9999999998836, 969.9999999998836, 1057.9999999998836, 1200.9999999998836, 1300.9999999998836, 1477.9999999998836, 1620.0, 1851.9999999998836, 2007.9999999998836, 2240.0, 2395.9999999998836, 2630.9999999998836, 2785.9999999998836, 3021.9999999998836]",O,12,d5b8eb997509a1e0c310072b9dd48d128748419aaab7102971a77fe2d6f65221,train
779,isaac,O,2,O_orient2,29,2,isaac copy/O/orient2/tilt_forward_neutral_2/landmarks_trimmed.json,47,47,18,"[0, 2, 5, 8, 10, 13, 16, 18, 21, 24, 27, 29, 32, 35, 37, 40, 43, 46]","[81.0, 173.0, 317.0, 472.0, 592.0, 789.0, 996.0, 1152.0, 1385.0, 1588.0000000001164, 1725.0, 1822.0, 1973.0000000001164, 2169.0, 2327.0, 2563.0, 2797.0, 3030.0]",O,12,5a96dd3b27566ed402c28d04ddc2d88d8d25d29c365807ef592fd7c5fa008916,train
780,isaac,O,2,O_orient2,29,1,isaac copy/O/orient2/tilt_forward_toward_1/landmarks_trimmed.json,48,48,18,"[0, 2, 5, 8, 11, 13, 16, 19, 22, 24, 27, 30, 33, 35, 38, 41, 44, 47]","[76.0, 226.0, 457.0, 610.0, 754.0, 856.0, 1025.0000000001164, 1209.0, 1428.0, 1585.0, 1814.0, 2053.0, 2258.0, 2350.0, 2492.0, 2655.0, 2854.0, 2991.0000000001164]",O,12,5e999b3d68f91f445fdcbec7ff689c2d752e9568aa91194fb33321257bd8c17a,train
781,isaac,O,2,O_orient2,29,1,isaac copy/O/orient2/tilt_neutral_away_1/landmarks_trimmed.json,50,50,18,"[0, 2, 5, 8, 11, 14, 17, 20, 23, 25, 28, 31, 34, 37, 40, 43, 46, 49]","[60.999999999883585, 177.99999999988358, 376.0, 581.9999999998836, 718.9999999998836, 862.9999999998836, 1032.9999999998836, 1224.9999999998836, 1455.9999999998836, 1610.9999999998836, 1831.9999999998836, 1973.0, 2119.9999999998836, 2287.999999999767, 2511.0, 2695.0, 2833.9999999998836, 2984.9999999998836]",O,12,1913cd286cb9e4fee507693bdbe798e37c472e5ef45649f55b4e72897d761360,test
782,isaac,O,2,O_orient2,29,1,isaac copy/O/orient2/tilt_neutral_neutral_1/landmarks_trimmed.json,48,48,18,"[0, 2, 5, 8, 11, 13, 16, 19, 22, 24, 27, 30, 33, 35, 38, 41, 44, 47]","[84.0, 222.0, 421.0000000001164, 622.0, 827.0, 979.0000000001164, 1209.0, 1442.0, 1610.0, 1705.0000000001164, 1853.0, 2014.0, 2216.0, 2327.0, 2465.0, 2613.0, 2786.0, 3002.0]",O,12,ba3cf18f8cfee62e4aa074a1b3ec5f4bbc6e7df65b414a842dbcd93fa867c4bb,train
783,isaac,O,2,O_orient2,29,2,isaac copy/O/orient2/tilt_neutral_neutral_2/landmarks_trimmed.json,46,46,18,"[0, 2, 5, 7, 10, 13, 15, 18, 21, 23, 26, 29, 31, 34, 37, 39, 42, 45]","[69.0, 219.99999999976717, 389.9999999998836, 483.9999999998836, 629.9999999998836, 806.9999999997672, 957.9999999998836, 1188.9999999998836, 1420.9999999998836, 1542.9999999998836, 1679.9999999998836, 1822.9999999998836, 1933.0, 2136.0, 2367.0, 2532.9999999998836, 2766.9999999998836, 2976.9999999998836]",O,12,390cd3aa40a8eaa4a93982350744a46e6f77692cf0aa4b0c01e848cc7ac2832d,test
784,isaac,O,2,O_orient2,29,1,isaac copy/O/orient2/tilt_neutral_toward_1/landmarks_trimmed.json,48,48,18,"[0, 2, 5, 8, 11, 13, 16, 19, 22, 24, 27, 30, 33, 35, 38, 41, 44, 47]","[51.0, 144.0, 290.0, 458.0, 650.0, 741.0, 881.0, 1034.0, 1225.0, 1376.0, 1614.0000000001164, 1843.0, 2056.0000000001164, 2187.0, 2383.0000000001164, 2574.0, 2786.0, 2986.0]",O,12,8523d0d218c9a806f05447e89de1512c4b271e6ce32d2af528558c9e8d3d1d62,train
785,isaac,O,3,O_orient3,30,1,isaac copy/O/orient3/tilt_back_away_1/landmarks_trimmed.json,48,48,18,"[0, 2, 5, 8, 11, 13, 16, 19, 22, 24, 27, 30, 33, 35, 38, 41, 44, 47]","[78.0, 212.0, 405.0, 592.0, 797.0, 938.0, 1156.0, 1295.0, 1439.0, 1545.0, 1746.0, 1902.0000000002328, 2044.0, 2143.0, 2319.0, 2519.0, 2751.0, 2987.0]",O,12,170c5ca20ede8ac8881ae5b033710627821d96da3eec4d2ad674f869bbf0fdf7,validation
786,isaac,O,3,O_orient3,30,1,isaac copy/O/orient3/tilt_back_neutral_1/landmarks_trimmed.json,46,46,18,"[0, 2, 5, 7, 10, 13, 15, 18, 21, 23, 26, 29, 31, 34, 37, 39, 42, 45]","[48.0, 145.0, 296.0, 409.0, 608.0000000002328, 833.0, 946.0, 1083.0, 1233.0000000002328, 1350.0, 1551.0, 1690.0, 2072.0, 2296.0, 2535.0, 2693.0, 2837.0, 2984.0]",O,12,1716914a54084bf919a243f57ae6fe451480248fdc65eb22a43d3de67e406630,train
787,isaac,O,3,O_orient3,30,2,isaac copy/O/orient3/tilt_back_neutral_2/landmarks_trimmed.json,39,39,18,"[0, 2, 4, 6, 8, 11, 13, 15, 17, 20, 22, 24, 26, 29, 31, 33, 35, 38]","[72.0, 498.0, 749.0000000002328, 883.0, 1301.0, 1491.0, 1582.0, 1677.0, 1778.0000000002328, 1968.0, 2109.0, 2201.000000000233, 2294.0, 2444.0, 2564.0, 2707.0, 2846.0, 2985.0]",O,12,19f8bce71cfd7f20e1370206cf9df921b5a44171c661114b65509bd868dff23f,test
788,isaac,O,3,O_orient3,30,1,isaac copy/O/orient3/tilt_back_toward_1/landmarks_trimmed.json,40,40,18,"[0, 2, 4, 6, 9, 11, 13, 16, 18, 20, 22, 25, 27, 29, 32, 34, 36, 39]","[80.0, 201.0, 390.0, 597.0, 800.0, 956.0000000002328, 1047.0, 1187.0000000002328, 1338.0, 1457.0, 1594.0, 1781.0, 1874.0, 1969.0, 2126.0, 2256.0, 2414.0, 2977.0]",O,12,1f6887da192ed987faff3542d117d12d1109e1e6201da88f07d8e2236fe30315,validation
789,isaac,O,3,O_orient3,30,1,isaac copy/O/orient3/tilt_forward_away_1/landmarks_trimmed.json,42,42,18,"[0, 2, 4, 7, 9, 12, 14, 16, 19, 21, 24, 26, 28, 31, 33, 36, 38, 41]","[75.0, 225.0, 380.0, 613.0000000002328, 773.0, 1006.0, 1161.0000000002328, 1318.0, 1549.0, 1705.0, 1941.0, 2069.0, 2164.0, 2314.0, 2422.0, 2624.0, 2780.0, 3013.0]",O,12,cbc1b5771aab4ec6b594c8a274c7fea8023d4d98fddf3bd1bdc45691887a3ef5,train
790,isaac,O,3,O_orient3,30,1,isaac copy/O/orient3/tilt_forward_neutral_1/landmarks_trimmed.json,50,50,18,"[0, 2, 5, 8, 11, 14, 17, 20, 23, 25, 28, 31, 34, 37, 40, 43, 46, 49]","[49.0, 141.0, 287.0, 529.0, 764.0, 996.0, 1179.0, 1323.0, 1476.0, 1589.0, 1812.0, 2038.0, 2190.000000000233, 2331.0, 2485.0, 2675.0, 2870.0, 3005.0]",O,12,cdf747dd73c8d80b1164cf70b02fe5042e14edce8f9fa154413d5f5f8e051445,train
791,isaac,O,3,O_orient3,30,2,isaac copy/O/orient3/tilt_forward_neutral_2/landmarks_trimmed.json,41,41,18,"[0, 2, 4, 7, 9, 11, 14, 16, 18, 21, 23, 25, 28, 30, 32, 35, 37, 40]","[54.0, 153.0, 261.0, 444.0, 924.0, 1033.0, 1242.0, 1400.0, 1558.0, 1694.0, 1789.0, 1887.0, 2058.0, 2209.0, 2366.0, 2599.0, 2752.0, 2987.000000000233]",O,12,376ac2e4456beeabafe6b8511535e0530a8429a9c8ca013b6a9d1033033597d3,train
792,isaac,O,3,O_orient3,30,1,isaac copy/O/orient3/tilt_forward_toward_1/landmarks_trimmed.json,46,46,18,"[0, 2, 5, 7, 10, 13, 15, 18, 21, 23, 26, 29, 31, 34, 37, 39, 42, 45]","[79.0, 237.0, 427.0, 517.0, 664.0, 834.0, 970.0, 1173.0, 1368.0, 1502.0, 1705.0, 1907.0, 2037.0, 2241.0, 2439.0, 2574.0, 2770.0, 2972.0]",O,12,803efe30703a24ad5beac1030882cf1b1030903c7c6980d477dc0b6bbac9506d,train
793,isaac,O,3,O_orient3,30,1,isaac copy/O/orient3/tilt_neutral_away_1/landmarks_trimmed.json,48,48,18,"[0, 2, 5, 8, 11, 13, 16, 19, 22, 24, 27, 30, 33, 35, 38, 41, 44, 47]","[74.0, 215.0, 446.0, 647.0, 790.0, 888.0, 1049.0000000002328, 1251.0000000002328, 1436.0, 1572.0, 1775.0, 1961.0, 2101.0, 2199.0, 2367.0, 2568.000000000233, 2773.0, 3001.000000000233]",O,12,876576a1ccaec2a1436f4e55d38dfc1f79e03a570da9c513209aaa861f7cddf2,validation
794,isaac,O,3,O_orient3,30,1,isaac copy/O/orient3/tilt_neutral_neutral_1/landmarks_trimmed.json,51,51,18,"[0, 2, 5, 8, 11, 14, 17, 20, 23, 26, 29, 32, 35, 38, 41, 44, 47, 50]","[79.0, 232.0, 368.0, 509.0, 666.0, 866.0, 1069.0, 1288.0, 1455.0, 1600.0, 1764.0, 1946.0, 2153.0, 2325.0, 2468.0, 2619.0, 2810.0, 3009.0]",O,12,d49145491b8ef802e8b1da51973fd01e6f125231b3f5121e8887728197dd47b1,train
795,isaac,O,3,O_orient3,30,2,isaac copy/O/orient3/tilt_neutral_neutral_2/landmarks_trimmed.json,49,49,18,"[0, 2, 5, 8, 11, 14, 16, 19, 22, 25, 28, 31, 33, 36, 39, 42, 45, 48]","[62.0, 191.0, 413.0, 580.0, 722.0, 873.0, 986.0, 1190.0, 1384.0, 1525.0, 1678.0, 1853.0, 1991.0, 2213.000000000233, 2446.0, 2683.0, 2840.0, 2983.0]",O,12,784fa3f0098151b4e932db579ed1ced38c8e7aafdfd45b86a521c4dd92f4246b,test
796,isaac,O,3,O_orient3,30,1,isaac copy/O/orient3/tilt_neutral_toward_1/landmarks_trimmed.json,47,47,18,"[0, 2, 5, 8, 10, 13, 16, 18, 21, 24, 27, 29, 32, 35, 37, 40, 43, 46]","[83.0, 238.0, 406.0, 548.0, 648.0, 816.0, 1035.0, 1170.0, 1368.0, 1589.0, 1820.0, 1968.0, 2202.0, 2426.0, 2518.0, 2659.000000000233, 2815.0, 3009.0]",O,12,c16eea5b8bee61a0d4425041994dda556ce9e7fda10bfb94417175dc2fd3ce65,train
797,isaac,Q,1,Q_orient1,33,1,isaac copy/Q/orient1/tilt_back_away_1/landmarks_trimmed.json,51,51,18,"[0, 2, 5, 8, 11, 14, 17, 20, 23, 26, 29, 32, 35, 38, 41, 44, 47, 50]","[55.0, 167.0, 369.0, 597.0, 737.0, 884.0, 1040.0, 1245.0000000002328, 1472.0, 1707.0, 1870.0000000002328, 2014.0000000002328, 2171.0, 2365.0, 2573.0, 2714.0, 2857.0, 3023.000000000233]",Q,14,c20630d405eeac7294fcbbf380385e43d0f9fd19bd9133998874cf7915103e05,train
798,isaac,Q,1,Q_orient1,33,1,isaac copy/Q/orient1/tilt_back_neutral_1/landmarks_trimmed.json,52,52,18,"[0, 3, 6, 9, 12, 15, 18, 21, 24, 27, 30, 33, 36, 39, 42, 45, 48, 51]","[55.99999999976717, 231.0, 413.0, 552.9999999997672, 702.0, 885.9999999997672, 1082.9999999997672, 1249.0, 1435.9999999997672, 1638.9999999997672, 1855.0, 1993.9999999997672, 2137.999999999767, 2295.999999999767, 2503.999999999767, 2702.0, 2840.999999999767, 2988.999999999767]",Q,14,498bb792ce2f0a0dfde462e9c2c4b7245687318a4efb6755c077fb098b0f545f,validation
799,isaac,Q,1,Q_orient1,33,2,isaac copy/Q/orient1/tilt_back_neutral_2/landmarks_trimmed.json,53,53,18,"[0, 3, 6, 9, 12, 15, 18, 21, 24, 27, 30, 33, 36, 39, 42, 45, 48, 52]","[80.0, 271.0, 411.0, 563.0, 750.0, 972.0, 1109.0, 1254.0000000002328, 1423.0, 1608.0, 1748.0, 1895.0, 2061.0, 2276.0, 2473.0, 2615.0, 2762.0, 3000.0]",Q,14,347681d1e8d9a7f05c5cb789d8a3b7a48b31bdb1255da4f2d0441e7e09c999bc,validation
800,isaac,Q,1,Q_orient1,33,1,isaac copy/Q/orient1/tilt_back_toward_1/landmarks_trimmed.json,50,50,18,"[0, 2, 5, 8, 11, 14, 17, 20, 23, 25, 28, 31, 34, 37, 40, 43, 46, 49]","[51.0, 145.0, 300.0, 484.0, 692.0000000002328, 831.0, 976.0, 1142.0, 1354.0, 1476.0, 1614.0000000002328, 1759.0000000002328, 1929.0, 2122.0, 2314.0, 2520.0, 2751.0, 2975.0]",Q,14,d1c303b4aeff8eb22a471b457f49908b9c3158b47cae80a6d54d0e8df5ee639f,train
801,isaac,Q,1,Q_orient1,33,1,isaac copy/Q/orient1/tilt_forward_away_1/landmarks_trimmed.json,50,50,18,"[0, 2, 5, 8, 11, 14, 17, 20, 23, 25, 28, 31, 34, 37, 40, 43, 46, 49]","[75.0, 227.0, 461.0, 600.0, 746.0000000002328, 906.0, 1107.0, 1340.0, 1542.0, 1635.0, 1782.0, 1943.0, 2149.000000000233, 2343.0, 2481.0, 2629.0, 2807.0, 3026.0]",Q,14,741b0ed39b51c9b375d961673b769496c27c750a5986e0bdcf6e8829524e9b84,train
802,isaac,Q,1,Q_orient1,33,1,isaac copy/Q/orient1/tilt_forward_neutral_1/landmarks_trimmed.json,47,47,18,"[0, 2, 5, 8, 10, 13, 16, 18, 21, 24, 27, 29, 32, 35, 37, 40, 43, 46]","[52.0, 157.0, 329.00000000023283, 546.0, 705.0, 938.0, 1170.0, 1328.0000000002328, 1521.0000000002328, 1657.0, 1808.0, 1922.0, 2137.0, 2369.0, 2528.0, 2719.0, 2860.0, 3009.0]",Q,14,f9345685231600a7c15c3b16f5c3234533b54eea1402c313a4bf45659dcc18e5,train
803,isaac,Q,1,Q_orient1,33,2,isaac copy/Q/orient1/tilt_forward_neutral_2/landmarks_trimmed.json,47,47,18,"[0, 2, 5, 8, 10, 13, 16, 18, 21, 24, 27, 29, 32, 35, 37, 40, 43, 46]","[53.0, 156.0, 341.0, 528.0, 620.0, 766.0000000002328, 932.0, 1070.0, 1304.0, 1499.0, 1638.0, 1738.0000000002328, 1922.0, 2146.0, 2299.0, 2536.000000000233, 2760.0, 2979.0]",Q,14,736b402239876ceda0f8dcbef01140ff793bcd8ebd5815e08bfe0a9384d97508,train
804,isaac,Q,1,Q_orient1,33,1,isaac copy/Q/orient1/tilt_forward_toward_1/landmarks_trimmed.json,46,46,18,"[0, 2, 5, 7, 10, 13, 15, 18, 21, 23, 26, 29, 31, 34, 37, 39, 42, 45]","[80.0, 233.0, 371.0, 466.0, 616.0, 808.0, 961.0, 1196.0, 1432.0, 1590.0, 1760.0, 1900.0, 1996.0, 2163.0, 2384.0, 2542.0, 2778.0, 2980.0]",Q,14,984aae47d7cbcafc79eb62004e97719b329f2d713e7d43f366d307d1978a2d30,train
805,isaac,Q,1,Q_orient1,33,1,isaac copy/Q/orient1/tilt_neutral_away_1/landmarks_trimmed.json,51,51,18,"[0, 2, 5, 8, 11, 14, 17, 20, 23, 26, 29, 32, 35, 38, 41, 44, 47, 50]","[53.0, 154.0, 342.0, 527.0, 672.0, 822.0, 1005.0, 1217.0, 1358.0000000002328, 1503.0000000002328, 1668.0, 1876.0, 2096.0, 2309.0, 2533.0, 2690.0, 2829.000000000233, 2993.000000000233]",Q,14,282363c040af625213ade5e43c3563629eb94fc3b2bb1fe424754cb9247bff6a,train
806,isaac,Q,1,Q_orient1,33,1,isaac copy/Q/orient1/tilt_neutral_neutral_1/landmarks_trimmed.json,48,48,18,"[0, 2, 5, 8, 11, 13, 16, 19, 22, 24, 27, 30, 33, 35, 38, 41, 44, 47]","[66.0, 208.0, 441.0, 650.0, 850.0, 989.0, 1153.0, 1292.0, 1445.0, 1561.0, 1767.0000000002328, 2002.0, 2228.000000000233, 2322.0, 2465.0, 2615.0, 2789.0, 2991.0]",Q,14,22ec5ee54d1bc0b7f12a51a6d401ae6d3f1527af25bf837c71747bced326c9ad,train
807,isaac,Q,1,Q_orient1,33,2,isaac copy/Q/orient1/tilt_neutral_neutral_2/landmarks_trimmed.json,43,43,18,"[0, 2, 4, 7, 9, 12, 14, 17, 19, 22, 24, 27, 29, 32, 34, 37, 39, 42]","[70.0, 202.0, 339.0, 560.0, 715.0000000002328, 949.0, 1104.0, 1338.0, 1493.0, 1714.0, 1812.0000000002328, 1958.0, 2059.0, 2259.0, 2405.0, 2637.0, 2793.0, 3015.0]",Q,14,f40ba8c8e96427074254c88d971511a2dbb8beeed32c1cd451dca44b12e0acca,test
808,isaac,Q,1,Q_orient1,33,1,isaac copy/Q/orient1/tilt_neutral_toward_1/landmarks_trimmed.json,39,39,18,"[0, 2, 4, 6, 8, 11, 13, 15, 17, 20, 22, 24, 26, 29, 31, 33, 35, 38]","[85.0, 235.0, 384.0, 531.0, 684.0, 918.0, 1072.0000000002328, 1227.0000000002328, 1386.0, 1621.0000000002328, 1775.0000000002328, 1930.0, 2087.0, 2320.0, 2473.0, 2627.0, 2771.0, 2986.000000000233]",Q,14,12fa560c87cc2119f1e0ebdb2fab3ef6db8e250b019dca41cc55b07cc6a853f8,train
810,isaac,S,1,S_orient1,37,1,isaac copy/S/orient1/tilt_back_away_1/landmarks_trimmed.json,47,47,18,"[0, 2, 5, 8, 10, 13, 16, 18, 21, 24, 27, 29, 32, 35, 37, 40, 43, 46]","[49.0, 159.00000000046566, 376.0, 618.0, 729.0, 868.0, 1015.0, 1124.0, 1330.0, 1566.0, 1808.0, 1956.0, 2180.0, 2340.0, 2433.0, 2581.0, 2765.0, 2982.0]",S,15,5a2f9500b570946e747379b5ec32e3c869b39acc8db82669d22308506e7ea08b,train
811,isaac,S,1,S_orient1,37,1,isaac copy/S/orient1/tilt_back_neutral_1/landmarks_trimmed.json,47,47,18,"[0, 2, 5, 8, 10, 13, 16, 18, 21, 24, 27, 29, 32, 35, 37, 40, 43, 46]","[64.00000000046566, 190.0, 424.0, 663.0, 823.0, 1042.0, 1269.0, 1412.0, 1549.0, 1695.0, 1861.0, 1993.0, 2213.0, 2353.0, 2450.0, 2609.0, 2805.0000000004657, 3036.0]",S,15,00b53d2aca712ccf56fdf1b824229359dd71e79669d5eb38ac8ae91380552aa3,test
812,isaac,S,1,S_orient1,37,2,isaac copy/S/orient1/tilt_back_neutral_2/landmarks_trimmed.json,53,53,18,"[0, 3, 6, 9, 12, 15, 18, 21, 24, 27, 30, 33, 36, 39, 42, 45, 48, 52]","[76.0, 214.0, 359.0, 515.0, 719.0, 883.0, 1024.0, 1180.0, 1375.0, 1589.0, 1747.0, 1897.0, 2060.0, 2271.0, 2486.0, 2628.0, 2775.0, 3004.0]",S,15,70de79dcabb6d58a28401166353b5c351943fc6989f8c28b1854ed1141ca9eb3,train
813,isaac,S,1,S_orient1,37,1,isaac copy/S/orient1/tilt_back_toward_1/landmarks_trimmed.json,51,51,18,"[0, 2, 5, 8, 11, 14, 17, 20, 23, 26, 29, 32, 35, 38, 41, 44, 47, 50]","[64.0, 172.0, 332.0, 501.0, 696.0, 861.0, 1001.0, 1150.0000000004657, 1323.0, 1547.0, 1765.0, 1905.0, 2051.0, 2217.0000000004657, 2423.0, 2620.0, 2820.0, 3022.0]",S,15,f1291c31b1d7723dafa3d3c237ad74cfe33ecd593caa8bf8e1d7270c0636a36f,train
814,isaac,S,1,S_orient1,37,1,isaac copy/S/orient1/tilt_forward_away_1/landmarks_trimmed.json,50,50,18,"[0, 2, 5, 8, 11, 14, 17, 20, 23, 25, 28, 31, 34, 37, 40, 43, 46, 49]","[65.0, 204.0, 390.0, 529.0, 680.0, 864.0, 1062.0, 1279.0, 1435.0, 1530.0, 1680.0, 1868.0, 2095.0, 2330.0, 2565.0, 2706.0000000004657, 2851.0, 3009.0]",S,15,55d73dfab748800013ac0988cb79851d04b6bed44bfbb533dd5b2002f6f3cac7,test
815,isaac,S,1,S_orient1,37,1,isaac copy/S/orient1/tilt_forward_neutral_1/landmarks_trimmed.json,47,47,18,"[0, 2, 5, 8, 10, 13, 16, 18, 21, 24, 27, 29, 32, 35, 37, 40, 43, 46]","[65.0, 186.0, 372.0, 565.0, 697.0, 908.0, 1097.0, 1192.0, 1346.0, 1528.0, 1756.0, 1911.0, 2147.0, 2386.0, 2529.0, 2667.0, 2813.0, 2978.0000000004657]",S,15,7a242cc7ded23a48efa25695a0d5697bf17c9686eb6a7369b48274a30b6bfe41,validation
816,isaac,S,1,S_orient1,37,2,isaac copy/S/orient1/tilt_forward_neutral_2/landmarks_trimmed.json,48,48,18,"[0, 2, 5, 8, 11, 13, 16, 19, 22, 24, 27, 30, 33, 35, 38, 41, 44, 47]","[160.0, 286.0, 427.0, 580.0, 757.0, 904.0, 1041.0, 1182.0, 1344.0000000004657, 1471.0, 1668.0, 1870.0, 2066.0, 2185.0, 2368.0, 2573.0, 2771.0, 2986.0]",S,15,0b29f8bebe19bbcdc95668a5c8d373f987bb00025983a93459c945da496ac978,validation
817,isaac,S,1,S_orient1,37,1,isaac copy/S/orient1/tilt_forward_toward_1/landmarks_trimmed.json,48,48,18,"[0, 2, 5, 8, 11, 13, 16, 19, 22, 24, 27, 30, 33, 35, 38, 41, 44, 47]","[77.0, 221.0, 404.0, 579.0, 767.0000000004657, 903.0, 1117.0, 1355.0, 1544.0, 1637.0, 1780.0, 1946.0, 2145.0, 2237.0, 2378.0, 2536.0, 2744.0, 2986.0]",S,15,0daa00937b2e861d4983da4ff74f61de658d0273295d7a86d96b2eae1a9dbd7a,train
818,isaac,S,1,S_orient1,37,1,isaac copy/S/orient1/tilt_neutral_away_1/landmarks_trimmed.json,49,49,18,"[0, 2, 5, 8, 11, 14, 16, 19, 22, 25, 28, 31, 33, 36, 39, 42, 45, 48]","[57.0, 177.00000000046566, 380.0, 520.0, 664.0, 834.0, 970.0, 1197.0, 1401.0, 1596.0, 1786.0, 1994.0000000004657, 2147.0, 2350.0, 2490.0, 2638.0, 2796.0, 2996.0]",S,15,3cefeb494ceba068258140f151d28b50ec984b774aba097162d8c9dc0d3e62f5,train
819,isaac,S,1,S_orient1,37,1,isaac copy/S/orient1/tilt_neutral_neutral_1/landmarks_trimmed.json,46,46,18,"[0, 2, 5, 7, 10, 13, 15, 18, 21, 23, 26, 29, 31, 34, 37, 39, 42, 45]","[68.0, 194.0, 405.0, 497.0, 641.0000000004657, 795.0, 918.0, 1134.0, 1371.0000000004657, 1518.0, 1730.0, 1952.0, 2109.0, 2346.0, 2592.0000000004657, 2687.0, 2829.0, 2988.0]",S,15,a68fb11e1a1647c4f69fa6fe53ca5b16edcc8c3f7e69c838530b3fa7121cd027,train
820,isaac,S,1,S_orient1,37,2,isaac copy/S/orient1/tilt_neutral_neutral_2/landmarks_trimmed.json,47,47,18,"[0, 2, 5, 8, 10, 13, 16, 18, 21, 24, 27, 29, 32, 35, 37, 40, 43, 46]","[65.00000000046566, 197.0, 398.0, 607.0, 762.0, 999.0, 1231.0, 1325.0, 1465.0, 1616.0, 1792.0, 1934.0, 2154.0, 2323.0, 2418.0, 2572.0, 2756.0, 2992.0]",S,15,438a8b72e6a44dcd2eaf897273c862d470802e818d2f700ea30efb1419998602,train
821,isaac,S,1,S_orient1,37,1,isaac copy/S/orient1/tilt_neutral_toward_1/landmarks_trimmed.json,50,50,18,"[0, 2, 5, 8, 11, 14, 17, 20, 23, 25, 28, 31, 34, 37, 40, 43, 46, 49]","[81.0, 228.0, 442.0, 668.0, 906.0000000004657, 1045.0, 1190.0, 1354.0, 1571.0, 1664.0, 1805.0, 1958.0, 2124.0, 2327.0, 2555.0, 2711.0, 2856.0, 3019.0]",S,15,37e50f678cb3d675b728cc3e89f1f59bbca868fbf3cd710c0f77838a861d9ac6,train
822,isaac,U,2,U_orient2,40,1,isaac copy/U/orient2/tilt_back_away_1/landmarks_trimmed.json,47,47,18,"[0, 2, 5, 8, 10, 13, 16, 18, 21, 24, 27, 29, 32, 35, 37, 40, 43, 46]","[46.0, 143.00000000046566, 309.0, 519.0, 610.0, 748.0000000004657, 907.0, 1027.0000000004657, 1220.0, 1476.0, 1616.0, 1713.0, 1869.0, 2057.0, 2215.0, 2449.0, 2680.0, 2994.0]",U,17,c3846fb95150b414cf0bee89bb2e6792fdcf6667dfe0bcf035c427e1fd1714d3,train
823,isaac,U,2,U_orient2,40,1,isaac copy/U/orient2/tilt_back_neutral_1/landmarks_trimmed.json,48,48,18,"[0, 2, 5, 8, 11, 13, 16, 19, 22, 24, 27, 30, 33, 35, 38, 41, 44, 47]","[55.0, 170.0, 360.00000000046566, 559.0, 762.0000000004657, 899.0, 1097.0, 1312.0, 1530.0, 1659.0, 1840.0000000004657, 2020.0, 2215.0000000004657, 2353.0, 2534.0, 2674.0, 2825.0, 3012.0000000004657]",U,17,fa90fe22c05a1678e826b730389be8568052826ceb19ee6f3ad80adee68229de,train
824,isaac,U,2,U_orient2,40,2,isaac copy/U/orient2/tilt_back_neutral_2/landmarks_trimmed.json,47,47,18,"[0, 2, 5, 8, 10, 13, 16, 18, 21, 24, 27, 29, 32, 35, 37, 40, 43, 46]","[50.0, 139.0, 280.0, 457.0, 592.0, 821.0, 1149.0, 1260.0, 1398.0, 1550.0, 1737.0, 1964.0, 2202.0, 2393.0, 2483.0, 2630.0, 2800.0, 3013.0]",U,17,9e8c8fa5ce3d556d242d9b2052bd1de8161e64a5c30a1206501d9d30b8b2facf,test
825,isaac,U,2,U_orient2,40,1,isaac copy/U/orient2/tilt_back_toward_1/landmarks_trimmed.json,40,40,18,"[0, 2, 4, 6, 9, 11, 13, 16, 18, 20, 22, 25, 27, 29, 32, 34, 36, 39]","[50.0, 155.0, 563.0, 660.0, 929.0, 1073.0, 1183.0, 1321.0, 1418.0, 1523.0, 1658.0, 1883.0, 2035.0, 2275.0, 2513.0, 2667.0, 2826.0, 3017.0]",U,17,6d9c340a32d9a0dc478f0ff087e303b8ffacbd9fab2fed3a8ee720462290c4a7,validation
826,isaac,U,2,U_orient2,40,1,isaac copy/U/orient2/tilt_forward_away_1/landmarks_trimmed.json,48,48,18,"[0, 2, 5, 8, 11, 13, 16, 19, 22, 24, 27, 30, 33, 35, 38, 41, 44, 47]","[78.00000000046566, 209.0, 403.0, 594.0, 793.0, 930.0, 1122.0, 1262.0, 1406.0000000004657, 1516.0, 1710.0, 1921.0, 2155.0, 2311.0, 2449.0, 2595.0, 2757.0, 2991.0]",U,17,536941b66601ad3d471b1026b5a81410ac79ad841055afb2598397975e7158c4,train
827,isaac,U,2,U_orient2,40,1,isaac copy/U/orient2/tilt_forward_neutral_1/landmarks_trimmed.json,44,44,18,"[0, 2, 5, 7, 10, 12, 15, 17, 20, 22, 25, 27, 30, 32, 35, 37, 40, 43]","[52.0, 145.0, 290.0, 396.0, 593.0, 716.0, 854.0, 999.0, 1161.0, 1289.0000000004657, 1523.0, 1678.0, 1990.0000000004657, 2143.0, 2377.0, 2534.0, 2768.0, 3003.0]",U,17,ce323052117515bf103145f7e8847454b23139302fa603511311324a07bed89c,validation
828,isaac,U,2,U_orient2,40,2,isaac copy/U/orient2/tilt_forward_neutral_2/landmarks_trimmed.json,49,49,18,"[0, 2, 5, 8, 11, 14, 16, 19, 22, 25, 28, 31, 33, 36, 39, 42, 45, 48]","[80.0, 238.0, 429.0, 570.0, 721.0, 891.0, 1033.0, 1252.0, 1391.0, 1539.0, 1701.0, 1893.0, 2056.0, 2217.0, 2365.0, 2535.0, 2756.0, 2983.0]",U,17,993a6b0723ea47ca8e4024e905865712f0314f40ac0d7c669166d2820ea214e9,train
829,isaac,U,2,U_orient2,40,1,isaac copy/U/orient2/tilt_forward_toward_1/landmarks_trimmed.json,48,48,18,"[0, 2, 5, 8, 11, 13, 16, 19, 22, 24, 27, 30, 33, 35, 38, 41, 44, 47]","[53.0, 154.0, 322.0, 523.0, 727.0, 873.0000000004657, 1008.0, 1151.0, 1304.0, 1425.0, 1647.0, 1872.0, 2106.0, 2262.0, 2521.0, 2668.0, 2830.0, 3025.0]",U,17,692c7eb7d6995ceea5a9cfd6f2ec94c898254dcc93ac4401964df93608aa4547,train
830,isaac,U,2,U_orient2,40,1,isaac copy/U/orient2/tilt_neutral_away_1/landmarks_trimmed.json,53,53,18,"[0, 3, 6, 9, 12, 15, 18, 21, 24, 27, 30, 33, 36, 39, 42, 45, 48, 52]","[66.00000000046566, 273.0, 470.00000000046566, 611.0, 762.0, 939.0, 1146.0, 1280.0, 1425.0, 1585.0, 1791.0, 1975.0, 2114.0, 2264.0, 2446.0, 2671.0, 2807.0000000004657, 2996.0]",U,17,8c1381063ac3ef52571e1bdee5a3789abd9b713ccd313c7a6c31041d05f6a2f6,train
831,isaac,U,2,U_orient2,40,1,isaac copy/U/orient2/tilt_neutral_neutral_1/landmarks_trimmed.json,49,49,18,"[0, 2, 5, 8, 11, 14, 16, 19, 22, 25, 28, 31, 33, 36, 39, 42, 45, 48]","[50.0, 145.0, 302.0, 511.0, 666.0, 807.0, 908.0, 1087.0, 1304.0000000004657, 1539.0, 1772.0, 2002.0, 2158.0, 2358.0, 2496.0000000004657, 2641.0, 2813.0000000004657, 3017.0]",U,17,006a5a9f3d4590d0a7c6c7e5582c7a416a9774ae43b179ee626bcd62c9a9b800,train
832,isaac,U,2,U_orient2,40,2,isaac copy/U/orient2/tilt_neutral_neutral_2/landmarks_trimmed.json,47,47,18,"[0, 2, 5, 8, 10, 13, 16, 18, 21, 24, 27, 29, 32, 35, 37, 40, 43, 46]","[70.00000000046566, 208.0, 347.00000000046566, 489.0, 594.0, 783.0, 1017.0, 1173.0, 1412.0, 1653.0, 1886.0, 2007.0, 2145.0, 2289.0, 2396.0000000004657, 2688.0, 2829.0000000004657, 2982.0]",U,17,6ad77aa59e4a911d22ee3b5bb41cfcbf116def8764045cc307fba291051c3ee0,validation
833,isaac,U,2,U_orient2,40,1,isaac copy/U/orient2/tilt_neutral_toward_1/landmarks_trimmed.json,40,40,18,"[0, 2, 4, 6, 9, 11, 13, 16, 18, 20, 22, 25, 27, 29, 32, 34, 36, 39]","[154.0, 246.0, 337.0, 435.0, 591.0, 720.0, 869.0000000004657, 1051.0, 1154.0, 1257.0, 1378.0000000004657, 1580.0, 1737.0, 1888.0, 2104.0, 2238.0, 2832.0, 2986.0]",U,17,47a7afeca60fc2becd7eaa6067395ab19d9bbd6b2d31611861791e23a5f947e3,train
834,isaac,U,3,U_orient3,41,2,isaac copy/U/orient3/tilt_back_neutral_2/landmarks_trimmed.json,50,50,18,"[0, 2, 5, 8, 11, 14, 17, 20, 23, 25, 28, 31, 34, 37, 40, 43, 46, 49]","[59.0, 189.0, 417.0, 621.0, 822.0000000004657, 1027.0, 1213.0, 1353.0, 1505.0000000004657, 1621.0, 1836.0, 1974.0000000004657, 2117.0, 2273.0000000004657, 2473.0, 2678.0, 2860.0000000004657, 2997.0]",U,17,cf5c991db209be8ea66b4b47c383a8866619bf588b647802afdd750851b84eb3,train
835,isaac,U,3,U_orient3,41,1,isaac copy/U/orient3/tilt_back_toward_1/landmarks_trimmed.json,45,45,18,"[0, 2, 5, 7, 10, 12, 15, 18, 20, 23, 25, 28, 31, 33, 36, 38, 41, 44]","[53.0, 158.0, 354.0, 508.0, 668.0, 765.0, 947.0, 1162.0, 1318.0, 1529.0, 1675.0, 1905.0, 2140.0, 2297.0, 2521.0, 2669.0, 2867.0, 3009.0]",U,17,ded65c509647614ad44eb5b7087db803cc42c583a960b8e745dc5e6ce795c814,test
836,isaac,U,3,U_orient3,41,1,isaac copy/U/orient3/tilt_forward_away_1/landmarks_trimmed.json,45,45,18,"[0, 2, 5, 7, 10, 12, 15, 18, 20, 23, 25, 28, 31, 33, 36, 38, 41, 44]","[82.99999999953434, 237.99999999953434, 457.99999999953434, 594.9999999995343, 811.9999999995343, 962.9999999995343, 1192.9999999995343, 1402.9999999995343, 1526.9999999995343, 1701.0, 1830.9999999995343, 2039.9999999995343, 2247.9999999995343, 2385.9999999995343, 2530.9999999995343, 2636.9999999995343, 2834.9999999995343, 3018.9999999995343]",U,17,06d4e9ce1eddb947c4744afddeb4de2e0ce9bda80982fe519cc3691cab344e4c,train
837,isaac,U,3,U_orient3,41,1,isaac copy/U/orient3/tilt_forward_neutral_1/landmarks_trimmed.json,47,47,18,"[0, 2, 5, 8, 10, 13, 16, 18, 21, 24, 27, 29, 32, 35, 37, 40, 43, 46]","[68.0, 203.0, 384.0, 572.0, 708.0000000004657, 899.0, 1037.0, 1131.0, 1289.0, 1493.0, 1724.0, 1879.0, 2111.0, 2317.0, 2437.0, 2622.0, 2819.0, 3025.0000000004657]",U,17,68f3aa7ff6b4a4f152c621cb76c7cba7add1127af28fcdaabbf52dc05931cfed,train
838,isaac,U,3,U_orient3,41,1,isaac copy/U/orient3/tilt_forward_toward_1/landmarks_trimmed.json,46,46,18,"[0, 2, 5, 7, 10, 13, 15, 18, 21, 23, 26, 29, 31, 34, 37, 39, 42, 45]","[66.0, 202.0, 428.0, 521.0, 661.0, 815.0, 930.0000000004657, 1156.0, 1391.0, 1548.0, 1782.0, 2014.0, 2169.0, 2400.0, 2568.0, 2662.0000000004657, 2811.0, 2981.0]",U,17,86ea52bd823f1a856d513dc240909fa2f4c337e7e2127ae35e93ef3035c31e69,train
839,isaac,U,3,U_orient3,41,1,isaac copy/U/orient3/tilt_neutral_away_1/landmarks_trimmed.json,47,47,18,"[0, 2, 5, 8, 10, 13, 16, 18, 21, 24, 27, 29, 32, 35, 37, 40, 43, 46]","[49.0, 145.0, 299.0, 489.00000000046566, 641.0, 877.0, 1113.0, 1261.0, 1483.0, 1640.0, 1783.0, 1884.0000000004657, 2068.0, 2287.0, 2443.0, 2680.0, 2838.0, 2984.0]",U,17,5c2fea7366e38035d2071a599eb2c2ad0c3e02e060be91a411a2fa4179504a90,train
840,isaac,U,3,U_orient3,41,1,isaac copy/U/orient3/tilt_neutral_neutral_1/landmarks_trimmed.json,49,49,18,"[0, 2, 5, 8, 11, 14, 16, 19, 22, 25, 28, 31, 33, 36, 39, 42, 45, 48]","[67.0, 201.0, 403.0, 605.0, 814.0, 955.0000000004657, 1049.0, 1206.0, 1403.0, 1603.0, 1803.0, 2023.0, 2180.0, 2343.0, 2489.0, 2649.0, 2847.0, 2985.0]",U,17,35eb44868444f2a05156e21f41f7b3fcafd4709213fabd7f0b7f4f274de01f05,test
841,isaac,U,3,U_orient3,41,2,isaac copy/U/orient3/tilt_neutral_neutral_2/landmarks_trimmed.json,48,48,18,"[0, 2, 5, 8, 11, 13, 16, 19, 22, 24, 27, 30, 33, 35, 38, 41, 44, 47]","[58.0, 248.0, 563.0, 754.0, 899.0, 1005.0, 1193.0000000004657, 1405.0000000004657, 1584.0, 1677.0, 1821.0, 1984.0, 2187.0, 2341.0, 2501.0000000004657, 2644.0, 2798.0000000004657, 2994.0]",U,17,d7c982fbc357feea167de293179a90c7ab48a75d7a300702220da5802a805cbf,train
842,isaac,U,3,U_orient3,41,1,isaac copy/U/orient3/tilt_neutral_toward_1/landmarks_trimmed.json,53,53,18,"[0, 3, 6, 9, 12, 15, 18, 21, 24, 27, 30, 33, 36, 39, 42, 45, 48, 52]","[52.0, 208.0, 396.0, 619.0, 762.0, 911.0, 1082.0, 1262.0, 1402.0, 1553.0, 1743.0, 1961.0000000004657, 2154.0, 2293.0, 2435.0, 2604.0, 2818.0000000004657, 3005.0]",U,17,d8f7faed865448e938ecbfcfe00756aa09d4e32d7196bfe56411e4004147eabc,train
843,mathur,A,1,A_orient1,0,1,mathur/A/orient1/tilt_back_neutral_1/landmarks_trimmed.json,20,20,18,"[0, 1, 2, 3, 4, 5, 6, 7, 8, 10, 11, 12, 13, 14, 15, 16, 17, 19]","[163.09999990463257, 327.7000002861023, 485.09999990463257, 644.7000002861023, 811.0999999046326, 973.4000000953674, 1134.0, 1298.2000002861023, 1452.3000001907349, 1775.9000000953674, 1938.8000001907349, 2094.4000000953674, 2255.5999999046326, 2416.0, 2573.2000002861023, 2655.0, 2813.4000000953674, 3135.9000000953674]",A,0,5df6c4e17d752605c41c0851623b4a68a8a56ca6f84a124ef2b39c6ee40120e0,train
844,mathur,A,1,A_orient1,0,2,mathur/A/orient1/tilt_back_neutral_2/landmarks_trimmed.json,20,20,18,"[0, 1, 2, 3, 4, 5, 6, 7, 8, 10, 11, 12, 13, 14, 15, 16, 17, 19]","[161.09999990463257, 319.09999990463257, 401.80000019073486, 563.8000001907349, 725.5999999046326, 882.4000000953674, 1046.0999999046326, 1205.5999999046326, 1369.8000001907349, 1695.6999998092651, 1857.8000001907349, 1940.3000001907349, 2103.300000190735, 2266.800000190735, 2420.300000190735, 2582.5, 2772.5, 3078.4000000953674]",A,0,5227aa649f9dd09e6276fc144f4ad15d041ba531fafb8b79811c99081f7e3cf6,train
845,mathur,A,1,A_orient1,0,1,mathur/A/orient1/tilt_back_toward_1/landmarks_trimmed.json,20,20,18,"[0, 1, 2, 3, 4, 5, 6, 7, 8, 10, 11, 12, 13, 14, 15, 16, 17, 19]","[169.90000009536743, 324.40000009536743, 406.59999990463257, 562.7999997138977, 720.2999997138977, 875.4000000953674, 1032.7999997138977, 1194.7999997138977, 1351.7999997138977, 1667.7999997138977, 1826.2999997138977, 1991.5, 2175.0, 2356.199999809265, 2442.0999999046326, 2618.699999809265, 2784.7999997138977, 3124.4000000953674]",A,0,418a6f0605e86dbcd983b39e6fdae860a65e43fc7d31cfc7347d4b79505fd71e,train
846,mathur,A,1,A_orient1,0,1,mathur/A/orient1/tilt_forward_away_1/landmarks_trimmed.json,20,20,18,"[0, 1, 2, 3, 4, 5, 6, 7, 8, 10, 11, 12, 13, 14, 15, 16, 17, 19]","[160.09999990463257, 317.8999996185303, 479.59999990463257, 640.5, 796.7999997138977, 959.3999996185303, 1114.5, 1272.5999999046326, 1435.5, 1760.2999997138977, 1841.5999999046326, 2000.0999999046326, 2158.5, 2316.7999997138977, 2471.7999997138977, 2624.5, 2783.8999996185303, 3091.8999996185303]",A,0,daf725f146a7ab017a4e4d85c85f0c7d38e6b7d9b6ae2a595b852d2ddd4c13d8,validation
847,mathur,A,1,A_orient1,0,1,mathur/A/orient1/tilt_forward_neutral_1/landmarks_trimmed.json,20,20,18,"[0, 1, 2, 3, 4, 5, 6, 7, 8, 10, 11, 12, 13, 14, 15, 16, 17, 19]","[166.0, 323.09999990463257, 476.7999997138977, 631.9000000953674, 790.0, 947.2999997138977, 1097.6999998092651, 1255.5, 1414.2999997138977, 1735.0999999046326, 1816.2999997138977, 1974.9000000953674, 2134.699999809265, 2294.0, 2456.5, 2615.5999999046326, 2773.9000000953674, 3094.4000000953674]",A,0,b9466f1a5f324ac8e9c39d8ea36ae7a5d74a4541648431a8785d996e79e31b71,train
848,mathur,A,1,A_orient1,0,2,mathur/A/orient1/tilt_forward_neutral_2/landmarks_trimmed.json,19,19,18,"[0, 1, 2, 3, 4, 5, 6, 7, 8, 9, 10, 11, 12, 13, 14, 15, 16, 18]","[171.59999990463257, 323.30000019073486, 485.80000019073486, 642.0, 802.9000000953674, 962.0, 1120.0, 1273.0, 1432.8000001907349, 1592.5, 1750.5, 1904.6999998092651, 2066.800000190735, 2223.0, 2383.4000000953674, 2545.699999809265, 2710.9000000953674, 3032.0]",A,0,5d7dac2208a2b2402c601cf4ec03e5f2279290acf313c16fb1928f7dba7dd053,test
849,mathur,A,1,A_orient1,0,1,mathur/A/orient1/tilt_neutral_away_1/landmarks_trimmed.json,20,20,18,"[0, 1, 2, 3, 4, 5, 6, 7, 8, 10, 11, 12, 13, 14, 15, 16, 17, 19]","[158.5, 317.90000009536743, 470.6000003814697, 630.0, 790.2000002861023, 948.0, 1101.3000001907349, 1263.4000000953674, 1342.4000000953674, 1660.4000000953674, 1820.5, 1975.0, 2130.5, 2289.4000000953674, 2447.7000002861023, 2604.4000000953674, 2761.9000000953674, 3080.1000003814697]",A,0,b80d09f7acb3a93c4cbe6b9d515b16652242798c8839411f0feec98312f7f380,train
850,mathur,A,1,A_orient1,0,1,mathur/A/orient1/tilt_neutral_neutral_1/landmarks_trimmed.json,20,20,18,"[0, 1, 2, 3, 4, 5, 6, 7, 8, 10, 11, 12, 13, 14, 15, 16, 17, 19]","[161.09999990463257, 322.59999990463257, 483.80000019073486, 637.0999999046326, 796.3000001907349, 877.1999998092651, 1036.5, 1192.4000000953674, 1351.8000001907349, 1670.0999999046326, 1827.1999998092651, 1989.3000001907349, 2146.5999999046326, 2299.800000190735, 2378.800000190735, 2537.800000190735, 2695.5999999046326, 3017.300000190735]",A,0,a810dc7142359d51e655633dd9f285f054f0dba95fe091280e0d8715657f134f,test
851,mathur,A,1,A_orient1,0,2,mathur/A/orient1/tilt_neutral_neutral_2/landmarks_trimmed.json,19,19,18,"[0, 1, 2, 3, 4, 5, 6, 7, 8, 9, 10, 11, 12, 13, 14, 15, 16, 18]","[164.30000019073486, 321.7000002861023, 480.80000019073486, 638.0999999046326, 797.0, 958.8000001907349, 1117.9000000953674, 1278.9000000953674, 1434.5, 1593.4000000953674, 1755.0, 1915.5999999046326, 2077.5, 2239.4000000953674, 2397.300000190735, 2549.300000190735, 2709.0, 3029.9000000953674]",A,0,1a07ba321e8b5ab392804c4f59b64149397936cfb3e3009ced1a573a300a573b,train
852,mathur,A,1,A_orient1,0,1,mathur/A/orient1/tilt_neutral_toward_1/landmarks_trimmed.json,20,20,18,"[0, 1, 2, 3, 4, 5, 6, 7, 8, 10, 11, 12, 13, 14, 15, 16, 17, 19]","[159.30000019073486, 318.80000019073486, 479.90000009536743, 641.5999999046326, 800.2000002861023, 960.5999999046326, 1117.4000000953674, 1275.8000001907349, 1360.8000001907349, 1679.5, 1834.0999999046326, 1992.5999999046326, 2151.7000002861023, 2309.5999999046326, 2471.0999999046326, 2629.9000000953674, 2790.300000190735, 3106.0]",A,0,590381f84a5c12f33706da644154a91cfda852a3314f62b080d98f34ddcf5bac,train
853,mathur,A,2,A_orient2,1,1,mathur/A/orient2/tilt_back_away_1/landmarks_trimmed.json,20,20,18,"[0, 1, 2, 3, 4, 5, 6, 7, 8, 10, 11, 12, 13, 14, 15, 16, 17, 19]","[159.09999990463257, 312.09999990463257, 473.0, 637.0, 798.0, 959.1999998092651, 1118.5, 1199.0, 1356.3999996185303, 1680.7999997138977, 1841.0, 1992.1999998092651, 2154.0, 2307.7999997138977, 2467.0, 2628.2999997138977, 2792.199999809265, 3021.8999996185303]",A,0,61e400e0fb2bd2e2a4127e5e8673fba17669c5bbe6817e6d741a36deeb5a0350,train
854,mathur,A,2,A_orient2,1,1,mathur/A/orient2/tilt_back_neutral_1/landmarks_trimmed.json,19,19,18,"[0, 1, 2, 3, 4, 5, 6, 7, 8, 9, 10, 11, 12, 13, 14, 15, 16, 18]","[167.0, 326.0, 482.6000003814697, 642.8000001907349, 806.4000000953674, 969.6000003814697, 1129.2000002861023, 1285.5, 1446.9000000953674, 1604.0, 1766.5, 1928.4000000953674, 2087.4000000953674, 2243.9000000953674, 2405.1000003814697, 2559.7000002861023, 2717.2000002861023, 3040.4000000953674]",A,0,04c13a4ccb1cf62d290e360be25ca2bbc13002df6ad1a7e3e160344fa8471762,train
855,mathur,A,2,A_orient2,1,2,mathur/A/orient2/tilt_back_neutral_2/landmarks_trimmed.json,19,19,18,"[0, 1, 2, 3, 4, 5, 6, 7, 8, 9, 10, 11, 12, 13, 14, 15, 16, 18]","[163.7999997138977, 319.09999990463257, 482.19999980926514, 645.3999996185303, 813.1999998092651, 975.7999997138977, 1134.0999999046326, 1297.8999996185303, 1465.1999998092651, 1632.7999997138977, 1799.0999999046326, 1972.0, 2132.699999809265, 2284.5, 2450.0999999046326, 2617.0999999046326, 2776.7999997138977, 3024.3999996185303]",A,0,32193783b9370acbe237f598d0bfe262c36967bdd32956e21907e04e9cbe3d95,train
856,mathur,A,2,A_orient2,1,1,mathur/A/orient2/tilt_back_toward_1/landmarks_trimmed.json,20,20,18,"[0, 1, 2, 3, 4, 5, 6, 7, 8, 10, 11, 12, 13, 14, 15, 16, 17, 19]","[166.0, 328.2000002861023, 488.30000019073486, 641.2000002861023, 722.4000000953674, 883.6000003814697, 1039.0, 1202.2000002861023, 1359.8000001907349, 1673.9000000953674, 1837.2000002861023, 1999.9000000953674, 2158.6000003814697, 2326.800000190735, 2493.800000190735, 2646.300000190735, 2808.4000000953674, 3047.300000190735]",A,0,7291f05f1959b5e551ba50dfe16850d31858e7677d9dae4c483e6f35f5fad0df,train
857,mathur,A,2,A_orient2,1,1,mathur/A/orient2/tilt_neutral_neutral_1/landmarks_trimmed.json,20,20,18,"[0, 1, 2, 3, 4, 5, 6, 7, 8, 10, 11, 12, 13, 14, 15, 16, 17, 19]","[164.40000009536743, 317.59999990463257, 470.80000019073486, 634.4000000953674, 796.9000000953674, 961.5999999046326, 1124.3000001907349, 1286.5, 1440.4000000953674, 1761.7000002861023, 1921.9000000953674, 2084.7000002861023, 2245.800000190735, 2401.5, 2471.9000000953674, 2633.5999999046326, 2800.4000000953674, 3127.300000190735]",A,0,bf8aad8ab9c40cd9262618cabfa3af5b6f6791b02147be66151494b009dd3836,train
858,mathur,A,2,A_orient2,1,2,mathur/A/orient2/tilt_neutral_neutral_2/landmarks_trimmed.json,19,19,18,"[0, 1, 2, 3, 4, 5, 6, 7, 8, 9, 10, 11, 12, 13, 14, 15, 16, 18]","[166.59999990463257, 333.8999996185303, 496.7999997138977, 651.5999999046326, 808.8999996185303, 967.3999996185303, 1132.5, 1285.5999999046326, 1451.2999997138977, 1605.8999996185303, 1768.8999996185303, 1930.5, 2093.0999999046326, 2250.7999997138977, 2405.5999999046326, 2573.5999999046326, 2727.5, 3047.0999999046326]",A,0,6a77e64be84ec5ec89c4387919df22b3adfdbc9aefcc56cf144a1101f8baa0a3,test
859,mathur,A,2,A_orient2,1,1,mathur/A/orient2/tilt_neutral_toward_1/landmarks_trimmed.json,21,21,18,"[0, 1, 2, 3, 4, 5, 7, 8, 9, 10, 11, 12, 14, 15, 16, 17, 18, 20]","[165.69999980926514, 324.59999990463257, 490.69999980926514, 665.8000001907349, 832.0999999046326, 986.5, 1309.5999999046326, 1466.5, 1624.0, 1785.4000000953674, 1941.5999999046326, 2019.9000000953674, 2259.9000000953674, 2420.0999999046326, 2581.9000000953674, 2664.4000000953674, 2745.0999999046326, 3067.9000000953674]",A,0,95d7aef3fa1eaea9f58470d531f7482429685f7db5b8503e14e92ef39747671d,train
860,mathur,A,3,A_orient3,2,1,mathur/A/orient3/tilt_back_away_1/landmarks_trimmed.json,20,20,18,"[0, 1, 2, 3, 4, 5, 6, 7, 8, 10, 11, 12, 13, 14, 15, 16, 17, 19]","[165.30000019073486, 245.90000009536743, 402.7000002861023, 561.7000002861023, 716.7000002861023, 799.3000001907349, 967.0, 1138.9000000953674, 1300.9000000953674, 1629.9000000953674, 1802.0, 1969.9000000953674, 2132.300000190735, 2288.6000003814697, 2449.300000190735, 2608.5, 2769.2000002861023, 3098.4000000953674]",A,0,0ef77287e4a422b605b6aeb7dfe49123e6127e1c9e6a752607e697666b8fb670,train
861,mathur,A,3,A_orient3,2,1,mathur/A/orient3/tilt_back_neutral_1/landmarks_trimmed.json,20,20,18,"[0, 1, 2, 3, 4, 5, 6, 7, 8, 10, 11, 12, 13, 14, 15, 16, 17, 19]","[158.5, 322.19999980926514, 479.90000009536743, 640.3000001907349, 800.8000001907349, 955.8000001907349, 1112.1999998092651, 1263.9000000953674, 1423.9000000953674, 1661.0999999046326, 1824.9000000953674, 1985.8000001907349, 2140.699999809265, 2291.800000190735, 2455.0999999046326, 2611.5999999046326, 2768.699999809265, 3089.4000000953674]",A,0,c2ac858a6e8a2484cd567bd82cb2c7a200ed0235147d3ba95e9eb2349cac16b7,train
862,mathur,A,3,A_orient3,2,2,mathur/A/orient3/tilt_back_neutral_2/landmarks_trimmed.json,18,18,18,"[0, 1, 2, 3, 4, 5, 6, 7, 8, 9, 10, 11, 12, 13, 14, 15, 16, 17]","[174.7000002861023, 351.30000019073486, 530.5, 720.3000001907349, 879.7000002861023, 1037.2000002861023, 1200.0, 1359.3000001907349, 1522.0, 1687.5, 1871.8000001907349, 2080.5, 2249.0, 2434.0, 2636.7000002861023, 2799.5, 2993.1000003814697, 3147.0]",A,0,86f2a5fafbd70db69557dbfb854e9634252ce2f30b09ca5a2fa3a1f0210cb360,train
863,mathur,A,3,A_orient3,2,1,mathur/A/orient3/tilt_back_toward_1/landmarks_trimmed.json,19,19,18,"[0, 1, 2, 3, 4, 5, 6, 7, 8, 9, 10, 11, 12, 13, 14, 15, 16, 18]","[163.69999980926514, 326.69999980926514, 485.3999996185303, 638.0, 799.0999999046326, 962.6999998092651, 1126.2999997138977, 1285.5, 1445.7999997138977, 1594.5, 1756.2999997138977, 1916.5999999046326, 2077.8999996185303, 2240.7999997138977, 2403.5, 2563.3999996185303, 2712.699999809265, 3038.0]",A,0,e3bc50a10e57faa32b7bfc94f30b6054487e221f5eb3fb6a3e1e3c53a3ed4495,validation
864,mathur,A,3,A_orient3,2,1,mathur/A/orient3/tilt_forward_away_1/landmarks_trimmed.json,20,20,18,"[0, 1, 2, 3, 4, 5, 6, 7, 8, 10, 11, 12, 13, 14, 15, 16, 17, 19]","[170.0, 248.7999997138977, 409.7999997138977, 570.0999999046326, 728.0999999046326, 891.0999999046326, 1050.9000000953674, 1207.9000000953674, 1370.9000000953674, 1682.0999999046326, 1842.9000000953674, 2005.4000000953674, 2164.5999999046326, 2324.0999999046326, 2480.0, 2634.199999809265, 2790.5, 3118.199999809265]",A,0,08e0d4bf1329e46a1346e9299b1a2f89a7c10e0ab1d26688eabf2b810c7f2085,test
865,mathur,A,3,A_orient3,2,1,mathur/A/orient3/tilt_forward_neutral_1/landmarks_trimmed.json,20,20,18,"[0, 1, 2, 3, 4, 5, 6, 7, 8, 10, 11, 12, 13, 14, 15, 16, 17, 19]","[162.69999980926514, 321.2999997138977, 480.0, 641.1999998092651, 798.0, 957.7999997138977, 1116.5, 1201.5999999046326, 1356.1999998092651, 1687.5, 1766.2999997138977, 1928.5999999046326, 2095.7999997138977, 2258.9000000953674, 2412.9000000953674, 2572.0999999046326, 2737.199999809265, 3054.5999999046326]",A,0,8a1e695c6cbe3fcccd1ae24d586b14289d9fbf8ebbe5b2b732b9c29da4a467ea,train
866,mathur,A,3,A_orient3,2,2,mathur/A/orient3/tilt_forward_neutral_2/landmarks_trimmed.json,20,20,18,"[0, 1, 2, 3, 4, 5, 6, 7, 8, 10, 11, 12, 13, 14, 15, 16, 17, 19]","[169.5, 321.90000009536743, 478.90000009536743, 638.3000001907349, 715.9000000953674, 871.3000001907349, 1035.0, 1198.5999999046326, 1283.5, 1592.4000000953674, 1749.9000000953674, 1912.0999999046326, 2070.800000190735, 2233.5999999046326, 2386.7000002861023, 2548.0999999046326, 2711.0999999046326, 3034.9000000953674]",A,0,4bdac00e4456d5e0a79397ff9b97d2d9cd7402b77f9834563f4a2512e0bbe623,train
867,mathur,A,3,A_orient3,2,1,mathur/A/orient3/tilt_forward_toward_1/landmarks_trimmed.json,20,20,18,"[0, 1, 2, 3, 4, 5, 6, 7, 8, 10, 11, 12, 13, 14, 15, 16, 17, 19]","[168.0, 329.59999990463257, 489.69999980926514, 648.8000001907349, 810.0999999046326, 964.6999998092651, 1123.4000000953674, 1287.0, 1452.4000000953674, 1767.4000000953674, 1851.5, 2005.5999999046326, 2168.300000190735, 2326.0, 2410.699999809265, 2573.0999999046326, 2734.0999999046326, 3050.0999999046326]",A,0,d787afc6b002ffec718d107de549490b9bb60fbcb5fe836ac82a3e1790f3499d,train
868,mathur,A,3,A_orient3,2,1,mathur/A/orient3/tilt_neutral_away_1/landmarks_trimmed.json,20,20,18,"[0, 1, 2, 3, 4, 5, 6, 7, 8, 10, 11, 12, 13, 14, 15, 16, 17, 19]","[164.39999961853027, 322.5, 483.5, 642.5999999046326, 795.0, 952.8999996185303, 1112.5, 1191.3999996185303, 1352.2999997138977, 1675.7999997138977, 1831.2999997138977, 1988.0999999046326, 2149.7999997138977, 2310.7999997138977, 2469.5, 2547.5999999046326, 2707.7999997138977, 3019.0]",A,0,cd26798c3af5f4548bd50cf4d92fa6cc817ebc3e829e2502b43ee5b49215f6ff,train
869,mathur,A,3,A_orient3,2,1,mathur/A/orient3/tilt_neutral_neutral_1/landmarks_trimmed.json,20,20,18,"[0, 1, 2, 3, 4, 5, 6, 7, 8, 10, 11, 12, 13, 14, 15, 16, 17, 19]","[172.69999980926514, 344.7999997138977, 501.7999997138977, 665.6999998092651, 826.3999996185303, 990.0, 1151.3999996185303, 1310.6999998092651, 1470.0999999046326, 1790.2999997138977, 1947.0999999046326, 2028.8999996185303, 2190.5, 2353.0999999046326, 2507.7999997138977, 2670.699999809265, 2836.0999999046326, 3159.0999999046326]",A,0,e877f7691645a2fe005b1434f6498dc4fda802f1da599da123f57829e696486a,validation
870,mathur,A,3,A_orient3,2,2,mathur/A/orient3/tilt_neutral_neutral_2/landmarks_trimmed.json,21,21,18,"[0, 1, 2, 3, 4, 5, 7, 8, 9, 10, 11, 12, 14, 15, 16, 17, 18, 20]","[167.69999980926514, 325.30000019073486, 489.40000009536743, 649.4000000953674, 806.9000000953674, 968.9000000953674, 1298.4000000953674, 1459.8000001907349, 1620.5, 1698.3000001907349, 1777.0, 1857.5999999046326, 2179.800000190735, 2341.5, 2506.199999809265, 2666.5999999046326, 2826.800000190735, 3147.199999809265]",A,0,fa21d656b30526f2fdba7e523594bcb79bdae72bdd7392e95f77534bb91d6b58,validation
871,mathur,A,3,A_orient3,2,1,mathur/A/orient3/tilt_neutral_toward_1/landmarks_trimmed.json,20,20,18,"[0, 1, 2, 3, 4, 5, 6, 7, 8, 10, 11, 12, 13, 14, 15, 16, 17, 19]","[151.7000002861023, 309.6000003814697, 475.1000003814697, 638.1000003814697, 799.8000001907349, 958.9000000953674, 1036.6000003814697, 1193.3000001907349, 1353.6000003814697, 1677.2000002861023, 1840.0, 1998.0, 2153.5, 2314.7000002861023, 2473.7000002861023, 2636.9000000953674, 2714.9000000953674, 3033.7000002861023]",A,0,0bcf591adc75b1068fca0f4aff87f57b4c54c9271b105f49afa6e15956efe90c,train
872,mathur,B,1,B_orient1,3,1,mathur/B/orient1/tilt_back_away_1/landmarks_trimmed.json,21,21,18,"[0, 1, 2, 3, 4, 5, 7, 8, 9, 10, 11, 12, 14, 15, 16, 17, 18, 20]","[170.09999990463257, 250.30000019073486, 410.5, 566.0, 729.3000001907349, 808.0999999046326, 1049.9000000953674, 1209.5, 1372.0, 1535.0, 1694.0999999046326, 1857.7000002861023, 2178.0, 2336.7000002861023, 2420.300000190735, 2582.300000190735, 2738.800000190735, 3060.7000002861023]",B,1,3a25343be703caa919050dd2a441068aed822332effa656f4eeba64b454a090a,test
873,mathur,B,1,B_orient1,3,1,mathur/B/orient1/tilt_back_neutral_1/landmarks_trimmed.json,20,20,18,"[0, 1, 2, 3, 4, 5, 6, 7, 8, 10, 11, 12, 13, 14, 15, 16, 17, 19]","[157.5, 318.80000019073486, 471.5, 631.8000001907349, 715.8000001907349, 877.0999999046326, 1031.7000002861023, 1193.3000001907349, 1356.4000000953674, 1604.5999999046326, 1766.5999999046326, 1926.5, 2089.2000002861023, 2248.0999999046326, 2410.5, 2574.5, 2733.800000190735, 3055.4000000953674]",B,1,121277b44706cfcf34ce2e8ca35443d28d1410a83fede1ed17818e4c6d1ab328,validation
874,mathur,B,1,B_orient1,3,2,mathur/B/orient1/tilt_back_neutral_2/landmarks_trimmed.json,21,21,18,"[0, 1, 2, 3, 4, 5, 7, 8, 9, 10, 11, 12, 14, 15, 16, 17, 18, 20]","[154.69999980926514, 318.40000009536743, 482.30000019073486, 649.5999999046326, 808.4000000953674, 973.0, 1297.5, 1457.4000000953674, 1622.3000001907349, 1784.1999998092651, 1949.9000000953674, 2112.4000000953674, 2272.800000190735, 2350.5, 2507.5, 2670.199999809265, 2830.300000190735, 3152.199999809265]",B,1,64c9797cf3c58d3a4e4c938f5b62ee74ff496ef2a342eefb29f154ba9f1f4dfa,train
875,mathur,B,1,B_orient1,3,1,mathur/B/orient1/tilt_back_toward_1/landmarks_trimmed.json,19,19,18,"[0, 1, 2, 3, 4, 5, 6, 7, 8, 9, 10, 11, 12, 13, 14, 15, 16, 18]","[159.59999990463257, 318.19999980926514, 475.90000009536743, 637.2999997138977, 797.4000000953674, 956.5, 1117.7999997138977, 1274.7999997138977, 1437.5999999046326, 1597.9000000953674, 1772.6999998092651, 1942.5999999046326, 2103.199999809265, 2265.4000000953674, 2423.7999997138977, 2581.699999809265, 2748.2999997138977, 3069.7999997138977]",B,1,267e20e25b0d9a4da66b9ffde02633dcac9be26d8b1e49b4a5c7b22270f7b82e,train
876,mathur,B,1,B_orient1,3,1,mathur/B/orient1/tilt_forward_away_1/landmarks_trimmed.json,19,19,18,"[0, 1, 2, 3, 4, 5, 6, 7, 8, 9, 10, 11, 12, 13, 14, 15, 16, 18]","[160.5, 315.0, 470.09999990463257, 631.3000001907349, 791.4000000953674, 950.0999999046326, 1116.5999999046326, 1280.0, 1433.5999999046326, 1598.0, 1756.7000002861023, 1913.7000002861023, 2070.800000190735, 2232.5999999046326, 2392.800000190735, 2548.5, 2705.4000000953674, 3030.2000002861023]",B,1,bc7729480de8885e24fde4a9eae77c8bcf46210c6762372ee5fdd45bad21ce77,validation
877,mathur,B,1,B_orient1,3,1,mathur/B/orient1/tilt_forward_neutral_1/landmarks_trimmed.json,20,20,18,"[0, 1, 2, 3, 4, 5, 6, 7, 8, 10, 11, 12, 13, 14, 15, 16, 17, 19]","[164.2999997138977, 329.09999990463257, 497.7999997138977, 656.1999998092651, 817.7999997138977, 972.4000000953674, 1136.1999998092651, 1298.5999999046326, 1380.4000000953674, 1699.2999997138977, 1857.0, 2022.2999997138977, 2180.199999809265, 2342.5, 2504.7999997138977, 2667.0999999046326, 2827.0, 3157.4000000953674]",B,1,1261542fc90d6c9ab851f34e07dce040d26f16ed829288850eb12ddb8695ce29,train
878,mathur,B,1,B_orient1,3,2,mathur/B/orient1/tilt_forward_neutral_2/landmarks_trimmed.json,22,22,18,"[0, 1, 2, 3, 4, 6, 7, 8, 9, 11, 12, 13, 14, 16, 17, 18, 19, 21]","[164.7999997138977, 320.09999990463257, 473.09999990463257, 554.0999999046326, 711.6999998092651, 867.8999996185303, 1027.6999998092651, 1190.8999996185303, 1266.7999997138977, 1582.5999999046326, 1741.6999998092651, 1822.2999997138977, 1970.0999999046326, 2287.3999996185303, 2445.0999999046326, 2599.5, 2766.7999997138977, 3078.199999809265]",B,1,6efb4edeb755915df420bb553a79096062e408b5935105b950eeaef5b307420e,test
879,mathur,B,1,B_orient1,3,1,mathur/B/orient1/tilt_forward_toward_1/landmarks_trimmed.json,20,20,18,"[0, 1, 2, 3, 4, 5, 6, 7, 8, 10, 11, 12, 13, 14, 15, 16, 17, 19]","[169.39999961853027, 328.5, 486.69999980926514, 644.8999996185303, 804.0999999046326, 966.5, 1124.8999996185303, 1283.0999999046326, 1362.0, 1595.0999999046326, 1760.1999998092651, 1918.5999999046326, 2078.199999809265, 2235.0999999046326, 2398.3999996185303, 2569.0999999046326, 2726.199999809265, 3047.2999997138977]",B,1,28233e8fe3acb8aae319f0c1e3ed325d42660ed10daa7c8aa3ad2360865a7132,train
880,mathur,B,1,B_orient1,3,1,mathur/B/orient1/tilt_neutral_away_1/landmarks_trimmed.json,21,21,18,"[0, 1, 2, 3, 4, 5, 7, 8, 9, 10, 11, 12, 14, 15, 16, 17, 18, 20]","[162.59999990463257, 322.09999990463257, 406.0, 568.4000000953674, 648.8000001907349, 808.3000001907349, 1129.7000002861023, 1287.2000002861023, 1448.8000001907349, 1531.0, 1690.9000000953674, 1850.5999999046326, 2176.2000002861023, 2333.5, 2493.7000002861023, 2653.2000002861023, 2812.5, 3131.0]",B,1,7cd302de093d02c7c6f93dd0ae023e1444adb70e01a496547367b974ce2297d9,train
881,mathur,B,1,B_orient1,3,1,mathur/B/orient1/tilt_neutral_neutral_1/landmarks_trimmed.json,19,19,18,"[0, 1, 2, 3, 4, 5, 6, 7, 8, 9, 10, 11, 12, 13, 14, 15, 16, 18]","[159.39999961853027, 318.19999980926514, 480.59999990463257, 639.7999997138977, 799.2999997138977, 959.1999998092651, 1115.1999998092651, 1280.8999996185303, 1444.8999996185303, 1605.1999998092651, 1763.6999998092651, 1928.1999998092651, 2089.0999999046326, 2257.8999996185303, 2418.0999999046326, 2581.5999999046326, 2742.699999809265, 3062.199999809265]",B,1,67a96917609d8edb075034442996dc75e85e87e72ffc10e904a7c0fa69e4eb08,train
882,mathur,B,1,B_orient1,3,2,mathur/B/orient1/tilt_neutral_neutral_2/landmarks_trimmed.json,19,19,18,"[0, 1, 2, 3, 4, 5, 6, 7, 8, 9, 10, 11, 12, 13, 14, 15, 16, 18]","[168.39999961853027, 335.5, 493.7999997138977, 654.5, 819.7999997138977, 982.7999997138977, 1144.8999996185303, 1308.5, 1474.0999999046326, 1631.6999998092651, 1790.8999996185303, 1953.1999998092651, 2112.3999996185303, 2275.2999997138977, 2437.5999999046326, 2600.3999996185303, 2761.0, 3079.0]",B,1,d613907c4b09fc92a7fc1e95551a0dab9b355618d4f598bae5beb1864abf1338,train
883,mathur,B,1,B_orient1,3,1,mathur/B/orient1/tilt_neutral_toward_1/landmarks_trimmed.json,19,19,18,"[0, 1, 2, 3, 4, 5, 6, 7, 8, 9, 10, 11, 12, 13, 14, 15, 16, 18]","[168.19999980926514, 331.3999996185303, 496.0, 654.7999997138977, 824.6999998092651, 987.2999997138977, 1148.5, 1312.1999998092651, 1468.1999998092651, 1630.3999996185303, 1790.5, 1953.0999999046326, 2119.2999997138977, 2280.199999809265, 2441.8999996185303, 2604.0, 2763.5999999046326, 3095.199999809265]",B,1,252f5b314bcd8445e57c352b9d47c3458241f203ff265717f771e4248a90a389,train
884,mathur,B,2,B_orient2,4,1,mathur/B/orient2/tilt_back_away_1/landmarks_trimmed.json,20,20,18,"[0, 1, 2, 3, 4, 5, 6, 7, 8, 10, 11, 12, 13, 14, 15, 16, 17, 19]","[166.0, 327.0, 490.8999996185303, 672.5, 829.7999997138977, 991.1999998092651, 1153.6999998092651, 1313.0999999046326, 1470.3999996185303, 1780.3999996185303, 1939.5999999046326, 2098.0, 2260.699999809265, 2340.0, 2491.7999997138977, 2645.0, 2794.0999999046326, 3033.699999809265]",B,1,2176d9805d8191817098f91bad8c14f9b40a45096b23c4ab99124ff2b123175c,train
885,mathur,B,2,B_orient2,4,1,mathur/B/orient2/tilt_back_neutral_1/landmarks_trimmed.json,21,21,18,"[0, 1, 2, 3, 4, 5, 7, 8, 9, 10, 11, 12, 14, 15, 16, 17, 18, 20]","[164.09999990463257, 323.7999997138977, 484.5, 647.2999997138977, 804.6999998092651, 969.3999996185303, 1212.5999999046326, 1368.5, 1444.6999998092651, 1605.0, 1768.8999996185303, 1926.3999996185303, 2250.5999999046326, 2403.5, 2564.7999997138977, 2727.2999997138977, 2885.5999999046326, 3132.199999809265]",B,1,44bfddaee294e526bbcaf9e5a0f8a4a89f1fe9d79df37234410bd01cffa8baaa,train
886,mathur,B,2,B_orient2,4,2,mathur/B/orient2/tilt_back_neutral_2/landmarks_trimmed.json,19,19,18,"[0, 1, 2, 3, 4, 5, 6, 7, 8, 9, 10, 11, 12, 13, 14, 15, 16, 18]","[168.7999997138977, 330.7999997138977, 493.0, 646.5, 810.7999997138977, 975.3999996185303, 1138.2999997138977, 1301.5999999046326, 1461.0, 1618.0, 1775.0999999046326, 1942.2999997138977, 2101.8999996185303, 2260.0, 2420.0, 2582.2999997138977, 2732.7999997138977, 3053.5]",B,1,3aa5cbfc475dfa5eab40ff3fd064af25d21d1b4caed1e2498b88d6620d1df932,train
887,mathur,B,2,B_orient2,4,1,mathur/B/orient2/tilt_back_toward_1/landmarks_trimmed.json,19,19,18,"[0, 1, 2, 3, 4, 5, 6, 7, 8, 9, 10, 11, 12, 13, 14, 15, 16, 18]","[159.69999980926514, 324.2999997138977, 478.59999990463257, 634.7999997138977, 794.7999997138977, 957.5, 1118.0999999046326, 1277.9000000953674, 1440.0, 1589.6999998092651, 1751.6999998092651, 1912.9000000953674, 2078.699999809265, 2239.0, 2398.9000000953674, 2551.9000000953674, 2710.7999997138977, 3033.699999809265]",B,1,26026501ec946eb4583dac98ad0d2fe6284e47fc7d5b017973855e39d90316fd,train
888,mathur,B,2,B_orient2,4,1,mathur/B/orient2/tilt_forward_away_1/landmarks_trimmed.json,21,21,18,"[0, 1, 2, 3, 4, 5, 7, 8, 9, 10, 11, 12, 14, 15, 16, 17, 18, 20]","[163.5, 325.0, 484.5, 650.7999997138977, 804.3999996185303, 965.0, 1206.0999999046326, 1290.0, 1454.3999996185303, 1609.6999998092651, 1768.0999999046326, 1930.1999998092651, 2254.2999997138977, 2416.0, 2576.199999809265, 2733.199999809265, 2893.699999809265, 3130.8999996185303]",B,1,b82c8c9382fa23872e62dbfd778c2109d565724ddf1c92f307e8416e37228931,train
889,mathur,B,2,B_orient2,4,1,mathur/B/orient2/tilt_forward_neutral_1/landmarks_trimmed.json,20,20,18,"[0, 1, 2, 3, 4, 5, 6, 7, 8, 10, 11, 12, 13, 14, 15, 16, 17, 19]","[171.90000009536743, 248.90000009536743, 407.2999997138977, 571.6999998092651, 738.5, 902.0999999046326, 1056.5999999046326, 1213.2999997138977, 1372.5999999046326, 1698.0, 1862.2999997138977, 2020.0999999046326, 2178.0, 2338.7999997138977, 2495.4000000953674, 2662.0, 2822.2999997138977, 3135.0999999046326]",B,1,99d4eeb289cdd6688cffd5a03bbc32c6ad9a4e044f2940fbe036021bf7fc23cb,validation
890,mathur,B,2,B_orient2,4,2,mathur/B/orient2/tilt_forward_neutral_2/landmarks_trimmed.json,19,19,18,"[0, 1, 2, 3, 4, 5, 6, 7, 8, 9, 10, 11, 12, 13, 14, 15, 16, 18]","[170.10000038146973, 328.40000009536743, 494.30000019073486, 651.0, 809.8000001907349, 968.9000000953674, 1129.2000002861023, 1292.5, 1453.7000002861023, 1608.5, 1773.0, 1928.7000002861023, 2089.7000002861023, 2250.9000000953674, 2411.9000000953674, 2576.300000190735, 2740.6000003814697, 3060.6000003814697]",B,1,56995f8e43191e03f8c9a0754c00c933dbb1c8d9f7ad8af1dbb46d41fdb7dca8,test
891,mathur,B,2,B_orient2,4,1,mathur/B/orient2/tilt_forward_toward_1/landmarks_trimmed.json,21,21,18,"[0, 1, 2, 3, 4, 5, 7, 8, 9, 10, 11, 12, 14, 15, 16, 17, 18, 20]","[157.0, 318.6000003814697, 475.2000002861023, 633.3000001907349, 793.1000003814697, 873.1000003814697, 1201.3000001907349, 1360.1000003814697, 1514.4000000953674, 1676.7000002861023, 1827.5, 1988.3000001907349, 2311.1000003814697, 2389.800000190735, 2474.300000190735, 2628.2000002861023, 2791.7000002861023, 3104.2000002861023]",B,1,d9e4086975ec818a0c72ad2c7237d0ad0bfaec4fd2517f65d5031ccb7302e9e9,train
892,mathur,B,2,B_orient2,4,1,mathur/B/orient2/tilt_neutral_away_1/landmarks_trimmed.json,20,20,18,"[0, 1, 2, 3, 4, 5, 6, 7, 8, 10, 11, 12, 13, 14, 15, 16, 17, 19]","[162.40000009536743, 322.7999997138977, 481.0, 639.6999998092651, 800.4000000953674, 953.0999999046326, 1112.2999997138977, 1272.5999999046326, 1435.0999999046326, 1756.4000000953674, 1833.6999998092651, 1989.0999999046326, 2156.199999809265, 2316.4000000953674, 2475.9000000953674, 2639.0999999046326, 2797.699999809265, 3034.4000000953674]",B,1,d7d7dfa6e9ed6c80add138ca08157b7706aeafe299f3bab1c2a1d9ef2b358eb4,train
893,mathur,B,2,B_orient2,4,2,mathur/B/orient2/tilt_neutral_neutral_2/landmarks_trimmed.json,20,20,18,"[0, 1, 2, 3, 4, 5, 6, 7, 8, 10, 11, 12, 13, 14, 15, 16, 17, 19]","[156.2999997138977, 311.5, 476.0, 636.5999999046326, 799.2999997138977, 961.2999997138977, 1122.5999999046326, 1202.5999999046326, 1352.2999997138977, 1679.0, 1837.1999998092651, 1997.7999997138977, 2160.0, 2242.0999999046326, 2397.0, 2551.199999809265, 2710.2999997138977, 3033.5]",B,1,30388b76cbc46d4f26a333b10d59704ddc125dab5758976ebbb1b2b250de01b2,train
894,mathur,B,2,B_orient2,4,1,mathur/B/orient2/tilt_neutral_toward_1/landmarks_trimmed.json,20,20,18,"[0, 1, 2, 3, 4, 5, 6, 7, 8, 10, 11, 12, 13, 14, 15, 16, 17, 19]","[157.09999990463257, 318.8999996185303, 479.3999996185303, 640.0999999046326, 803.6999998092651, 965.0999999046326, 1115.7999997138977, 1272.5, 1436.5, 1681.5, 1845.1999998092651, 2008.8999996185303, 2157.8999996185303, 2320.8999996185303, 2481.0, 2640.7999997138977, 2796.7999997138977, 3120.0]",B,1,a0fa3f9697b644cb5a94edab1ad9a24d15bb45a2cef6c7bc7156a580f4009d7e,train
895,mathur,C,1,C_orient1,5,1,mathur/C/orient1/tilt_back_away_1/landmarks_trimmed.json,20,20,18,"[0, 1, 2, 3, 4, 5, 6, 7, 8, 10, 11, 12, 13, 14, 15, 16, 17, 19]","[159.09999990463257, 311.0, 464.90000009536743, 618.8000001907349, 769.0, 923.2000002861023, 1077.5, 1230.0, 1386.2000002861023, 1691.7000002861023, 1844.9000000953674, 2000.0, 2149.0999999046326, 2303.2000002861023, 2458.5, 2608.7000002861023, 2762.9000000953674, 3072.5999999046326]",C,2,280471abbd08aff32b7d4d723fd624b2bb1aa52956dfc7696bb4d9ba145ea88d,train
896,mathur,C,1,C_orient1,5,1,mathur/C/orient1/tilt_back_neutral_1/landmarks_trimmed.json,20,20,18,"[0, 1, 2, 3, 4, 5, 6, 7, 8, 10, 11, 12, 13, 14, 15, 16, 17, 19]","[164.80000019073486, 320.30000019073486, 472.5, 627.0999999046326, 775.6999998092651, 855.0, 1007.6999998092651, 1162.5999999046326, 1321.0999999046326, 1625.5999999046326, 1781.4000000953674, 1932.3000001907349, 2086.0999999046326, 2240.4000000953674, 2391.5999999046326, 2540.800000190735, 2693.4000000953674, 3004.0]",C,2,dbc06093b58f57d95f491ef822fc130945d49da7ab2f326750f4c915f26dc849,train
897,mathur,C,1,C_orient1,5,2,mathur/C/orient1/tilt_back_neutral_2/landmarks_trimmed.json,21,21,18,"[0, 1, 2, 3, 4, 5, 7, 8, 9, 10, 11, 12, 14, 15, 16, 17, 18, 20]","[155.80000019073486, 304.1000003814697, 458.2000002861023, 611.7000002861023, 690.5, 845.3000001907349, 1147.8000001907349, 1224.0, 1372.0, 1522.7000002861023, 1676.9000000953674, 1828.8000001907349, 2129.9000000953674, 2282.1000003814697, 2435.2000002861023, 2596.4000000953674, 2754.9000000953674, 3085.0]",C,2,b2559f808a9e298ed13f66cafee6bbadb8fd896554390540323f9925262c37eb,test
898,mathur,C,1,C_orient1,5,1,mathur/C/orient1/tilt_back_toward_1/landmarks_trimmed.json,20,20,18,"[0, 1, 2, 3, 4, 5, 6, 7, 8, 10, 11, 12, 13, 14, 15, 16, 17, 19]","[157.69999980926514, 308.7999997138977, 461.09999990463257, 614.5, 766.0999999046326, 922.5999999046326, 1074.4000000953674, 1231.9000000953674, 1389.5, 1701.7999997138977, 1857.6999998092651, 2006.5999999046326, 2158.5999999046326, 2313.199999809265, 2464.7999997138977, 2619.199999809265, 2780.7999997138977, 3087.7999997138977]",C,2,79f09cd01c2a92209999913c0b649d6d3944c6ba5ff5711b1cc5087289dab7ce,train
899,mathur,C,1,C_orient1,5,1,mathur/C/orient1/tilt_forward_away_1/landmarks_trimmed.json,19,19,18,"[0, 1, 2, 3, 4, 5, 6, 7, 8, 9, 10, 11, 12, 13, 14, 15, 16, 18]","[156.7000002861023, 318.2000002861023, 475.0, 633.2000002861023, 796.0, 967.6000003814697, 1134.4000000953674, 1312.2000002861023, 1481.4000000953674, 1649.3000001907349, 1814.3000001907349, 1979.9000000953674, 2130.800000190735, 2299.7000002861023, 2458.5, 2630.1000003814697, 2790.4000000953674, 3115.6000003814697]",C,2,80abec4e2f5fd17c85b85d1c39f45441ff8456bfdeb4c7cf42501e4e79b09b34,validation
900,mathur,C,1,C_orient1,5,1,mathur/C/orient1/tilt_forward_neutral_1/landmarks_trimmed.json,22,22,18,"[0, 1, 2, 3, 4, 6, 7, 8, 9, 11, 12, 13, 14, 16, 17, 18, 19, 21]","[165.09999990463257, 307.0, 382.90000009536743, 459.59999990463257, 613.0, 919.5, 1070.2000002861023, 1223.5999999046326, 1373.3000001907349, 1605.2000002861023, 1682.0, 1833.7000002861023, 1985.8000001907349, 2297.0, 2446.5999999046326, 2598.9000000953674, 2749.0, 3053.2000002861023]",C,2,30d8e115a9f61410e8356e2d3fb51c6ddd775940d08d4a1ff89c75400939c617,train
901,mathur,C,1,C_orient1,5,2,mathur/C/orient1/tilt_forward_neutral_2/landmarks_trimmed.json,22,22,18,"[0, 1, 2, 3, 4, 6, 7, 8, 9, 11, 12, 13, 14, 16, 17, 18, 19, 21]","[147.69999980926514, 300.90000009536743, 452.59999990463257, 603.9000000953674, 759.4000000953674, 1056.5, 1206.9000000953674, 1285.5, 1360.2999997138977, 1666.4000000953674, 1821.4000000953674, 1894.5999999046326, 2046.5, 2350.5999999046326, 2507.5999999046326, 2672.4000000953674, 2840.4000000953674, 3160.4000000953674]",C,2,d32e7667e33429eccd5b20fdd7b56c194dc7d7e8ea062d44d21da80e7dc82d50,validation
902,mathur,C,1,C_orient1,5,1,mathur/C/orient1/tilt_forward_toward_1/landmarks_trimmed.json,20,20,18,"[0, 1, 2, 3, 4, 5, 6, 7, 8, 10, 11, 12, 13, 14, 15, 16, 17, 19]","[154.2000002861023, 305.2000002861023, 465.2000002861023, 628.8000001907349, 789.3000001907349, 942.3000001907349, 1093.5, 1246.5, 1397.8000001907349, 1698.7000002861023, 1851.8000001907349, 2009.7000002861023, 2160.5, 2314.7000002861023, 2471.9000000953674, 2623.0999999046326, 2768.7000002861023, 3075.0]",C,2,3df6a9166b9167ed489bc25994c4de62fda73eb878cf5ec3c726d7adcb75acc9,train
903,mathur,C,1,C_orient1,5,1,mathur/C/orient1/tilt_neutral_away_1/landmarks_trimmed.json,22,22,18,"[0, 1, 2, 3, 4, 6, 7, 8, 9, 11, 12, 13, 14, 16, 17, 18, 19, 21]","[158.5, 317.40000009536743, 470.09999990463257, 619.4000000953674, 774.0999999046326, 1080.6999998092651, 1154.4000000953674, 1304.7999997138977, 1458.6999998092651, 1689.5, 1846.0999999046326, 2000.0999999046326, 2152.7999997138977, 2455.0999999046326, 2606.2999997138977, 2759.0, 2919.199999809265, 3149.699999809265]",C,2,241ecd58d23fe0d67e7501f9fda402bd16d61975831ec5f207675a16c383d8e9,train
904,mathur,C,1,C_orient1,5,1,mathur/C/orient1/tilt_neutral_neutral_1/landmarks_trimmed.json,20,20,18,"[0, 1, 2, 3, 4, 5, 6, 7, 8, 10, 11, 12, 13, 14, 15, 16, 17, 19]","[158.80000019073486, 316.2000002861023, 467.59999990463257, 623.4000000953674, 780.9000000953674, 932.8000001907349, 1085.8000001907349, 1241.0999999046326, 1395.0999999046326, 1696.0999999046326, 1853.8000001907349, 2003.8000001907349, 2155.4000000953674, 2307.300000190735, 2462.2000002861023, 2612.5, 2768.9000000953674, 3075.300000190735]",C,2,6dee7bcda329d2b7215a1964c2dce69f9f1dcb0f74c7b4e7b9683d0f04d9f35f,train
905,mathur,C,1,C_orient1,5,2,mathur/C/orient1/tilt_neutral_neutral_2/landmarks_trimmed.json,21,21,18,"[0, 1, 2, 3, 4, 5, 7, 8, 9, 10, 11, 12, 14, 15, 16, 17, 18, 20]","[160.40000009536743, 309.7000002861023, 463.90000009536743, 612.7000002861023, 764.0, 920.7000002861023, 1227.5, 1378.4000000953674, 1457.7000002861023, 1532.0999999046326, 1687.0999999046326, 1838.9000000953674, 2148.800000190735, 2305.5, 2455.4000000953674, 2608.0, 2762.4000000953674, 3072.0]",C,2,c3594f25ccdf6d5bb826f3ac4b371a52841ddcaa943dc445cc9e368cebeca5d2,train
906,mathur,C,1,C_orient1,5,1,mathur/C/orient1/tilt_neutral_toward_1/landmarks_trimmed.json,20,20,18,"[0, 1, 2, 3, 4, 5, 6, 7, 8, 10, 11, 12, 13, 14, 15, 16, 17, 19]","[156.80000019073486, 305.5, 465.80000019073486, 620.9000000953674, 777.8000001907349, 936.0999999046326, 1103.0999999046326, 1269.0999999046326, 1425.7000002861023, 1739.0, 1895.2000002861023, 2057.0, 2133.7000002861023, 2286.7000002861023, 2445.4000000953674, 2602.300000190735, 2753.300000190735, 3059.4000000953674]",C,2,e2d37cb638dcfa22bbdc4df3b8ff4a4766359aae25859acbdda3c63e50595209,train
907,mathur,D,1,D_orient1,6,1,mathur/D/orient1/tilt_back_away_1/landmarks_trimmed.json,20,20,18,"[0, 1, 2, 3, 4, 5, 6, 7, 8, 10, 11, 12, 13, 14, 15, 16, 17, 19]","[155.5, 315.09999990463257, 484.2000002861023, 564.7000002861023, 723.9000000953674, 887.0, 1052.5, 1211.5999999046326, 1372.4000000953674, 1692.2000002861023, 1848.7000002861023, 2011.9000000953674, 2172.5, 2333.0, 2490.5, 2650.5, 2732.800000190735, 3056.2000002861023]",D,3,c2e1edd5675213e6f6f5cecd35be9517bb221aae73939234fb2e45fc0048fd36,train
908,mathur,D,1,D_orient1,6,1,mathur/D/orient1/tilt_back_neutral_1/landmarks_trimmed.json,19,19,18,"[0, 1, 2, 3, 4, 5, 6, 7, 8, 9, 10, 11, 12, 13, 14, 15, 16, 18]","[165.2999997138977, 329.09999990463257, 486.59999990463257, 647.7999997138977, 807.7999997138977, 968.0999999046326, 1124.7999997138977, 1292.0, 1454.5999999046326, 1616.0999999046326, 1772.5999999046326, 1935.1999998092651, 2097.4000000953674, 2260.199999809265, 2422.5, 2585.4000000953674, 2743.0, 3064.0999999046326]",D,3,536868a0833d9dc59453ac57183c993dd797d0218c9699be400a9eec9b798a95,validation
909,mathur,D,1,D_orient1,6,2,mathur/D/orient1/tilt_back_neutral_2/landmarks_trimmed.json,20,20,18,"[0, 1, 2, 3, 4, 5, 6, 7, 8, 10, 11, 12, 13, 14, 15, 16, 17, 19]","[177.80000019073486, 337.80000019073486, 487.30000019073486, 650.2000002861023, 732.3000001907349, 889.0, 1048.5, 1212.8000001907349, 1370.9000000953674, 1689.5, 1851.6000003814697, 2015.0, 2175.4000000953674, 2338.4000000953674, 2499.7000002861023, 2660.6000003814697, 2813.1000003814697, 3054.2000002861023]",D,3,eff9249f491eab75b5ccf7ae8a3c41a0c25b1af8278b46980d74c8ff28e686ca,train
910,mathur,D,1,D_orient1,6,1,mathur/D/orient1/tilt_back_toward_1/landmarks_trimmed.json,19,19,18,"[0, 1, 2, 3, 4, 5, 6, 7, 8, 9, 10, 11, 12, 13, 14, 15, 16, 18]","[157.19999980926514, 320.09999990463257, 483.69999980926514, 642.0, 806.7999997138977, 966.7999997138977, 1121.1999998092651, 1280.1999998092651, 1438.5, 1601.0, 1764.4000000953674, 1929.5999999046326, 2083.699999809265, 2240.9000000953674, 2402.7999997138977, 2562.5999999046326, 2722.4000000953674, 3041.5]",D,3,f6e4234341e3fec2398344680fea7dd198f3c3fff226b2565cf2712d2f72e813,train
911,mathur,D,1,D_orient1,6,1,mathur/D/orient1/tilt_forward_away_1/landmarks_trimmed.json,19,19,18,"[0, 1, 2, 3, 4, 5, 6, 7, 8, 9, 10, 11, 12, 13, 14, 15, 16, 18]","[166.09999990463257, 324.90000009536743, 485.5, 642.0999999046326, 798.7999997138977, 954.0, 1108.2999997138977, 1266.7999997138977, 1428.5999999046326, 1587.7999997138977, 1748.2999997138977, 1895.1999998092651, 2052.5999999046326, 2214.5999999046326, 2378.199999809265, 2540.699999809265, 2696.9000000953674, 3009.5]",D,3,549013ee04ec09bdca1ee3afa630c494a232f4fba425e29e7de9eb09a95df3b6,validation
912,mathur,D,1,D_orient1,6,1,mathur/D/orient1/tilt_forward_neutral_1/landmarks_trimmed.json,19,19,18,"[0, 1, 2, 3, 4, 5, 6, 7, 8, 9, 10, 11, 12, 13, 14, 15, 16, 18]","[168.7999997138977, 331.2999997138977, 493.09999990463257, 654.1999998092651, 812.8999996185303, 975.2999997138977, 1134.8999996185303, 1294.1999998092651, 1454.3999996185303, 1616.0999999046326, 1783.0, 1947.1999998092651, 2110.2999997138977, 2269.0999999046326, 2430.7999997138977, 2591.699999809265, 2751.0999999046326, 3070.699999809265]",D,3,8f0bf06aa13c21667e9e886effadf50ff824b00b50bba9b744d74d27c7c1b978,train
913,mathur,D,1,D_orient1,6,2,mathur/D/orient1/tilt_forward_neutral_2/landmarks_trimmed.json,21,21,18,"[0, 1, 2, 3, 4, 5, 7, 8, 9, 10, 11, 12, 14, 15, 16, 17, 18, 20]","[161.59999990463257, 319.59999990463257, 481.69999980926514, 640.0, 797.3000001907349, 955.3000001907349, 1196.3000001907349, 1354.1999998092651, 1513.9000000953674, 1674.5, 1757.5, 1917.8000001907349, 2156.300000190735, 2316.9000000953674, 2469.4000000953674, 2629.0, 2788.5, 3106.4000000953674]",D,3,bfc6e805b33568d5cc01e1b6af8189db5243de6e341281d1c7023ffb671a774d,train
914,mathur,D,1,D_orient1,6,1,mathur/D/orient1/tilt_forward_toward_1/landmarks_trimmed.json,18,18,18,"[0, 1, 2, 3, 4, 5, 6, 7, 8, 9, 10, 11, 12, 13, 14, 15, 16, 17]","[158.69999980926514, 320.0, 473.90000009536743, 635.5, 796.4000000953674, 954.1999998092651, 1117.9000000953674, 1277.0, 1437.8000001907349, 1592.5999999046326, 1754.3000001907349, 1917.9000000953674, 2084.9000000953674, 2247.5, 2404.300000190735, 2562.699999809265, 2639.800000190735, 2799.5999999046326]",D,3,8087455503c5ee506e248b1c19a8f515d8902376f0589a171e1c6c56d48fde87,train
915,mathur,D,1,D_orient1,6,1,mathur/D/orient1/tilt_neutral_away_1/landmarks_trimmed.json,20,20,18,"[0, 1, 2, 3, 4, 5, 6, 7, 8, 10, 11, 12, 13, 14, 15, 16, 17, 19]","[167.09999990463257, 327.19999980926514, 489.19999980926514, 649.2999997138977, 801.6999998092651, 961.8999996185303, 1123.7999997138977, 1289.5999999046326, 1452.6999998092651, 1692.0999999046326, 1844.6999998092651, 2008.1999998092651, 2172.199999809265, 2323.0999999046326, 2406.7999997138977, 2571.3999996185303, 2729.5999999046326, 3040.2999997138977]",D,3,7e09ebda37ec4c42b50bb35a61310a9ec4b489569431e1f82b371daa6ee05487,train
916,mathur,D,1,D_orient1,6,1,mathur/D/orient1/tilt_neutral_neutral_1/landmarks_trimmed.json,19,19,18,"[0, 1, 2, 3, 4, 5, 6, 7, 8, 9, 10, 11, 12, 13, 14, 15, 16, 18]","[160.0, 304.1000003814697, 457.7000002861023, 611.3000001907349, 771.9000000953674, 928.9000000953674, 1094.2000002861023, 1252.2000002861023, 1413.4000000953674, 1566.4000000953674, 1727.4000000953674, 1890.2000002861023, 2048.0, 2207.4000000953674, 2366.9000000953674, 2526.4000000953674, 2687.800000190735, 3007.300000190735]",D,3,de5d9c9cf8a84235556edf873e0df55c5975c24b34d100eb85e333da596fe09a,train
917,mathur,D,1,D_orient1,6,2,mathur/D/orient1/tilt_neutral_neutral_2/landmarks_trimmed.json,20,20,18,"[0, 1, 2, 3, 4, 5, 6, 7, 8, 10, 11, 12, 13, 14, 15, 16, 17, 19]","[193.40000009536743, 352.0, 507.90000009536743, 670.1999998092651, 752.2999997138977, 916.4000000953674, 1068.5, 1224.1999998092651, 1305.5999999046326, 1632.0999999046326, 1788.5, 1952.4000000953674, 2112.7999997138977, 2280.199999809265, 2442.699999809265, 2605.5999999046326, 2768.4000000953674, 3089.7999997138977]",D,3,4fb35e5d9b562220aeeb19b0592091a2bf1e1608e64873631388a6e936bb2697,test
918,mathur,D,1,D_orient1,6,1,mathur/D/orient1/tilt_neutral_toward_1/landmarks_trimmed.json,21,21,18,"[0, 1, 2, 3, 4, 5, 7, 8, 9, 10, 11, 12, 14, 15, 16, 17, 18, 20]","[160.7000002861023, 241.90000009536743, 399.7000002861023, 560.2000002861023, 718.8000001907349, 875.9000000953674, 1185.0, 1343.4000000953674, 1502.8000001907349, 1659.6000003814697, 1817.1000003814697, 1973.9000000953674, 2221.7000002861023, 2382.5, 2469.800000190735, 2630.2000002861023, 2784.5, 3099.2000002861023]",D,3,45ea77b8bcbe39d1363084ea8659832ef1ba9a11e917325ebc900e92cc444d0d,train
919,mathur,D,2,D_orient2,7,1,mathur/D/orient2/tilt_back_away_1/landmarks_trimmed.json,18,18,18,"[0, 1, 2, 3, 4, 5, 6, 7, 8, 9, 10, 11, 12, 13, 14, 15, 16, 17]","[177.90000009536743, 270.6000003814697, 454.90000009536743, 644.6000003814697, 823.9000000953674, 992.1000003814697, 1171.2000002861023, 1351.9000000953674, 1544.4000000953674, 1632.6000003814697, 1807.3000001907349, 1982.9000000953674, 2156.800000190735, 2343.800000190735, 2514.1000003814697, 2697.0, 2872.800000190735, 3066.7000002861023]",D,3,f98cec45807275a2e4a1d4d2f2702785bfef881a2ada606cccb06827746d8732,train
920,mathur,D,2,D_orient2,7,1,mathur/D/orient2/tilt_back_toward_1/landmarks_trimmed.json,18,18,18,"[0, 1, 2, 3, 4, 5, 6, 7, 8, 9, 10, 11, 12, 13, 14, 15, 16, 17]","[178.5, 369.09999990463257, 555.1999998092651, 745.1999998092651, 918.0999999046326, 1090.1999998092651, 1182.0999999046326, 1353.1999998092651, 1533.7999997138977, 1703.6999998092651, 1880.8999996185303, 2047.6999998092651, 2225.699999809265, 2416.199999809265, 2606.2999997138977, 2804.5999999046326, 2998.5, 3191.5]",D,3,9c2fee1087706ce32d85dd74127b6b7ac95be7d21d74ecf04cc2172cfb5d30e0,train
921,mathur,D,2,D_orient2,7,1,mathur/D/orient2/tilt_forward_away_1/landmarks_trimmed.json,18,18,18,"[0, 1, 2, 3, 4, 5, 6, 7, 8, 9, 10, 11, 12, 13, 14, 15, 16, 17]","[181.0, 370.09999990463257, 577.1999998092651, 764.7999997138977, 960.5, 1147.2999997138977, 1309.5, 1473.5999999046326, 1634.5999999046326, 1810.5999999046326, 1990.3999996185303, 2166.8999996185303, 2330.7999997138977, 2413.3999996185303, 2581.2999997138977, 2753.0, 2929.0999999046326, 3107.2999997138977]",D,3,b8981f2c96e6c1f567e81c44abb246f45ba8a8f2764583bde3a201db640ab165,test
922,mathur,D,2,D_orient2,7,1,mathur/D/orient2/tilt_forward_toward_1/landmarks_trimmed.json,18,18,18,"[0, 1, 2, 3, 4, 5, 6, 7, 8, 9, 10, 11, 12, 13, 14, 15, 16, 17]","[180.59999990463257, 352.59999990463257, 455.0, 548.5999999046326, 817.5, 1075.4000000953674, 1248.9000000953674, 1414.3000001907349, 1595.9000000953674, 1778.2000002861023, 1971.5999999046326, 2146.0, 2410.5, 2570.2000002861023, 2733.4000000953674, 2817.300000190735, 2995.0, 3164.0]",D,3,9024a2683d50f3beffd8989a3af73419c8d376543b480608963bc925044f860d,train
923,mathur,D,2,D_orient2,7,1,mathur/D/orient2/tilt_neutral_away_1/landmarks_trimmed.json,19,19,18,"[0, 1, 2, 3, 4, 5, 6, 7, 8, 9, 10, 11, 12, 13, 14, 15, 16, 18]","[176.90000009536743, 261.0, 433.40000009536743, 608.5999999046326, 800.5999999046326, 1006.9000000953674, 1204.8000001907349, 1383.5, 1462.1999998092651, 1630.1999998092651, 1797.4000000953674, 1968.8000001907349, 2142.0999999046326, 2318.0999999046326, 2406.0999999046326, 2580.5999999046326, 2758.0999999046326, 3102.800000190735]",D,3,c60e3d5d20c044183ade69c0bb3e01d2b80237f16ac82d085f7aed951da28755,validation
924,mathur,D,2,D_orient2,7,1,mathur/D/orient2/tilt_neutral_neutral_1/landmarks_trimmed.json,18,18,18,"[0, 1, 2, 3, 4, 5, 6, 7, 8, 9, 10, 11, 12, 13, 14, 15, 16, 17]","[186.40000009536743, 359.5, 533.2999997138977, 696.2999997138977, 859.0999999046326, 1028.2999997138977, 1205.0999999046326, 1372.5, 1550.5, 1726.6999998092651, 1914.7999997138977, 2094.0, 2259.4000000953674, 2432.7999997138977, 2614.0999999046326, 2793.0999999046326, 2967.5999999046326, 3141.699999809265]",D,3,4016499bb249058435a93ea95b7d5222db82fdef31ddcf5d777989f3947191fe,train
925,mathur,D,2,D_orient2,7,1,mathur/D/orient2/tilt_neutral_toward_1/landmarks_trimmed.json,18,18,18,"[0, 1, 2, 3, 4, 5, 6, 7, 8, 9, 10, 11, 12, 13, 14, 15, 16, 17]","[168.90000009536743, 348.40000009536743, 533.0, 716.0999999046326, 881.6999998092651, 1050.0999999046326, 1239.4000000953674, 1436.4000000953674, 1617.2999997138977, 1782.7999997138977, 1944.0, 2117.199999809265, 2293.199999809265, 2475.199999809265, 2570.699999809265, 2760.4000000953674, 2960.199999809265, 3126.0999999046326]",D,3,9bb7e63f7edd991148e55252abaf027e32716dd8336d21acab218f9372138ca9,train
926,mathur,E,1,E_orient1,8,1,mathur/E/orient1/tilt_back_away_1/landmarks_trimmed.json,18,18,18,"[0, 1, 2, 3, 4, 5, 6, 7, 8, 9, 10, 11, 12, 13, 14, 15, 16, 17]","[192.59999990463257, 370.19999980926514, 551.1999998092651, 743.0999999046326, 829.0, 1013.5, 1182.5, 1355.7999997138977, 1526.7999997138977, 1705.4000000953674, 1875.0999999046326, 2044.4000000953674, 2208.199999809265, 2369.5999999046326, 2540.7999997138977, 2718.0999999046326, 2904.699999809265, 3095.0999999046326]",E,4,d01830bc5dc883f31574ccab9234f8f6dfeee852598d43d103536602b8ec7aaa,train
927,mathur,E,1,E_orient1,8,1,mathur/E/orient1/tilt_forward_neutral_1/landmarks_trimmed.json,18,18,18,"[0, 1, 2, 3, 4, 5, 6, 7, 8, 9, 10, 11, 12, 13, 14, 15, 16, 17]","[176.69999980926514, 364.8999996185303, 540.5, 712.1999998092651, 903.0999999046326, 1084.0999999046326, 1255.5999999046326, 1435.2999997138977, 1593.6999998092651, 1763.2999997138977, 1847.1999998092651, 2018.0999999046326, 2190.0, 2366.8999996185303, 2552.2999997138977, 2728.699999809265, 2897.199999809265, 3076.2999997138977]",E,4,dccc7d1889ccc8ff1d6de52efedda1dda02cbf66ae2178a9f5c03c5f1ff41ed1,train
928,mathur,E,1,E_orient1,8,1,mathur/E/orient1/tilt_forward_toward_1/landmarks_trimmed.json,20,20,18,"[0, 1, 2, 3, 4, 5, 6, 7, 8, 10, 11, 12, 13, 14, 15, 16, 17, 19]","[172.19999980926514, 253.19999980926514, 422.30000019073486, 597.0, 683.4000000953674, 858.0999999046326, 1032.0, 1120.9000000953674, 1288.0999999046326, 1629.5, 1808.0, 1975.8000001907349, 2143.800000190735, 2322.4000000953674, 2501.800000190735, 2594.5999999046326, 2770.5, 3023.199999809265]",E,4,ddf9a856f24938e43e3407fe87ec56bde3d0ed26284a743806085d01fa4c1368,validation
929,mathur,E,1,E_orient1,8,2,mathur/E/orient1/tilt_neutral_neutral_2/landmarks_trimmed.json,18,18,18,"[0, 1, 2, 3, 4, 5, 6, 7, 8, 9, 10, 11, 12, 13, 14, 15, 16, 17]","[219.90000009536743, 309.09999990463257, 491.7000002861023, 683.5999999046326, 871.8000001907349, 1049.7000002861023, 1240.5, 1427.7000002861023, 1594.7000002861023, 1694.0, 1893.0999999046326, 2084.9000000953674, 2187.0, 2380.5, 2567.300000190735, 2773.5999999046326, 2966.5, 3162.0999999046326]",E,4,7e4a223924720b7a78b5e197bdd50346901b473d91a4fbcdabeb162a9e903102,train
930,mathur,E,2,E_orient2,9,1,mathur/E/orient2/tilt_back_neutral_1/landmarks_trimmed.json,18,18,18,"[0, 1, 2, 3, 4, 5, 6, 7, 8, 9, 10, 11, 12, 13, 14, 15, 16, 17]","[195.5, 390.30000019073486, 576.0, 740.5, 917.1999998092651, 1098.0, 1269.0, 1444.6999998092651, 1623.0, 1783.9000000953674, 1952.5, 2122.5, 2298.0, 2385.5999999046326, 2565.0999999046326, 2738.199999809265, 2915.0, 3089.300000190735]",E,4,83f36eda65b05f41e5116e85bd6a9d33ab01fcf97e620afb361c621c53102dff,train
931,mathur,E,2,E_orient2,9,2,mathur/E/orient2/tilt_neutral_neutral_2/landmarks_trimmed.json,18,18,18,"[0, 1, 2, 3, 4, 5, 6, 7, 8, 9, 10, 11, 12, 13, 14, 15, 16, 17]","[177.2000002861023, 353.2000002861023, 516.8000001907349, 681.0, 847.2000002861023, 1012.5999999046326, 1180.9000000953674, 1349.0999999046326, 1520.4000000953674, 1692.0999999046326, 1872.3000001907349, 2048.0999999046326, 2235.0, 2421.4000000953674, 2596.0999999046326, 2787.7000002861023, 2984.5999999046326, 3171.2000002861023]",E,4,7d9978cfec63c7383e19b848c30af1f0a2d14d75f104fca41d4a49e4bfa126b4,test
932,mathur,E,2,E_orient2,9,1,mathur/E/orient2/tilt_neutral_toward_1/landmarks_trimmed.json,18,18,18,"[0, 1, 2, 3, 4, 5, 6, 7, 8, 9, 10, 11, 12, 13, 14, 15, 16, 17]","[201.2999997138977, 382.69999980926514, 553.7999997138977, 744.0999999046326, 823.1999998092651, 983.2999997138977, 1156.5, 1343.1999998092651, 1511.5999999046326, 1675.7999997138977, 1847.5, 2008.5999999046326, 2175.0999999046326, 2347.0999999046326, 2520.4000000953674, 2700.2999997138977, 2872.699999809265, 3040.0999999046326]",E,4,5e7ea2ca71c95d81e67962ed867ecc1ec06a0f96eb77b9db93a237f154820135,train
933,mathur,E,3,E_orient3,10,2,mathur/E/orient3/tilt_back_neutral_2/landmarks_trimmed.json,18,18,18,"[0, 1, 2, 3, 4, 5, 6, 7, 8, 9, 10, 11, 12, 13, 14, 15, 16, 17]","[189.59999990463257, 355.7999997138977, 530.6999998092651, 708.1999998092651, 876.6999998092651, 1044.9000000953674, 1222.2999997138977, 1397.9000000953674, 1570.5, 1759.5, 1947.4000000953674, 2111.0, 2274.699999809265, 2364.7999997138977, 2554.7999997138977, 2739.4000000953674, 2937.5999999046326, 3120.5999999046326]",E,4,a257f5a7db2241e225af978569fca62a3fd9c83fbbb707817446306035493aeb,train
934,mathur,E,3,E_orient3,10,1,mathur/E/orient3/tilt_back_toward_1/landmarks_trimmed.json,18,18,18,"[0, 1, 2, 3, 4, 5, 6, 7, 8, 9, 10, 11, 12, 13, 14, 15, 16, 17]","[171.0, 343.40000009536743, 513.0, 682.4000000953674, 850.9000000953674, 1023.3000001907349, 1191.9000000953674, 1363.1999998092651, 1529.0999999046326, 1695.8000001907349, 1864.1999998092651, 2033.9000000953674, 2218.199999809265, 2416.800000190735, 2602.199999809265, 2778.9000000953674, 2966.9000000953674, 3152.5999999046326]",E,4,fb3accf0fb0ff7c11601f7e3d338c6978a3edcfe80bfb29989b075a09c5da3ec,train
935,mathur,F,1,F_orient1,11,1,mathur/F/orient1/tilt_neutral_away_1/landmarks_trimmed.json,18,18,18,"[0, 1, 2, 3, 4, 5, 6, 7, 8, 9, 10, 11, 12, 13, 14, 15, 16, 17]","[190.2000002861023, 360.59999990463257, 521.0999999046326, 699.7000002861023, 865.0, 958.5999999046326, 1046.2000002861023, 1235.5999999046326, 1424.7000002861023, 1601.9000000953674, 1788.5, 1966.0, 2138.800000190735, 2318.800000190735, 2511.5, 2696.4000000953674, 2878.5, 3061.4000000953674]",F,5,d5456edcef32cd55b368ed8d2ff959343050168b9f3c74e32a03a83c5a7e3899,train
936,mathur,F,1,F_orient1,11,2,mathur/F/orient1/tilt_neutral_neutral_2/landmarks_trimmed.json,18,18,18,"[0, 1, 2, 3, 4, 5, 6, 7, 8, 9, 10, 11, 12, 13, 14, 15, 16, 17]","[180.0, 368.19999980926514, 558.1999998092651, 746.0999999046326, 839.1999998092651, 1004.5, 1174.8000001907349, 1357.5, 1537.5999999046326, 1743.3000001907349, 1916.3000001907349, 2085.0, 2252.4000000953674, 2420.0, 2511.699999809265, 2702.4000000953674, 2878.699999809265, 3044.4000000953674]",F,5,b06fa26826be91b2547dd03a70b14c069e9176b2aa82e216a57914951135b628,test
937,mathur,F,2,F_orient2,12,2,mathur/F/orient2/tilt_back_neutral_2/landmarks_trimmed.json,18,18,18,"[0, 1, 2, 3, 4, 5, 6, 7, 8, 9, 10, 11, 12, 13, 14, 15, 16, 17]","[179.5, 363.30000019073486, 548.0, 742.3000001907349, 931.7000002861023, 1135.0, 1234.5, 1424.4000000953674, 1587.3000001907349, 1760.2000002861023, 1923.2000002861023, 2090.5, 2261.0999999046326, 2441.5999999046326, 2526.0999999046326, 2700.300000190735, 2867.7000002861023, 3029.0]",F,5,ab1d8662677df154afe930c3545408e7985adf65b9d7cc0528b9fb0005f943ac,train
938,mathur,F,2,F_orient2,12,1,mathur/F/orient2/tilt_back_toward_1/landmarks_trimmed.json,19,19,18,"[0, 1, 2, 3, 4, 5, 6, 7, 8, 9, 10, 11, 12, 13, 14, 15, 16, 18]","[187.2999997138977, 364.5, 548.2999997138977, 646.1999998092651, 835.5, 933.7999997138977, 1130.2999997138977, 1312.0999999046326, 1393.5, 1562.5, 1725.0, 1895.5, 2068.7999997138977, 2229.0999999046326, 2403.5999999046326, 2574.8999996185303, 2754.0, 3090.199999809265]",F,5,0ec327e1cb7998cfd2ba0fd011e6338e2f505fc749bd1e299f9556e89506f640,train
939,mathur,F,2,F_orient2,12,1,mathur/F/orient2/tilt_forward_neutral_1/landmarks_trimmed.json,18,18,18,"[0, 1, 2, 3, 4, 5, 6, 7, 8, 9, 10, 11, 12, 13, 14, 15, 16, 17]","[195.7999997138977, 384.09999990463257, 574.0, 750.4000000953674, 931.5, 1106.5, 1283.0999999046326, 1465.7999997138977, 1655.4000000953674, 1845.6999998092651, 2010.5999999046326, 2178.4000000953674, 2337.199999809265, 2502.5999999046326, 2671.0, 2754.9000000953674, 2920.699999809265, 3093.0]",F,5,437e1493e1570c6dfcf70b7831fbb60b122831d82d2158935f3aeff464779efd,validation
940,mathur,F,2,F_orient2,12,2,mathur/F/orient2/tilt_forward_neutral_2/landmarks_trimmed.json,18,18,18,"[0, 1, 2, 3, 4, 5, 6, 7, 8, 9, 10, 11, 12, 13, 14, 15, 16, 17]","[182.09999990463257, 345.5, 506.90000009536743, 675.0, 840.5999999046326, 1014.4000000953674, 1189.5999999046326, 1368.5999999046326, 1534.2999997138977, 1697.1999998092651, 1867.6999998092651, 2036.0999999046326, 2218.699999809265, 2407.2999997138977, 2588.4000000953674, 2772.2999997138977, 2965.9000000953674, 3126.0999999046326]",F,5,c0aa13cb11b0e7ac3ed220d1b22b5ce844c067815f10fabc8ebd761825b5b523,train
941,mathur,G,1,G_orient1,13,1,mathur/G/orient1/tilt_back_away_1/landmarks_trimmed.json,18,18,18,"[0, 1, 2, 3, 4, 5, 6, 7, 8, 9, 10, 11, 12, 13, 14, 15, 16, 17]","[197.2000002861023, 388.1000003814697, 562.6000003814697, 737.8000001907349, 910.1000003814697, 1092.5, 1290.9000000953674, 1491.4000000953674, 1682.2000002861023, 1871.7000002861023, 1954.8000001907349, 2043.2000002861023, 2208.7000002861023, 2389.0, 2579.9000000953674, 2768.1000003814697, 2956.300000190735, 3151.6000003814697]",G,6,ab0b36d578b26d4062b713eaba1eb65ed3fb0ee89eb6a0e3dbc1f7df6c6c9cb1,train
942,mathur,G,1,G_orient1,13,2,mathur/G/orient1/tilt_back_neutral_2/landmarks_trimmed.json,18,18,18,"[0, 1, 2, 3, 4, 5, 6, 7, 8, 9, 10, 11, 12, 13, 14, 15, 16, 17]","[175.90000009536743, 338.59999990463257, 424.0, 587.1999998092651, 753.6999998092651, 921.5999999046326, 1093.1999998092651, 1270.1999998092651, 1461.9000000953674, 1667.0999999046326, 1852.0, 2021.4000000953674, 2190.4000000953674, 2371.199999809265, 2550.9000000953674, 2730.2999997138977, 2922.5999999046326, 3117.2999997138977]",G,6,aa04e7aaa2cafbaefaa56d750042c68b7ebaffd458e8cfd348ff73c1747eb4d6,train
943,mathur,G,1,G_orient1,13,1,mathur/G/orient1/tilt_back_toward_1/landmarks_trimmed.json,18,18,18,"[0, 1, 2, 3, 4, 5, 6, 7, 8, 9, 10, 11, 12, 13, 14, 15, 16, 17]","[195.39999961853027, 395.19999980926514, 591.1999998092651, 796.6999998092651, 974.7999997138977, 1139.0999999046326, 1301.7999997138977, 1485.0, 1654.0999999046326, 1742.8999996185303, 1907.0, 2073.2999997138977, 2250.5, 2418.2999997138977, 2589.2999997138977, 2759.2999997138977, 2938.0999999046326, 3119.3999996185303]",G,6,8dd247edd7a5f46494adcfd9b51138b0790693e11b0aefddfa4b814ec3dd08b2,test
944,mathur,G,1,G_orient1,13,1,mathur/G/orient1/tilt_neutral_away_1/landmarks_trimmed.json,18,18,18,"[0, 1, 2, 3, 4, 5, 6, 7, 8, 9, 10, 11, 12, 13, 14, 15, 16, 17]","[184.0, 371.19999980926514, 555.2999997138977, 744.6999998092651, 934.6999998092651, 1115.2999997138977, 1194.6999998092651, 1350.0, 1509.1999998092651, 1676.5, 1850.1999998092651, 2018.0, 2186.2999997138977, 2363.3999996185303, 2545.5, 2718.0, 2902.699999809265, 3094.5]",G,6,72c35d91e1091fe2c3a348ae2c7275aa35d728e1129e2a151eff87ed83d0e952,train
945,mathur,G,1,G_orient1,13,2,mathur/G/orient1/tilt_neutral_neutral_2/landmarks_trimmed.json,19,19,18,"[0, 1, 2, 3, 4, 5, 6, 7, 8, 9, 10, 11, 12, 13, 14, 15, 16, 18]","[181.40000009536743, 353.90000009536743, 537.5, 720.7000002861023, 908.6000003814697, 1072.7000002861023, 1244.3000001907349, 1410.4000000953674, 1575.3000001907349, 1657.4000000953674, 1829.9000000953674, 2000.5, 2171.800000190735, 2344.300000190735, 2512.7000002861023, 2598.1000003814697, 2787.0, 3153.1000003814697]",G,6,0fc56c435165ebd7c925ff7529a4686b3572ae8a400d4a290108844855a2636f,validation
946,mathur,I,1,I_orient1,14,2,mathur/I/orient1/tilt_neutral_neutral_2/landmarks_trimmed.json,18,18,18,"[0, 1, 2, 3, 4, 5, 6, 7, 8, 9, 10, 11, 12, 13, 14, 15, 16, 17]","[172.90000009536743, 363.59999990463257, 547.3000001907349, 742.0, 932.9000000953674, 1119.0, 1302.8000001907349, 1495.3000001907349, 1668.4000000953674, 1758.7000002861023, 1927.5999999046326, 2100.2000002861023, 2275.300000190735, 2454.0999999046326, 2620.300000190735, 2793.7000002861023, 2962.800000190735, 3143.9000000953674]",I,7,e2de638d1099f9ff252acfb666d3be32d0d4e06ea4b4de288eb44bace77b7744,train
947,mathur,I,3,I_orient3,16,1,mathur/I/orient3/tilt_neutral_toward_1/landmarks_trimmed.json,18,18,18,"[0, 1, 2, 3, 4, 5, 6, 7, 8, 9, 10, 11, 12, 13, 14, 15, 16, 17]","[172.2999997138977, 344.2999997138977, 506.09999990463257, 682.5999999046326, 859.1999998092651, 1035.5999999046326, 1208.0, 1373.0999999046326, 1541.5999999046326, 1713.1999998092651, 1878.8999996185303, 2049.199999809265, 2222.5, 2403.2999997138977, 2568.699999809265, 2750.5999999046326, 2843.3999996185303, 3026.699999809265]",I,7,cb1e5c3ace2f1134610109547294c89b65d35379381d943e9768189cec6c3221,train
948,mathur,K,1,K_orient1,17,1,mathur/K/orient1/tilt_back_away_1/landmarks_trimmed.json,20,20,18,"[0, 1, 2, 3, 4, 5, 6, 7, 8, 10, 11, 12, 13, 14, 15, 16, 17, 19]","[160.90000009536743, 324.19999980926514, 490.59999990463257, 654.1999998092651, 820.5, 982.9000000953674, 1145.4000000953674, 1313.0, 1473.0, 1803.1999998092651, 1967.5, 2131.199999809265, 2216.199999809265, 2381.0, 2550.699999809265, 2718.0999999046326, 2889.4000000953674, 3131.5999999046326]",K,8,f35360e7266cbb21fbb6c4d4baf463c7407779680f89ee63f34d70995c719b26,test
949,mathur,K,1,K_orient1,17,1,mathur/K/orient1/tilt_back_neutral_1/landmarks_trimmed.json,19,19,18,"[0, 1, 2, 3, 4, 5, 6, 7, 8, 9, 10, 11, 12, 13, 14, 15, 16, 18]","[161.40000009536743, 326.09999990463257, 483.5, 645.0, 803.5999999046326, 961.9000000953674, 1122.5, 1283.5, 1446.5999999046326, 1596.5, 1757.8000001907349, 1921.9000000953674, 2079.0999999046326, 2243.300000190735, 2405.5, 2561.2000002861023, 2723.0999999046326, 3052.5999999046326]",K,8,a86f8f4c94724a81d9a31aec04c9c5f6e339c74b82c474763ea0506bbcb3eac7,validation
950,mathur,K,1,K_orient1,17,2,mathur/K/orient1/tilt_back_neutral_2/landmarks_trimmed.json,20,20,18,"[0, 1, 2, 3, 4, 5, 6, 7, 8, 10, 11, 12, 13, 14, 15, 16, 17, 19]","[169.59999990463257, 340.09999990463257, 502.09999990463257, 659.5999999046326, 742.0, 907.0, 1072.4000000953674, 1234.3000001907349, 1401.2000002861023, 1727.8000001907349, 1808.5999999046326, 1971.2000002861023, 2133.5999999046326, 2300.800000190735, 2458.5, 2621.2000002861023, 2783.9000000953674, 3026.5]",K,8,2d6d4edfb410f1bbd52935453e73d97be454775abf3db795d7e4a35982f5036b,train
951,mathur,K,1,K_orient1,17,1,mathur/K/orient1/tilt_back_toward_1/landmarks_trimmed.json,20,20,18,"[0, 1, 2, 3, 4, 5, 6, 7, 8, 10, 11, 12, 13, 14, 15, 16, 17, 19]","[159.90000009536743, 326.0, 493.5, 671.0, 854.0999999046326, 1021.4000000953674, 1181.9000000953674, 1350.9000000953674, 1531.9000000953674, 1837.4000000953674, 1910.5999999046326, 2067.4000000953674, 2141.5, 2303.5, 2493.9000000953674, 2669.699999809265, 2837.5, 3079.699999809265]",K,8,e3ed7ec5b8965b8c88f331afd4824146e322cfc2f78af04e73d724816afb4adc,train
952,mathur,K,1,K_orient1,17,1,mathur/K/orient1/tilt_forward_away_1/landmarks_trimmed.json,21,21,18,"[0, 1, 2, 3, 4, 5, 7, 8, 9, 10, 11, 12, 14, 15, 16, 17, 18, 20]","[158.69999980926514, 317.8999996185303, 471.3999996185303, 635.5, 792.7999997138977, 947.0, 1263.5999999046326, 1347.0, 1508.5, 1673.0999999046326, 1754.0999999046326, 1837.5999999046326, 2147.699999809265, 2309.8999996185303, 2471.0, 2633.0999999046326, 2797.5999999046326, 3117.2999997138977]",K,8,f90156d82af32df3aaccd73d8516da970ba5e81303cb0b6c63e6d40a16c5ab0c,train
953,mathur,K,1,K_orient1,17,1,mathur/K/orient1/tilt_forward_neutral_1/landmarks_trimmed.json,20,20,18,"[0, 1, 2, 3, 4, 5, 6, 7, 8, 10, 11, 12, 13, 14, 15, 16, 17, 19]","[152.2000002861023, 303.90000009536743, 457.30000019073486, 603.5999999046326, 762.9000000953674, 930.4000000953674, 1098.7000002861023, 1185.0, 1335.0, 1652.9000000953674, 1816.2000002861023, 1986.0999999046326, 2147.2000002861023, 2307.2000002861023, 2473.5, 2633.7000002861023, 2808.7000002861023, 3132.0999999046326]",K,8,dce1595cf3bfb8a128c27c20ad77379bba3e713914a2e8f6eb8b3d56e5330dad,train
954,mathur,K,1,K_orient1,17,2,mathur/K/orient1/tilt_forward_neutral_2/landmarks_trimmed.json,19,19,18,"[0, 1, 2, 3, 4, 5, 6, 7, 8, 9, 10, 11, 12, 13, 14, 15, 16, 18]","[163.90000009536743, 331.7999997138977, 491.40000009536743, 654.5, 815.0, 976.5999999046326, 1141.0999999046326, 1301.0, 1465.0999999046326, 1629.0, 1786.7999997138977, 1950.1999998092651, 2111.5, 2274.0999999046326, 2433.9000000953674, 2598.9000000953674, 2770.5, 3085.7999997138977]",K,8,f7ff90c355d5d7065eadf5acb25ac67c0e85e02dca9c6d6b3b14c0969ef82db2,train
955,mathur,K,1,K_orient1,17,1,mathur/K/orient1/tilt_forward_toward_1/landmarks_trimmed.json,19,19,18,"[0, 1, 2, 3, 4, 5, 6, 7, 8, 9, 10, 11, 12, 13, 14, 15, 16, 18]","[160.80000019073486, 325.2000002861023, 483.5, 645.4000000953674, 809.0999999046326, 964.4000000953674, 1124.3000001907349, 1282.3000001907349, 1443.3000001907349, 1601.7000002861023, 1761.0999999046326, 1922.5, 2074.0, 2235.2000002861023, 2403.4000000953674, 2565.2000002861023, 2725.9000000953674, 3041.9000000953674]",K,8,5b5cef5ae75f9482e6cb4d048a814f212da4400f42e9f293a4acc95536905800,train
956,mathur,K,1,K_orient1,17,1,mathur/K/orient1/tilt_neutral_away_1/landmarks_trimmed.json,18,18,18,"[0, 1, 2, 3, 4, 5, 6, 7, 8, 9, 10, 11, 12, 13, 14, 15, 16, 17]","[169.60000038146973, 372.40000009536743, 572.3000001907349, 770.3000001907349, 931.2000002861023, 1107.6000003814697, 1277.1000003814697, 1430.1000003814697, 1588.9000000953674, 1749.1000003814697, 1913.6000003814697, 1994.8000001907349, 2164.800000190735, 2327.800000190735, 2491.300000190735, 2667.0, 2837.1000003814697, 3000.5]",K,8,b59cc6b815e57932de49e3bcea6d2aba95c3b96d698d4638e05f218ce80c212f,train
957,mathur,K,1,K_orient1,17,1,mathur/K/orient1/tilt_neutral_neutral_1/landmarks_trimmed.json,19,19,18,"[0, 1, 2, 3, 4, 5, 6, 7, 8, 9, 10, 11, 12, 13, 14, 15, 16, 18]","[162.7000002861023, 323.0, 480.30000019073486, 640.9000000953674, 799.5, 965.0, 1124.7000002861023, 1279.3000001907349, 1438.8000001907349, 1600.4000000953674, 1766.5, 1929.8000001907349, 2086.5999999046326, 2244.2000002861023, 2406.300000190735, 2569.300000190735, 2732.4000000953674, 3048.300000190735]",K,8,134715f9d3ed4b220bf6ab6cb884517df9e5d962d279137b9fa6c61e5356f42d,train
958,mathur,K,1,K_orient1,17,2,mathur/K/orient1/tilt_neutral_neutral_2/landmarks_trimmed.json,19,19,18,"[0, 1, 2, 3, 4, 5, 6, 7, 8, 9, 10, 11, 12, 13, 14, 15, 16, 18]","[178.90000009536743, 367.09999990463257, 550.4000000953674, 724.1999998092651, 928.3000001907349, 1078.5, 1240.0, 1421.0, 1595.1999998092651, 1798.0, 1945.5, 2097.5, 2179.0999999046326, 2343.9000000953674, 2502.9000000953674, 2663.300000190735, 2825.0999999046326, 3146.9000000953674]",K,8,e3faa0217165835eccce85db1242dd482f37ecca8077643bf4c31b3910da7ed5,train
959,mathur,K,1,K_orient1,17,1,mathur/K/orient1/tilt_neutral_toward_1/landmarks_trimmed.json,19,19,18,"[0, 1, 2, 3, 4, 5, 6, 7, 8, 9, 10, 11, 12, 13, 14, 15, 16, 18]","[164.80000019073486, 321.30000019073486, 477.0, 636.0, 792.4000000953674, 948.0999999046326, 1114.2000002861023, 1273.4000000953674, 1433.8000001907349, 1591.7000002861023, 1750.8000001907349, 1913.9000000953674, 2072.0, 2235.5, 2398.0999999046326, 2559.4000000953674, 2705.7000002861023, 3028.4000000953674]",K,8,296b040e24baa568bd034bead9c5d24cac63c9e40bdce95b025023f5bc3d623c,validation
960,mathur,K,2,K_orient2,18,1,mathur/K/orient2/tilt_back_away_1/landmarks_trimmed.json,19,19,18,"[0, 1, 2, 3, 4, 5, 6, 7, 8, 9, 10, 11, 12, 13, 14, 15, 16, 18]","[170.2999997138977, 331.7999997138977, 491.90000009536743, 656.0999999046326, 808.4000000953674, 968.4000000953674, 1133.4000000953674, 1296.5999999046326, 1481.1999998092651, 1656.9000000953674, 1826.1999998092651, 1962.2999997138977, 2112.0999999046326, 2271.199999809265, 2429.0, 2593.9000000953674, 2743.0999999046326, 3053.4000000953674]",K,8,ad0588e1d972a4862a999bef603fc8c1cfde091f56a0505e53b80906bc96ac57,train
961,mathur,K,2,K_orient2,18,1,mathur/K/orient2/tilt_back_neutral_1/landmarks_trimmed.json,19,19,18,"[0, 1, 2, 3, 4, 5, 6, 7, 8, 9, 10, 11, 12, 13, 14, 15, 16, 18]","[162.69999980926514, 327.90000009536743, 497.0, 661.5999999046326, 824.0, 985.1999998092651, 1148.8000001907349, 1312.3000001907349, 1503.4000000953674, 1653.3000001907349, 1812.9000000953674, 1976.6999998092651, 2131.0, 2297.9000000953674, 2462.9000000953674, 2626.300000190735, 2786.800000190735, 3111.9000000953674]",K,8,cd1cbf411901ec30babfbe794845d6c6842d50a70f01258ecaee4e9e742e1dae,validation
962,mathur,K,2,K_orient2,18,2,mathur/K/orient2/tilt_back_neutral_2/landmarks_trimmed.json,20,20,18,"[0, 1, 2, 3, 4, 5, 6, 7, 8, 10, 11, 12, 13, 14, 15, 16, 17, 19]","[169.0, 336.69999980926514, 498.19999980926514, 583.0999999046326, 745.3999996185303, 906.8999996185303, 1071.5, 1238.3999996185303, 1397.2999997138977, 1635.0999999046326, 1797.8999996185303, 1962.0, 2126.5, 2289.5, 2446.2999997138977, 2600.5, 2767.699999809265, 3007.8999996185303]",K,8,8b607370431a990ecaa9292d56a0526f8748988e1d0197fbc68f354937d155d7,train
963,mathur,K,2,K_orient2,18,1,mathur/K/orient2/tilt_back_toward_1/landmarks_trimmed.json,20,20,18,"[0, 1, 2, 3, 4, 5, 6, 7, 8, 10, 11, 12, 13, 14, 15, 16, 17, 19]","[165.2000002861023, 329.2000002861023, 489.40000009536743, 650.2000002861023, 811.7000002861023, 976.2000002861023, 1135.5, 1299.0, 1465.9000000953674, 1784.0, 1947.7000002861023, 2106.4000000953674, 2266.5999999046326, 2428.0, 2593.300000190735, 2751.2000002861023, 2916.800000190735, 3150.300000190735]",K,8,cdc805e39b0758a3084d619f1141b433e3ba571615351ce12296e1e15d7ae995,train
964,mathur,K,2,K_orient2,18,1,mathur/K/orient2/tilt_forward_away_1/landmarks_trimmed.json,19,19,18,"[0, 1, 2, 3, 4, 5, 6, 7, 8, 9, 10, 11, 12, 13, 14, 15, 16, 18]","[164.39999961853027, 243.7999997138977, 405.8999996185303, 575.1999998092651, 740.3999996185303, 906.1999998092651, 1066.5999999046326, 1228.0999999046326, 1389.5999999046326, 1552.5, 1712.1999998092651, 1875.0999999046326, 2042.3999996185303, 2202.199999809265, 2367.0, 2524.8999996185303, 2688.0999999046326, 3025.5]",K,8,64d032550da501b9be2a09b79b5709c140b3622779004e8035720ca95ce497d7,validation
965,mathur,K,2,K_orient2,18,1,mathur/K/orient2/tilt_forward_neutral_1/landmarks_trimmed.json,20,20,18,"[0, 1, 2, 3, 4, 5, 6, 7, 8, 10, 11, 12, 13, 14, 15, 16, 17, 19]","[157.40000009536743, 238.09999990463257, 408.30000019073486, 570.5, 719.0999999046326, 880.1999998092651, 1040.0999999046326, 1202.9000000953674, 1368.1999998092651, 1688.0999999046326, 1851.3000001907349, 2015.0, 2172.5999999046326, 2337.300000190735, 2504.5999999046326, 2664.5, 2828.4000000953674, 3152.5999999046326]",K,8,cd71a3bbac9d71b8cbfec781dee344d6779b0ba42d4118993dfd514dc7234ea5,test
966,mathur,K,2,K_orient2,18,2,mathur/K/orient2/tilt_forward_neutral_2/landmarks_trimmed.json,19,19,18,"[0, 1, 2, 3, 4, 5, 6, 7, 8, 9, 10, 11, 12, 13, 14, 15, 16, 18]","[154.09999990463257, 319.2999997138977, 480.2999997138977, 646.7999997138977, 806.0, 969.0, 1122.0999999046326, 1288.0, 1450.5, 1612.7999997138977, 1786.4000000953674, 1969.2999997138977, 2133.4000000953674, 2288.199999809265, 2461.4000000953674, 2650.9000000953674, 2823.199999809265, 3158.4000000953674]",K,8,d4e18c95f1597436a35297c194a72c9892550cd17ef359167b7a84b798e79b22,train
967,mathur,K,2,K_orient2,18,1,mathur/K/orient2/tilt_forward_toward_1/landmarks_trimmed.json,20,20,18,"[0, 1, 2, 3, 4, 5, 6, 7, 8, 10, 11, 12, 13, 14, 15, 16, 17, 19]","[169.30000019073486, 336.80000019073486, 506.09999990463257, 670.3000001907349, 833.5, 1000.0, 1071.7000002861023, 1234.0999999046326, 1396.8000001907349, 1720.5, 1880.4000000953674, 2044.9000000953674, 2195.9000000953674, 2277.800000190735, 2437.4000000953674, 2520.7000002861023, 2685.7000002861023, 3010.4000000953674]",K,8,27a35e051509f755055a448e4a8d8d5d06e56e0652e2099d8cf1d01aac305760,train
968,mathur,K,2,K_orient2,18,1,mathur/K/orient2/tilt_neutral_away_1/landmarks_trimmed.json,20,20,18,"[0, 1, 2, 3, 4, 5, 6, 7, 8, 10, 11, 12, 13, 14, 15, 16, 17, 19]","[168.5, 328.5, 491.0, 574.6999998092651, 739.8999996185303, 904.7999997138977, 1069.5, 1235.0999999046326, 1394.1999998092651, 1728.6999998092651, 1892.7999997138977, 2054.2999997138977, 2221.5999999046326, 2381.3999996185303, 2541.5999999046326, 2706.0, 2792.0, 3112.2999997138977]",K,8,6221e28be17c485ed94539a35ede0afe3eb1e32e8b4da997af665fd64c8c41b9,train
969,mathur,K,2,K_orient2,18,1,mathur/K/orient2/tilt_neutral_neutral_1/landmarks_trimmed.json,19,19,18,"[0, 1, 2, 3, 4, 5, 6, 7, 8, 9, 10, 11, 12, 13, 14, 15, 16, 18]","[187.2000002861023, 364.7000002861023, 534.2000002861023, 711.4000000953674, 875.5, 1039.3000001907349, 1203.3000001907349, 1369.9000000953674, 1449.5, 1611.5999999046326, 1778.0999999046326, 1952.3000001907349, 2122.5999999046326, 2294.800000190735, 2454.2000002861023, 2628.7000002861023, 2788.9000000953674, 3116.0]",K,8,add9c94fb67969ec8e53feddcab86d317cc917adf8f1c13abcca06b4d0f7b99e,train
970,mathur,K,2,K_orient2,18,2,mathur/K/orient2/tilt_neutral_neutral_2/landmarks_trimmed.json,19,19,18,"[0, 1, 2, 3, 4, 5, 6, 7, 8, 9, 10, 11, 12, 13, 14, 15, 16, 18]","[164.7999997138977, 327.8999996185303, 493.69999980926514, 572.1999998092651, 736.8999996185303, 897.5, 1060.1999998092651, 1222.3999996185303, 1381.6999998092651, 1548.3999996185303, 1712.7999997138977, 1875.6999998092651, 2041.7999997138977, 2207.3999996185303, 2372.2999997138977, 2536.699999809265, 2699.7999997138977, 3025.199999809265]",K,8,89f36539bc1aa681a34bb9d487f7688f5dcd3e0ab7d2df8e25ce461ead1e59d0,test
971,mathur,K,2,K_orient2,18,1,mathur/K/orient2/tilt_neutral_toward_1/landmarks_trimmed.json,20,20,18,"[0, 1, 2, 3, 4, 5, 6, 7, 8, 10, 11, 12, 13, 14, 15, 16, 17, 19]","[170.09999990463257, 326.59999990463257, 485.90000009536743, 647.5999999046326, 807.2000002861023, 969.8000001907349, 1132.2000002861023, 1294.0, 1456.0999999046326, 1785.9000000953674, 1947.8000001907349, 2102.5999999046326, 2255.9000000953674, 2399.7000002861023, 2551.7000002861023, 2625.5999999046326, 2776.4000000953674, 3102.9000000953674]",K,8,8deb0c5df85e3e480b8dad118de1d7a99b1b07f2ce2c7bd7e9ce912e3a169470,train
972,mathur,L,1,L_orient1,19,1,mathur/L/orient1/tilt_back_away_1/landmarks_trimmed.json,19,19,18,"[0, 1, 2, 3, 4, 5, 6, 7, 8, 9, 10, 11, 12, 13, 14, 15, 16, 18]","[160.40000009536743, 318.7000002861023, 397.5, 558.0999999046326, 719.4000000953674, 876.8000001907349, 1040.5, 1201.7000002861023, 1530.9000000953674, 1698.0999999046326, 1856.4000000953674, 2014.7000002861023, 2175.5999999046326, 2338.300000190735, 2502.5999999046326, 2666.300000190735, 2830.9000000953674, 3155.300000190735]",L,9,f1b1537d1d694eea3c9011ed2dd4cb4b86608168428bdc139a8f8071b32a9d1b,train
973,mathur,L,1,L_orient1,19,1,mathur/L/orient1/tilt_back_neutral_1/landmarks_trimmed.json,20,20,18,"[0, 1, 2, 3, 4, 5, 6, 7, 8, 10, 11, 12, 13, 14, 15, 16, 17, 19]","[162.5, 327.09999990463257, 489.5, 649.5, 728.5, 892.5, 1053.9000000953674, 1215.4000000953674, 1379.0999999046326, 1703.9000000953674, 1870.2999997138977, 2032.0999999046326, 2270.5, 2435.699999809265, 2519.699999809265, 2679.9000000953674, 2763.0, 3089.0999999046326]",L,9,8b1b11f846d6f62bde4fa3b0cbad4f37ab664df7f79b9720fa913b5a44fbe608,train
974,mathur,L,1,L_orient1,19,2,mathur/L/orient1/tilt_back_neutral_2/landmarks_trimmed.json,20,20,18,"[0, 1, 2, 3, 4, 5, 6, 7, 8, 10, 11, 12, 13, 14, 15, 16, 17, 19]","[154.40000009536743, 307.0, 463.2000002861023, 624.5, 781.1000003814697, 941.5, 1098.7000002861023, 1259.0, 1408.9000000953674, 1729.9000000953674, 1879.7000002861023, 2034.1000003814697, 2190.7000002861023, 2340.1000003814697, 2496.7000002861023, 2662.4000000953674, 2821.5, 3148.4000000953674]",L,9,b6cc76cc5f8bd363b5186598d749b31d2ceacdfa55a8a85d47645178f38a2e6c,test
975,mathur,L,1,L_orient1,19,1,mathur/L/orient1/tilt_back_toward_1/landmarks_trimmed.json,21,21,18,"[0, 1, 2, 3, 4, 5, 7, 8, 9, 10, 11, 12, 14, 15, 16, 17, 18, 20]","[154.80000019073486, 308.59999990463257, 468.19999980926514, 544.9000000953674, 700.5999999046326, 858.0, 1161.9000000953674, 1314.9000000953674, 1394.8000001907349, 1551.4000000953674, 1707.9000000953674, 1860.0999999046326, 2171.5999999046326, 2324.9000000953674, 2482.9000000953674, 2636.5, 2791.4000000953674, 3108.4000000953674]",L,9,2aff4dde22e0084fb02938e5f74720ef55dd601673410881345c6bcf9b8fe08c,train
976,mathur,L,1,L_orient1,19,1,mathur/L/orient1/tilt_forward_away_1/landmarks_trimmed.json,18,18,18,"[0, 1, 2, 3, 4, 5, 6, 7, 8, 9, 10, 11, 12, 13, 14, 15, 16, 17]","[165.30000019073486, 327.09999990463257, 492.5, 654.2000002861023, 812.9000000953674, 974.3000001907349, 1139.7000002861023, 1298.5999999046326, 1467.0, 1782.2000002861023, 1945.9000000953674, 2108.9000000953674, 2270.9000000953674, 2429.7000002861023, 2596.5999999046326, 2751.4000000953674, 2916.0, 3076.5999999046326]",L,9,de5cbc6be1789d2351d93307b90678a6bd2038be51bd18a55a064d6813ff185b,train
977,mathur,L,1,L_orient1,19,1,mathur/L/orient1/tilt_forward_neutral_1/landmarks_trimmed.json,19,19,18,"[0, 1, 2, 3, 4, 5, 6, 7, 8, 9, 10, 11, 12, 13, 14, 15, 16, 18]","[155.0, 320.7999997138977, 483.2999997138977, 638.5999999046326, 798.5999999046326, 961.7999997138977, 1124.4000000953674, 1284.7999997138977, 1441.5999999046326, 1606.6999998092651, 1769.6999998092651, 1933.0, 2093.5999999046326, 2256.2999997138977, 2417.5999999046326, 2576.4000000953674, 2742.0999999046326, 3068.699999809265]",L,9,172e19ec8b4c507dbe325db5b824cb7e81a91c8fd1e11bff7d123fcfbd52c5a3,train
978,mathur,L,1,L_orient1,19,1,mathur/L/orient1/tilt_forward_toward_1/landmarks_trimmed.json,20,20,18,"[0, 1, 2, 3, 4, 5, 6, 7, 8, 10, 11, 12, 13, 14, 15, 16, 17, 19]","[172.30000019073486, 338.40000009536743, 503.09999990463257, 670.0, 818.8000001907349, 978.7000002861023, 1139.3000001907349, 1301.3000001907349, 1460.8000001907349, 1777.5999999046326, 1935.7000002861023, 2097.2000002861023, 2258.300000190735, 2338.5999999046326, 2497.0999999046326, 2658.9000000953674, 2816.0, 3139.2000002861023]",L,9,cb423e07df128b6fcebec2a904c37fac5fed4f49141dc0ce3c557d0bc2fc7233,train
979,mathur,L,1,L_orient1,19,1,mathur/L/orient1/tilt_neutral_away_1/landmarks_trimmed.json,19,19,18,"[0, 1, 2, 3, 4, 5, 6, 7, 8, 9, 10, 11, 12, 13, 14, 15, 16, 18]","[168.0, 331.30000019073486, 492.1000003814697, 646.1000003814697, 806.6000003814697, 970.2000002861023, 1130.1000003814697, 1295.8000001907349, 1453.0, 1609.5, 1769.5, 1931.0, 2093.2000002861023, 2256.2000002861023, 2420.5, 2581.2000002861023, 2732.300000190735, 3058.800000190735]",L,9,62f21054ab86716fb29870dfe4881269bed8069347502fda90a737105186e922,train
980,mathur,L,1,L_orient1,19,1,mathur/L/orient1/tilt_neutral_neutral_1/landmarks_trimmed.json,19,19,18,"[0, 1, 2, 3, 4, 5, 6, 7, 8, 9, 10, 11, 12, 13, 14, 15, 16, 18]","[169.19999980926514, 333.5, 498.8999996185303, 658.7999997138977, 819.0999999046326, 972.6999998092651, 1132.6999998092651, 1298.0999999046326, 1463.8999996185303, 1624.1999998092651, 1784.0, 1937.3999996185303, 2098.2999997138977, 2258.0999999046326, 2423.8999996185303, 2586.699999809265, 2750.2999997138977, 3066.2999997138977]",L,9,d9eb1c1974d14fbfdb553f002399be3d05a919d459e07bfd8bd18607e916d0d4,test
981,mathur,L,1,L_orient1,19,2,mathur/L/orient1/tilt_neutral_neutral_2/landmarks_trimmed.json,20,20,18,"[0, 1, 2, 3, 4, 5, 6, 7, 8, 10, 11, 12, 13, 14, 15, 16, 17, 19]","[162.2000002861023, 329.1000003814697, 413.7000002861023, 574.1000003814697, 736.9000000953674, 902.9000000953674, 1056.2000002861023, 1220.0, 1387.7000002861023, 1704.3000001907349, 1866.0, 2024.9000000953674, 2098.0, 2260.9000000953674, 2422.300000190735, 2590.0, 2748.9000000953674, 3072.7000002861023]",L,9,0488fc92488a05b86ee78e0ad51fdcb0f1d1120d8593e631a7ee68faa51fc333,train
982,mathur,L,1,L_orient1,19,1,mathur/L/orient1/tilt_neutral_toward_1/landmarks_trimmed.json,19,19,18,"[0, 1, 2, 3, 4, 5, 6, 7, 8, 9, 10, 11, 12, 13, 14, 15, 16, 18]","[160.2999997138977, 319.69999980926514, 478.7999997138977, 636.1999998092651, 794.7999997138977, 955.0999999046326, 1117.1999998092651, 1276.1999998092651, 1433.1999998092651, 1598.1999998092651, 1763.4000000953674, 1929.9000000953674, 2094.699999809265, 2254.5, 2409.199999809265, 2570.2999997138977, 2732.7999997138977, 3055.9000000953674]",L,9,2609119c6eaa93518e399a56cab40d7494d453f0a53ee5015fac8879c6f2eff2,train
983,mathur,L,2,L_orient2,20,1,mathur/L/orient2/tilt_back_away_1/landmarks_trimmed.json,19,19,18,"[0, 1, 2, 3, 4, 5, 6, 7, 8, 9, 10, 11, 12, 13, 14, 15, 16, 18]","[167.59999990463257, 325.90000009536743, 487.09999990463257, 651.3000001907349, 817.1999998092651, 982.9000000953674, 1146.1999998092651, 1305.9000000953674, 1458.5999999046326, 1622.6999998092651, 1784.3000001907349, 1949.1999998092651, 2111.0999999046326, 2190.4000000953674, 2354.699999809265, 2513.699999809265, 2670.5999999046326, 3002.0]",L,9,4bf5ce31ff1c33b649757dedf8cf5ee8fafbedbe577e406d6951e60643dbcd76,train
984,mathur,L,2,L_orient2,20,1,mathur/L/orient2/tilt_back_neutral_1/landmarks_trimmed.json,21,21,18,"[0, 1, 2, 3, 4, 5, 7, 8, 9, 10, 11, 12, 14, 15, 16, 17, 18, 20]","[160.7000002861023, 319.5, 477.09999990463257, 640.3000001907349, 800.3000001907349, 964.3000001907349, 1288.5, 1443.5, 1597.7000002861023, 1759.8000001907349, 1921.5, 2080.800000190735, 2318.5999999046326, 2391.0999999046326, 2469.800000190735, 2631.800000190735, 2789.9000000953674, 3034.5999999046326]",L,9,fb0997cf1167e0fb7ef80343326b805cc237cd55a2f198ce71d1ed4d404a7317,train
985,mathur,L,2,L_orient2,20,2,mathur/L/orient2/tilt_back_neutral_2/landmarks_trimmed.json,19,19,18,"[0, 1, 2, 3, 4, 5, 6, 7, 8, 9, 10, 11, 12, 13, 14, 15, 16, 18]","[163.90000009536743, 314.6000003814697, 475.30000019073486, 634.5, 794.0, 958.4000000953674, 1120.2000002861023, 1266.4000000953674, 1432.5, 1594.2000002861023, 1755.4000000953674, 1917.0, 2079.5, 2234.4000000953674, 2394.0, 2560.1000003814697, 2718.5, 3039.800000190735]",L,9,ec1621d9391e0b0a5edba761bac7e9004ef2f952b2b979f033f1b929d8e65809,validation
986,mathur,L,2,L_orient2,20,1,mathur/L/orient2/tilt_back_toward_1/landmarks_trimmed.json,20,20,18,"[0, 1, 2, 3, 4, 5, 6, 7, 8, 10, 11, 12, 13, 14, 15, 16, 17, 19]","[169.90000009536743, 334.1000003814697, 491.2000002861023, 649.3000001907349, 797.9000000953674, 954.3000001907349, 1033.8000001907349, 1194.0, 1354.5, 1672.6000003814697, 1825.2000002861023, 1987.8000001907349, 2149.2000002861023, 2312.1000003814697, 2475.0, 2636.0, 2794.0, 3106.5]",L,9,baa6d91d63a44630c9f1d7bcd6a895cb597ff91702038860b80f5e4b0da941e6,train
987,mathur,L,2,L_orient2,20,1,mathur/L/orient2/tilt_neutral_away_1/landmarks_trimmed.json,20,20,18,"[0, 1, 2, 3, 4, 5, 6, 7, 8, 10, 11, 12, 13, 14, 15, 16, 17, 19]","[161.40000009536743, 313.30000019073486, 480.90000009536743, 641.4000000953674, 804.8000001907349, 965.0, 1130.3000001907349, 1285.4000000953674, 1448.2000002861023, 1764.8000001907349, 1925.8000001907349, 2005.9000000953674, 2167.6000003814697, 2319.4000000953674, 2481.800000190735, 2644.6000003814697, 2800.0, 3123.1000003814697]",L,9,3e38432ffbe5fd1808d7af9a297447d5bb14af5ed3dd990fc3cfeffa5ae27722,train
988,mathur,L,2,L_orient2,20,1,mathur/L/orient2/tilt_neutral_neutral_1/landmarks_trimmed.json,22,22,18,"[0, 1, 2, 3, 4, 6, 7, 8, 9, 11, 12, 13, 14, 16, 17, 18, 19, 21]","[147.2999997138977, 285.2999997138977, 424.5, 564.7999997138977, 709.5, 989.6999998092651, 1131.3999996185303, 1273.5, 1416.0, 1698.2999997138977, 1841.1999998092651, 1983.5999999046326, 2124.0999999046326, 2402.5999999046326, 2545.2999997138977, 2681.2999997138977, 2823.7999997138977, 3106.7999997138977]",L,9,6af09b8646acc4a1f7f5c6603ff5c388627c8272c354518a1f587eaa6f38e35f,train
989,mathur,L,2,L_orient2,20,2,mathur/L/orient2/tilt_neutral_neutral_2/landmarks_trimmed.json,18,18,18,"[0, 1, 2, 3, 4, 5, 6, 7, 8, 9, 10, 11, 12, 13, 14, 15, 16, 17]","[165.40000009536743, 329.0, 506.90000009536743, 816.0999999046326, 981.2000002861023, 1141.3000001907349, 1303.0999999046326, 1469.7000002861023, 1633.5, 1795.4000000953674, 1961.5999999046326, 2125.7000002861023, 2286.9000000953674, 2450.300000190735, 2613.7000002861023, 2693.4000000953674, 2854.5999999046326, 3013.7000002861023]",L,9,affe41164e0c9a94fda9ea1dcdaae24d89211c670d64afcfdcde1dba88605dfa,train
990,mathur,L,2,L_orient2,20,1,mathur/L/orient2/tilt_neutral_toward_1/landmarks_trimmed.json,20,20,18,"[0, 1, 2, 3, 4, 5, 6, 7, 8, 10, 11, 12, 13, 14, 15, 16, 17, 19]","[158.2000002861023, 314.90000009536743, 485.2000002861023, 642.5, 816.0, 992.8000001907349, 1171.3000001907349, 1313.7000002861023, 1455.4000000953674, 1736.3000001907349, 1873.8000001907349, 2021.4000000953674, 2164.7000002861023, 2309.4000000953674, 2451.9000000953674, 2592.5999999046326, 2760.2000002861023, 3073.7000002861023]",L,9,a883b6b5e105265ac736af5c0a6f57624f019d635583b7cc544c8b66abbb2208,train
991,mathur,L,3,L_orient3,21,1,mathur/L/orient3/tilt_back_away_1/landmarks_trimmed.json,19,19,18,"[0, 1, 2, 3, 4, 5, 6, 7, 8, 9, 10, 11, 12, 13, 14, 15, 16, 18]","[166.19999980926514, 330.59999990463257, 489.59999990463257, 652.4000000953674, 809.7999997138977, 973.0, 1136.6999998092651, 1299.9000000953674, 1461.5, 1624.0, 1789.1999998092651, 1952.1999998092651, 2115.0999999046326, 2277.4000000953674, 2358.0999999046326, 2519.0999999046326, 2684.0999999046326, 3015.5]",L,9,d2621bac841199ed2ed01d2c3943f6ad4cd71bffeecfcbb180af38d162ff7b60,train
992,mathur,L,3,L_orient3,21,1,mathur/L/orient3/tilt_back_neutral_1/landmarks_trimmed.json,20,20,18,"[0, 1, 2, 3, 4, 5, 6, 7, 8, 10, 11, 12, 13, 14, 15, 16, 17, 19]","[176.69999980926514, 342.40000009536743, 504.2999997138977, 664.0, 829.0999999046326, 994.4000000953674, 1161.5999999046326, 1330.2999997138977, 1491.0999999046326, 1816.4000000953674, 1979.0, 2057.699999809265, 2222.2999997138977, 2299.2999997138977, 2383.2999997138977, 2546.4000000953674, 2707.0, 3029.9000000953674]",L,9,f409fbbf993f8e934d604c2f4710f56c3abe868732e849e6be64005b997c22fa,train
993,mathur,L,3,L_orient3,21,2,mathur/L/orient3/tilt_back_neutral_2/landmarks_trimmed.json,20,20,18,"[0, 1, 2, 3, 4, 5, 6, 7, 8, 10, 11, 12, 13, 14, 15, 16, 17, 19]","[173.19999980926514, 331.0, 499.0, 578.0, 736.5, 902.6999998092651, 1063.9000000953674, 1228.4000000953674, 1392.5, 1627.6999998092651, 1802.3000001907349, 1965.1999998092651, 2124.0999999046326, 2282.5999999046326, 2365.300000190735, 2530.300000190735, 2690.800000190735, 3018.800000190735]",L,9,ee2936e52142939d16b82ff9adfe223028dc5fc788a79fa681f8294b52c98cda,validation
994,mathur,L,3,L_orient3,21,1,mathur/L/orient3/tilt_back_toward_1/landmarks_trimmed.json,19,19,18,"[0, 1, 2, 3, 4, 5, 6, 7, 8, 9, 10, 11, 12, 13, 14, 15, 16, 18]","[162.19999980926514, 325.40000009536743, 492.40000009536743, 650.5, 811.9000000953674, 974.2999997138977, 1139.0999999046326, 1300.5, 1463.0, 1625.6999998092651, 1791.0999999046326, 1956.0, 2116.699999809265, 2277.7999997138977, 2444.4000000953674, 2606.4000000953674, 2767.4000000953674, 3089.0]",L,9,942f0760f140cffc399a1ec149f5587927928abd59a1cffa2358755bb042204d,validation
995,mathur,L,3,L_orient3,21,1,mathur/L/orient3/tilt_neutral_away_1/landmarks_trimmed.json,21,21,18,"[0, 1, 2, 3, 4, 5, 7, 8, 9, 10, 11, 12, 14, 15, 16, 17, 18, 20]","[162.19999980926514, 326.69999980926514, 490.5, 652.5, 811.8999996185303, 976.6999998092651, 1299.3999996185303, 1460.5999999046326, 1545.2999997138977, 1708.5, 1791.5999999046326, 1950.6999998092651, 2200.7999997138977, 2362.2999997138977, 2519.5999999046326, 2687.5999999046326, 2848.699999809265, 3008.5]",L,9,5f1b72a202809436b86b79d94e7d22391b5e0316cb0d597b59b80760cb9e8d12,validation
996,mathur,L,3,L_orient3,21,1,mathur/L/orient3/tilt_neutral_neutral_1/landmarks_trimmed.json,19,19,18,"[0, 1, 2, 3, 4, 5, 6, 7, 8, 9, 10, 11, 12, 13, 14, 15, 16, 18]","[164.19999980926514, 330.5, 496.59999990463257, 660.5999999046326, 821.5999999046326, 984.4000000953674, 1151.4000000953674, 1305.9000000953674, 1469.0, 1628.9000000953674, 1790.5999999046326, 1953.8000001907349, 2124.5999999046326, 2288.800000190735, 2367.0999999046326, 2525.9000000953674, 2690.0, 3019.5999999046326]",L,9,cc5469c10901755dbce507caf88243e235ebd5b26d72c0dc8d4f436aec96d828,test
997,mathur,L,3,L_orient3,21,2,mathur/L/orient3/tilt_neutral_neutral_2/landmarks_trimmed.json,19,19,18,"[0, 1, 2, 3, 4, 5, 6, 7, 8, 9, 10, 11, 12, 13, 14, 15, 16, 18]","[168.89999961853027, 333.7999997138977, 498.69999980926514, 669.8999996185303, 831.5, 994.5, 1155.3999996185303, 1319.5999999046326, 1480.0, 1639.5, 1803.1999998092651, 1961.0999999046326, 2121.7999997138977, 2287.0999999046326, 2451.8999996185303, 2616.0999999046326, 2778.2999997138977, 3025.5999999046326]",L,9,fcc8ec00bb2b36dfe868557d80d4b432d7d74b2f035ee4090e412cb1e239ceee,train
998,mathur,L,3,L_orient3,21,1,mathur/L/orient3/tilt_neutral_toward_1/landmarks_trimmed.json,19,19,18,"[0, 1, 2, 3, 4, 5, 6, 7, 8, 9, 10, 11, 12, 13, 14, 15, 16, 18]","[180.0, 348.0, 502.80000019073486, 670.7000002861023, 830.4000000953674, 991.0, 1149.7000002861023, 1309.9000000953674, 1394.0, 1553.0999999046326, 1715.2000002861023, 1878.8000001907349, 2044.5999999046326, 2213.300000190735, 2374.9000000953674, 2540.5999999046326, 2700.0999999046326, 3044.300000190735]",L,9,b49765b5899a8ddc5e188ca0db42e6a56b8ec846b0c0ce29b3bccc9153bd938e,train
999,mathur,M,1,M_orient1,22,1,mathur/M/orient1/tilt_back_neutral_1/landmarks_trimmed.json,18,18,18,"[0, 1, 2, 3, 4, 5, 6, 7, 8, 9, 10, 11, 12, 13, 14, 15, 16, 17]","[200.19999980926514, 391.5, 480.69999980926514, 670.1999998092651, 850.4000000953674, 1019.4000000953674, 1199.0999999046326, 1362.8000001907349, 1530.5, 1699.6999998092651, 1873.5999999046326, 2051.300000190735, 2226.699999809265, 2418.800000190735, 2607.300000190735, 2787.5, 2983.5, 3171.300000190735]",M,10,6c00ee4f14a08032c8ee0c8a61f40a21d37c91b3144d704653aacf856007c4b1,train
1000,mathur,M,1,M_orient1,22,2,mathur/M/orient1/tilt_forward_neutral_2/landmarks_trimmed.json,18,18,18,"[0, 1, 2, 3, 4, 5, 6, 7, 8, 9, 10, 11, 12, 13, 14, 15, 16, 17]","[191.89999961853027, 291.09999990463257, 478.2999997138977, 658.6999998092651, 839.0999999046326, 1023.2999997138977, 1212.3999996185303, 1398.1999998092651, 1592.3999996185303, 1782.0, 1981.5999999046326, 2165.3999996185303, 2358.8999996185303, 2531.5999999046326, 2618.0, 2795.5, 2988.0, 3188.3999996185303]",M,10,2448ba0223b19866089672565f257d381d3f793185f47ec47b3604caa8111072,train
1001,mathur,M,2,M_orient2,23,2,mathur/M/orient2/tilt_back_neutral_2/landmarks_trimmed.json,18,18,18,"[0, 1, 2, 3, 4, 5, 6, 7, 8, 9, 10, 11, 12, 13, 14, 15, 16, 17]","[247.69999980926514, 436.69999980926514, 616.1999998092651, 785.1999998092651, 965.0999999046326, 1048.5, 1208.6999998092651, 1391.9000000953674, 1577.0, 1763.5, 1968.8000001907349, 2172.5, 2356.199999809265, 2445.699999809265, 2634.5, 2801.5999999046326, 2976.5, 3169.0]",M,10,6d014f22f0238065f0812d5af82de5cf734d74c702f88a662a2b31462087fa4e,validation
1002,mathur,M,2,M_orient2,23,2,mathur/M/orient2/tilt_neutral_neutral_2/landmarks_trimmed.json,18,18,18,"[0, 1, 2, 3, 4, 5, 6, 7, 8, 9, 10, 11, 12, 13, 14, 15, 16, 17]","[168.0, 257.69999980926514, 434.59999990463257, 607.6999998092651, 788.5, 964.4000000953674, 1146.0999999046326, 1334.0999999046326, 1495.0999999046326, 1658.5999999046326, 1821.5999999046326, 1983.7999997138977, 2153.5999999046326, 2331.5, 2505.199999809265, 2678.4000000953674, 2840.199999809265, 3006.699999809265]",M,10,14bd78c1021c73c762bb6283efccadfdf6e52a7755a3da3c4c86332e60bac7b6,train
1003,mathur,M,3,M_orient3,24,1,mathur/M/orient3/tilt_back_neutral_1/landmarks_trimmed.json,19,19,18,"[0, 1, 2, 3, 4, 5, 6, 7, 8, 9, 10, 11, 12, 13, 14, 15, 16, 18]","[177.30000019073486, 344.7000002861023, 515.5, 680.4000000953674, 847.5, 1021.0, 1186.3000001907349, 1267.6000003814697, 1427.6000003814697, 1587.6000003814697, 1752.6000003814697, 1914.4000000953674, 2081.1000003814697, 2244.7000002861023, 2417.7000002861023, 2587.0, 2775.0, 3052.7000002861023]",M,10,02c814b101e0daae32b87b1bd7c5d14ad351223084a83f1fe9fbc2c4de037987,test
1004,mathur,M,3,M_orient3,24,1,mathur/M/orient3/tilt_back_toward_1/landmarks_trimmed.json,18,18,18,"[0, 1, 2, 3, 4, 5, 6, 7, 8, 9, 10, 11, 12, 13, 14, 15, 16, 17]","[204.19999980926514, 406.69999980926514, 582.0, 750.3999996185303, 917.5999999046326, 1087.1999998092651, 1261.6999998092651, 1435.2999997138977, 1605.0999999046326, 1772.8999996185303, 1938.6999998092651, 2102.7999997138977, 2271.5, 2436.8999996185303, 2610.2999997138977, 2791.0999999046326, 2974.0999999046326, 3152.699999809265]",M,10,32aae209f9d0ae4463752e9755b2de5cdd0dcdfff0da0362c4be0428be41b0dd,train
1005,mathur,M,3,M_orient3,24,2,mathur/M/orient3/tilt_forward_neutral_2/landmarks_trimmed.json,18,18,18,"[0, 1, 2, 3, 4, 5, 6, 7, 8, 9, 10, 11, 12, 13, 14, 15, 16, 17]","[169.80000019073486, 345.69999980926514, 520.8000001907349, 694.1999998092651, 785.9000000953674, 980.9000000953674, 1149.8000001907349, 1315.5999999046326, 1482.3000001907349, 1665.5999999046326, 1844.1999998092651, 2029.8000001907349, 2218.5, 2395.9000000953674, 2587.300000190735, 2752.199999809265, 2918.699999809265, 3091.0]",M,10,e58895ea34de2b07226b8875196367907ecaeef46ad6384cfd0fb7c762444413,train
1006,mathur,M,3,M_orient3,24,1,mathur/M/orient3/tilt_neutral_away_1/landmarks_trimmed.json,18,18,18,"[0, 1, 2, 3, 4, 5, 6, 7, 8, 9, 10, 11, 12, 13, 14, 15, 16, 17]","[176.0, 346.19999980926514, 521.6999998092651, 709.3000001907349, 888.9000000953674, 1074.3000001907349, 1263.3000001907349, 1449.4000000953674, 1635.8000001907349, 1821.5, 1993.0, 2168.800000190735, 2253.9000000953674, 2350.5999999046326, 2537.0999999046326, 2736.0, 2906.300000190735, 3065.5999999046326]",M,10,067676ab3f2ba03a10d05e0d115e54c307777d77ca223648f983c4d1774ba701,train
1007,mathur,N,1,N_orient1,25,1,mathur/N/orient1/tilt_back_away_1/landmarks_trimmed.json,18,18,18,"[0, 1, 2, 3, 4, 5, 6, 7, 8, 9, 10, 11, 12, 13, 14, 15, 16, 17]","[185.0, 347.7000002861023, 508.6000003814697, 684.7000002861023, 857.5, 1031.5, 1206.0, 1384.2000002861023, 1566.4000000953674, 1750.5, 1946.3000001907349, 2128.4000000953674, 2297.300000190735, 2382.7000002861023, 2550.300000190735, 2731.1000003814697, 2907.5, 3092.9000000953674]",N,11,926746d26b54c3443f697d8feb7d426b171f5108951d07f7f538cfa676435089,train
1008,mathur,N,1,N_orient1,25,1,mathur/N/orient1/tilt_back_neutral_1/landmarks_trimmed.json,19,19,18,"[0, 1, 2, 3, 4, 5, 6, 7, 8, 9, 10, 11, 12, 13, 14, 15, 16, 18]","[181.30000019073486, 341.5, 505.90000009536743, 590.4000000953674, 756.4000000953674, 922.1000003814697, 1098.7000002861023, 1281.7000002861023, 1465.1000003814697, 1652.7000002861023, 1847.2000002861023, 2009.4000000953674, 2179.0, 2344.5, 2515.300000190735, 2596.6000003814697, 2771.4000000953674, 3142.300000190735]",N,11,a80f34ebea3c8a3c44d45e8c7862f9ffc62e308c90e5dd05a54278e8e2f28a85,train
1009,mathur,N,1,N_orient1,25,1,mathur/N/orient1/tilt_forward_away_1/landmarks_trimmed.json,18,18,18,"[0, 1, 2, 3, 4, 5, 6, 7, 8, 9, 10, 11, 12, 13, 14, 15, 16, 17]","[185.7999997138977, 365.2999997138977, 550.3999996185303, 731.7999997138977, 826.0, 980.7999997138977, 1144.3999996185303, 1317.3999996185303, 1486.0, 1658.0999999046326, 1817.8999996185303, 1987.5999999046326, 2070.7999997138977, 2246.199999809265, 2412.2999997138977, 2758.199999809265, 2925.8999996185303, 3088.699999809265]",N,11,6a42a297a03ee4763f798bf44fa8eb7719aef54de1f8c0777b85f177145d0bdc,train
1010,mathur,N,1,N_orient1,25,1,mathur/N/orient1/tilt_forward_neutral_1/landmarks_trimmed.json,18,18,18,"[0, 1, 2, 3, 4, 5, 6, 7, 8, 9, 10, 11, 12, 13, 14, 15, 16, 17]","[175.89999961853027, 355.09999990463257, 509.8999996185303, 666.3999996185303, 832.2999997138977, 996.0999999046326, 1172.0, 1347.8999996185303, 1515.3999996185303, 1681.6999998092651, 1843.2999997138977, 2005.0, 2165.8999996185303, 2349.7999997138977, 2526.199999809265, 2723.2999997138977, 2885.699999809265, 3045.3999996185303]",N,11,ea901972310cc15a7a3611d73f72fa8b7d8e4f4ba1bce5ba2697d61567a315b7,train
1011,mathur,N,1,N_orient1,25,1,mathur/N/orient1/tilt_forward_toward_1/landmarks_trimmed.json,18,18,18,"[0, 1, 2, 3, 4, 5, 6, 7, 8, 9, 10, 11, 12, 13, 14, 15, 16, 17]","[173.19999980926514, 334.8999996185303, 505.3999996185303, 667.6999998092651, 826.1999998092651, 983.3999996185303, 1158.7999997138977, 1335.1999998092651, 1526.1999998092651, 1684.3999996185303, 1845.5, 2020.8999996185303, 2196.8999996185303, 2372.7999997138977, 2563.5999999046326, 2735.3999996185303, 2891.5, 3062.199999809265]",N,11,fe45dffc05fec7f8f74ec177f7dea7ceec550c889677859ed8fdaf3523594a72,train
1012,mathur,N,1,N_orient1,25,1,mathur/N/orient1/tilt_neutral_away_1/landmarks_trimmed.json,19,19,18,"[0, 1, 2, 3, 4, 5, 6, 7, 8, 9, 10, 11, 12, 13, 14, 15, 16, 18]","[185.0, 376.7000002861023, 472.30000019073486, 666.8000001907349, 851.2000002861023, 1038.5, 1213.0, 1378.5, 1539.4000000953674, 1710.2000002861023, 1796.2000002861023, 1896.4000000953674, 2071.800000190735, 2242.4000000953674, 2415.0, 2593.2000002861023, 2768.0999999046326, 3127.7000002861023]",N,11,8257292b0e40dcd2db6b86053ff3cbcee0d1fb1f189485a6decdef08be1883b3,train
1013,mathur,N,2,N_orient2,26,2,mathur/N/orient2/tilt_back_neutral_2/landmarks_trimmed.json,18,18,18,"[0, 1, 2, 3, 4, 5, 6, 7, 8, 9, 10, 11, 12, 13, 14, 15, 16, 17]","[192.09999990463257, 374.7999997138977, 577.7999997138977, 742.5, 912.0, 1081.5, 1256.1999998092651, 1432.5999999046326, 1607.9000000953674, 1777.6999998092651, 1953.0999999046326, 2130.0, 2304.0999999046326, 2473.9000000953674, 2648.2999997138977, 2821.9000000953674, 2998.5999999046326, 3179.0999999046326]",N,11,0f39f73babbad957c723024ee1ddd7bc465c641a0fe9c3d4d2795a99b422c928,test
1014,mathur,N,2,N_orient2,26,1,mathur/N/orient2/tilt_back_toward_1/landmarks_trimmed.json,18,18,18,"[0, 1, 2, 3, 4, 5, 6, 7, 8, 9, 10, 11, 12, 13, 14, 15, 16, 17]","[188.7999997138977, 359.7999997138977, 529.0, 700.5999999046326, 878.5, 1053.5, 1226.5999999046326, 1399.2999997138977, 1578.3999996185303, 1758.5, 1847.5, 2029.2999997138977, 2203.2999997138977, 2385.0999999046326, 2571.3999996185303, 2764.699999809265, 2955.699999809265, 3150.5]",N,11,7b4a9bf8591c0a359f386cdac929be4e1621c7cbb8251e427bfb913de45ed4e5,train
1015,mathur,N,2,N_orient2,26,1,mathur/N/orient2/tilt_neutral_neutral_1/landmarks_trimmed.json,19,19,18,"[0, 1, 2, 3, 4, 5, 6, 7, 8, 9, 10, 11, 12, 13, 14, 15, 16, 18]","[170.60000038146973, 335.80000019073486, 510.40000009536743, 688.2000002861023, 772.9000000953674, 935.9000000953674, 1111.5, 1296.2000002861023, 1476.1000003814697, 1631.4000000953674, 1789.8000001907349, 1950.4000000953674, 2120.1000003814697, 2298.6000003814697, 2463.0, 2628.300000190735, 2804.1000003814697, 3164.2000002861023]",N,11,4795515dc1c99f08de5136bee9479672c8e7083ef6577f12d7d6beffe3ff4ea9,train
1016,mathur,N,2,N_orient2,26,2,mathur/N/orient2/tilt_neutral_neutral_2/landmarks_trimmed.json,18,18,18,"[0, 1, 2, 3, 4, 5, 6, 7, 8, 9, 10, 11, 12, 13, 14, 15, 16, 17]","[193.90000009536743, 362.19999980926514, 445.0, 622.5999999046326, 801.1999998092651, 982.9000000953674, 1175.9000000953674, 1360.5999999046326, 1541.9000000953674, 1743.6999998092651, 1906.9000000953674, 2075.7999997138977, 2159.9000000953674, 2334.699999809265, 2503.699999809265, 2685.0999999046326, 2858.5, 3031.7999997138977]",N,11,61b26696c0c26089b63c86c13025614cdc59745bea8b324b129b13e92f96e4ba,train
1017,mathur,N,2,N_orient2,26,1,mathur/N/orient2/tilt_neutral_toward_1/landmarks_trimmed.json,18,18,18,"[0, 1, 2, 3, 4, 5, 6, 7, 8, 9, 10, 11, 12, 13, 14, 15, 16, 17]","[188.7000002861023, 374.40000009536743, 538.9000000953674, 700.5, 864.5, 1033.1000003814697, 1197.7000002861023, 1281.5, 1457.5, 1627.2000002861023, 1822.6000003814697, 2014.0, 2191.300000190735, 2384.1000003814697, 2576.300000190735, 2736.6000003814697, 2904.300000190735, 3070.9000000953674]",N,11,9a7360b5802c3194f639c60547592cef7d653cd582cf716f72842211672c2dde,train
1018,mathur,N,3,N_orient3,27,1,mathur/N/orient3/tilt_back_away_1/landmarks_trimmed.json,18,18,18,"[0, 1, 2, 3, 4, 5, 6, 7, 8, 9, 10, 11, 12, 13, 14, 15, 16, 17]","[184.09999990463257, 372.19999980926514, 549.6999998092651, 721.6999998092651, 891.2999997138977, 1062.0999999046326, 1250.6999998092651, 1418.3999996185303, 1580.2999997138977, 1752.5999999046326, 1924.0999999046326, 2108.699999809265, 2297.3999996185303, 2483.5, 2662.199999809265, 2824.5, 2998.699999809265, 3165.3999996185303]",N,11,29a6b33efbffc138802918303dbe758a9d5b0b7becf4ec1fa06dc8adcef9501b,train
1019,mathur,N,3,N_orient3,27,1,mathur/N/orient3/tilt_back_neutral_1/landmarks_trimmed.json,18,18,18,"[0, 1, 2, 3, 4, 5, 6, 7, 8, 9, 10, 11, 12, 13, 14, 15, 16, 17]","[172.59999990463257, 339.7999997138977, 506.09999990463257, 679.2999997138977, 851.0, 1025.2999997138977, 1206.3999996185303, 1376.5, 1544.2999997138977, 1628.0999999046326, 1808.2999997138977, 1976.0, 2146.0999999046326, 2325.0999999046326, 2504.5, 2673.0, 2835.3999996185303, 3007.0999999046326]",N,11,9be3367f0040b5ff75d8485436a23abed6ca4c7f20a97b57406edf644c1b0853,validation
1020,mathur,N,3,N_orient3,27,1,mathur/N/orient3/tilt_back_toward_1/landmarks_trimmed.json,19,19,18,"[0, 1, 2, 3, 4, 5, 6, 7, 8, 9, 10, 11, 12, 13, 14, 15, 16, 18]","[183.59999990463257, 372.0, 535.1999998092651, 621.2999997138977, 794.0999999046326, 955.7999997138977, 1134.2999997138977, 1214.6999998092651, 1394.5999999046326, 1569.1999998092651, 1744.4000000953674, 1919.5, 2097.699999809265, 2267.2999997138977, 2441.4000000953674, 2609.699999809265, 2789.199999809265, 3155.5]",N,11,dd7568f082a89c63bff9144aeeae60bdc8c2305df27784ac75208916ca1b70b1,test
1021,mathur,N,3,N_orient3,27,1,mathur/N/orient3/tilt_neutral_toward_1/landmarks_trimmed.json,18,18,18,"[0, 1, 2, 3, 4, 5, 6, 7, 8, 9, 10, 11, 12, 13, 14, 15, 16, 17]","[171.2999997138977, 353.2999997138977, 525.7999997138977, 689.7999997138977, 852.2999997138977, 1012.9000000953674, 1189.5, 1356.9000000953674, 1532.5999999046326, 1700.9000000953674, 1862.6999998092651, 2014.5, 2175.2999997138977, 2334.5, 2498.9000000953674, 2667.5999999046326, 2830.699999809265, 3009.199999809265]",N,11,964e124508fdd9a38c50d5827e4259a4007e89e080fa11ddcbf93475f4794c6f,validation
1022,mathur,O,1,O_orient1,28,1,mathur/O/orient1/tilt_back_away_1/landmarks_trimmed.json,20,20,18,"[0, 1, 2, 3, 4, 5, 6, 7, 8, 10, 11, 12, 13, 14, 15, 16, 17, 19]","[162.59999990463257, 315.0, 466.30000019073486, 615.0999999046326, 764.5999999046326, 916.5999999046326, 1073.8000001907349, 1229.0999999046326, 1388.0999999046326, 1700.5999999046326, 1857.5999999046326, 2013.0, 2165.699999809265, 2322.199999809265, 2475.800000190735, 2630.199999809265, 2787.0, 3097.5]",O,12,08d3182fdd77e73cdb66fc341acbd980c4f559cbcd2c6535057d3950bb5e3a42,test
1023,mathur,O,1,O_orient1,28,1,mathur/O/orient1/tilt_back_neutral_1/landmarks_trimmed.json,20,20,18,"[0, 1, 2, 3, 4, 5, 6, 7, 8, 10, 11, 12, 13, 14, 15, 16, 17, 19]","[169.90000009536743, 325.40000009536743, 471.59999990463257, 623.5999999046326, 782.7999997138977, 934.0999999046326, 1085.0999999046326, 1241.9000000953674, 1389.5, 1698.6999998092651, 1860.2999997138977, 2009.4000000953674, 2167.199999809265, 2325.0999999046326, 2474.4000000953674, 2558.0, 2710.9000000953674, 3018.7999997138977]",O,12,fa6394717ea9c3c0b80e51e7cb7712727b85626c0fe9afdab4cff9a558c6dcb7,train
1024,mathur,O,1,O_orient1,28,1,mathur/O/orient1/tilt_back_toward_1/landmarks_trimmed.json,20,20,18,"[0, 1, 2, 3, 4, 5, 6, 7, 8, 10, 11, 12, 13, 14, 15, 16, 17, 19]","[153.2999997138977, 231.59999990463257, 386.40000009536743, 530.2999997138977, 682.0999999046326, 836.4000000953674, 989.0999999046326, 1152.0, 1307.1999998092651, 1602.4000000953674, 1754.0999999046326, 1925.5999999046326, 2076.7999997138977, 2233.699999809265, 2390.9000000953674, 2542.0999999046326, 2690.2999997138977, 3016.199999809265]",O,12,7f4db9e3a9c60d043ffb4c14b6f92b83d723bf8a7e3d86d8aba0c5a0c5774b7a,train
1025,mathur,O,1,O_orient1,28,1,mathur/O/orient1/tilt_neutral_away_1/landmarks_trimmed.json,20,20,18,"[0, 1, 2, 3, 4, 5, 6, 7, 8, 10, 11, 12, 13, 14, 15, 16, 17, 19]","[166.80000019073486, 327.30000019073486, 479.90000009536743, 629.9000000953674, 795.0, 953.4000000953674, 1107.2000002861023, 1263.1000003814697, 1428.4000000953674, 1735.6000003814697, 1889.0, 2040.7000002861023, 2196.6000003814697, 2351.0, 2503.4000000953674, 2657.6000003814697, 2813.300000190735, 3118.0]",O,12,8b3e2c00880d2e3bcdf036efdb3ad4f3a58b8ddfc62c7fae2705668d5985d829,train
1026,mathur,O,1,O_orient1,28,1,mathur/O/orient1/tilt_neutral_neutral_1/landmarks_trimmed.json,20,20,18,"[0, 1, 2, 3, 4, 5, 6, 7, 8, 10, 11, 12, 13, 14, 15, 16, 17, 19]","[154.69999980926514, 307.59999990463257, 461.80000019073486, 615.5, 778.1999998092651, 938.5999999046326, 1101.6999998092651, 1258.3000001907349, 1408.1999998092651, 1708.6999998092651, 1863.3000001907349, 2018.0, 2174.0999999046326, 2326.5999999046326, 2475.800000190735, 2631.4000000953674, 2783.699999809265, 3102.699999809265]",O,12,884b338a01ada02f12efe268e0e5ca8c4b0880fbe55eea8ae4fa6b7979001ac3,train
1027,mathur,O,1,O_orient1,28,2,mathur/O/orient1/tilt_neutral_neutral_2/landmarks_trimmed.json,20,20,18,"[0, 1, 2, 3, 4, 5, 6, 7, 8, 10, 11, 12, 13, 14, 15, 16, 17, 19]","[158.5, 306.5, 465.59999990463257, 622.0, 771.6999998092651, 934.3999996185303, 1088.5, 1244.0, 1396.3999996185303, 1709.0, 1863.8999996185303, 2022.0999999046326, 2177.199999809265, 2330.199999809265, 2479.199999809265, 2637.199999809265, 2791.5, 3103.7999997138977]",O,12,5b1fbd2268207dc05639af187205e70a1e5b33964707ba7fb9cc65883b21eee0,train
1028,mathur,O,1,O_orient1,28,1,mathur/O/orient1/tilt_neutral_toward_1/landmarks_trimmed.json,21,21,18,"[0, 1, 2, 3, 4, 5, 7, 8, 9, 10, 11, 12, 14, 15, 16, 17, 18, 20]","[148.5, 300.7999997138977, 466.40000009536743, 566.9000000953674, 714.7999997138977, 868.7999997138977, 1173.1999998092651, 1333.5, 1485.0999999046326, 1647.0999999046326, 1802.0999999046326, 1877.1999998092651, 2196.5999999046326, 2352.5999999046326, 2431.2999997138977, 2586.0999999046326, 2742.5, 3046.9000000953674]",O,12,c933fb6398bbf4ea5251a3ef94409f0250cc98af96600d34a3325b46010129d3,train
1029,mathur,O,2,O_orient2,29,1,mathur/O/orient2/tilt_back_away_1/landmarks_trimmed.json,20,20,18,"[0, 1, 2, 3, 4, 5, 6, 7, 8, 10, 11, 12, 13, 14, 15, 16, 17, 19]","[154.40000009536743, 307.40000009536743, 466.40000009536743, 620.7999997138977, 781.5, 940.9000000953674, 1093.9000000953674, 1245.5999999046326, 1396.9000000953674, 1714.7999997138977, 1868.6999998092651, 2029.0, 2182.9000000953674, 2338.5, 2493.0999999046326, 2641.5999999046326, 2797.699999809265, 3113.199999809265]",O,12,32cb1555785adf939950e7904a2fb3e0327fe3a03896a5eaa194f6d4aa58a35e,train
1030,mathur,O,2,O_orient2,29,1,mathur/O/orient2/tilt_back_neutral_1/landmarks_trimmed.json,20,20,18,"[0, 1, 2, 3, 4, 5, 6, 7, 8, 10, 11, 12, 13, 14, 15, 16, 17, 19]","[159.59999990463257, 312.90000009536743, 470.0, 616.0, 772.4000000953674, 935.2999997138977, 1084.1999998092651, 1240.5, 1396.7999997138977, 1707.9000000953674, 1863.0, 2017.1999998092651, 2166.9000000953674, 2314.9000000953674, 2466.0, 2625.5, 2783.2999997138977, 3081.199999809265]",O,12,f104001e8d5896f6e0ce012ba01464c53a442207deb403993d33e959d9f1ef15,train
1031,mathur,O,2,O_orient2,29,2,mathur/O/orient2/tilt_back_neutral_2/landmarks_trimmed.json,20,20,18,"[0, 1, 2, 3, 4, 5, 6, 7, 8, 10, 11, 12, 13, 14, 15, 16, 17, 19]","[158.09999990463257, 310.2999997138977, 463.7999997138977, 622.3999996185303, 773.5999999046326, 920.2999997138977, 1085.8999996185303, 1244.3999996185303, 1396.1999998092651, 1707.6999998092651, 1862.0999999046326, 2028.0, 2176.5999999046326, 2335.3999996185303, 2485.7999997138977, 2631.3999996185303, 2786.5, 3088.5999999046326]",O,12,845df037908455dc0f4d58376cb53c06d44f8971b141050ac3b842a91953b832,train
1032,mathur,O,2,O_orient2,29,1,mathur/O/orient2/tilt_back_toward_1/landmarks_trimmed.json,20,20,18,"[0, 1, 2, 3, 4, 5, 6, 7, 8, 10, 11, 12, 13, 14, 15, 16, 17, 19]","[164.7000002861023, 328.40000009536743, 409.80000019073486, 565.3000001907349, 714.2000002861023, 872.7000002861023, 1015.3000001907349, 1161.5, 1304.2000002861023, 1612.2000002861023, 1774.1000003814697, 1929.8000001907349, 2087.4000000953674, 2244.1000003814697, 2394.4000000953674, 2553.1000003814697, 2707.9000000953674, 3015.4000000953674]",O,12,89c9e82b3ce5ce45abd232e77e442f1c72046d6c26813bdbac65baa3e8f7d58a,train
1033,mathur,O,2,O_orient2,29,1,mathur/O/orient2/tilt_forward_away_1/landmarks_trimmed.json,20,20,18,"[0, 1, 2, 3, 4, 5, 6, 7, 8, 10, 11, 12, 13, 14, 15, 16, 17, 19]","[154.40000009536743, 316.0, 486.5, 635.4000000953674, 788.5, 946.0, 1092.0, 1238.9000000953674, 1387.8000001907349, 1689.5, 1845.1999998092651, 2001.1999998092651, 2148.5, 2302.9000000953674, 2450.0999999046326, 2605.5, 2769.5, 3075.199999809265]",O,12,a0ac3ea8bf80bc2c2f34250ec6e3a84d3fb03acb0c5c9b72d2d984b44de14612,train
1034,mathur,O,2,O_orient2,29,1,mathur/O/orient2/tilt_forward_neutral_1/landmarks_trimmed.json,20,20,18,"[0, 1, 2, 3, 4, 5, 6, 7, 8, 10, 11, 12, 13, 14, 15, 16, 17, 19]","[158.0, 306.09999990463257, 383.0, 533.8000001907349, 691.7000002861023, 837.7000002861023, 996.8000001907349, 1150.0, 1296.0999999046326, 1525.5, 1680.0999999046326, 1978.4000000953674, 2135.5, 2293.0, 2442.800000190735, 2598.2000002861023, 2747.9000000953674, 3058.800000190735]",O,12,cf5e1b5b8c8c4b12d029309832d51fe8fe4341e9ae801b4ee536e777da0a557f,train
1035,mathur,O,2,O_orient2,29,2,mathur/O/orient2/tilt_forward_neutral_2/landmarks_trimmed.json,20,20,18,"[0, 1, 2, 3, 4, 5, 6, 7, 8, 10, 11, 12, 13, 14, 15, 16, 17, 19]","[159.19999980926514, 305.09999990463257, 466.0, 623.5999999046326, 773.1999998092651, 929.6999998092651, 1087.9000000953674, 1246.3000001907349, 1399.5999999046326, 1719.4000000953674, 1873.0, 2021.8000001907349, 2177.5, 2332.699999809265, 2478.300000190735, 2636.300000190735, 2797.699999809265, 3097.300000190735]",O,12,0501a50e3fd9101ac331224604171b2dfd01a330b2723f0594a81ac0d67603ba,train
1036,mathur,O,2,O_orient2,29,1,mathur/O/orient2/tilt_forward_toward_1/landmarks_trimmed.json,21,21,18,"[0, 1, 2, 3, 4, 5, 7, 8, 9, 10, 11, 12, 14, 15, 16, 17, 18, 20]","[156.0, 310.7000002861023, 458.0, 608.3000001907349, 764.4000000953674, 842.8000001907349, 1147.6000003814697, 1307.6000003814697, 1455.9000000953674, 1534.0, 1691.1000003814697, 1846.8000001907349, 2164.0, 2330.4000000953674, 2478.4000000953674, 2623.5, 2779.5, 3083.300000190735]",O,12,262bf0bc9b1f17ae204c53e833c82105f4bd56d3e725a872f684f83adbc85f6c,train
1037,mathur,O,2,O_orient2,29,1,mathur/O/orient2/tilt_neutral_away_1/landmarks_trimmed.json,20,20,18,"[0, 1, 2, 3, 4, 5, 6, 7, 8, 10, 11, 12, 13, 14, 15, 16, 17, 19]","[171.89999961853027, 329.2999997138977, 487.3999996185303, 634.2999997138977, 789.6999998092651, 949.0999999046326, 1097.3999996185303, 1255.0999999046326, 1411.5, 1723.1999998092651, 1881.0999999046326, 2038.3999996185303, 2197.7999997138977, 2346.8999996185303, 2428.7999997138977, 2586.199999809265, 2743.2999997138977, 3048.2999997138977]",O,12,befd892f1ef50e20b9d5d6ae6e71ba954a3cef8401c40658dc626526dad630e7,train
1038,mathur,O,2,O_orient2,29,1,mathur/O/orient2/tilt_neutral_neutral_1/landmarks_trimmed.json,20,20,18,"[0, 1, 2, 3, 4, 5, 6, 7, 8, 10, 11, 12, 13, 14, 15, 16, 17, 19]","[161.5, 314.7999997138977, 464.2999997138977, 618.5, 777.2999997138977, 935.0, 1093.0, 1248.5, 1324.5999999046326, 1637.5999999046326, 1795.1999998092651, 1948.5, 2109.5, 2261.5999999046326, 2426.8999996185303, 2580.0999999046326, 2733.8999996185303, 3058.3999996185303]",O,12,dbc78d97a0f668172dd874a50c9fb71a7f7fa6a7632d7fb1d50804f32b69a68e,validation
1039,mathur,O,2,O_orient2,29,2,mathur/O/orient2/tilt_neutral_neutral_2/landmarks_trimmed.json,20,20,18,"[0, 1, 2, 3, 4, 5, 6, 7, 8, 10, 11, 12, 13, 14, 15, 16, 17, 19]","[159.7999997138977, 319.69999980926514, 474.69999980926514, 629.8999996185303, 793.7999997138977, 954.5, 1108.7999997138977, 1267.5, 1429.5999999046326, 1736.5999999046326, 1893.0999999046326, 1975.5, 2133.2999997138977, 2288.199999809265, 2449.2999997138977, 2611.3999996185303, 2769.2999997138977, 3093.7999997138977]",O,12,d89a4a6d27644eb45a8ed0fce5dc314d7ec3b9f8ecd3fdb55b2c7abab97ae1a3,train
1040,mathur,O,2,O_orient2,29,1,mathur/O/orient2/tilt_neutral_toward_1/landmarks_trimmed.json,20,20,18,"[0, 1, 2, 3, 4, 5, 6, 7, 8, 10, 11, 12, 13, 14, 15, 16, 17, 19]","[142.0, 297.2999997138977, 452.09999990463257, 609.4000000953674, 757.1999998092651, 916.4000000953674, 1069.5, 1211.7999997138977, 1371.6999998092651, 1674.4000000953674, 1831.0999999046326, 1982.1999998092651, 2137.4000000953674, 2296.2999997138977, 2446.0, 2604.0999999046326, 2760.2999997138977, 3063.2999997138977]",O,12,de3e61e09e99108dafb0e4eab12d2271bb1891810fe4b8512f58c893c6e1c91e,test
1041,mathur,O,3,O_orient3,30,1,mathur/O/orient3/tilt_back_away_1/landmarks_trimmed.json,20,20,18,"[0, 1, 2, 3, 4, 5, 6, 7, 8, 10, 11, 12, 13, 14, 15, 16, 17, 19]","[150.09999990463257, 305.19999980926514, 462.5, 618.7999997138977, 776.1999998092651, 939.1999998092651, 1092.9000000953674, 1245.5999999046326, 1400.1999998092651, 1716.5, 1872.4000000953674, 2027.6999998092651, 2181.2999997138977, 2339.0, 2494.7999997138977, 2651.5999999046326, 2804.5999999046326, 3100.4000000953674]",O,12,62cbd6b20a07b4e1a8b4ace0b29934d6ab2ea5904a56a47c6af2a760aca9b26b,train
1042,mathur,O,3,O_orient3,30,1,mathur/O/orient3/tilt_back_neutral_1/landmarks_trimmed.json,20,20,18,"[0, 1, 2, 3, 4, 5, 6, 7, 8, 10, 11, 12, 13, 14, 15, 16, 17, 19]","[157.2000002861023, 311.40000009536743, 458.5, 612.5, 760.6000003814697, 912.5, 1073.7000002861023, 1232.8000001907349, 1379.4000000953674, 1685.8000001907349, 1842.4000000953674, 1995.3000001907349, 2151.1000003814697, 2309.9000000953674, 2464.0, 2623.5, 2773.6000003814697, 3078.4000000953674]",O,12,84193bdb45db74c26380fedaff1cea318cb932173f405b01b67526ba224bef5d,test
1043,mathur,O,3,O_orient3,30,2,mathur/O/orient3/tilt_back_neutral_2/landmarks_trimmed.json,20,20,18,"[0, 1, 2, 3, 4, 5, 6, 7, 8, 10, 11, 12, 13, 14, 15, 16, 17, 19]","[163.40000009536743, 315.5, 470.09999990463257, 629.1999998092651, 773.1999998092651, 928.9000000953674, 1009.4000000953674, 1166.5999999046326, 1316.5999999046326, 1635.0999999046326, 1796.5999999046326, 1953.2999997138977, 2109.4000000953674, 2263.4000000953674, 2411.199999809265, 2571.4000000953674, 2728.699999809265, 3029.9000000953674]",O,12,ddd92c54cb9a27fbf12ca6523f738c3835ea9513e6da6d746d45959ff31df87a,train
1044,mathur,O,3,O_orient3,30,1,mathur/O/orient3/tilt_back_toward_1/landmarks_trimmed.json,20,20,18,"[0, 1, 2, 3, 4, 5, 6, 7, 8, 10, 11, 12, 13, 14, 15, 16, 17, 19]","[156.39999961853027, 314.59999990463257, 475.59999990463257, 638.7999997138977, 795.5, 959.6999998092651, 1108.1999998092651, 1265.7999997138977, 1428.2999997138977, 1736.7999997138977, 1891.5, 2048.8999996185303, 2191.199999809265, 2339.0999999046326, 2488.699999809265, 2640.5, 2792.8999996185303, 3100.699999809265]",O,12,291675e263ca54e92e864d7360ab62d0f80aa162ec1867a96db8d7284058e663,train
1045,mathur,O,3,O_orient3,30,1,mathur/O/orient3/tilt_neutral_away_1/landmarks_trimmed.json,20,20,18,"[0, 1, 2, 3, 4, 5, 6, 7, 8, 10, 11, 12, 13, 14, 15, 16, 17, 19]","[156.7999997138977, 310.8999996185303, 462.5, 616.0999999046326, 762.2999997138977, 916.2999997138977, 1071.6999998092651, 1225.6999998092651, 1383.3999996185303, 1700.5999999046326, 1856.1999998092651, 2014.2999997138977, 2165.5, 2314.7999997138977, 2469.3999996185303, 2621.199999809265, 2701.699999809265, 3003.0]",O,12,001a53558127c0000bff44f3b89b1801022095859643c8267c23e40c4adbf3f7,validation
1046,mathur,O,3,O_orient3,30,1,mathur/O/orient3/tilt_neutral_neutral_1/landmarks_trimmed.json,20,20,18,"[0, 1, 2, 3, 4, 5, 6, 7, 8, 10, 11, 12, 13, 14, 15, 16, 17, 19]","[168.0, 326.40000009536743, 481.90000009536743, 632.5999999046326, 794.6999998092651, 946.7999997138977, 1106.2999997138977, 1266.5999999046326, 1417.0, 1723.6999998092651, 1879.7999997138977, 2029.7999997138977, 2183.699999809265, 2340.4000000953674, 2490.0999999046326, 2649.5999999046326, 2810.699999809265, 3113.4000000953674]",O,12,f77c54b433035d3f42043b6be9064391569cb69d604013b8d70811707badc82f,validation
1047,mathur,O,3,O_orient3,30,2,mathur/O/orient3/tilt_neutral_neutral_2/landmarks_trimmed.json,20,20,18,"[0, 1, 2, 3, 4, 5, 6, 7, 8, 10, 11, 12, 13, 14, 15, 16, 17, 19]","[158.30000019073486, 317.40000009536743, 470.6000003814697, 636.1000003814697, 804.1000003814697, 957.0, 1118.8000001907349, 1269.5, 1430.3000001907349, 1736.9000000953674, 1891.9000000953674, 2039.8000001907349, 2197.300000190735, 2354.300000190735, 2511.6000003814697, 2663.6000003814697, 2817.0, 3132.5]",O,12,7e5b54fe25874c6d5e61ab4ad6020d07e1d18ee1faca084beeb25ad362f13731,train
1048,mathur,O,3,O_orient3,30,1,mathur/O/orient3/tilt_neutral_toward_1/landmarks_trimmed.json,20,20,18,"[0, 1, 2, 3, 4, 5, 6, 7, 8, 10, 11, 12, 13, 14, 15, 16, 17, 19]","[157.5, 313.5, 467.59999990463257, 622.8000001907349, 779.2000002861023, 942.5999999046326, 1101.9000000953674, 1265.7000002861023, 1421.2000002861023, 1647.4000000953674, 1796.5999999046326, 1954.0999999046326, 2112.2000002861023, 2270.2000002861023, 2419.5, 2578.4000000953674, 2735.2000002861023, 3046.0]",O,12,b9054cf821c862978eea5c989fa6cfd7cd7140f418beaa56d58c135eb4bf9e7b,validation
1049,mathur,P,1,P_orient1,31,1,mathur/P/orient1/tilt_back_neutral_1/landmarks_trimmed.json,20,20,18,"[0, 1, 2, 3, 4, 5, 6, 7, 8, 10, 11, 12, 13, 14, 15, 16, 17, 19]","[158.0, 314.7999997138977, 472.19999980926514, 629.5, 785.3999996185303, 931.8999996185303, 1085.1999998092651, 1236.5, 1379.8999996185303, 1686.0999999046326, 1844.0, 2001.7999997138977, 2153.8999996185303, 2317.8999996185303, 2468.7999997138977, 2617.3999996185303, 2775.7999997138977, 3072.0]",P,13,60194e1b4ca58bf5b99773a75a4b21d8eb81f1b694cd25129b89358f8b5876c3,test
1050,mathur,P,1,P_orient1,31,2,mathur/P/orient1/tilt_back_neutral_2/landmarks_trimmed.json,20,20,18,"[0, 1, 2, 3, 4, 5, 6, 7, 8, 10, 11, 12, 13, 14, 15, 16, 17, 19]","[162.7999997138977, 310.09999990463257, 463.0, 620.6999998092651, 775.5, 931.0999999046326, 1085.5, 1245.8999996185303, 1400.0, 1711.3999996185303, 1862.0999999046326, 2017.0999999046326, 2179.2999997138977, 2335.199999809265, 2488.3999996185303, 2638.699999809265, 2791.5, 3103.7999997138977]",P,13,5a047e436840596c192da6b29f0ba6bc3a137e7425e7102a945e13355a1ceb4d,train
1051,mathur,P,1,P_orient1,31,1,mathur/P/orient1/tilt_back_toward_1/landmarks_trimmed.json,20,20,18,"[0, 1, 2, 3, 4, 5, 6, 7, 8, 10, 11, 12, 13, 14, 15, 16, 17, 19]","[156.59999990463257, 317.80000019073486, 476.40000009536743, 631.5999999046326, 789.8000001907349, 944.5, 1095.9000000953674, 1246.0999999046326, 1405.5999999046326, 1712.0, 1867.8000001907349, 2027.3000001907349, 2176.9000000953674, 2334.0999999046326, 2480.0, 2631.0999999046326, 2780.300000190735, 3093.0]",P,13,fce7732e26ea91fa9dde86fd2f2b3cd83a864de3665252cc970bc146095faa94,train
1052,mathur,P,1,P_orient1,31,1,mathur/P/orient1/tilt_forward_away_1/landmarks_trimmed.json,20,20,18,"[0, 1, 2, 3, 4, 5, 6, 7, 8, 10, 11, 12, 13, 14, 15, 16, 17, 19]","[158.2999997138977, 318.09999990463257, 475.7999997138977, 637.1999998092651, 795.7999997138977, 950.4000000953674, 1104.4000000953674, 1259.4000000953674, 1412.6999998092651, 1722.6999998092651, 1879.5, 2026.2999997138977, 2189.699999809265, 2340.7999997138977, 2495.0999999046326, 2651.9000000953674, 2807.5, 3112.0999999046326]",P,13,77c1aa34a414bdf0ad53c45f43fe2a958f895329aba501c59bdaf892ec148198,test
1053,mathur,P,1,P_orient1,31,1,mathur/P/orient1/tilt_forward_neutral_1/landmarks_trimmed.json,20,20,18,"[0, 1, 2, 3, 4, 5, 6, 7, 8, 10, 11, 12, 13, 14, 15, 16, 17, 19]","[159.89999961853027, 319.2999997138977, 485.0, 637.5, 789.3999996185303, 869.3999996185303, 1020.3999996185303, 1180.3999996185303, 1336.1999998092651, 1646.6999998092651, 1804.1999998092651, 1955.7999997138977, 2113.2999997138977, 2268.2999997138977, 2429.699999809265, 2588.3999996185303, 2743.5, 3060.8999996185303]",P,13,430e663e9aa62ab9c16cc8ad3b00b4955d627c4fbe580a9590682f70b718378e,train
1054,mathur,P,1,P_orient1,31,2,mathur/P/orient1/tilt_forward_neutral_2/landmarks_trimmed.json,20,20,18,"[0, 1, 2, 3, 4, 5, 6, 7, 8, 10, 11, 12, 13, 14, 15, 16, 17, 19]","[157.7999997138977, 318.59999990463257, 473.09999990463257, 629.7999997138977, 791.4000000953674, 939.0, 1016.9000000953674, 1172.2999997138977, 1331.5, 1644.6999998092651, 1789.5, 1947.1999998092651, 2094.7999997138977, 2255.199999809265, 2410.2999997138977, 2565.7999997138977, 2724.0, 3046.0999999046326]",P,13,f70e614681e7258506c7505abc6ecbf2aaca24af1130dbaff383bd4206673669,train
1055,mathur,P,1,P_orient1,31,1,mathur/P/orient1/tilt_forward_toward_1/landmarks_trimmed.json,20,20,18,"[0, 1, 2, 3, 4, 5, 6, 7, 8, 10, 11, 12, 13, 14, 15, 16, 17, 19]","[172.7999997138977, 323.2999997138977, 484.40000009536743, 644.6999998092651, 799.2999997138977, 949.0, 1108.4000000953674, 1263.1999998092651, 1410.9000000953674, 1639.6999998092651, 1797.2999997138977, 1943.5999999046326, 2099.0, 2258.9000000953674, 2411.4000000953674, 2565.7999997138977, 2721.4000000953674, 3033.7999997138977]",P,13,3daaf2ed67dc492fb69e84ed16550f6debad29c4b9a35f20b4a2a1bbc7a83a28,train
1056,mathur,P,1,P_orient1,31,1,mathur/P/orient1/tilt_neutral_away_1/landmarks_trimmed.json,20,20,18,"[0, 1, 2, 3, 4, 5, 6, 7, 8, 10, 11, 12, 13, 14, 15, 16, 17, 19]","[150.2000002861023, 301.40000009536743, 446.40000009536743, 600.1000003814697, 754.4000000953674, 910.7000002861023, 1062.1000003814697, 1214.3000001907349, 1365.6000003814697, 1662.9000000953674, 1814.9000000953674, 1965.9000000953674, 2122.300000190735, 2276.7000002861023, 2432.4000000953674, 2585.7000002861023, 2739.0, 3051.9000000953674]",P,13,d18bc08410c879682cb6f4d3c01b35983df8464dfa2fd7279a56c91cfc21217b,train
1057,mathur,P,1,P_orient1,31,1,mathur/P/orient1/tilt_neutral_neutral_1/landmarks_trimmed.json,20,20,18,"[0, 1, 2, 3, 4, 5, 6, 7, 8, 10, 11, 12, 13, 14, 15, 16, 17, 19]","[158.40000009536743, 309.7000002861023, 468.7000002861023, 619.8000001907349, 774.0999999046326, 919.0999999046326, 1073.3000001907349, 1226.0999999046326, 1380.2000002861023, 1697.3000001907349, 1846.0999999046326, 2004.0999999046326, 2161.0999999046326, 2317.0999999046326, 2477.9000000953674, 2628.0999999046326, 2788.300000190735, 3094.7000002861023]",P,13,13d889cc4806185155d8ed2d34fc8dac232a954537457da62ab41b57ba6f83a3,train
1058,mathur,P,1,P_orient1,31,2,mathur/P/orient1/tilt_neutral_neutral_2/landmarks_trimmed.json,20,20,18,"[0, 1, 2, 3, 4, 5, 6, 7, 8, 10, 11, 12, 13, 14, 15, 16, 17, 19]","[152.69999980926514, 301.59999990463257, 469.69999980926514, 628.5999999046326, 780.6999998092651, 939.8000001907349, 1083.1999998092651, 1238.5, 1396.3000001907349, 1697.9000000953674, 1842.5999999046326, 2001.3000001907349, 2162.4000000953674, 2315.699999809265, 2472.0, 2627.0, 2776.5999999046326, 3084.4000000953674]",P,13,da5a30dcd5ca6fbea6f28302997264d01dca72b232d27db3245451c5de17e109,train
1059,mathur,P,1,P_orient1,31,1,mathur/P/orient1/tilt_neutral_toward_1/landmarks_trimmed.json,20,20,18,"[0, 1, 2, 3, 4, 5, 6, 7, 8, 10, 11, 12, 13, 14, 15, 16, 17, 19]","[157.59999990463257, 311.59999990463257, 465.90000009536743, 618.0, 691.0999999046326, 853.1999998092651, 1002.6999998092651, 1158.4000000953674, 1316.0, 1630.9000000953674, 1779.4000000953674, 1944.5999999046326, 2102.9000000953674, 2263.4000000953674, 2418.300000190735, 2574.9000000953674, 2730.5, 3047.5]",P,13,30182add29ccde87d5dc062951a58327101c387e6eba7cf62e9c2b0176ba1cd4,train
1060,mathur,P,2,P_orient2,32,1,mathur/P/orient2/tilt_back_away_1/landmarks_trimmed.json,20,20,18,"[0, 1, 2, 3, 4, 5, 6, 7, 8, 10, 11, 12, 13, 14, 15, 16, 17, 19]","[151.89999961853027, 300.0, 450.09999990463257, 600.8999996185303, 752.5999999046326, 905.0, 1061.0999999046326, 1216.0, 1370.3999996185303, 1678.0999999046326, 1830.1999998092651, 1984.6999998092651, 2132.5, 2283.5999999046326, 2442.199999809265, 2600.5, 2750.2999997138977, 3054.0999999046326]",P,13,f2b2d1ab179032fc5649592d24f728997ac9e29c1b2015bb45e2099a154f5708,train
1061,mathur,P,2,P_orient2,32,1,mathur/P/orient2/tilt_back_neutral_1/landmarks_trimmed.json,21,21,18,"[0, 1, 2, 3, 4, 5, 7, 8, 9, 10, 11, 12, 14, 15, 16, 17, 18, 20]","[153.90000009536743, 310.0, 471.90000009536743, 630.7999997138977, 708.0999999046326, 870.2999997138977, 1173.1999998092651, 1327.7999997138977, 1408.1999998092651, 1582.6999998092651, 1733.7999997138977, 1894.0999999046326, 2199.0, 2344.199999809265, 2498.2999997138977, 2654.0999999046326, 2810.9000000953674, 3117.199999809265]",P,13,f578b1c6178ee8f47d858dc7abb6157193b7fa7ea69ef8181491a1627a116237,train
1062,mathur,P,2,P_orient2,32,2,mathur/P/orient2/tilt_back_neutral_2/landmarks_trimmed.json,20,20,18,"[0, 1, 2, 3, 4, 5, 6, 7, 8, 10, 11, 12, 13, 14, 15, 16, 17, 19]","[152.0, 312.2000002861023, 470.40000009536743, 614.8000001907349, 764.3000001907349, 903.2000002861023, 1057.3000001907349, 1222.0, 1374.8000001907349, 1694.7000002861023, 1845.0, 2009.3000001907349, 2157.9000000953674, 2310.4000000953674, 2462.800000190735, 2612.800000190735, 2766.800000190735, 3086.9000000953674]",P,13,3f5d7e08ca7c189c022244ad8ab5c2d342fb9ebd198b9075ff80477393e77fdb,validation
1063,mathur,P,2,P_orient2,32,1,mathur/P/orient2/tilt_back_toward_1/landmarks_trimmed.json,20,20,18,"[0, 1, 2, 3, 4, 5, 6, 7, 8, 10, 11, 12, 13, 14, 15, 16, 17, 19]","[162.80000019073486, 318.90000009536743, 476.80000019073486, 626.8000001907349, 782.0999999046326, 942.7000002861023, 1093.4000000953674, 1246.0, 1400.3000001907349, 1710.8000001907349, 1866.3000001907349, 2017.0999999046326, 2167.2000002861023, 2311.0999999046326, 2472.300000190735, 2627.4000000953674, 2784.4000000953674, 3090.5999999046326]",P,13,cb7e04145be22e815a8c8a7458b494bee8fcf475b9effd510d351a68a9e40cca,validation
1064,mathur,P,2,P_orient2,32,1,mathur/P/orient2/tilt_neutral_away_1/landmarks_trimmed.json,20,20,18,"[0, 1, 2, 3, 4, 5, 6, 7, 8, 10, 11, 12, 13, 14, 15, 16, 17, 19]","[159.80000019073486, 317.2000002861023, 471.80000019073486, 618.7000002861023, 767.8000001907349, 922.7000002861023, 1087.2000002861023, 1242.1000003814697, 1410.4000000953674, 1719.5, 1871.6000003814697, 2028.1000003814697, 2181.300000190735, 2335.1000003814697, 2493.800000190735, 2647.0, 2793.7000002861023, 3096.0]",P,13,c9606cd207b6224382acf191c8fe90608ff9f21b2759f87ce8675e8df43142aa,train
1065,mathur,P,2,P_orient2,32,1,mathur/P/orient2/tilt_neutral_neutral_1/landmarks_trimmed.json,20,20,18,"[0, 1, 2, 3, 4, 5, 6, 7, 8, 10, 11, 12, 13, 14, 15, 16, 17, 19]","[168.59999990463257, 319.69999980926514, 469.59999990463257, 619.8000001907349, 774.0, 929.0, 1076.5999999046326, 1233.8000001907349, 1394.0, 1696.8000001907349, 1846.8000001907349, 1995.5, 2150.300000190735, 2298.300000190735, 2455.5999999046326, 2610.300000190735, 2761.699999809265, 3063.800000190735]",P,13,aa9e4cca7944a7da9156e0ab53310b64bc2b3ddf329f0de4507d662957d4045e,validation
1066,mathur,P,2,P_orient2,32,1,mathur/P/orient2/tilt_neutral_toward_1/landmarks_trimmed.json,20,20,18,"[0, 1, 2, 3, 4, 5, 6, 7, 8, 10, 11, 12, 13, 14, 15, 16, 17, 19]","[154.59999990463257, 304.2999997138977, 466.7999997138977, 620.6999998092651, 775.7999997138977, 935.0999999046326, 1086.4000000953674, 1247.9000000953674, 1407.1999998092651, 1715.5, 1864.6999998092651, 2014.4000000953674, 2170.2999997138977, 2314.9000000953674, 2467.699999809265, 2611.699999809265, 2766.9000000953674, 3065.5999999046326]",P,13,280fa288745f526e81ae107d7d7320930f58ff787c816497a25619fde4a08920,train
1067,mathur,Q,1,Q_orient1,33,1,mathur/Q/orient1/tilt_back_away_1/landmarks_trimmed.json,19,19,18,"[0, 1, 2, 3, 4, 5, 6, 7, 8, 9, 10, 11, 12, 13, 14, 15, 16, 18]","[179.0, 351.90000009536743, 510.19999980926514, 677.0, 850.9000000953674, 1024.6999998092651, 1177.5, 1323.3000001907349, 1471.8000001907349, 1627.9000000953674, 1782.5999999046326, 1934.9000000953674, 2105.699999809265, 2265.699999809265, 2421.300000190735, 2576.4000000953674, 2734.0, 3053.4000000953674]",Q,14,849265a5e2530b34b89efce092150c618b16cf2a5851177498d8d4535ce4c34b,train
1068,mathur,Q,1,Q_orient1,33,1,mathur/Q/orient1/tilt_back_neutral_1/landmarks_trimmed.json,20,20,18,"[0, 1, 2, 3, 4, 5, 6, 7, 8, 10, 11, 12, 13, 14, 15, 16, 17, 19]","[162.19999980926514, 316.40000009536743, 473.7999997138977, 628.6999998092651, 790.5999999046326, 951.1999998092651, 1137.2999997138977, 1276.0999999046326, 1425.5, 1725.9000000953674, 1873.6999998092651, 2035.9000000953674, 2196.5, 2345.199999809265, 2497.5999999046326, 2642.0999999046326, 2799.2999997138977, 3111.0999999046326]",Q,14,07b048137ae597a083d252b9b4db4769d33c506c17a3f92da36618b8bdfb2787,train
1069,mathur,Q,1,Q_orient1,33,2,mathur/Q/orient1/tilt_back_neutral_2/landmarks_trimmed.json,20,20,18,"[0, 1, 2, 3, 4, 5, 6, 7, 8, 10, 11, 12, 13, 14, 15, 16, 17, 19]","[148.40000009536743, 302.0, 458.09999990463257, 607.4000000953674, 764.0999999046326, 926.0999999046326, 1083.2000002861023, 1234.5999999046326, 1391.2000002861023, 1699.0999999046326, 1855.5999999046326, 2013.8000001907349, 2174.800000190735, 2329.5, 2487.2000002861023, 2643.5999999046326, 2812.800000190735, 3174.0]",Q,14,0476a5dc0eb2be82bd6491d6fd62af771666e462da1f5964fe5f38c3add47569,train
1070,mathur,Q,1,Q_orient1,33,1,mathur/Q/orient1/tilt_back_toward_1/landmarks_trimmed.json,20,20,18,"[0, 1, 2, 3, 4, 5, 6, 7, 8, 10, 11, 12, 13, 14, 15, 16, 17, 19]","[157.5, 307.0, 464.6000003814697, 626.5, 784.5, 937.7000002861023, 1097.0, 1249.9000000953674, 1403.9000000953674, 1710.2000002861023, 1869.8000001907349, 2012.4000000953674, 2165.1000003814697, 2324.800000190735, 2467.5, 2624.300000190735, 2782.2000002861023, 3092.300000190735]",Q,14,9af180e8f8a2ac83ebb5e8f3ccd1cbed8018c5a16a6d0e0b7449fa97346a4755,train
1071,mathur,Q,1,Q_orient1,33,1,mathur/Q/orient1/tilt_neutral_away_1/landmarks_trimmed.json,20,20,18,"[0, 1, 2, 3, 4, 5, 6, 7, 8, 10, 11, 12, 13, 14, 15, 16, 17, 19]","[167.80000019073486, 320.30000019073486, 478.80000019073486, 632.7000002861023, 712.0999999046326, 862.5999999046326, 1018.0999999046326, 1161.7000002861023, 1317.8000001907349, 1633.9000000953674, 1798.5, 1951.0999999046326, 2109.300000190735, 2261.5, 2404.800000190735, 2562.800000190735, 2711.300000190735, 3020.4000000953674]",Q,14,88ee562c181acfde5b7f555cc11a25f7e5adad4445d17c6c06f4d759144522f1,train
1072,mathur,Q,1,Q_orient1,33,1,mathur/Q/orient1/tilt_neutral_neutral_1/landmarks_trimmed.json,20,20,18,"[0, 1, 2, 3, 4, 5, 6, 7, 8, 10, 11, 12, 13, 14, 15, 16, 17, 19]","[166.0, 322.0, 470.59999990463257, 624.0999999046326, 782.0, 863.5, 1017.4000000953674, 1177.2999997138977, 1339.5, 1660.5, 1820.2999997138977, 1971.4000000953674, 2130.0999999046326, 2283.0999999046326, 2437.7999997138977, 2588.5999999046326, 2739.2999997138977, 3041.9000000953674]",Q,14,6588ee1a80ad8ae6c43e3dcb5201528802c9d4584a1eede44df32f12932c0d96,train
1073,mathur,Q,1,Q_orient1,33,2,mathur/Q/orient1/tilt_neutral_neutral_2/landmarks_trimmed.json,20,20,18,"[0, 1, 2, 3, 4, 5, 6, 7, 8, 10, 11, 12, 13, 14, 15, 16, 17, 19]","[162.30000019073486, 321.1000003814697, 475.5, 623.5, 778.6000003814697, 934.8000001907349, 1093.3000001907349, 1242.9000000953674, 1400.8000001907349, 1699.6000003814697, 1849.3000001907349, 2006.6000003814697, 2156.7000002861023, 2317.2000002861023, 2473.2000002861023, 2616.1000003814697, 2781.1000003814697, 3083.6000003814697]",Q,14,390380529986106d180d6e887fbf40734ef7c1ec2daa966cd1b10c0e9ee51caf,test
1074,mathur,Q,1,Q_orient1,33,1,mathur/Q/orient1/tilt_neutral_toward_1/landmarks_trimmed.json,20,20,18,"[0, 1, 2, 3, 4, 5, 6, 7, 8, 10, 11, 12, 13, 14, 15, 16, 17, 19]","[150.40000009536743, 305.19999980926514, 458.69999980926514, 615.1999998092651, 765.9000000953674, 921.9000000953674, 1099.0, 1251.0, 1402.6999998092651, 1704.0, 1859.4000000953674, 2017.1999998092651, 2176.9000000953674, 2321.0, 2470.7999997138977, 2620.2999997138977, 2780.9000000953674, 3095.9000000953674]",Q,14,f06082bed38f3937dc98e8fe0fd7ceb9c157901898cfa5d9a3290682d39ca605,validation
1108,mathur,S,1,S_orient1,37,1,mathur/S/orient1/tilt_back_away_1/landmarks_trimmed.json,20,20,18,"[0, 1, 2, 3, 4, 5, 6, 7, 8, 10, 11, 12, 13, 14, 15, 16, 17, 19]","[158.59999990463257, 302.30000019073486, 463.69999980926514, 613.1999998092651, 757.1999998092651, 908.0999999046326, 1057.5999999046326, 1208.8000001907349, 1359.4000000953674, 1661.1999998092651, 1820.0999999046326, 1985.0999999046326, 2142.4000000953674, 2302.5999999046326, 2379.0, 2535.5999999046326, 2683.5, 3147.800000190735]",S,15,feffd6da798dc8e42784b76d6044c99fa2da2e60998c3f1336c26f90fd7660b2,validation
1109,mathur,S,1,S_orient1,37,1,mathur/S/orient1/tilt_back_neutral_1/landmarks_trimmed.json,21,21,18,"[0, 1, 2, 3, 4, 5, 7, 8, 9, 10, 11, 12, 14, 15, 16, 17, 18, 20]","[163.19999980926514, 240.90000009536743, 409.09999990463257, 562.5999999046326, 716.1999998092651, 867.7999997138977, 1175.5999999046326, 1331.9000000953674, 1487.0, 1644.7999997138977, 1796.9000000953674, 1952.6999998092651, 2179.199999809265, 2331.7999997138977, 2485.199999809265, 2641.5, 2802.5999999046326, 3108.699999809265]",S,15,38972636d7ab2bbb7f5faea72ff2874cef380b49a547c02251f3bfe2b3bcc850,test
1110,mathur,S,1,S_orient1,37,2,mathur/S/orient1/tilt_back_neutral_2/landmarks_trimmed.json,20,20,18,"[0, 1, 2, 3, 4, 5, 6, 7, 8, 10, 11, 12, 13, 14, 15, 16, 17, 19]","[161.90000009536743, 312.5, 470.0, 631.8000001907349, 786.8000001907349, 936.4000000953674, 1086.0, 1243.0, 1397.2000002861023, 1701.2000002861023, 1858.0999999046326, 2026.0, 2189.7000002861023, 2342.2000002861023, 2510.2000002861023, 2672.5999999046326, 2820.2000002861023, 3137.0]",S,15,9279f80066c782f82476da6562595b273bf6c9ef5752b374235fc7ac496ce293,train
1111,mathur,S,1,S_orient1,37,1,mathur/S/orient1/tilt_back_toward_1/landmarks_trimmed.json,21,21,18,"[0, 1, 2, 3, 4, 5, 7, 8, 9, 10, 11, 12, 14, 15, 16, 17, 18, 20]","[148.10000038146973, 303.30000019073486, 459.80000019073486, 614.0, 765.3000001907349, 923.3000001907349, 1221.7000002861023, 1366.1000003814697, 1519.9000000953674, 1668.5, 1822.0, 1972.7000002861023, 2282.5, 2434.800000190735, 2581.0, 2734.0, 2813.7000002861023, 3107.5]",S,15,3e5f97c7a1d3d2d9cb945a33872d0dba823f46d0d035e9f5147deea6ed3034bd,train
1112,mathur,S,1,S_orient1,37,1,mathur/S/orient1/tilt_forward_away_1/landmarks_trimmed.json,19,19,18,"[0, 1, 2, 3, 4, 5, 6, 7, 8, 9, 10, 11, 12, 13, 14, 15, 16, 18]","[162.09999990463257, 310.59999990463257, 468.19999980926514, 624.0999999046326, 784.1999998092651, 945.8999996185303, 1097.7999997138977, 1259.0999999046326, 1411.1999998092651, 1563.5999999046326, 1726.0, 1910.5999999046326, 2080.2999997138977, 2238.5, 2387.3999996185303, 2535.5, 2691.2999997138977, 3030.5999999046326]",S,15,4befe6aeba34c4944495c72c9a8191b2e78c275183d33d0f5dcdac9205ca1b56,train
1113,mathur,S,1,S_orient1,37,1,mathur/S/orient1/tilt_forward_neutral_1/landmarks_trimmed.json,20,20,18,"[0, 1, 2, 3, 4, 5, 6, 7, 8, 10, 11, 12, 13, 14, 15, 16, 17, 19]","[160.59999990463257, 310.40000009536743, 467.40000009536743, 614.4000000953674, 768.0999999046326, 921.3000001907349, 1072.8000001907349, 1231.0, 1381.5999999046326, 1692.9000000953674, 1835.5, 1991.1999998092651, 2149.800000190735, 2300.199999809265, 2455.5999999046326, 2605.699999809265, 2755.4000000953674, 3060.699999809265]",S,15,be923308608ccee9457a4a80a405d37feadb6d334fc3865a7284f5de7e9103f6,validation
1114,mathur,S,1,S_orient1,37,2,mathur/S/orient1/tilt_forward_neutral_2/landmarks_trimmed.json,20,20,18,"[0, 1, 2, 3, 4, 5, 6, 7, 8, 10, 11, 12, 13, 14, 15, 16, 17, 19]","[161.59999990463257, 316.59999990463257, 468.90000009536743, 613.9000000953674, 772.2999997138977, 934.6999998092651, 1086.1999998092651, 1243.4000000953674, 1396.7999997138977, 1707.4000000953674, 1856.7999997138977, 2012.9000000953674, 2168.5999999046326, 2324.699999809265, 2477.699999809265, 2622.0, 2782.2999997138977, 3090.699999809265]",S,15,19feef0280a7eb7d0b341f4bc853d05d5bde6c7b0856db85fefe5c82805c0eb0,train
1115,mathur,S,1,S_orient1,37,1,mathur/S/orient1/tilt_forward_toward_1/landmarks_trimmed.json,20,20,18,"[0, 1, 2, 3, 4, 5, 6, 7, 8, 10, 11, 12, 13, 14, 15, 16, 17, 19]","[161.59999990463257, 316.80000019073486, 471.40000009536743, 631.8000001907349, 782.4000000953674, 936.7000002861023, 1088.9000000953674, 1241.0, 1401.4000000953674, 1706.5999999046326, 1851.5, 2001.3000001907349, 2161.9000000953674, 2313.0, 2458.2000002861023, 2615.0, 2758.9000000953674, 3072.0]",S,15,28a54826d36e23e10dbcfde887f76169b88b3b49dca5a3caaca6ed9dcb51ab5c,train
1116,mathur,S,1,S_orient1,37,1,mathur/S/orient1/tilt_neutral_away_1/landmarks_trimmed.json,20,20,18,"[0, 1, 2, 3, 4, 5, 6, 7, 8, 10, 11, 12, 13, 14, 15, 16, 17, 19]","[152.69999980926514, 300.80000019073486, 446.5, 598.4000000953674, 750.5999999046326, 903.4000000953674, 1045.3000001907349, 1195.6999998092651, 1358.5, 1666.5, 1818.5999999046326, 1970.5, 2123.800000190735, 2263.699999809265, 2404.699999809265, 2564.300000190735, 2716.199999809265, 3014.4000000953674]",S,15,8aad140bd9f98e7b5d8642d2a84589340bd638d51531c7937c2adf884ffcffec,train
1117,mathur,S,1,S_orient1,37,1,mathur/S/orient1/tilt_neutral_neutral_1/landmarks_trimmed.json,20,20,18,"[0, 1, 2, 3, 4, 5, 6, 7, 8, 10, 11, 12, 13, 14, 15, 16, 17, 19]","[152.89999961853027, 313.2999997138977, 464.7999997138977, 617.0999999046326, 770.2999997138977, 920.7999997138977, 1071.8999996185303, 1228.0999999046326, 1376.5, 1684.5999999046326, 1844.5999999046326, 2004.1999998092651, 2155.0, 2304.199999809265, 2454.699999809265, 2601.7999997138977, 2763.5999999046326, 3077.0999999046326]",S,15,80d89d6c77e1b70289cc77d98ba125368a789f61dc90aa8543fb97a338d76336,train
1118,mathur,S,1,S_orient1,37,2,mathur/S/orient1/tilt_neutral_neutral_2/landmarks_trimmed.json,21,21,18,"[0, 1, 2, 3, 4, 5, 7, 8, 9, 10, 11, 12, 14, 15, 16, 17, 18, 20]","[153.90000009536743, 302.40000009536743, 457.69999980926514, 537.5, 695.6999998092651, 843.3000001907349, 1152.6999998092651, 1294.3000001907349, 1450.8000001907349, 1596.6999998092651, 1751.5, 1910.6999998092651, 2220.300000190735, 2374.9000000953674, 2524.9000000953674, 2681.5, 2837.4000000953674, 3142.199999809265]",S,15,fd4117b1446d31c3d5b2aed32cd1a355362572319b7379e9656f2b642ead67fe,train
1119,mathur,S,1,S_orient1,37,1,mathur/S/orient1/tilt_neutral_toward_1/landmarks_trimmed.json,20,20,18,"[0, 1, 2, 3, 4, 5, 6, 7, 8, 10, 11, 12, 13, 14, 15, 16, 17, 19]","[156.0, 312.69999980926514, 470.3999996185303, 619.8999996185303, 770.3999996185303, 924.3999996185303, 1077.5999999046326, 1231.1999998092651, 1387.0, 1699.7999997138977, 1854.5999999046326, 2011.6999998092651, 2160.199999809265, 2317.0, 2471.8999996185303, 2623.5999999046326, 2786.7999997138977, 3099.199999809265]",S,15,a5de69a5fa02ff8b8cdb07728b68b68b871484b5f02ff3f4edd10abd4ce9ae5d,train
1120,mathur,T,1,T_orient1,38,1,mathur/T/orient1/tilt_back_away_1/landmarks_trimmed.json,20,20,18,"[0, 1, 2, 3, 4, 5, 6, 7, 8, 10, 11, 12, 13, 14, 15, 16, 17, 19]","[166.0, 307.30000019073486, 458.19999980926514, 607.1999998092651, 761.9000000953674, 920.5999999046326, 1076.5999999046326, 1231.0999999046326, 1386.1999998092651, 1698.0, 1861.9000000953674, 2019.1999998092651, 2170.0, 2329.9000000953674, 2483.0, 2634.5, 2797.0, 3110.699999809265]",T,16,ff606f0229f078886e2e3281705317f8d6366e27ff0cecd4e80fe4bb6fb64a6c,test
1121,mathur,T,1,T_orient1,38,1,mathur/T/orient1/tilt_back_neutral_1/landmarks_trimmed.json,20,20,18,"[0, 1, 2, 3, 4, 5, 6, 7, 8, 10, 11, 12, 13, 14, 15, 16, 17, 19]","[154.89999961853027, 312.8999996185303, 459.59999990463257, 612.5999999046326, 760.8999996185303, 909.0, 1069.6999998092651, 1217.7999997138977, 1377.2999997138977, 1687.0, 1849.2999997138977, 1992.3999996185303, 2142.7999997138977, 2294.7999997138977, 2444.8999996185303, 2605.199999809265, 2756.0999999046326, 3053.5]",T,16,dc99157480ccab8439dd0bc662ffb7f2cc730894324cd31f18f9599b61ea752f,train
1122,mathur,T,1,T_orient1,38,2,mathur/T/orient1/tilt_back_neutral_2/landmarks_trimmed.json,20,20,18,"[0, 1, 2, 3, 4, 5, 6, 7, 8, 10, 11, 12, 13, 14, 15, 16, 17, 19]","[158.69999980926514, 310.19999980926514, 468.09999990463257, 633.4000000953674, 791.6999998092651, 944.5999999046326, 1092.2999997138977, 1245.2999997138977, 1394.5, 1706.4000000953674, 1859.6999998092651, 2018.0999999046326, 2171.0, 2329.2999997138977, 2483.5999999046326, 2635.7999997138977, 2786.7999997138977, 3095.5]",T,16,0195de8771ed7feb0a9aa031bd0c9335e459603e50de4c0cfb8c826587bdb659,train
1123,mathur,T,1,T_orient1,38,1,mathur/T/orient1/tilt_back_toward_1/landmarks_trimmed.json,20,20,18,"[0, 1, 2, 3, 4, 5, 6, 7, 8, 10, 11, 12, 13, 14, 15, 16, 17, 19]","[163.59999990463257, 325.40000009536743, 475.0, 627.5999999046326, 780.5, 935.6999998092651, 1086.9000000953674, 1243.6999998092651, 1402.4000000953674, 1704.5999999046326, 1851.6999998092651, 2004.0999999046326, 2148.7999997138977, 2303.5, 2460.4000000953674, 2622.2999997138977, 2771.4000000953674, 3081.7999997138977]",T,16,d102422da2bcb7f80c3831483ab1d28b3615a7c2a18c4903e5e9615deb29d0a2,train
1124,mathur,T,1,T_orient1,38,1,mathur/T/orient1/tilt_forward_away_1/landmarks_trimmed.json,20,20,18,"[0, 1, 2, 3, 4, 5, 6, 7, 8, 10, 11, 12, 13, 14, 15, 16, 17, 19]","[158.09999990463257, 305.69999980926514, 464.59999990463257, 627.6999998092651, 780.9000000953674, 931.0999999046326, 1089.0, 1237.8000001907349, 1318.1999998092651, 1634.1999998092651, 1784.9000000953674, 1942.0999999046326, 2091.199999809265, 2247.9000000953674, 2405.0999999046326, 2558.800000190735, 2709.300000190735, 3030.9000000953674]",T,16,5a2320e6b21adb7c2defb0872d327e91c44f38a58d2a2bdfaf05ea196a2fcfd1,train
1125,mathur,T,1,T_orient1,38,1,mathur/T/orient1/tilt_forward_neutral_1/landmarks_trimmed.json,19,19,18,"[0, 1, 2, 3, 4, 5, 6, 7, 8, 9, 10, 11, 12, 13, 14, 15, 16, 18]","[181.09999990463257, 351.80000019073486, 523.3000001907349, 685.5, 851.9000000953674, 994.0999999046326, 1156.0999999046326, 1334.5999999046326, 1516.3000001907349, 1677.5999999046326, 1828.4000000953674, 2005.8000001907349, 2154.9000000953674, 2311.5, 2483.2000002861023, 2647.300000190735, 2810.4000000953674, 3124.5999999046326]",T,16,82be36166912f3d78d7ccfa01db10b6bc65a066f15134d516de968858ecc04dd,validation
1126,mathur,T,1,T_orient1,38,2,mathur/T/orient1/tilt_forward_neutral_2/landmarks_trimmed.json,20,20,18,"[0, 1, 2, 3, 4, 5, 6, 7, 8, 10, 11, 12, 13, 14, 15, 16, 17, 19]","[153.7000002861023, 306.40000009536743, 392.59999990463257, 465.5, 623.3000001907349, 782.5, 949.8000001907349, 1114.5999999046326, 1270.3000001907349, 1589.9000000953674, 1746.9000000953674, 1903.4000000953674, 2054.0, 2211.0, 2368.4000000953674, 2532.300000190735, 2700.4000000953674, 3015.2000002861023]",T,16,c346964c8f8e193c8a3a88d2bf16164911c82729d6d308d01b0dd68cab3c3ba6,train
1127,mathur,T,1,T_orient1,38,1,mathur/T/orient1/tilt_forward_toward_1/landmarks_trimmed.json,19,19,18,"[0, 1, 2, 3, 4, 5, 6, 7, 8, 9, 10, 11, 12, 13, 14, 15, 16, 18]","[172.0, 337.5, 537.0999999046326, 720.5999999046326, 889.8000001907349, 1044.4000000953674, 1230.5999999046326, 1391.0999999046326, 1547.5, 1715.6999998092651, 1874.9000000953674, 2017.8000001907349, 2170.4000000953674, 2344.199999809265, 2511.5999999046326, 2590.5, 2752.9000000953674, 3098.5999999046326]",T,16,d5cd6714a6eca20edcf51e0097e3ef4e9b8b768e6083a921e5895d7c75e21806,train
1128,mathur,T,1,T_orient1,38,1,mathur/T/orient1/tilt_neutral_away_1/landmarks_trimmed.json,20,20,18,"[0, 1, 2, 3, 4, 5, 6, 7, 8, 10, 11, 12, 13, 14, 15, 16, 17, 19]","[156.90000009536743, 245.7000002861023, 416.40000009536743, 564.6000003814697, 718.9000000953674, 870.2000002861023, 1023.8000001907349, 1180.4000000953674, 1331.0, 1631.9000000953674, 1783.8000001907349, 1939.7000002861023, 2088.0, 2244.9000000953674, 2395.7000002861023, 2545.5, 2700.6000003814697, 3002.5]",T,16,849f60b16b00f0be208a706e7080c248c82f80b3280aa440817e4473b0f9a916,validation
1129,mathur,T,1,T_orient1,38,1,mathur/T/orient1/tilt_neutral_neutral_1/landmarks_trimmed.json,20,20,18,"[0, 1, 2, 3, 4, 5, 6, 7, 8, 10, 11, 12, 13, 14, 15, 16, 17, 19]","[163.30000019073486, 309.5, 466.6000003814697, 624.6000003814697, 784.9000000953674, 941.1000003814697, 1091.4000000953674, 1241.2000002861023, 1399.3000001907349, 1708.1000003814697, 1860.0, 2020.9000000953674, 2172.300000190735, 2323.4000000953674, 2484.4000000953674, 2628.0, 2787.300000190735, 3112.800000190735]",T,16,eb1d9262cb01cc5343f101adb4792329997b06008cd20e3a1336b327184b4b0f,train
1130,mathur,T,1,T_orient1,38,2,mathur/T/orient1/tilt_neutral_neutral_2/landmarks_trimmed.json,20,20,18,"[0, 1, 2, 3, 4, 5, 6, 7, 8, 10, 11, 12, 13, 14, 15, 16, 17, 19]","[153.19999980926514, 297.69999980926514, 451.30000019073486, 601.4000000953674, 745.1999998092651, 899.5, 1050.3000001907349, 1209.4000000953674, 1361.6999998092651, 1675.5, 1837.1999998092651, 1987.4000000953674, 2144.9000000953674, 2294.800000190735, 2446.9000000953674, 2605.5, 2758.800000190735, 3059.199999809265]",T,16,e967c84ebf4ae35cc196defb22387d5a8ba91cbf41cbd64d2e224dac15db3867,train
1131,mathur,T,1,T_orient1,38,1,mathur/T/orient1/tilt_neutral_toward_1/landmarks_trimmed.json,20,20,18,"[0, 1, 2, 3, 4, 5, 6, 7, 8, 10, 11, 12, 13, 14, 15, 16, 17, 19]","[156.40000009536743, 302.7999997138977, 459.69999980926514, 613.0999999046326, 762.2999997138977, 920.0999999046326, 1072.0, 1230.0, 1389.4000000953674, 1702.1999998092651, 1847.5999999046326, 2002.1999998092651, 2162.5, 2317.0999999046326, 2477.199999809265, 2552.0, 2771.5, 3109.7999997138977]",T,16,d982db5d6aa5979833ca6a133c1cf6dfe129d9ed368faef6134e6a07a81810bc,train
1132,mathur,U,1,U_orient1,39,1,mathur/U/orient1/tilt_back_away_1/landmarks_trimmed.json,20,20,18,"[0, 1, 2, 3, 4, 5, 6, 7, 8, 10, 11, 12, 13, 14, 15, 16, 17, 19]","[152.09999990463257, 307.5, 462.0, 608.0, 755.6999998092651, 909.0999999046326, 1057.7999997138977, 1205.1999998092651, 1362.2999997138977, 1665.1999998092651, 1817.4000000953674, 1968.9000000953674, 2124.2999997138977, 2281.2999997138977, 2432.699999809265, 2586.0999999046326, 2737.5, 3040.9000000953674]",U,17,b5d391289399595a2d85cf8d53280d6c8da4060186e886b477f1bbe23885e24f,train
1133,mathur,U,1,U_orient1,39,1,mathur/U/orient1/tilt_back_neutral_1/landmarks_trimmed.json,20,20,18,"[0, 1, 2, 3, 4, 5, 6, 7, 8, 10, 11, 12, 13, 14, 15, 16, 17, 19]","[158.2999997138977, 306.5, 457.7999997138977, 615.3999996185303, 764.5, 921.3999996185303, 1082.0999999046326, 1236.6999998092651, 1396.3999996185303, 1707.0999999046326, 1866.5, 2024.6999998092651, 2179.199999809265, 2329.5999999046326, 2486.699999809265, 2641.8999996185303, 2792.0, 3116.2999997138977]",U,17,77b5e5d956eee4e6616ca836a17f97710713a9d575b0ba7c47e5da4902f9e11f,test
1134,mathur,U,1,U_orient1,39,2,mathur/U/orient1/tilt_back_neutral_2/landmarks_trimmed.json,20,20,18,"[0, 1, 2, 3, 4, 5, 6, 7, 8, 10, 11, 12, 13, 14, 15, 16, 17, 19]","[159.90000009536743, 317.90000009536743, 475.6000003814697, 620.0, 778.2000002861023, 938.5, 1093.1000003814697, 1249.0, 1414.9000000953674, 1728.6000003814697, 1884.2000002861023, 2052.300000190735, 2199.0, 2358.2000002861023, 2523.7000002861023, 2670.4000000953674, 2823.7000002861023, 3127.5]",U,17,c6a717b6755a553314436747784a2f3bafc65455455107c008e87dc0e892b382,train
1135,mathur,U,1,U_orient1,39,1,mathur/U/orient1/tilt_back_toward_1/landmarks_trimmed.json,20,20,18,"[0, 1, 2, 3, 4, 5, 6, 7, 8, 10, 11, 12, 13, 14, 15, 16, 17, 19]","[164.0, 311.5, 483.19999980926514, 634.8000001907349, 797.1999998092651, 957.4000000953674, 1113.0, 1274.4000000953674, 1437.6999998092651, 1761.6999998092651, 1909.5999999046326, 2064.5999999046326, 2209.199999809265, 2363.4000000953674, 2526.300000190735, 2673.5999999046326, 2830.5999999046326, 3139.9000000953674]",U,17,6d29cb3a45d34cd994c5fd7a5d76375af226ef9bb919847f0f523b6c6da6b207,train
1136,mathur,U,1,U_orient1,39,1,mathur/U/orient1/tilt_forward_away_1/landmarks_trimmed.json,21,21,18,"[0, 1, 2, 3, 4, 5, 7, 8, 9, 10, 11, 12, 14, 15, 16, 17, 18, 20]","[155.5, 302.2000002861023, 455.80000019073486, 611.5999999046326, 687.5, 844.5999999046326, 1153.9000000953674, 1303.7000002861023, 1455.7000002861023, 1614.7000002861023, 1768.5, 1923.0, 2150.5, 2305.5, 2459.300000190735, 2605.9000000953674, 2765.5, 3065.0999999046326]",U,17,05d707d83e1d7173a547a9ac36e1223c8c208ef1994ca83f2ab8a5a7598388e2,validation
1137,mathur,U,1,U_orient1,39,1,mathur/U/orient1/tilt_forward_neutral_1/landmarks_trimmed.json,21,21,18,"[0, 1, 2, 3, 4, 5, 7, 8, 9, 10, 11, 12, 14, 15, 16, 17, 18, 20]","[160.69999980926514, 311.30000019073486, 472.19999980926514, 623.4000000953674, 774.0, 928.0999999046326, 1231.5, 1387.1999998092651, 1539.6999998092651, 1619.6999998092651, 1775.0999999046326, 1923.0, 2234.5, 2379.699999809265, 2540.9000000953674, 2692.699999809265, 2845.9000000953674, 3143.300000190735]",U,17,a626ca6f0f27b4d48c7c0999dcc452e306a9e085844fe4e1faedaa3a922ce7df,train
1138,mathur,U,1,U_orient1,39,2,mathur/U/orient1/tilt_forward_neutral_2/landmarks_trimmed.json,20,20,18,"[0, 1, 2, 3, 4, 5, 6, 7, 8, 10, 11, 12, 13, 14, 15, 16, 17, 19]","[166.39999961853027, 328.7999997138977, 478.19999980926514, 639.8999996185303, 789.6999998092651, 939.2999997138977, 1101.0999999046326, 1254.8999996185303, 1417.5999999046326, 1731.2999997138977, 1887.5, 2039.5, 2184.3999996185303, 2338.7999997138977, 2489.0, 2642.5999999046326, 2790.5999999046326, 3105.0]",U,17,99a9b257f06475a5015501da9708cbf3e8a51911d91f0bceaaf50dd5147d546c,test
1139,mathur,U,1,U_orient1,39,1,mathur/U/orient1/tilt_forward_toward_1/landmarks_trimmed.json,20,20,18,"[0, 1, 2, 3, 4, 5, 6, 7, 8, 10, 11, 12, 13, 14, 15, 16, 17, 19]","[158.60000038146973, 307.40000009536743, 450.90000009536743, 608.2000002861023, 763.1000003814697, 915.8000001907349, 1067.1000003814697, 1216.5, 1368.7000002861023, 1677.2000002861023, 1832.1000003814697, 1991.9000000953674, 2143.9000000953674, 2302.300000190735, 2461.300000190735, 2611.1000003814697, 2766.2000002861023, 3076.7000002861023]",U,17,249a42ad462bc4a142ceaca2afbaa12975c87900967e33278efc6ce3920866a3,train
1140,mathur,U,1,U_orient1,39,1,mathur/U/orient1/tilt_neutral_away_1/landmarks_trimmed.json,21,21,18,"[0, 1, 2, 3, 4, 5, 7, 8, 9, 10, 11, 12, 14, 15, 16, 17, 18, 20]","[154.69999980926514, 303.8999996185303, 460.59999990463257, 607.0999999046326, 754.0, 902.0999999046326, 1205.1999998092651, 1285.0999999046326, 1441.8999996185303, 1587.0, 1745.8999996185303, 1900.2999997138977, 2209.7999997138977, 2362.3999996185303, 2518.2999997138977, 2678.3999996185303, 2838.699999809265, 3148.5]",U,17,acb901ba652a27d45b4f82a0a1fd118708ca9b8ec2f71ce6c2249f6f0f57483d,train
1141,mathur,U,1,U_orient1,39,1,mathur/U/orient1/tilt_neutral_neutral_1/landmarks_trimmed.json,20,20,18,"[0, 1, 2, 3, 4, 5, 6, 7, 8, 10, 11, 12, 13, 14, 15, 16, 17, 19]","[159.69999980926514, 312.09999990463257, 454.69999980926514, 608.1999998092651, 760.0, 916.5, 1071.5999999046326, 1223.0999999046326, 1374.6999998092651, 1682.5, 1837.1999998092651, 1997.4000000953674, 2150.0999999046326, 2303.800000190735, 2454.0, 2608.4000000953674, 2764.0999999046326, 3122.0999999046326]",U,17,69bce2c59f2ef063578e59ba0b244d72dae6b5cbf45a05c06c2adb6270dca593,train
1142,mathur,U,1,U_orient1,39,2,mathur/U/orient1/tilt_neutral_neutral_2/landmarks_trimmed.json,20,20,18,"[0, 1, 2, 3, 4, 5, 6, 7, 8, 10, 11, 12, 13, 14, 15, 16, 17, 19]","[171.59999990463257, 341.7000002861023, 497.5, 655.0, 818.8000001907349, 964.8000001907349, 1122.7000002861023, 1284.0999999046326, 1438.3000001907349, 1748.0, 1900.5, 2054.2000002861023, 2210.0, 2366.300000190735, 2537.2000002861023, 2687.800000190735, 2836.2000002861023, 3137.300000190735]",U,17,a98f40a2d5d80c97cf9c4bafc64009e282ea66c7bf2562d9053886ebc50c1a92,train
1143,mathur,U,2,U_orient2,40,1,mathur/U/orient2/tilt_back_away_1/landmarks_trimmed.json,21,21,18,"[0, 1, 2, 3, 4, 5, 7, 8, 9, 10, 11, 12, 14, 15, 16, 17, 18, 20]","[155.09999990463257, 309.7999997138977, 466.8999996185303, 619.1999998092651, 779.0999999046326, 931.5, 1256.5, 1418.6999998092651, 1577.0, 1735.0999999046326, 1886.8999996185303, 2044.5999999046326, 2353.0999999046326, 2504.2999997138977, 2662.7999997138977, 2673.5999999046326, 2827.3999996185303, 3140.0]",U,17,e7d7ce328ad462463fd02afb676bb11c6e5bf5597b153ef881aad86b70b24ad7,train
1144,mathur,U,2,U_orient2,40,1,mathur/U/orient2/tilt_back_neutral_1/landmarks_trimmed.json,20,20,18,"[0, 1, 2, 3, 4, 5, 6, 7, 8, 10, 11, 12, 13, 14, 15, 16, 17, 19]","[161.5, 321.09999990463257, 467.3999996185303, 627.2999997138977, 782.2999997138977, 938.0999999046326, 1095.7999997138977, 1243.8999996185303, 1384.5999999046326, 1695.8999996185303, 1859.5999999046326, 2007.8999996185303, 2165.0999999046326, 2323.5, 2466.5999999046326, 2625.8999996185303, 2784.199999809265, 3093.5]",U,17,7cdb11af432ba73031448a18dab4bc55a8eed733f9a539023950db004727e3a1,train
1145,mathur,U,2,U_orient2,40,2,mathur/U/orient2/tilt_back_neutral_2/landmarks_trimmed.json,20,20,18,"[0, 1, 2, 3, 4, 5, 6, 7, 8, 10, 11, 12, 13, 14, 15, 16, 17, 19]","[164.19999980926514, 323.40000009536743, 480.5, 640.0, 792.7999997138977, 947.6999998092651, 1095.9000000953674, 1247.7999997138977, 1407.2999997138977, 1716.0999999046326, 1868.1999998092651, 2016.9000000953674, 2175.0, 2319.5, 2478.5999999046326, 2630.5999999046326, 2783.2999997138977, 3091.9000000953674]",U,17,4d000b8e94e5be363479ba79787dbbdcfa174e192c7d6fb96cd1dd4e8e88f4d5,train
1146,mathur,U,2,U_orient2,40,1,mathur/U/orient2/tilt_back_toward_1/landmarks_trimmed.json,20,20,18,"[0, 1, 2, 3, 4, 5, 6, 7, 8, 10, 11, 12, 13, 14, 15, 16, 17, 19]","[158.0, 307.7000002861023, 476.0, 622.8000001907349, 781.2000002861023, 935.8000001907349, 1087.8000001907349, 1244.6000003814697, 1389.4000000953674, 1700.2000002861023, 1846.1000003814697, 2004.8000001907349, 2163.1000003814697, 2315.4000000953674, 2473.6000003814697, 2619.1000003814697, 2781.1000003814697, 3090.800000190735]",U,17,10e71807cd82343d12fb58c159873952370fa6cb42078d16b4750d025f1af834,train
1147,mathur,U,2,U_orient2,40,1,mathur/U/orient2/tilt_forward_away_1/landmarks_trimmed.json,21,21,18,"[0, 1, 2, 3, 4, 5, 7, 8, 9, 10, 11, 12, 14, 15, 16, 17, 18, 20]","[165.59999990463257, 320.09999990463257, 400.19999980926514, 556.0, 702.7999997138977, 863.1999998092651, 1156.3999996185303, 1303.2999997138977, 1458.0999999046326, 1616.8999996185303, 1764.1999998092651, 1919.5, 2234.199999809265, 2386.5999999046326, 2546.699999809265, 2698.699999809265, 2774.3999996185303, 3092.5999999046326]",U,17,cbf06bb6a59c3168093771196471947438b37a56107509f9135cf59375993a26,train
1148,mathur,U,2,U_orient2,40,1,mathur/U/orient2/tilt_forward_neutral_1/landmarks_trimmed.json,20,20,18,"[0, 1, 2, 3, 4, 5, 6, 7, 8, 10, 11, 12, 13, 14, 15, 16, 17, 19]","[162.90000009536743, 322.19999980926514, 477.40000009536743, 634.5999999046326, 793.4000000953674, 946.0999999046326, 1093.5999999046326, 1249.0999999046326, 1409.5999999046326, 1704.5999999046326, 1857.0999999046326, 2013.9000000953674, 2177.0, 2337.4000000953674, 2496.4000000953674, 2566.9000000953674, 2727.300000190735, 3040.800000190735]",U,17,307b6c2ec449110ddc34e4ba374a8bd1702583c054cd2779b7a47a3d82b23abc,validation
1149,mathur,U,2,U_orient2,40,2,mathur/U/orient2/tilt_forward_neutral_2/landmarks_trimmed.json,20,20,18,"[0, 1, 2, 3, 4, 5, 6, 7, 8, 10, 11, 12, 13, 14, 15, 16, 17, 19]","[151.2000002861023, 309.30000019073486, 465.7000002861023, 624.9000000953674, 779.0, 938.5, 1090.4000000953674, 1238.8000001907349, 1397.6000003814697, 1716.3000001907349, 1868.4000000953674, 2020.1000003814697, 2180.4000000953674, 2326.1000003814697, 2474.800000190735, 2638.2000002861023, 2790.800000190735, 3100.1000003814697]",U,17,8c81840d92713ec18eea2ecdfa567376326815f0634d29ede0a690f087faad00,train
1150,mathur,U,2,U_orient2,40,1,mathur/U/orient2/tilt_forward_toward_1/landmarks_trimmed.json,20,20,18,"[0, 1, 2, 3, 4, 5, 6, 7, 8, 10, 11, 12, 13, 14, 15, 16, 17, 19]","[158.5, 318.80000019073486, 472.0, 632.4000000953674, 801.7000002861023, 988.0, 1149.0, 1307.9000000953674, 1477.3000001907349, 1818.7000002861023, 1978.5, 2133.300000190735, 2275.1000003814697, 2419.6000003814697, 2574.2000002861023, 2717.5, 2861.800000190735, 3087.7000002861023]",U,17,7507ed32a742087dc448061a2a62096c05a5c2dd6a97f14bc0a06c020bb2768c,train
1151,mathur,U,2,U_orient2,40,1,mathur/U/orient2/tilt_neutral_away_1/landmarks_trimmed.json,20,20,18,"[0, 1, 2, 3, 4, 5, 6, 7, 8, 10, 11, 12, 13, 14, 15, 16, 17, 19]","[150.0, 303.7000002861023, 460.80000019073486, 620.4000000953674, 777.7000002861023, 931.8000001907349, 1089.5, 1235.3000001907349, 1393.7000002861023, 1711.2000002861023, 1856.7000002861023, 2016.2000002861023, 2167.800000190735, 2316.5, 2394.800000190735, 2554.0, 2707.6000003814697, 3015.300000190735]",U,17,dbc1eac90388a2508dcd24e31b06ef3759e33069f6394ff8ef46b574fa67b1c4,train
1152,mathur,U,2,U_orient2,40,2,mathur/U/orient2/tilt_neutral_neutral_2/landmarks_trimmed.json,20,20,18,"[0, 1, 2, 3, 4, 5, 6, 7, 8, 10, 11, 12, 13, 14, 15, 16, 17, 19]","[153.09999990463257, 311.0, 463.59999990463257, 616.9000000953674, 775.0, 930.3000001907349, 1098.0, 1254.9000000953674, 1406.5, 1698.1999998092651, 1846.5999999046326, 1986.5999999046326, 2140.699999809265, 2308.699999809265, 2463.0, 2624.800000190735, 2785.300000190735, 3092.699999809265]",U,17,ac2c5886fc84950cdaf1913401c39b081fe8e17406c33109cad26763b4e2da69,test
1153,mathur,U,2,U_orient2,40,1,mathur/U/orient2/tilt_neutral_toward_1/landmarks_trimmed.json,20,20,18,"[0, 1, 2, 3, 4, 5, 6, 7, 8, 10, 11, 12, 13, 14, 15, 16, 17, 19]","[161.40000009536743, 306.7999997138977, 462.09999990463257, 614.2999997138977, 759.6999998092651, 901.9000000953674, 1061.0, 1216.9000000953674, 1360.6999998092651, 1653.5999999046326, 1810.0999999046326, 1961.9000000953674, 2115.0, 2272.5999999046326, 2419.699999809265, 2573.699999809265, 2728.5, 3038.5999999046326]",U,17,75996568e00b5e8c4e5d6ecf578db51effc760876aa906eeb85b44d36857586f,train
1154,mathur,U,3,U_orient3,41,1,mathur/U/orient3/tilt_back_away_1/landmarks_trimmed.json,20,20,18,"[0, 1, 2, 3, 4, 5, 6, 7, 8, 10, 11, 12, 13, 14, 15, 16, 17, 19]","[153.69999980926514, 314.09999990463257, 467.90000009536743, 626.0999999046326, 777.6999998092651, 931.0, 1084.0999999046326, 1237.4000000953674, 1392.5, 1698.3000001907349, 1857.6999998092651, 2017.4000000953674, 2170.0999999046326, 2325.0, 2468.800000190735, 2614.5999999046326, 2769.5999999046326, 3077.699999809265]",U,17,45f0486121c24c5e4e16eee070bedf33dc85f4552799a04262afae59cc8be8bb,train
1155,mathur,U,3,U_orient3,41,1,mathur/U/orient3/tilt_back_neutral_1/landmarks_trimmed.json,20,20,18,"[0, 1, 2, 3, 4, 5, 6, 7, 8, 10, 11, 12, 13, 14, 15, 16, 17, 19]","[163.5, 318.0, 471.0, 617.2999997138977, 762.1999998092651, 915.4000000953674, 1060.4000000953674, 1208.0, 1364.9000000953674, 1667.0, 1818.0, 1965.0999999046326, 2116.5, 2267.9000000953674, 2419.2999997138977, 2579.4000000953674, 2730.699999809265, 3049.9000000953674]",U,17,6311c9be4409bf73b86a4cadf1ddaaf1ca044fc7709f75c24788f1439777562c,train
1156,mathur,U,3,U_orient3,41,2,mathur/U/orient3/tilt_back_neutral_2/landmarks_trimmed.json,20,20,18,"[0, 1, 2, 3, 4, 5, 6, 7, 8, 10, 11, 12, 13, 14, 15, 16, 17, 19]","[143.90000009536743, 294.80000019073486, 449.6000003814697, 599.1000003814697, 743.2000002861023, 897.1000003814697, 1048.7000002861023, 1211.8000001907349, 1374.9000000953674, 1671.2000002861023, 1832.5, 1985.5, 2138.4000000953674, 2292.800000190735, 2444.5, 2604.7000002861023, 2759.300000190735, 3065.4000000953674]",U,17,b52cafdc1426d56bd1032ca27e225faf55f6dac5277dda756eb294de5c9ad53e,train
1157,mathur,U,3,U_orient3,41,1,mathur/U/orient3/tilt_back_toward_1/landmarks_trimmed.json,20,20,18,"[0, 1, 2, 3, 4, 5, 6, 7, 8, 10, 11, 12, 13, 14, 15, 16, 17, 19]","[158.40000009536743, 302.80000019073486, 454.30000019073486, 598.0999999046326, 752.1999998092651, 898.3000001907349, 1053.3000001907349, 1214.1999998092651, 1360.0, 1657.4000000953674, 1815.5999999046326, 1969.6999998092651, 2125.5999999046326, 2277.0999999046326, 2434.9000000953674, 2586.699999809265, 2741.0, 3035.5999999046326]",U,17,8553c8a06dfe0e21549b1710e57e7536ea6f08e45de2ebdf44947445be6258d0,test
1158,mathur,U,3,U_orient3,41,1,mathur/U/orient3/tilt_forward_away_1/landmarks_trimmed.json,20,20,18,"[0, 1, 2, 3, 4, 5, 6, 7, 8, 10, 11, 12, 13, 14, 15, 16, 17, 19]","[179.5, 329.59999990463257, 491.2999997138977, 653.0999999046326, 802.9000000953674, 954.6999998092651, 1119.2999997138977, 1280.5999999046326, 1439.4000000953674, 1741.5999999046326, 1895.2999997138977, 2052.5, 2224.0, 2322.9000000953674, 2473.0999999046326, 2626.0, 2792.0, 3112.2999997138977]",U,17,09bef68511fbb7fbe602af1d79982850a4f1ae6db46631975af440a30ab3437e,train
1159,mathur,U,3,U_orient3,41,1,mathur/U/orient3/tilt_forward_neutral_1/landmarks_trimmed.json,20,20,18,"[0, 1, 2, 3, 4, 5, 6, 7, 8, 10, 11, 12, 13, 14, 15, 16, 17, 19]","[165.30000019073486, 315.09999990463257, 467.30000019073486, 619.5999999046326, 775.9000000953674, 931.0, 1083.3000001907349, 1236.0, 1395.0999999046326, 1699.1999998092651, 1855.6999998092651, 2012.5, 2166.0, 2326.9000000953674, 2480.0, 2628.5, 2787.5999999046326, 3101.5]",U,17,37b4d9483bee6a371abcfdf6db566e9876eb5c175d0131fae2c595fc2ab8914a,validation
1160,mathur,U,3,U_orient3,41,2,mathur/U/orient3/tilt_forward_neutral_2/landmarks_trimmed.json,18,18,18,"[0, 1, 2, 3, 4, 5, 6, 7, 8, 9, 10, 11, 12, 13, 14, 15, 16, 17]","[172.09999990463257, 322.90000009536743, 472.7999997138977, 625.5, 782.6999998092651, 932.5, 1095.2999997138977, 1271.2999997138977, 1430.9000000953674, 1584.9000000953674, 1750.5999999046326, 1913.1999998092651, 2071.0, 2227.5, 2381.0, 2701.5999999046326, 2863.0999999046326, 3005.4000000953674]",U,17,12b67552382ac1c3138d3770d5dfb969cebc4bff4e0c57e8c67ad79da5f11511,train
1161,mathur,U,3,U_orient3,41,1,mathur/U/orient3/tilt_forward_toward_1/landmarks_trimmed.json,19,19,18,"[0, 1, 2, 3, 4, 5, 6, 7, 8, 9, 10, 11, 12, 13, 14, 15, 16, 18]","[159.69999980926514, 307.59999990463257, 462.69999980926514, 613.5, 931.3000001907349, 1084.9000000953674, 1236.5999999046326, 1390.9000000953674, 1544.5, 1699.8000001907349, 1855.4000000953674, 2010.9000000953674, 2160.5999999046326, 2315.800000190735, 2471.0, 2618.0, 2769.5, 3089.0]",U,17,600aacca74ff70ec3b4d4c2c16bf93726f6f9593d8cf3d5763813c5a902284e4,train
1162,mathur,U,3,U_orient3,41,1,mathur/U/orient3/tilt_neutral_away_1/landmarks_trimmed.json,20,20,18,"[0, 1, 2, 3, 4, 5, 6, 7, 8, 10, 11, 12, 13, 14, 15, 16, 17, 19]","[161.30000019073486, 235.90000009536743, 393.19999980926514, 541.1999998092651, 698.0, 851.9000000953674, 1000.5, 1155.5999999046326, 1310.0, 1624.0999999046326, 1775.5, 1931.9000000953674, 2088.699999809265, 2245.800000190735, 2401.9000000953674, 2548.699999809265, 2710.300000190735, 3023.4000000953674]",U,17,3b02e5c4be7a1835a4164dc80470b25e12a9aa4b7affc2ac5cd2c32e3a95853f,validation
1163,mathur,U,3,U_orient3,41,1,mathur/U/orient3/tilt_neutral_neutral_1/landmarks_trimmed.json,20,20,18,"[0, 1, 2, 3, 4, 5, 6, 7, 8, 10, 11, 12, 13, 14, 15, 16, 17, 19]","[156.39999961853027, 308.19999980926514, 464.3999996185303, 625.2999997138977, 779.0, 938.5, 1092.8999996185303, 1250.3999996185303, 1396.5, 1697.6999998092651, 1852.6999998092651, 2007.3999996185303, 2171.2999997138977, 2325.5999999046326, 2481.199999809265, 2641.3999996185303, 2800.7999997138977, 3105.5]",U,17,00471a05e17bda6fc169f75d2e22e14079be96a96c3e1063c4aa84c53c3984de,validation
1164,mathur,U,3,U_orient3,41,2,mathur/U/orient3/tilt_neutral_neutral_2/landmarks_trimmed.json,19,19,18,"[0, 1, 2, 3, 4, 5, 6, 7, 8, 9, 10, 11, 12, 13, 14, 15, 16, 18]","[158.0, 323.90000009536743, 484.5, 636.8000001907349, 796.5, 956.4000000953674, 1106.9000000953674, 1266.5999999046326, 1426.0999999046326, 1583.6999998092651, 1740.1999998092651, 1893.1999998092651, 2049.5999999046326, 2363.300000190735, 2517.9000000953674, 2672.5, 2831.199999809265, 3144.5999999046326]",U,17,e3614d06baf34447b7e3591c13149e6ba3e9817ae7515d69981e99668deae9b3,train
1165,mathur,U,3,U_orient3,41,1,mathur/U/orient3/tilt_neutral_toward_1/landmarks_trimmed.json,20,20,18,"[0, 1, 2, 3, 4, 5, 6, 7, 8, 10, 11, 12, 13, 14, 15, 16, 17, 19]","[166.59999990463257, 320.0, 468.69999980926514, 622.9000000953674, 793.4000000953674, 954.2999997138977, 1107.5999999046326, 1261.9000000953674, 1418.5, 1647.9000000953674, 1811.4000000953674, 1960.5999999046326, 2117.0999999046326, 2275.2999997138977, 2426.5999999046326, 2583.5999999046326, 2741.4000000953674, 3059.0]",U,17,08e5b98860ccde7214f423d3975c0b9aab325e20f543b5daab9eb2718152ed43,train
1166,mathur,V,1,V_orient1,42,1,mathur/V/orient1/tilt_back_away_1/landmarks_trimmed.json,18,18,18,"[0, 1, 2, 3, 4, 5, 6, 7, 8, 9, 10, 11, 12, 13, 14, 15, 16, 17]","[188.59999990463257, 372.90000009536743, 552.9000000953674, 740.7999997138977, 837.1999998092651, 1028.4000000953674, 1220.5999999046326, 1404.6999998092651, 1587.5, 1778.6999998092651, 1969.2999997138977, 2139.699999809265, 2308.5999999046326, 2475.199999809265, 2642.9000000953674, 2813.0, 2982.4000000953674, 3070.0999999046326]",V,18,9e49822dd7e9ed76c7b557cda6524b0054f6d3d04d7dc436e6bfdbbb80cfc2c4,train
1167,mathur,V,1,V_orient1,42,1,mathur/V/orient1/tilt_back_neutral_1/landmarks_trimmed.json,18,18,18,"[0, 1, 2, 3, 4, 5, 6, 7, 8, 9, 10, 11, 12, 13, 14, 15, 16, 17]","[187.2999997138977, 281.7999997138977, 469.5, 648.5999999046326, 835.4000000953674, 1033.0, 1230.0999999046326, 1431.6999998092651, 1615.0, 1775.4000000953674, 1938.4000000953674, 2108.4000000953674, 2273.699999809265, 2441.0, 2527.2999997138977, 2702.699999809265, 2887.2999997138977, 3077.4000000953674]",V,18,5ddfabed4dcbb40ff837792cc80e1d34b71dab96480b4d86c76417a1dd5d7062,train
1168,mathur,V,1,V_orient1,42,1,mathur/V/orient1/tilt_neutral_away_1/landmarks_trimmed.json,18,18,18,"[0, 1, 2, 3, 4, 5, 6, 7, 8, 9, 10, 11, 12, 13, 14, 15, 16, 17]","[192.0, 359.30000019073486, 524.8000001907349, 698.5999999046326, 880.0999999046326, 1055.5999999046326, 1222.3000001907349, 1390.0, 1560.3000001907349, 1648.5999999046326, 1825.3000001907349, 2017.6999998092651, 2205.699999809265, 2392.5999999046326, 2574.5999999046326, 2761.5, 2926.5999999046326, 3013.5]",V,18,004de88b277c224004295b93446ec8a4c999c2e2439e78676de7268da9711f1b,validation
1169,mathur,V,1,V_orient1,42,1,mathur/V/orient1/tilt_neutral_neutral_1/landmarks_trimmed.json,18,18,18,"[0, 1, 2, 3, 4, 5, 6, 7, 8, 9, 10, 11, 12, 13, 14, 15, 16, 17]","[183.7999997138977, 349.3999996185303, 519.7999997138977, 687.2999997138977, 866.1999998092651, 1042.7999997138977, 1221.3999996185303, 1417.3999996185303, 1604.0999999046326, 1790.0999999046326, 1964.1999998092651, 2132.5999999046326, 2303.5999999046326, 2480.8999996185303, 2651.5999999046326, 2828.0999999046326, 2989.2999997138977, 3155.8999996185303]",V,18,28aec5d7755b0c106a6d20eb0b8f3cb249db99efedc8500e8ee4f9e4f8340ce2,train
1170,mathur,V,1,V_orient1,42,2,mathur/V/orient1/tilt_neutral_neutral_2/landmarks_trimmed.json,18,18,18,"[0, 1, 2, 3, 4, 5, 6, 7, 8, 9, 10, 11, 12, 13, 14, 15, 16, 17]","[178.90000009536743, 366.5, 546.5, 632.7000002861023, 814.1000003814697, 1001.9000000953674, 1187.1000003814697, 1378.7000002861023, 1478.7000002861023, 1672.5, 1767.7000002861023, 1955.9000000953674, 2134.6000003814697, 2322.300000190735, 2513.4000000953674, 2694.1000003814697, 2863.0, 3029.2000002861023]",V,18,45528b6dcb8c850d9840bd57e4293af1b0b791a37fbdbf4359d3a2b3c25a73ed,test
1171,mathur,V,1,V_orient1,42,1,mathur/V/orient1/tilt_neutral_toward_1/landmarks_trimmed.json,18,18,18,"[0, 1, 2, 3, 4, 5, 6, 7, 8, 9, 10, 11, 12, 13, 14, 15, 16, 17]","[186.5, 354.09999990463257, 533.0999999046326, 709.8000001907349, 894.2000002861023, 1085.4000000953674, 1272.5, 1452.9000000953674, 1609.8000001907349, 1786.5, 1961.7000002861023, 2137.7000002861023, 2223.4000000953674, 2388.800000190735, 2554.0999999046326, 2717.5, 2897.9000000953674, 3069.2000002861023]",V,18,741b516e8036a8a4a669361881d26f332b00434dba55eac50d38be9a60e34226,validation
1172,mathur,V,2,V_orient2,43,1,mathur/V/orient2/tilt_back_neutral_1/landmarks_trimmed.json,18,18,18,"[0, 1, 2, 3, 4, 5, 6, 7, 8, 9, 10, 11, 12, 13, 14, 15, 16, 17]","[182.0, 367.3999996185303, 549.3999996185303, 631.5999999046326, 794.0999999046326, 965.5, 1142.8999996185303, 1315.5, 1498.1999998092651, 1680.0, 1858.3999996185303, 2026.2999997138977, 2194.8999996185303, 2363.2999997138977, 2532.0999999046326, 2700.0, 2868.8999996185303, 3030.7999997138977]",V,18,724c16161d01c278dd9adb127ca62a54a7483d0d684fcbfa76b3dff6c8dd8065,train
1173,mathur,V,2,V_orient2,43,1,mathur/V/orient2/tilt_forward_toward_1/landmarks_trimmed.json,19,19,18,"[0, 1, 2, 3, 4, 5, 6, 7, 8, 9, 10, 11, 12, 13, 14, 15, 16, 18]","[175.2999997138977, 352.90000009536743, 536.0, 704.6999998092651, 867.6999998092651, 947.9000000953674, 1117.1999998092651, 1287.5, 1472.0, 1645.0, 1817.6999998092651, 1906.4000000953674, 2083.5999999046326, 2256.2999997138977, 2428.5, 2603.0999999046326, 2777.0, 3135.7999997138977]",V,18,c65832005e988118ed7fa953c94d6765b87384514f1415107ffa4d2dfbebfa5e,train
1174,mathur,V,2,V_orient2,43,1,mathur/V/orient2/tilt_neutral_toward_1/landmarks_trimmed.json,19,19,18,"[0, 1, 2, 3, 4, 5, 6, 7, 8, 9, 10, 11, 12, 13, 14, 15, 16, 18]","[201.90000009536743, 378.0, 548.9000000953674, 716.3000001907349, 904.0999999046326, 989.3000001907349, 1079.8000001907349, 1260.4000000953674, 1436.0, 1615.0, 1709.0999999046326, 1888.5, 1981.9000000953674, 2165.0, 2348.9000000953674, 2528.0999999046326, 2714.0999999046326, 3001.9000000953674]",V,18,24580be7f9e289277a2ed061d745d84d5055f69c027b049f1072edd16d015398,test
1175,mathur,V,3,V_orient3,44,1,mathur/V/orient3/tilt_back_toward_1/landmarks_trimmed.json,18,18,18,"[0, 1, 2, 3, 4, 5, 6, 7, 8, 9, 10, 11, 12, 13, 14, 15, 16, 17]","[185.5, 275.5, 449.69999980926514, 618.0, 801.5999999046326, 977.8000001907349, 1145.3000001907349, 1316.1999998092651, 1484.0999999046326, 1653.0999999046326, 1827.5, 1991.4000000953674, 2157.199999809265, 2328.5999999046326, 2498.0, 2678.300000190735, 2856.199999809265, 3036.0]",V,18,beb60a4663add25987e99f71ed4d70e530ea90d9c94ede23251cf35d150cba2d,train
1176,mathur,V,3,V_orient3,44,1,mathur/V/orient3/tilt_forward_neutral_1/landmarks_trimmed.json,18,18,18,"[0, 1, 2, 3, 4, 5, 6, 7, 8, 9, 10, 11, 12, 13, 14, 15, 16, 17]","[188.59999990463257, 348.0, 508.59999990463257, 676.0999999046326, 849.9000000953674, 1017.2999997138977, 1204.1999998092651, 1375.1999998092651, 1543.7999997138977, 1709.7999997138977, 1886.2999997138977, 2050.9000000953674, 2214.5999999046326, 2386.9000000953674, 2474.5, 2658.7999997138977, 2849.0, 3025.0999999046326]",V,18,d47a9ba26450a209f8f7bf8f6e74034ba8678459de01779c186343ce252f92d5,train
1177,mathur,V,3,V_orient3,44,2,mathur/V/orient3/tilt_forward_neutral_2/landmarks_trimmed.json,19,19,18,"[0, 1, 2, 3, 4, 5, 6, 7, 8, 9, 10, 11, 12, 13, 14, 15, 16, 18]","[166.0, 246.80000019073486, 412.30000019073486, 580.6000003814697, 758.3000001907349, 928.1000003814697, 1089.0, 1255.9000000953674, 1423.7000002861023, 1589.7000002861023, 1760.3000001907349, 1933.7000002861023, 2111.6000003814697, 2287.6000003814697, 2467.300000190735, 2654.800000190735, 2815.5, 3165.1000003814697]",V,18,7a3fc7686e83b778e978a561c450fe3817c57378ebd297371d5f983cf350acab,train
1178,mathur,V,3,V_orient3,44,1,mathur/V/orient3/tilt_neutral_away_1/landmarks_trimmed.json,18,18,18,"[0, 1, 2, 3, 4, 5, 6, 7, 8, 9, 10, 11, 12, 13, 14, 15, 16, 17]","[187.10000038146973, 367.1000003814697, 544.7000002861023, 696.0, 855.2000002861023, 1021.1000003814697, 1192.5, 1358.1000003814697, 1523.1000003814697, 1692.1000003814697, 1863.5, 2028.7000002861023, 2198.1000003814697, 2370.5, 2551.6000003814697, 2708.800000190735, 2878.7000002861023, 3050.0]",V,18,609d4c88c25bb21f9d4d5a35d7f15c5366c9dd67052158ee4a290919d5e8b075,train
1179,mathur,V,3,V_orient3,44,2,mathur/V/orient3/tilt_neutral_neutral_2/landmarks_trimmed.json,18,18,18,"[0, 1, 2, 3, 4, 5, 6, 7, 8, 9, 10, 11, 12, 13, 14, 15, 16, 17]","[183.0, 354.7000002861023, 520.8000001907349, 693.0999999046326, 868.8000001907349, 1046.0999999046326, 1210.8000001907349, 1391.7000002861023, 1565.9000000953674, 1736.5999999046326, 1899.4000000953674, 2076.5999999046326, 2243.2000002861023, 2422.0999999046326, 2611.0, 2790.5999999046326, 2987.5999999046326, 3171.5]",V,18,d42406be92f1c5013c2a29771430eea9e277f730dbf3748bb91606601e49015e,train
1180,mathur,W,1,W_orient1,45,1,mathur/W/orient1/tilt_forward_neutral_1/landmarks_trimmed.json,18,18,18,"[0, 1, 2, 3, 4, 5, 6, 7, 8, 9, 10, 11, 12, 13, 14, 15, 16, 17]","[170.5, 346.5, 434.90000009536743, 613.5, 806.7999997138977, 997.9000000953674, 1168.5, 1331.4000000953674, 1503.4000000953674, 1687.5, 1860.9000000953674, 2029.1999998092651, 2191.2999997138977, 2356.5999999046326, 2519.4000000953674, 2693.5999999046326, 2861.9000000953674, 3036.0]",W,19,891eb7d51dfaf0c59204c4e19fc9277860847c66094e6dd7dbde8515b5ad8f32,train
1181,mathur,W,1,W_orient1,45,2,mathur/W/orient1/tilt_forward_neutral_2/landmarks_trimmed.json,18,18,18,"[0, 1, 2, 3, 4, 5, 6, 7, 8, 9, 10, 11, 12, 13, 14, 15, 16, 17]","[182.59999990463257, 349.59999990463257, 525.6999998092651, 699.8000001907349, 874.0, 1049.8000001907349, 1226.6999998092651, 1417.3000001907349, 1601.8000001907349, 1781.5999999046326, 1871.0, 2035.0999999046326, 2202.4000000953674, 2365.800000190735, 2530.9000000953674, 2696.5, 2865.5, 3050.5999999046326]",W,19,80d9edc56f4dc75f7abf9f597bbaea23c9ec56add7b958396b536f3318cb9b0d,validation
1182,mathur,W,1,W_orient1,45,1,mathur/W/orient1/tilt_forward_toward_1/landmarks_trimmed.json,18,18,18,"[0, 1, 2, 3, 4, 5, 6, 7, 8, 9, 10, 11, 12, 13, 14, 15, 16, 17]","[194.2999997138977, 381.2999997138977, 566.0, 752.0999999046326, 914.4000000953674, 1083.0999999046326, 1262.1999998092651, 1444.7999997138977, 1629.2999997138977, 1825.6999998092651, 1917.1999998092651, 2105.2999997138977, 2291.2999997138977, 2478.7999997138977, 2575.2999997138977, 2758.199999809265, 2959.5999999046326, 3139.699999809265]",W,19,8ae35fa6c58e419d3dabd47a1f3c95d2c3bd6e8c423be119c09061d4694f3ab8,test
1183,mathur,W,1,W_orient1,45,1,mathur/W/orient1/tilt_neutral_away_1/landmarks_trimmed.json,18,18,18,"[0, 1, 2, 3, 4, 5, 6, 7, 8, 9, 10, 11, 12, 13, 14, 15, 16, 17]","[173.90000009536743, 359.7000002861023, 529.8000001907349, 701.3000001907349, 864.0999999046326, 1024.8000001907349, 1189.4000000953674, 1358.0999999046326, 1535.7000002861023, 1710.0, 1887.5, 1983.7000002861023, 2163.5999999046326, 2358.4000000953674, 2548.0, 2734.7000002861023, 2917.2000002861023, 3102.5999999046326]",W,19,edcabe6e5624008dbd31a0c71b38a3a035bdc134380ca4926a65ebbadbc5155d,train
1184,mathur,W,1,W_orient1,45,2,mathur/W/orient1/tilt_neutral_neutral_2/landmarks_trimmed.json,19,19,18,"[0, 1, 2, 3, 4, 5, 6, 7, 8, 9, 10, 11, 12, 13, 14, 15, 16, 18]","[172.0, 346.09999990463257, 517.4000000953674, 712.0, 873.0999999046326, 1039.1999998092651, 1212.2999997138977, 1384.5999999046326, 1547.5, 1715.0, 1884.5, 2055.2999997138977, 2145.2999997138977, 2304.9000000953674, 2465.199999809265, 2633.2999997138977, 2802.5999999046326, 3159.699999809265]",W,19,80e01690ad7ae46a8c8f223cd51c2fcbd58418662ae83e1cbaf87a74df17c2a7,train
1185,mathur,X,1,X_orient1,46,1,mathur/X/orient1/tilt_back_neutral_1/landmarks_trimmed.json,18,18,18,"[0, 1, 2, 3, 4, 5, 6, 7, 8, 9, 10, 11, 12, 13, 14, 15, 16, 17]","[174.59999990463257, 343.09999990463257, 510.30000019073486, 685.4000000953674, 770.0999999046326, 947.0999999046326, 1032.5, 1217.3000001907349, 1398.5, 1586.2000002861023, 1775.8000001907349, 1973.8000001907349, 2168.0, 2351.0999999046326, 2537.7000002861023, 2718.4000000953674, 2893.5, 3065.7000002861023]",X,20,0827963f61192754b9bccd78b19b9a89a37409906b27b79328e7f35c738f10ca,train
1186,mathur,X,1,X_orient1,46,2,mathur/X/orient1/tilt_back_neutral_2/landmarks_trimmed.json,18,18,18,"[0, 1, 2, 3, 4, 5, 6, 7, 8, 9, 10, 11, 12, 13, 14, 15, 16, 17]","[177.59999990463257, 347.59999990463257, 511.30000019073486, 683.8000001907349, 856.5999999046326, 1032.4000000953674, 1214.0, 1400.0, 1582.9000000953674, 1769.5, 1957.4000000953674, 2142.0999999046326, 2326.5, 2421.0, 2596.5, 2778.699999809265, 2967.800000190735, 3148.199999809265]",X,20,0f8d4274babd06fe8d70b45d30a705820d599c6017f97a15d8936df08e5be3d7,train
1187,mathur,X,1,X_orient1,46,1,mathur/X/orient1/tilt_neutral_toward_1/landmarks_trimmed.json,18,18,18,"[0, 1, 2, 3, 4, 5, 6, 7, 8, 9, 10, 11, 12, 13, 14, 15, 16, 17]","[187.19999980926514, 381.90000009536743, 573.7999997138977, 753.0, 928.9000000953674, 1104.9000000953674, 1277.4000000953674, 1446.6999998092651, 1609.9000000953674, 1770.9000000953674, 1948.4000000953674, 2124.7999997138977, 2293.0, 2465.7999997138977, 2643.699999809265, 2810.4000000953674, 2974.199999809265, 3067.0]",X,20,d76540064e4424c1559201cf9069449d3d0c079cabfe04b9e7b7e3d4951b4454,train
1188,mathur,Y,1,Y_orient1,47,1,mathur/Y/orient1/tilt_back_away_1/landmarks_trimmed.json,19,19,18,"[0, 1, 2, 3, 4, 5, 6, 7, 8, 9, 10, 11, 12, 13, 14, 15, 16, 18]","[172.09999990463257, 259.59999990463257, 445.5, 637.9000000953674, 825.5, 991.0999999046326, 1168.5999999046326, 1340.7999997138977, 1432.0, 1599.0, 1785.5, 1955.0999999046326, 2126.4000000953674, 2214.2999997138977, 2388.5, 2551.5999999046326, 2713.5, 3057.699999809265]",Y,21,aeb8dc60e670576d00c01775211f29157833f3bf014a8a23db321088271f8823,train
1189,mathur,Y,1,Y_orient1,47,1,mathur/Y/orient1/tilt_back_neutral_1/landmarks_trimmed.json,18,18,18,"[0, 1, 2, 3, 4, 5, 6, 7, 8, 9, 10, 11, 12, 13, 14, 15, 16, 17]","[193.59999990463257, 379.09999990463257, 552.9000000953674, 730.5, 911.5, 1104.3000001907349, 1199.5999999046326, 1378.8000001907349, 1567.6999998092651, 1748.5999999046326, 1941.1999998092651, 2129.4000000953674, 2228.5, 2421.300000190735, 2613.5, 2805.699999809265, 2977.699999809265, 3151.800000190735]",Y,21,f9c34ca2fe2f29cf8250828c752268ea4dc35c592033db79ed9cf17fe09abe31,validation
1190,mathur,Y,1,Y_orient1,47,2,mathur/Y/orient1/tilt_back_neutral_2/landmarks_trimmed.json,18,18,18,"[0, 1, 2, 3, 4, 5, 6, 7, 8, 9, 10, 11, 12, 13, 14, 15, 16, 17]","[181.7000002861023, 370.40000009536743, 555.4000000953674, 735.5999999046326, 898.5999999046326, 1065.9000000953674, 1236.9000000953674, 1414.0, 1598.0, 1772.8000001907349, 1864.5999999046326, 2049.300000190735, 2234.4000000953674, 2412.4000000953674, 2587.5999999046326, 2766.800000190735, 2941.0999999046326, 3128.9000000953674]",Y,21,6269f613941026549babb4172f05b7deb6e89615380b8f0c64b860ea69b11bac,train
1191,mathur,Y,1,Y_orient1,47,2,mathur/Y/orient1/tilt_forward_neutral_2/landmarks_trimmed.json,18,18,18,"[0, 1, 2, 3, 4, 5, 6, 7, 8, 9, 10, 11, 12, 13, 14, 15, 16, 17]","[179.40000009536743, 360.2000002861023, 537.5, 713.1000003814697, 891.0, 1078.9000000953674, 1263.7000002861023, 1460.1000003814697, 1647.8000001907349, 1824.2000002861023, 1991.8000001907349, 2162.1000003814697, 2257.5, 2433.0, 2616.6000003814697, 2788.6000003814697, 2970.7000002861023, 3163.4000000953674]",Y,21,5ce94d584bd5e2e6e6f4b07bad61b7888ab2e08a52d61842f9e5f3ae0abc53a6,validation
1192,mathur,Y,1,Y_orient1,47,1,mathur/Y/orient1/tilt_forward_toward_1/landmarks_trimmed.json,18,18,18,"[0, 1, 2, 3, 4, 5, 6, 7, 8, 9, 10, 11, 12, 13, 14, 15, 16, 17]","[164.19999980926514, 344.7999997138977, 525.2999997138977, 693.4000000953674, 877.7999997138977, 1056.7999997138977, 1248.6999998092651, 1334.9000000953674, 1513.9000000953674, 1703.5999999046326, 1886.6999998092651, 1977.9000000953674, 2163.5, 2350.5, 2550.5999999046326, 2735.0, 2920.5999999046326, 3111.199999809265]",Y,21,4737a15458915a9de7117b3ce66b02af4f7b75da47187f4f389acf691ecf9e25,test
1193,mathur,Y,1,Y_orient1,47,2,mathur/Y/orient1/tilt_neutral_neutral_2/landmarks_trimmed.json,18,18,18,"[0, 1, 2, 3, 4, 5, 6, 7, 8, 9, 10, 11, 12, 13, 14, 15, 16, 17]","[182.09999990463257, 353.30000019073486, 522.9000000953674, 691.5999999046326, 855.0999999046326, 1030.5, 1203.0999999046326, 1382.1999998092651, 1562.9000000953674, 1751.4000000953674, 1952.5999999046326, 2134.0999999046326, 2295.0999999046326, 2460.0, 2629.300000190735, 2797.5, 2974.699999809265, 3156.9000000953674]",Y,21,da76ca900117166d49c0813934821d155fa1e16721c3aaf693c15bb0b3a6d53c,train
1194,mathur,Y,1,Y_orient1,47,1,mathur/Y/orient1/tilt_neutral_toward_1/landmarks_trimmed.json,19,19,18,"[0, 1, 2, 3, 4, 5, 6, 7, 8, 9, 10, 11, 12, 13, 14, 15, 16, 18]","[188.69999980926514, 281.5, 457.09999990463257, 645.6999998092651, 833.7999997138977, 1020.1999998092651, 1196.0999999046326, 1358.4000000953674, 1531.4000000953674, 1711.5999999046326, 1883.0, 2046.9000000953674, 2220.5999999046326, 2393.199999809265, 2564.9000000953674, 2651.0, 2817.0999999046326, 3156.5999999046326]",Y,21,648912963d9a78359edd7e2d49ac85aca7d75c11a15af4a7a737ea2360c3ad6a,train
1195,mathur,Y,2,Y_orient2,48,1,mathur/Y/orient2/tilt_back_away_1/landmarks_trimmed.json,18,18,18,"[0, 1, 2, 3, 4, 5, 6, 7, 8, 9, 10, 11, 12, 13, 14, 15, 16, 17]","[176.10000038146973, 348.40000009536743, 510.5, 597.5, 771.2000002861023, 955.4000000953674, 1134.1000003814697, 1312.6000003814697, 1487.4000000953674, 1657.5, 1830.7000002861023, 1999.9000000953674, 2170.2000002861023, 2340.300000190735, 2510.6000003814697, 2680.0, 2850.6000003814697, 3020.6000003814697]",Y,21,e6bba802c4397de1f139061beadf8eb5a8db5fce55973b53957e9f1b06be0936,train
1196,mathur,Y,2,Y_orient2,48,2,mathur/Y/orient2/tilt_back_neutral_2/landmarks_trimmed.json,19,19,18,"[0, 1, 2, 3, 4, 5, 6, 7, 8, 9, 10, 11, 12, 13, 14, 15, 16, 18]","[172.2999997138977, 353.7999997138977, 530.7999997138977, 720.2999997138977, 904.6999998092651, 1090.5, 1269.0, 1432.7999997138977, 1604.9000000953674, 1775.6999998092651, 1945.6999998092651, 2111.5, 2279.4000000953674, 2455.199999809265, 2630.9000000953674, 2809.5999999046326, 2900.0, 3180.699999809265]",Y,21,3872d2efefe1a407fd6a118d532bf393a9304d8e8b6d75be7bc2c51bdd3985b5,train
1197,mathur,Y,2,Y_orient2,48,1,mathur/Y/orient2/tilt_back_toward_1/landmarks_trimmed.json,18,18,18,"[0, 1, 2, 3, 4, 5, 6, 7, 8, 9, 10, 11, 12, 13, 14, 15, 16, 17]","[169.2999997138977, 336.59999990463257, 502.0, 661.2999997138977, 833.5, 998.2999997138977, 1181.5, 1358.1999998092651, 1534.5, 1711.1999998092651, 1893.5999999046326, 2071.5999999046326, 2253.0999999046326, 2439.7999997138977, 2627.699999809265, 2804.7999997138977, 2992.699999809265, 3184.3999996185303]",Y,21,f3ad5806cbe5bbfa63bf065c4d6d8575ed07158daab700b2ba1621cd33e7bccc,train
1198,mathur,Y,2,Y_orient2,48,1,mathur/Y/orient2/tilt_forward_neutral_1/landmarks_trimmed.json,18,18,18,"[0, 1, 2, 3, 4, 5, 6, 7, 8, 9, 10, 11, 12, 13, 14, 15, 16, 17]","[199.40000009536743, 395.6000003814697, 576.7000002861023, 747.0, 826.2000002861023, 1000.7000002861023, 1166.9000000953674, 1331.5, 1519.5, 1695.6000003814697, 1869.1000003814697, 2050.5, 2233.1000003814697, 2425.9000000953674, 2615.6000003814697, 2798.4000000953674, 2981.800000190735, 3075.4000000953674]",Y,21,368545da063008f6b3c0f459b1eeacb7af61bdc5fea1cde0c83cca58dfe6fd12,train
1199,mathur,Y,2,Y_orient2,48,2,mathur/Y/orient2/tilt_forward_neutral_2/landmarks_trimmed.json,19,19,18,"[0, 1, 2, 3, 4, 5, 6, 7, 8, 9, 10, 11, 12, 13, 14, 15, 16, 18]","[169.19999980926514, 343.09999990463257, 506.59999990463257, 670.5999999046326, 826.0, 908.0999999046326, 1073.2999997138977, 1247.2999997138977, 1422.0, 1600.5999999046326, 1781.5999999046326, 1977.5, 2072.7999997138977, 2250.0, 2413.699999809265, 2586.2999997138977, 2760.699999809265, 3117.199999809265]",Y,21,e12dd2c182aa59d3c85ec9875344a0b16d8395e15c27e140fc9f0be1a9794c19,train
1200,mathur,Z,1,Z_orient1,49,1,mathur/Z/orient1/tilt_back_neutral_1/landmarks_trimmed.json,19,19,18,"[0, 1, 2, 3, 4, 5, 6, 7, 8, 9, 10, 11, 12, 13, 14, 15, 16, 18]","[199.09999990463257, 395.59999990463257, 597.1999998092651, 688.9000000953674, 876.7999997138977, 1068.9000000953674, 1255.9000000953674, 1452.7999997138977, 1641.0999999046326, 1825.9000000953674, 1921.1999998092651, 2095.199999809265, 2173.2999997138977, 2338.0999999046326, 2417.7999997138977, 2580.5, 2749.699999809265, 3101.5]",Z,22,aea83bcb1fa3bb148a6c3fd8949501c2f0e31777a0f11b025b31cff9deb39931,train
1201,mathur,Z,1,Z_orient1,49,1,mathur/Z/orient1/tilt_back_toward_1/landmarks_trimmed.json,18,18,18,"[0, 1, 2, 3, 4, 5, 6, 7, 8, 9, 10, 11, 12, 13, 14, 15, 16, 17]","[187.90000009536743, 365.59999990463257, 553.0, 736.8000001907349, 923.4000000953674, 1114.8000001907349, 1298.5, 1491.5999999046326, 1689.3000001907349, 1875.0, 2034.6999998092651, 2207.5999999046326, 2292.800000190735, 2464.4000000953674, 2636.0999999046326, 2811.199999809265, 2971.199999809265, 3147.800000190735]",Z,22,2db8faf05303ad180f3b2e65c7ce7b823a49ad74f417eb758752735a3a3f7a34,train
1202,mathur,Z,1,Z_orient1,49,1,mathur/Z/orient1/tilt_forward_neutral_1/landmarks_trimmed.json,18,18,18,"[0, 1, 2, 3, 4, 5, 6, 7, 8, 9, 10, 11, 12, 13, 14, 15, 16, 17]","[170.0, 350.90000009536743, 533.7999997138977, 698.5999999046326, 870.5999999046326, 1036.0, 1198.5, 1364.6999998092651, 1539.7999997138977, 1720.1999998092651, 1901.6999998092651, 2086.0999999046326, 2263.199999809265, 2431.0, 2515.9000000953674, 2699.5999999046326, 2877.4000000953674, 3059.4000000953674]",Z,22,72e1c27f681fbd62c85a7239d31069b2eb7c823c1219854c9e4f674801cd5e67,train
1203,mathur,Z,1,Z_orient1,49,2,mathur/Z/orient1/tilt_forward_neutral_2/landmarks_trimmed.json,18,18,18,"[0, 1, 2, 3, 4, 5, 6, 7, 8, 9, 10, 11, 12, 13, 14, 15, 16, 17]","[161.10000038146973, 339.30000019073486, 511.7000002861023, 679.3000001907349, 847.7000002861023, 1016.0, 1190.9000000953674, 1369.6000003814697, 1462.7000002861023, 1640.2000002861023, 1822.5, 2009.1000003814697, 2200.9000000953674, 2369.9000000953674, 2542.800000190735, 2722.300000190735, 2896.4000000953674, 3079.7000002861023]",Z,22,48bdce88aeb7962c3c4da72c259a62c2596458b0bd43591e73760c4cc3ea0778,test
1204,mathur,Z,1,Z_orient1,49,1,mathur/Z/orient1/tilt_forward_toward_1/landmarks_trimmed.json,18,18,18,"[0, 1, 2, 3, 4, 5, 6, 7, 8, 9, 10, 11, 12, 13, 14, 15, 16, 17]","[180.80000019073486, 360.30000019073486, 529.0999999046326, 693.0, 865.0999999046326, 1035.0, 1209.3000001907349, 1381.9000000953674, 1468.6999998092651, 1642.4000000953674, 1821.3000001907349, 1997.0, 2173.0, 2354.9000000953674, 2519.300000190735, 2687.5, 2861.0999999046326, 3044.199999809265]",Z,22,0798f6a703ea74a21beb9760b61728c5f7ea9d04c6eaebda958ef2c1e93bec26,validation
1205,mathur,Z,1,Z_orient1,49,1,mathur/Z/orient1/tilt_neutral_away_1/landmarks_trimmed.json,18,18,18,"[0, 1, 2, 3, 4, 5, 6, 7, 8, 9, 10, 11, 12, 13, 14, 15, 16, 17]","[182.59999990463257, 370.8999996185303, 546.0, 735.5, 918.5999999046326, 1101.1999998092651, 1277.7999997138977, 1366.6999998092651, 1547.7999997138977, 1728.7999997138977, 1910.8999996185303, 2086.8999996185303, 2250.0, 2419.2999997138977, 2587.8999996185303, 2756.3999996185303, 2923.5999999046326, 3088.5999999046326]",Z,22,8709113afd95de42efdff5ce091b2bfbea689776e20d79f16230e5afdb561162,train
1206,rithika,A,1,A_orient1,0,1,rithika/A/orient1/tilt_back_away_1/landmarks_trimmed.json,61,61,18,"[0, 3, 7, 10, 14, 17, 21, 24, 28, 31, 35, 38, 42, 45, 49, 52, 56, 60]","[75.90000000596046, 276.2999999821186, 472.40000000596046, 642.6999999880791, 843.5, 967.0, 1211.7999999821186, 1336.5999999940395, 1575.2999999821186, 1684.4000000059605, 1876.4000000059605, 1966.4000000059605, 2107.9000000059605, 2212.2999999821186, 2444.0999999940395, 2575.199999988079, 2809.199999988079, 3045.7999999821186]",A,0,73b70857b325d5aae7f73c00fb9766f42526dd72d7e496a117f9a9a57c2bcd84,train
1207,rithika,A,1,A_orient1,0,1,rithika/A/orient1/tilt_back_neutral_1/landmarks_trimmed.json,82,82,18,"[0, 4, 9, 14, 19, 23, 28, 33, 38, 42, 47, 52, 57, 61, 66, 71, 76, 81]","[64.69999998807907, 198.7999999821186, 367.2999999821186, 533.4000000059605, 699.4000000059605, 832.9000000059605, 1028.0, 1198.5, 1401.5, 1528.5999999940395, 1766.5999999940395, 1930.0, 2130.199999988079, 2299.699999988079, 2461.9000000059605, 2633.2999999821186, 2795.2999999821186, 2970.199999988079]",A,0,58a5a7565e9751f990280e5ca7f6e525f80aa3d98bd52c59a7aefdee6f50f0f3,test
1208,rithika,A,1,A_orient1,0,2,rithika/A/orient1/tilt_back_neutral_2/landmarks_trimmed.json,56,56,18,"[0, 3, 6, 9, 12, 16, 19, 22, 25, 29, 32, 35, 38, 42, 45, 48, 51, 55]","[33.400000005960464, 165.80000001192093, 331.59999999403954, 432.59999999403954, 666.9000000059605, 832.0, 965.3000000119209, 1106.199999988079, 1231.9000000059605, 1395.9000000059605, 1499.5999999940395, 1930.0, 2068.0, 2231.5, 2343.800000011921, 2530.699999988079, 2638.9000000059605, 2859.9000000059605]",A,0,bf60e37c143f354435f628693ffaa03a1a4c493eb3155c364336193dfd835aec,train
1209,rithika,A,1,A_orient1,0,1,rithika/A/orient1/tilt_back_toward_1/landmarks_trimmed.json,53,53,18,"[0, 3, 6, 9, 12, 15, 18, 21, 24, 27, 30, 33, 36, 39, 42, 45, 48, 52]","[60.400000005960464, 165.90000000596046, 297.59999999403954, 429.7000000178814, 562.9000000059605, 730.0, 859.4000000059605, 1030.4000000059605, 1164.800000011921, 1300.0, 1797.0999999940395, 1930.4000000059605, 2298.9000000059605, 2432.0, 2632.300000011921, 2735.7000000178814, 2868.9000000059605, 3061.5999999940395]",A,0,8fbfb72e2330df01c093b81600edc7a2650f5ffdbb6d928d278ea81212b31101,train
1210,rithika,A,1,A_orient1,0,1,rithika/A/orient1/tilt_forward_away_1/landmarks_trimmed.json,45,45,18,"[0, 2, 5, 7, 10, 12, 15, 18, 20, 23, 25, 28, 31, 33, 36, 38, 41, 44]","[34.0, 131.5, 231.69999998807907, 297.7999999821186, 429.7999999821186, 566.0, 761.4000000059605, 926.1999999880791, 1029.2999999821186, 1231.7999999821186, 1358.699999988079, 1529.0, 1727.9000000059605, 1862.199999988079, 1991.0, 2130.5999999940395, 2260.9000000059605, 2430.699999988079]",A,0,890a30ab64aa920e10647ece620519cdd8e117c655644115a03f2f93e8a67ab1,train
1211,rithika,A,1,A_orient1,0,2,rithika/A/orient1/tilt_forward_neutral_2/landmarks_trimmed.json,67,67,18,"[0, 3, 7, 11, 15, 19, 23, 27, 31, 34, 38, 42, 46, 50, 54, 58, 62, 66]","[66.09999999403954, 165.09999999403954, 365.69999998807907, 497.7999999821186, 696.0, 899.8999999761581, 1064.8999999761581, 1267.699999988079, 1430.199999988079, 1597.7999999821186, 1766.0999999940395, 1933.0999999940395, 2134.899999976158, 2298.2999999821186, 2503.7999999821186, 2667.0, 2806.0, 3032.5]",A,0,36c7bce06e303ab2e856440b675d556848982f56e52284ec104a9e4c0141ddcf,train
1212,rithika,A,1,A_orient1,0,1,rithika/A/orient1/tilt_forward_toward_1/landmarks_trimmed.json,64,64,18,"[0, 3, 7, 11, 14, 18, 22, 25, 29, 33, 37, 40, 44, 48, 51, 55, 59, 63]","[61.0, 165.7999999821186, 330.59999999403954, 535.1999999880791, 693.5999999940395, 935.2999999821186, 1095.0999999940395, 1196.2999999821186, 1433.7999999821186, 1635.3999999761581, 1866.8999999761581, 1997.0999999940395, 2195.5, 2396.899999976158, 2567.7999999821186, 2690.0999999940395, 2863.399999976158, 3003.0]",A,0,a34cae0eb507984faed2d51372e22c827238f63c97fdb9e3592b076d75785fee,validation
1213,rithika,A,1,A_orient1,0,1,rithika/A/orient1/tilt_neutral_away_1/landmarks_trimmed.json,89,89,18,"[0, 5, 10, 15, 20, 25, 31, 36, 41, 46, 51, 56, 62, 67, 72, 77, 82, 88]","[63.39999997615814, 198.7999999821186, 364.09999999403954, 531.8999999761581, 727.2999999821186, 897.5999999940395, 1094.3999999761581, 1264.699999988079, 1426.7999999821186, 1600.199999988079, 1759.7999999821186, 1929.5999999940395, 2130.5999999940395, 2298.5999999940395, 2463.0, 2632.0999999940395, 2795.899999976158, 3032.699999988079]",A,0,d640bafbf2b3c73cd841e3aa7ad496e670d2838e90617b95fbd737728922c740,train
1214,rithika,A,1,A_orient1,0,1,rithika/A/orient1/tilt_neutral_neutral_1/landmarks_trimmed.json,77,77,18,"[0, 4, 8, 13, 17, 22, 26, 31, 35, 40, 44, 49, 53, 58, 62, 67, 71, 76]","[33.60000002384186, 166.40000000596046, 333.10000002384186, 567.9000000059605, 764.2000000178814, 933.6000000238419, 1107.4000000059605, 1298.300000011921, 1433.300000011921, 1636.5, 1767.0, 1998.9000000059605, 2134.100000023842, 2333.300000011921, 2466.0, 2699.5, 2835.600000023842, 3032.7000000178814]",A,0,d6f11751517172867364cef64b0029278b2a5b9506441267535d23b5f0eccf5b,train
1215,rithika,A,1,A_orient1,0,2,rithika/A/orient1/tilt_neutral_neutral_2/landmarks_trimmed.json,61,61,18,"[0, 3, 7, 10, 14, 17, 21, 24, 28, 31, 35, 38, 42, 45, 49, 52, 56, 60]","[34.30000001192093, 201.80000001192093, 369.09999999403954, 497.40000000596046, 700.0999999940395, 868.8000000119209, 998.0999999940395, 1200.9000000059605, 1398.300000011921, 1603.300000011921, 1799.9000000059605, 2001.0999999940395, 2199.800000011921, 2370.300000011921, 2509.300000011921, 2699.0, 2869.2000000178814, 3004.0]",A,0,26e46f75199df462aa8eee97e45c1ff358a15e202fc9dfcd923f4c9fd0cd10b4,train
1216,rithika,A,1,A_orient1,0,1,rithika/A/orient1/tilt_neutral_toward_1/landmarks_trimmed.json,63,63,18,"[0, 3, 7, 10, 14, 18, 21, 25, 29, 32, 36, 40, 43, 47, 51, 54, 58, 62]","[68.69999998807907, 238.69999998807907, 429.59999999403954, 602.1999999880791, 761.1999999880791, 1003.0, 1133.2999999821186, 1336.699999988079, 1538.2999999821186, 1628.0, 1800.2999999821186, 1997.2999999821186, 2168.899999976158, 2333.699999988079, 2533.199999988079, 2641.2999999821186, 2804.5999999940395, 3003.699999988079]",A,0,ac4c74d84085aa3877fe70d8ac5f410381c97bb430b8da0da9ebdc0acda8d7c9,train
1217,rithika,A,2,A_orient2,1,1,rithika/A/orient2/tilt_back_away_1/landmarks_trimmed.json,45,45,18,"[0, 2, 5, 7, 10, 12, 15, 18, 20, 23, 25, 28, 31, 33, 36, 38, 41, 44]","[69.5, 171.59999999403954, 338.59999999403954, 433.0, 610.2999999821186, 1506.699999988079, 1638.4000000059605, 1797.2999999821186, 1943.699999988079, 2065.4000000059605, 2173.699999988079, 2298.5999999940395, 2437.0, 2507.5, 2640.5, 2739.199999988079, 2875.9000000059605, 3003.7999999821186]",A,0,2b1af3e89e7fb2fd4732fd4133c9fdb1e2b513de2f9a33159e9ffb36820b465e,train
1218,rithika,A,2,A_orient2,1,1,rithika/A/orient2/tilt_back_neutral_1/landmarks_trimmed.json,87,87,18,"[0, 5, 10, 15, 20, 25, 30, 35, 40, 45, 50, 55, 60, 65, 70, 75, 80, 86]","[34.099999994039536, 199.40000000596046, 367.59999999403954, 531.6999999880791, 700.5, 934.4000000059605, 1096.699999988079, 1267.0999999940395, 1432.9000000059605, 1599.5, 1800.7999999821186, 1967.2999999821186, 2132.2999999821186, 2331.9000000059605, 2500.9000000059605, 2662.2999999821186, 2833.7999999821186, 3003.0]",A,0,c39706319120eeb5c947b9e81022349a55c9c789c4fc3a254e0d01ce3e3c1280,train
1219,rithika,A,2,A_orient2,1,2,rithika/A/orient2/tilt_back_neutral_2/landmarks_trimmed.json,67,67,18,"[0, 3, 7, 11, 15, 19, 23, 27, 31, 34, 38, 42, 46, 50, 54, 58, 62, 66]","[59.79999998211861, 165.39999997615814, 330.89999997615814, 534.7999999821186, 661.0999999940395, 927.2999999821186, 1131.5, 1261.699999988079, 1433.199999988079, 1599.7999999821186, 1761.3999999761581, 1964.8999999761581, 2133.199999988079, 2332.5999999940395, 2494.0999999940395, 2695.899999976158, 2889.899999976158, 3028.699999988079]",A,0,46240b4deb9b9e75557cdb7a54faa16dc6d4fe4f21c94bbf85798cf52d1b46bc,test
1220,rithika,A,2,A_orient2,1,1,rithika/A/orient2/tilt_forward_away_1/landmarks_trimmed.json,60,60,18,"[0, 3, 6, 10, 13, 17, 20, 24, 27, 31, 34, 38, 41, 45, 48, 52, 55, 59]","[33.29999998211861, 164.5, 297.09999999403954, 524.9000000059605, 595.5, 825.5999999940395, 964.5, 1165.0, 1323.7999999821186, 1525.2999999821186, 1733.5999999940395, 1932.7999999821186, 2092.4000000059605, 2292.0, 2465.9000000059605, 2658.5, 2865.2999999821186, 3000.699999988079]",A,0,59580cc4c50021059379a166d67abda285a51db0ba0c8c960c7207a1e1cf554a,train
1221,rithika,A,2,A_orient2,1,1,rithika/A/orient2/tilt_neutral_away_1/landmarks_trimmed.json,65,65,18,"[0, 3, 7, 11, 15, 18, 22, 26, 30, 33, 37, 41, 45, 48, 52, 56, 60, 64]","[71.40000000596046, 237.5, 436.0, 637.0999999940395, 767.4000000059605, 899.5999999940395, 1133.0, 1333.4000000059605, 1533.199999988079, 1698.300000011921, 1901.699999988079, 2035.0, 2300.5999999940395, 2432.5, 2596.9000000059605, 2734.9000000059605, 2838.699999988079, 3003.300000011921]",A,0,c67e742b1b63effb7d2681a0039abf9eb2274e451e3bab96e20607aa165757bc,train
1222,rithika,A,2,A_orient2,1,1,rithika/A/orient2/tilt_neutral_neutral_1/landmarks_trimmed.json,56,56,18,"[0, 3, 6, 9, 12, 16, 19, 22, 25, 29, 32, 35, 38, 42, 45, 48, 51, 55]","[61.19999998807907, 133.09999999403954, 298.69999998807907, 430.39999997615814, 599.8999999761581, 799.5999999940395, 967.0999999940395, 1089.699999988079, 1296.5999999940395, 1534.199999988079, 1734.199999988079, 1895.5, 2089.399999976158, 2361.399999976158, 2564.5999999940395, 2726.899999976158, 2895.5999999940395, 3036.5]",A,0,8c2b10ba078d542a946082c14d460de709d2ac1952ede9c5d1f6cc8868358392,validation
1223,rithika,A,2,A_orient2,1,2,rithika/A/orient2/tilt_neutral_neutral_2/landmarks_trimmed.json,64,64,18,"[0, 3, 7, 11, 14, 18, 22, 25, 29, 33, 37, 40, 44, 48, 51, 55, 59, 63]","[68.69999998807907, 201.69999998807907, 400.90000000596046, 635.6999999880791, 768.6999999880791, 994.9000000059605, 1204.2999999821186, 1302.699999988079, 1465.4000000059605, 1665.699999988079, 1869.5, 2030.5, 2301.199999988079, 2468.0999999940395, 2603.5, 2706.7999999821186, 2901.0999999940395, 3035.199999988079]",A,0,8616831cf247d2e583b1c3d8490d2692d863197061492633a5a478356acdae43,train
1224,rithika,A,2,A_orient2,1,1,rithika/A/orient2/tilt_neutral_toward_1/landmarks_trimmed.json,69,69,18,"[0, 4, 8, 12, 16, 20, 24, 28, 32, 36, 40, 44, 48, 52, 56, 60, 64, 68]","[67.59999999403954, 231.30000001192093, 364.2000000178814, 563.5999999940395, 762.5, 929.2000000178814, 1099.800000011921, 1267.5999999940395, 1431.5, 1665.7000000178814, 1796.9000000059605, 2034.9000000059605, 2197.5, 2363.800000011921, 2532.0999999940395, 2766.9000000059605, 2899.5999999940395, 3003.5]",A,0,674c14c0cd0e48a6ed96fd1ecca0382e5116a61c75b9e69a3fd2895f525ead67,train
1225,rithika,A,3,A_orient3,2,1,rithika/A/orient3/tilt_back_away_1/landmarks_trimmed.json,85,85,18,"[0, 4, 9, 14, 19, 24, 29, 34, 39, 44, 49, 54, 59, 64, 69, 74, 79, 84]","[34.0, 165.2000000178814, 334.2000000178814, 496.30000001192093, 728.3000000119209, 899.8000000119209, 1062.300000011921, 1229.7000000178814, 1396.5, 1564.7000000178814, 1726.7000000178814, 1897.7000000178814, 2064.2000000178814, 2297.600000023842, 2465.300000011921, 2663.100000023842, 2864.600000023842, 3036.2000000178814]",A,0,ab8fc3b03c7e49bbe7393301b7b3261556e15168892255cb0d973662cd0987fa,test
1226,rithika,A,3,A_orient3,2,1,rithika/A/orient3/tilt_back_neutral_1/landmarks_trimmed.json,63,63,18,"[0, 3, 7, 10, 14, 18, 21, 25, 29, 32, 36, 40, 43, 47, 51, 54, 58, 62]","[65.39999997615814, 197.59999999403954, 363.39999997615814, 530.2999999821186, 730.0, 894.5, 1065.2999999821186, 1264.699999988079, 1460.699999988079, 1595.3999999761581, 1794.3999999761581, 1993.199999988079, 2165.399999976158, 2289.899999976158, 2532.199999988079, 2660.699999988079, 2861.399999976158, 3005.199999988079]",A,0,a13b041ade905058a044c9702a7f31617738d5dd4e9f95e3718c27bf14571e71,train
1227,rithika,A,3,A_orient3,2,2,rithika/A/orient3/tilt_back_neutral_2/landmarks_trimmed.json,47,47,18,"[0, 2, 5, 8, 10, 13, 16, 18, 21, 24, 27, 29, 32, 35, 37, 40, 43, 46]","[33.5, 131.30000001192093, 231.30000001192093, 364.5, 429.7000000178814, 693.2000000178814, 828.5999999940395, 893.0, 1860.0, 2060.0, 2228.4000000059605, 2294.7000000178814, 2398.7000000178814, 2527.0999999940395, 2597.9000000059605, 2759.800000011921, 2863.5999999940395, 3030.7000000178814]",A,0,ea9b25c03514582f6639bdb64666dba7507fd8393bce0c75dc496f804c12033c,validation
1228,rithika,A,3,A_orient3,2,1,rithika/A/orient3/tilt_back_toward_1/landmarks_trimmed.json,86,86,18,"[0, 5, 10, 15, 20, 25, 30, 35, 40, 45, 50, 55, 60, 65, 70, 75, 80, 85]","[33.19999998807907, 198.80000001192093, 366.19999998807907, 532.9000000059605, 693.6999999880791, 868.0, 1027.800000011921, 1240.0, 1461.699999988079, 1633.0, 1796.4000000059605, 1962.9000000059605, 2131.9000000059605, 2277.4000000059605, 2498.800000011921, 2664.199999988079, 2834.199999988079, 3003.800000011921]",A,0,4b919c123cfc03dfeb6bc00bbd46b2a3e6ffb8cc419d49de5563503e5cae88e2,train
1229,rithika,A,3,A_orient3,2,1,rithika/A/orient3/tilt_forward_away_1/landmarks_trimmed.json,54,54,18,"[0, 3, 6, 9, 12, 15, 18, 21, 24, 28, 31, 34, 37, 40, 43, 46, 49, 53]","[34.0, 197.90000000596046, 462.40000000596046, 632.5999999940395, 796.0999999940395, 998.6999999880791, 1232.199999988079, 1433.199999988079, 1601.0, 1800.800000011921, 1932.0999999940395, 2060.9000000059605, 2233.699999988079, 2400.5, 2566.4000000059605, 2735.699999988079, 2839.4000000059605, 3003.5999999940395]",A,0,1c307b6fbf610f465052454b6d23b0add327906457eb0594317ea452ca280691,train
1230,rithika,A,3,A_orient3,2,1,rithika/A/orient3/tilt_neutral_away_1/landmarks_trimmed.json,61,61,18,"[0, 3, 7, 10, 14, 17, 21, 24, 28, 31, 35, 38, 42, 45, 49, 52, 56, 60]","[65.40000000596046, 198.80000001192093, 396.19999998807907, 529.1999999880791, 729.0999999940395, 899.5999999940395, 1134.199999988079, 1298.4000000059605, 1466.9000000059605, 1629.9000000059605, 1827.0999999940395, 1998.4000000059605, 2199.5, 2360.199999988079, 2596.199999988079, 2727.4000000059605, 2839.300000011921, 3033.300000011921]",A,0,3e876bf91146939705983f6d99ff2879cd94539d2d201258cc94fe73db1f806b,validation
1231,rithika,A,3,A_orient3,2,1,rithika/A/orient3/tilt_neutral_neutral_1/landmarks_trimmed.json,50,50,18,"[0, 2, 5, 8, 11, 14, 17, 20, 23, 25, 28, 31, 34, 37, 40, 43, 46, 49]","[62.599999994039536, 133.80000001192093, 264.80000001192093, 364.09999999403954, 529.2000000178814, 661.0, 798.9000000059605, 930.5999999940395, 1232.9000000059605, 1330.300000011921, 1499.0999999940395, 1627.4000000059605, 1797.4000000059605, 1893.0999999940395, 2063.5, 2228.2000000178814, 2826.300000011921, 2938.7000000178814]",A,0,ba629dea9ceb10d6bc712e955f072d4f8d9eaba6051416015b19d547c9ab7fd9,train
1232,rithika,A,3,A_orient3,2,2,rithika/A/orient3/tilt_neutral_neutral_2/landmarks_trimmed.json,58,58,18,"[0, 3, 6, 10, 13, 16, 20, 23, 26, 30, 33, 36, 40, 43, 46, 50, 53, 57]","[72.39999997615814, 241.59999999403954, 408.0, 601.5999999940395, 806.2999999821186, 1005.2999999821186, 1242.199999988079, 1365.3999999761581, 1506.5, 1771.0, 1934.5, 2013.7999999821186, 2230.7999999821186, 2310.5, 2442.699999988079, 2608.0, 2772.2999999821186, 3006.2999999821186]",A,0,6b49e0d209e07719937541647f25a876ced4c531376c77c88522e239edaa3738,train
1233,rithika,A,3,A_orient3,2,1,rithika/A/orient3/tilt_neutral_toward_1/landmarks_trimmed.json,62,62,18,"[0, 3, 7, 10, 14, 17, 21, 25, 28, 32, 35, 39, 43, 46, 50, 53, 57, 61]","[67.2000000178814, 268.40000000596046, 498.90000000596046, 664.8000000119209, 869.4000000059605, 1038.0999999940395, 1232.9000000059605, 1466.7000000178814, 1633.0999999940395, 1834.0, 2034.2000000178814, 2236.5999999940395, 2431.2000000178814, 2509.300000011921, 2641.4000000059605, 2739.800000011921, 2872.0999999940395, 3033.9000000059605]",A,0,830e085813f2f8966b977298c208b9a56209f360f948ab02d2ff8a09809f7c64,test
1234,rithika,B,1,B_orient1,3,1,rithika/B/orient1/tilt_back_away_1/landmarks_trimmed.json,80,80,18,"[0, 4, 9, 13, 18, 23, 27, 32, 37, 41, 46, 51, 55, 60, 65, 69, 74, 79]","[66.40000000596046, 200.19999998807907, 399.59999999403954, 531.9000000059605, 767.0999999940395, 930.1999999880791, 1100.5999999940395, 1295.699999988079, 1496.5999999940395, 1665.4000000059605, 1831.0999999940395, 2001.0, 2129.199999988079, 2299.4000000059605, 2534.7999999821186, 2663.7999999821186, 2866.4000000059605, 3003.9000000059605]",B,1,cffb8ea3309b46572f46c721fdd2df1f836762300a280474263d557db8a5b46f,train
1235,rithika,B,1,B_orient1,3,1,rithika/B/orient1/tilt_back_neutral_1/landmarks_trimmed.json,89,89,18,"[0, 5, 10, 15, 20, 25, 31, 36, 41, 46, 51, 56, 62, 67, 72, 77, 82, 88]","[33.5, 200.2999999821186, 363.7999999821186, 563.0999999940395, 732.3999999761581, 897.5, 1099.2999999821186, 1295.199999988079, 1463.5, 1634.0, 1794.7999999821186, 1966.3999999761581, 2167.0, 2330.5, 2500.0999999940395, 2667.199999988079, 2832.5, 3004.399999976158]",B,1,e87f5b23795cef10a24d89a971f5a7baa5397f304c3c1ab82220a703f183a81a,validation
1236,rithika,B,1,B_orient1,3,2,rithika/B/orient1/tilt_back_neutral_2/landmarks_trimmed.json,68,68,18,"[0, 3, 7, 11, 15, 19, 23, 27, 31, 35, 39, 43, 47, 51, 55, 59, 63, 67]","[33.5, 178.19999998807907, 372.59999999403954, 570.2999999821186, 736.6999999880791, 941.3999999761581, 1139.0, 1371.7999999821186, 1545.5999999940395, 1740.7999999821186, 1873.699999988079, 2014.199999988079, 2178.5, 2343.0, 2508.5, 2737.2999999821186, 2839.199999988079, 3036.2999999821186]",B,1,32fa8cea84a38ccf1a43acac36b8646e568cd0c31230d75b34f13a7d3965d295,train
1237,rithika,B,1,B_orient1,3,1,rithika/B/orient1/tilt_back_toward_1/landmarks_trimmed.json,77,77,18,"[0, 4, 8, 13, 17, 22, 26, 31, 35, 40, 44, 49, 53, 58, 62, 67, 71, 76]","[61.599999994039536, 198.39999997615814, 330.7999999821186, 528.7999999821186, 693.8999999761581, 962.0999999940395, 1097.5999999940395, 1298.3999999761581, 1429.7999999821186, 1632.0999999940395, 1796.5, 2030.199999988079, 2164.5, 2328.7999999821186, 2496.0999999940395, 2665.0, 2826.899999976158, 3030.5999999940395]",B,1,60f2fcff58293be53296507b51125e9609df71128a901b654c763b4f11c2b5d3,train
1238,rithika,B,1,B_orient1,3,1,rithika/B/orient1/tilt_forward_neutral_1/landmarks_trimmed.json,79,79,18,"[0, 4, 9, 13, 18, 22, 27, 32, 36, 41, 45, 50, 55, 59, 64, 68, 73, 78]","[33.5, 498.19999998807907, 661.2999999821186, 798.2999999821186, 962.1999999880791, 1129.0, 1295.8999999761581, 1460.0999999940395, 1594.3999999761581, 1761.699999988079, 1896.5, 2063.0, 2230.5999999940395, 2364.699999988079, 2530.5999999940395, 2659.0, 2829.5999999940395, 3032.399999976158]",B,1,ccc19695cd9394aeec14d119860a28e01f2ac940909f8fde3b24c193a29a026c,train
1239,rithika,B,1,B_orient1,3,2,rithika/B/orient1/tilt_forward_neutral_2/landmarks_trimmed.json,20,20,18,"[0, 1, 2, 3, 4, 5, 6, 7, 8, 10, 11, 12, 13, 14, 15, 16, 17, 19]","[698.0999999940395, 731.4000000059605, 794.0999999940395, 826.5999999940395, 859.8000000119209, 897.5999999940395, 1862.300000011921, 2196.0, 2226.800000011921, 2463.5, 2499.2000000178814, 2530.7000000178814, 2561.4000000059605, 2797.7000000178814, 2827.9000000059605, 2861.0999999940395, 2899.5, 3026.7000000178814]",B,1,6466c55571ffa291621b0c08bdf8e44d34e9c5b9803744fb2d8580e0060cd2a2,validation
1240,rithika,B,1,B_orient1,3,1,rithika/B/orient1/tilt_neutral_away_1/landmarks_trimmed.json,65,65,18,"[0, 3, 7, 11, 15, 18, 22, 26, 30, 33, 37, 41, 45, 48, 52, 56, 60, 64]","[33.30000001192093, 165.5, 364.5, 529.4000000059605, 730.6999999880791, 899.5999999940395, 1101.699999988079, 1334.5, 1501.699999988079, 1664.800000011921, 1864.800000011921, 2064.5999999940395, 2233.9000000059605, 2398.9000000059605, 2570.800000011921, 2764.5999999940395, 2899.0, 3003.5999999940395]",B,1,7196a637c0a689105cb1002cc91cb9250f18ef04f7b47693486900e2e0bc9e94,train
1241,rithika,B,1,B_orient1,3,1,rithika/B/orient1/tilt_neutral_neutral_1/landmarks_trimmed.json,62,62,18,"[0, 3, 7, 10, 14, 17, 21, 25, 28, 32, 35, 39, 43, 46, 50, 53, 57, 61]","[67.80000001192093, 239.40000000596046, 439.40000000596046, 568.8000000119209, 770.6000000238419, 894.6000000238419, 1134.800000011921, 1336.4000000059605, 1541.5, 1807.7000000178814, 2007.0, 2170.300000011921, 2338.300000011921, 2440.600000023842, 2574.600000023842, 2700.600000023842, 2839.0, 3038.800000011921]",B,1,35366c4e9f3658117e08bb0cdbe29fb8dc105f8f378fb62814677ecbca01e154,train
1242,rithika,B,1,B_orient1,3,2,rithika/B/orient1/tilt_neutral_neutral_2/landmarks_trimmed.json,81,81,18,"[0, 4, 9, 14, 18, 23, 28, 32, 37, 42, 47, 51, 56, 61, 65, 70, 75, 80]","[62.19999998807907, 165.39999997615814, 330.7999999821186, 564.5999999940395, 759.8999999761581, 927.0999999940395, 1095.699999988079, 1227.8999999761581, 1397.699999988079, 1563.7999999821186, 1794.0, 1930.199999988079, 2098.5, 2331.199999988079, 2461.399999976158, 2626.5999999940395, 2860.399999976158, 3003.399999976158]",B,1,d0fc44b56ee1d3415a02c2152740d54805b74f86ff1ba336793764220e9fb8b3,test
1243,rithika,B,1,B_orient1,3,1,rithika/B/orient1/tilt_neutral_toward_1/landmarks_trimmed.json,64,64,18,"[0, 3, 7, 11, 14, 18, 22, 25, 29, 33, 37, 40, 44, 48, 51, 55, 59, 63]","[33.5, 165.59999999403954, 330.80000001192093, 530.5999999940395, 700.1999999880791, 862.5999999940395, 1066.0999999940395, 1190.5999999940395, 1429.300000011921, 1630.199999988079, 1794.4000000059605, 1961.300000011921, 2164.4000000059605, 2365.800000011921, 2499.9000000059605, 2640.9000000059605, 2838.800000011921, 3030.199999988079]",B,1,542f52681e2d5b0e728804ec711692795daffce23ac44fe39c0beb60ef8e8d62,test
1244,rithika,B,2,B_orient2,4,1,rithika/B/orient2/tilt_back_neutral_1/landmarks_trimmed.json,59,59,18,"[0, 3, 6, 10, 13, 17, 20, 23, 27, 30, 34, 37, 40, 44, 47, 51, 54, 58]","[74.30000001192093, 199.7000000178814, 367.2000000178814, 601.4000000059605, 764.7000000178814, 965.8000000119209, 1170.4000000059605, 1299.0, 1533.4000000059605, 1702.0, 1899.7000000178814, 2070.4000000059605, 2263.0, 2467.2000000178814, 2575.100000023842, 2707.300000011921, 2868.9000000059605, 3004.300000011921]",B,1,7b208c64ab7d4b4f95f3f101738a2a3ab26b687081733014e3a628054b40976b,train
1245,rithika,B,2,B_orient2,4,2,rithika/B/orient2/tilt_back_neutral_2/landmarks_trimmed.json,81,81,18,"[0, 4, 9, 14, 18, 23, 28, 32, 37, 42, 47, 51, 56, 61, 65, 70, 75, 80]","[33.39999997615814, 165.2999999821186, 395.5, 565.3999999761581, 694.7999999821186, 862.3999999761581, 1136.5999999940395, 1326.7999999821186, 1492.0, 1664.199999988079, 1864.0, 1992.8999999761581, 2163.699999988079, 2359.5, 2495.899999976158, 2696.7999999821186, 2863.2999999821186, 3029.2999999821186]",B,1,ac829c2c533685d15fe91feb17627cc7077dfad7d9be0bfa5eb5be362a6fd5ee,train
1246,rithika,B,2,B_orient2,4,1,rithika/B/orient2/tilt_back_toward_1/landmarks_trimmed.json,22,22,18,"[0, 1, 2, 3, 4, 6, 7, 8, 9, 11, 12, 13, 14, 16, 17, 18, 19, 21]","[1730.199999988079, 1932.0999999940395, 1998.5, 2066.199999988079, 2098.0, 2231.0999999940395, 2292.800000011921, 2367.5999999940395, 2397.9000000059605, 2498.300000011921, 2565.300000011921, 2626.800000011921, 2695.699999988079, 2828.5, 2863.0999999940395, 2902.4000000059605, 2933.800000011921, 3029.699999988079]",B,1,b41ef8eee8902d026dfe85053da051a2d9ee0e656f53375c469245862a73d7f0,validation
1247,rithika,B,2,B_orient2,4,1,rithika/B/orient2/tilt_forward_away_1/landmarks_trimmed.json,51,51,18,"[0, 2, 5, 8, 11, 14, 17, 20, 23, 26, 29, 32, 35, 38, 41, 44, 47, 50]","[39.099999994039536, 175.09999999403954, 336.80000001192093, 508.40000000596046, 641.8000000119209, 773.4000000059605, 907.0, 1042.0, 1544.2000000178814, 1639.4000000059605, 1773.2000000178814, 2206.800000011921, 2278.0, 2408.2000000178814, 2541.4000000059605, 2741.9000000059605, 2871.2000000178814, 3006.7000000178814]",B,1,3ff016bf218c5fd39a88e784c0fbf0badbd81845b27d9be4691733ea87a7bfd8,train
1248,rithika,B,2,B_orient2,4,1,rithika/B/orient2/tilt_forward_neutral_1/landmarks_trimmed.json,60,60,18,"[0, 3, 6, 10, 13, 17, 20, 24, 27, 31, 34, 38, 41, 45, 48, 52, 55, 59]","[70.89999997615814, 165.5, 332.39999997615814, 533.3999999761581, 700.7999999821186, 902.1999999880791, 1031.699999988079, 1299.199999988079, 1426.2999999821186, 1664.0999999940395, 1793.3999999761581, 2037.0999999940395, 2164.399999976158, 2436.0, 2565.0, 2737.2999999821186, 2865.7999999821186, 3003.2999999821186]",B,1,9f2d3fce31545613f82ee6db2cc8c425e3470e2e0dc68dc699e88d2e1eb66cda,train
1249,rithika,B,2,B_orient2,4,2,rithika/B/orient2/tilt_forward_neutral_2/landmarks_trimmed.json,67,67,18,"[0, 3, 7, 11, 15, 19, 23, 27, 31, 34, 38, 42, 46, 50, 54, 58, 62, 66]","[34.099999994039536, 132.80000001192093, 264.59999999403954, 397.80000001192093, 561.8000000119209, 693.5999999940395, 866.0, 1100.300000011921, 1255.9000000059605, 1430.5, 1666.4000000059605, 1858.0999999940395, 2061.199999988079, 2267.5999999940395, 2532.699999988079, 2729.0999999940395, 2901.800000011921, 3003.800000011921]",B,1,07512d0b22d5cce7074c8f98502169f9ef007ed68c8527e1cc49ed88fd81febb,train
1250,rithika,B,2,B_orient2,4,1,rithika/B/orient2/tilt_forward_toward_1/landmarks_trimmed.json,89,89,18,"[0, 5, 10, 15, 20, 25, 31, 36, 41, 46, 51, 56, 62, 67, 72, 77, 82, 88]","[33.10000002384186, 198.80000001192093, 363.60000002384186, 529.3000000119209, 698.8000000119209, 863.1000000238419, 1063.1000000238419, 1224.9000000059605, 1392.7000000178814, 1565.6000000238419, 1728.2000000178814, 1895.1000000238419, 2162.5, 2328.600000023842, 2490.2000000178814, 2663.100000023842, 2831.9000000059605, 3030.2000000178814]",B,1,2b7e9a51adeeb5684a25f78495deeac3919f72ed11c3efb6f2a3ffa193efc888,train
1251,rithika,B,2,B_orient2,4,1,rithika/B/orient2/tilt_neutral_away_1/landmarks_trimmed.json,79,79,18,"[0, 4, 9, 13, 18, 22, 27, 32, 36, 41, 45, 50, 55, 59, 64, 68, 73, 78]","[67.60000002384186, 302.10000002384186, 538.1000000238419, 672.5, 835.9000000059605, 972.4000000059605, 1172.5, 1471.800000011921, 1633.9000000059605, 1804.6000000238419, 1933.6000000238419, 2104.9000000059605, 2270.600000023842, 2406.300000011921, 2541.0, 2673.2000000178814, 2838.7000000178814, 3004.600000023842]",B,1,1425489de5e316f15fe9f4da53ac1de0f708721cb6546fd9adc453468c08bc3e,test
1252,rithika,B,2,B_orient2,4,1,rithika/B/orient2/tilt_neutral_neutral_1/landmarks_trimmed.json,68,68,18,"[0, 3, 7, 11, 15, 19, 23, 27, 31, 35, 39, 43, 47, 51, 55, 59, 63, 67]","[67.90000000596046, 200.0, 364.09999999403954, 566.0999999940395, 733.3000000119209, 891.5, 1101.699999988079, 1266.9000000059605, 1497.5, 1632.0999999940395, 1832.0, 2032.0, 2197.300000011921, 2398.5, 2565.0999999940395, 2764.9000000059605, 2871.5999999940395, 3003.9000000059605]",B,1,52d81fa1b61b43935167e7ca8e9f627705119b7ddbbb5f17500156f027b02049,train
1253,rithika,B,2,B_orient2,4,2,rithika/B/orient2/tilt_neutral_neutral_2/landmarks_trimmed.json,57,57,18,"[0, 3, 6, 9, 13, 16, 19, 23, 26, 29, 32, 36, 39, 42, 46, 49, 52, 56]","[33.599999994039536, 201.59999999403954, 330.90000000596046, 502.19999998807907, 702.6999999880791, 832.6999999880791, 1002.0999999940395, 1237.0999999940395, 1429.800000011921, 1635.800000011921, 1805.4000000059605, 2034.0, 2235.4000000059605, 2371.4000000059605, 2542.5, 2701.9000000059605, 2825.699999988079, 3003.4000000059605]",B,1,5b486cb1ceb320c7924078381be27a23b380278b99b2b3fd6e950666ea7ca481,train
1254,rithika,B,2,B_orient2,4,1,rithika/B/orient2/tilt_neutral_toward_1/landmarks_trimmed.json,89,89,18,"[0, 5, 10, 15, 20, 25, 31, 36, 41, 46, 51, 56, 62, 67, 72, 77, 82, 88]","[61.60000002384186, 198.5, 363.5, 529.9000000059605, 727.3000000119209, 896.7000000178814, 1096.6000000238419, 1265.0, 1429.800000011921, 1592.300000011921, 1763.2000000178814, 1925.300000011921, 2128.4000000059605, 2295.2000000178814, 2500.100000023842, 2662.9000000059605, 2826.9000000059605, 3003.5]",B,1,26d62c86bb6c80932d92f59c66f79ba2998629f09530c1a8d6a89faae9f56019,train
1255,rithika,C,1,C_orient1,5,1,rithika/C/orient1/tilt_back_away_1/landmarks_trimmed.json,19,19,18,"[0, 1, 2, 3, 4, 5, 6, 7, 8, 9, 10, 11, 12, 13, 14, 15, 16, 18]","[33.400000005960464, 69.2000000178814, 144.40000000596046, 410.90000000596046, 499.2000000178814, 566.1000000238419, 599.6000000238419, 633.1000000238419, 666.6000000238419, 700.1000000238419, 768.6000000238419, 804.1000000238419, 880.0, 949.2000000178814, 1012.7000000178814, 1074.2000000178814, 1134.9000000059605, 1849.1000000238419]",C,2,89f28352c60306a5658a811eb1f7f4fccd77ab5077f923fb38f2d08eb6eca59e,train
1256,rithika,C,1,C_orient1,5,1,rithika/C/orient1/tilt_forward_away_1/landmarks_trimmed.json,49,49,18,"[0, 2, 5, 8, 11, 14, 16, 19, 22, 25, 28, 31, 33, 36, 39, 42, 45, 48]","[33.60000002384186, 364.40000000596046, 498.90000000596046, 632.7000000178814, 834.2000000178814, 1294.7000000178814, 1397.9000000059605, 1564.7000000178814, 1700.800000011921, 1831.1000000238419, 1998.300000011921, 2159.7000000178814, 2265.9000000059605, 2463.9000000059605, 2668.4000000059605, 2797.100000023842, 2903.600000023842, 3004.2000000178814]",C,2,6f376a432bcb954b0739b2d89bbb37f94f22c89c545e4391665e9bbaef55d736,validation
1257,rithika,C,1,C_orient1,5,1,rithika/C/orient1/tilt_forward_toward_1/landmarks_trimmed.json,60,60,18,"[0, 3, 6, 10, 13, 17, 20, 24, 27, 31, 34, 38, 41, 45, 48, 52, 55, 59]","[37.599999994039536, 169.69999998807907, 368.2999999821186, 605.0, 806.3999999761581, 994.7999999821186, 1204.3999999761581, 1402.699999988079, 1573.0999999940395, 1729.0999999940395, 1906.5999999940395, 2103.7999999821186, 2211.7999999821186, 2408.0, 2540.7999999821186, 2700.199999988079, 2840.7999999821186, 3003.0999999940395]",C,2,3d100e0a3f310d99b3406deccdb73aadd2e97ae40e41d6e7356a00fe6855ce37,train
1258,rithika,C,1,C_orient1,5,1,rithika/C/orient1/tilt_neutral_neutral_1/landmarks_trimmed.json,62,62,18,"[0, 3, 7, 10, 14, 17, 21, 25, 28, 32, 35, 39, 43, 46, 50, 53, 57, 61]","[35.900000005960464, 202.2000000178814, 404.40000000596046, 538.0, 737.3000000119209, 902.5, 1103.0, 1339.5, 1469.9000000059605, 1666.4000000059605, 1837.5999999940395, 2069.0999999940395, 2238.300000011921, 2370.2000000178814, 2537.300000011921, 2607.5999999940395, 2838.5999999940395, 3005.800000011921]",C,2,bcdb2af7e192ce4074176e6a0e7f6f12cce040d7f9bd1a6682b213adb9acb400,test
1259,rithika,C,1,C_orient1,5,2,rithika/C/orient1/tilt_neutral_neutral_2/landmarks_trimmed.json,76,76,18,"[0, 4, 8, 13, 17, 22, 26, 30, 35, 39, 44, 48, 52, 57, 61, 66, 70, 75]","[95.59999999403954, 226.80000001192093, 396.19999998807907, 562.1999999880791, 694.0999999940395, 891.5, 1125.5999999940395, 1258.4000000059605, 1459.199999988079, 1629.300000011921, 1794.4000000059605, 1961.0, 2195.300000011921, 2392.0, 2561.0999999940395, 2722.0999999940395, 2859.0999999940395, 3004.800000011921]",C,2,cd4367e1ec86e08e44d33e5279be5237f6ddd459c98a0be9da46d81e3069a875,train
1260,rithika,C,1,C_orient1,5,1,rithika/C/orient1/tilt_neutral_toward_1/landmarks_trimmed.json,46,46,18,"[0, 2, 5, 7, 10, 13, 15, 18, 21, 23, 26, 29, 31, 34, 37, 39, 42, 45]","[33.29999998211861, 129.0, 198.2999999821186, 297.2999999821186, 429.0, 562.1999999880791, 991.6999999880791, 1193.199999988079, 1327.0999999940395, 1423.699999988079, 1861.5999999940395, 1995.5, 2094.199999988079, 2193.0999999940395, 2390.5, 2461.2999999821186, 2657.5, 3056.9000000059605]",C,2,b93e04dac2ba3059a2731be4d270ae8c5b09e90d9aa1e5285ab0bf4b53b4a1df,train
1261,rithika,D,1,D_orient1,6,1,rithika/D/orient1/tilt_back_away_1/landmarks_trimmed.json,52,52,18,"[0, 3, 6, 9, 12, 15, 18, 21, 24, 27, 30, 33, 36, 39, 42, 45, 48, 51]","[67.2999999821186, 197.7999999821186, 367.59999999403954, 536.0, 775.5, 902.1999999880791, 1002.5, 1166.0, 1300.199999988079, 1667.3999999761581, 1798.699999988079, 1969.0, 2098.899999976158, 2267.399999976158, 2365.7999999821186, 2538.399999976158, 2608.199999988079, 2706.7999999821186]",D,3,6993ed72f787e736f536f8c3b49de19acd69b461ddfc146354719c05b01e342e,validation
1262,rithika,D,1,D_orient1,6,1,rithika/D/orient1/tilt_back_neutral_1/landmarks_trimmed.json,19,19,18,"[0, 1, 2, 3, 4, 5, 6, 7, 8, 9, 10, 11, 12, 13, 14, 15, 16, 18]","[1432.800000011921, 1530.9000000059605, 1664.300000011921, 1697.4000000059605, 1765.9000000059605, 1831.6000000238419, 1866.0, 1897.2000000178814, 1930.1000000238419, 1964.1000000238419, 2027.1000000238419, 2062.300000011921, 2100.5, 2165.300000011921, 2227.2000000178814, 2263.2000000178814, 2332.9000000059605, 2429.800000011921]",D,3,5ae0cd38943d943d63b59b3d910fbec0500c83e8ef4ca3bf6043b4e45724ea67,validation
1263,rithika,D,1,D_orient1,6,1,rithika/D/orient1/tilt_back_toward_1/landmarks_trimmed.json,60,60,18,"[0, 3, 6, 10, 13, 17, 20, 24, 27, 31, 34, 38, 41, 45, 48, 52, 55, 59]","[69.30000001192093, 165.0, 297.19999998807907, 534.5999999940395, 665.0, 932.0999999940395, 1128.9000000059605, 1361.699999988079, 1569.199999988079, 1801.699999988079, 1963.199999988079, 2168.300000011921, 2264.800000011921, 2496.800000011921, 2632.699999988079, 2767.4000000059605, 2864.9000000059605, 3001.300000011921]",D,3,e456ba72fd53dcbb6ffec5e5a2a45eb43626e2089cc0e198071f58a61ad8dd8f,train
1264,rithika,D,1,D_orient1,6,2,rithika/D/orient1/tilt_forward_neutral_2/landmarks_trimmed.json,25,25,18,"[0, 1, 2, 4, 5, 7, 8, 9, 11, 12, 14, 15, 16, 18, 19, 21, 22, 24]","[65.30000001192093, 263.40000000596046, 600.4000000059605, 696.5999999940395, 766.3000000119209, 865.7000000178814, 927.2000000178814, 999.7000000178814, 1100.7000000178814, 1129.300000011921, 1196.800000011921, 1263.9000000059605, 1333.5, 1431.300000011921, 1463.7000000178814, 1565.5, 1966.0, 3003.4000000059605]",D,3,b471f1534182e25e015b8bf711df82962ad382ea5bcaeeed88a4ee72c2fd0eaf,test
1265,rithika,D,1,D_orient1,6,1,rithika/D/orient1/tilt_neutral_away_1/landmarks_trimmed.json,72,72,18,"[0, 4, 8, 12, 16, 20, 25, 29, 33, 37, 41, 45, 50, 54, 58, 62, 66, 71]","[33.20000001788139, 166.59999999403954, 297.40000000596046, 430.30000001192093, 628.8000000119209, 830.2000000178814, 997.9000000059605, 1198.0, 1364.5999999940395, 1567.2000000178814, 1766.800000011921, 1997.2000000178814, 2167.800000011921, 2362.300000011921, 2565.5, 2697.0, 2867.0, 3026.7000000178814]",D,3,07b9b38d91a49102d24abf240f7633d133a2baeebfe50c82c6b4d605c8cac17c,test
1266,rithika,D,1,D_orient1,6,1,rithika/D/orient1/tilt_neutral_neutral_1/landmarks_trimmed.json,68,68,18,"[0, 3, 7, 11, 15, 19, 23, 27, 31, 35, 39, 43, 47, 51, 55, 59, 63, 67]","[64.0, 133.09999999403954, 331.0, 537.5, 698.7999999821186, 928.7999999821186, 1132.5999999940395, 1331.199999988079, 1528.199999988079, 1665.7999999821186, 1864.699999988079, 2066.399999976158, 2199.0, 2366.0, 2566.899999976158, 2764.199999988079, 2902.0, 3003.0999999940395]",D,3,1c4f301c65268603b5cbc80e5ca17c6dfb5b97014b8da7c73193f866462a98a7,train
1267,rithika,D,1,D_orient1,6,2,rithika/D/orient1/tilt_neutral_neutral_2/landmarks_trimmed.json,58,58,18,"[0, 3, 6, 10, 13, 16, 20, 23, 26, 30, 33, 36, 40, 43, 46, 50, 53, 57]","[33.79999998211861, 132.59999999403954, 297.2999999821186, 502.7999999821186, 663.0, 797.0999999940395, 1062.3999999761581, 1227.0999999940395, 1433.0, 1632.199999988079, 1765.3999999761581, 1931.699999988079, 2125.5, 2297.0999999940395, 2496.699999988079, 2726.5, 2863.7999999821186, 3000.699999988079]",D,3,98f616cebbf3b73604db927ee03ec744bcadadd5f3c3aa870ac0e3687c25d878,train
1268,rithika,D,1,D_orient1,6,1,rithika/D/orient1/tilt_neutral_toward_1/landmarks_trimmed.json,61,61,18,"[0, 3, 7, 10, 14, 17, 21, 24, 28, 31, 35, 38, 42, 45, 49, 52, 56, 60]","[34.19999998807907, 164.59999999403954, 364.0, 531.5, 731.2999999821186, 893.8999999761581, 1097.3999999761581, 1263.0999999940395, 1500.5999999940395, 1624.3999999761581, 1898.2999999821186, 2035.0, 2263.399999976158, 2388.2999999821186, 2597.0, 2706.5999999940395, 2896.699999988079, 3004.899999976158]",D,3,e6fd695c5b754177e6f78007cab41df3c915ef0f943d6d68a359b29681877053,train
1269,rithika,D,2,D_orient2,7,1,rithika/D/orient2/tilt_back_away_1/landmarks_trimmed.json,66,66,18,"[0, 3, 7, 11, 15, 19, 22, 26, 30, 34, 38, 42, 45, 49, 53, 57, 61, 65]","[561.4000000059605, 661.0, 797.5999999940395, 928.5, 1097.0, 1230.300000011921, 1325.0, 1497.0999999940395, 1730.800000011921, 1860.4000000059605, 2030.4000000059605, 2160.4000000059605, 2265.0, 2393.800000011921, 2531.5, 2660.0, 2896.0999999940395, 3026.300000011921]",D,3,e99eb2a2791fa14ecff4f14021c06dec464839d33521bbcdb55ed88da93d6d2b,train
1270,rithika,D,2,D_orient2,7,1,rithika/D/orient2/tilt_back_neutral_1/landmarks_trimmed.json,72,72,18,"[0, 4, 8, 12, 16, 20, 25, 29, 33, 37, 41, 45, 50, 54, 58, 62, 66, 71]","[33.400000005960464, 165.59999999403954, 330.59999999403954, 464.59999999403954, 663.5, 797.7999999821186, 1031.5, 1191.7999999821186, 1365.199999988079, 1498.199999988079, 1663.699999988079, 1863.2999999821186, 2095.9000000059605, 2302.9000000059605, 2461.0, 2631.9000000059605, 2772.199999988079, 3002.199999988079]",D,3,da67994cb21299e24d327f26a35d36d8bd643c5095cbc9dd32cd27ac44f0a47a,train
1271,rithika,D,2,D_orient2,7,2,rithika/D/orient2/tilt_back_neutral_2/landmarks_trimmed.json,60,60,18,"[0, 3, 6, 10, 13, 17, 20, 24, 27, 31, 34, 38, 41, 45, 48, 52, 55, 59]","[68.5, 199.19999998807907, 367.2999999821186, 561.1999999880791, 770.4000000059605, 997.0999999940395, 1168.2999999821186, 1399.5, 1494.9000000059605, 1731.0999999940395, 1900.7999999821186, 2099.699999988079, 2267.699999988079, 2500.699999988079, 2629.9000000059605, 2765.7999999821186, 2863.0, 3000.7999999821186]",D,3,93e3fab2de749c27af89ef61750f30823d6aab4eef4bc91f6f3bb7fb6f01effb,train
1272,rithika,D,2,D_orient2,7,1,rithika/D/orient2/tilt_forward_away_1/landmarks_trimmed.json,38,38,18,"[0, 2, 4, 6, 8, 10, 13, 15, 17, 19, 21, 23, 26, 28, 30, 32, 34, 37]","[34.10000002384186, 474.80000001192093, 832.1000000238419, 999.4000000059605, 1166.9000000059605, 1235.5, 1333.800000011921, 1399.4000000059605, 1462.4000000059605, 1533.7000000178814, 1600.7000000178814, 1668.1000000238419, 1761.2000000178814, 1832.2000000178814, 1899.1000000238419, 1965.6000000238419, 2033.0, 2868.7000000178814]",D,3,ef29c10e10a5110dfacb4755064f5babc48d67e337c600617c2c45f2e42018ba,train
1273,rithika,D,2,D_orient2,7,1,rithika/D/orient2/tilt_neutral_away_1/landmarks_trimmed.json,63,63,18,"[0, 3, 7, 10, 14, 18, 21, 25, 29, 32, 36, 40, 43, 47, 51, 54, 58, 62]","[69.5, 165.5, 364.19999998807907, 495.69999998807907, 698.3000000119209, 898.5999999940395, 1067.699999988079, 1264.800000011921, 1462.5999999940395, 1602.5999999940395, 1834.300000011921, 1996.300000011921, 2162.5, 2366.5999999940395, 2558.300000011921, 2700.300000011921, 2860.4000000059605, 3001.9000000059605]",D,3,70be22220007074ca0d5fccd3abd2afe403a21d2c4c28797bdf52156aca126c5,train
1274,rithika,D,2,D_orient2,7,1,rithika/D/orient2/tilt_neutral_neutral_1/landmarks_trimmed.json,60,60,18,"[0, 3, 6, 10, 13, 17, 20, 24, 27, 31, 34, 38, 41, 45, 48, 52, 55, 59]","[71.30000001192093, 232.0, 401.69999998807907, 570.5, 696.5999999940395, 934.8000000119209, 1071.4000000059605, 1297.300000011921, 1497.9000000059605, 1696.5999999940395, 1866.4000000059605, 2098.699999988079, 2266.800000011921, 2467.699999988079, 2598.0999999940395, 2733.5, 2839.0999999940395, 3033.9000000059605]",D,3,ee1f6bbc5d646e20fdafe57aa213a04a6cb5366604b3df302228145c4ad32662,train
1275,rithika,D,2,D_orient2,7,2,rithika/D/orient2/tilt_neutral_neutral_2/landmarks_trimmed.json,59,59,18,"[0, 3, 6, 10, 13, 17, 20, 23, 27, 30, 34, 37, 40, 44, 47, 51, 54, 58]","[67.09999999403954, 269.2999999821186, 400.09999999403954, 635.3999999761581, 803.0999999940395, 997.3999999761581, 1167.5999999940395, 1301.0999999940395, 1497.0999999940395, 1703.7999999821186, 1938.0, 2097.5999999940395, 2234.2999999821186, 2467.2999999821186, 2602.399999976158, 2707.0, 2838.5999999940395, 3030.2999999821186]",D,3,4e29ca3f7a3ef67dd3e6b80c8424fff8fb558037793aebf3329ef5fd8965d643,train
1276,rithika,E,1,E_orient1,8,1,rithika/E/orient1/tilt_back_away_1/landmarks_trimmed.json,35,35,18,"[0, 2, 4, 6, 8, 10, 12, 14, 16, 18, 20, 22, 24, 26, 28, 30, 32, 34]","[97.19999998807907, 368.5999999642372, 1325.2999999523163, 1468.3999999761581, 1601.2999999523163, 1697.5999999642372, 1798.0, 1898.199999988079, 1997.8999999761581, 2089.099999964237, 2234.199999988079, 2332.7999999523163, 2465.099999964237, 2697.599999964237, 2792.399999976158, 2859.899999976158, 2967.099999964237, 3003.099999964237]",E,4,2672446785d8893b3d9aaecbc1dc47ff00c323ff888ab8989ef64a8c985b0a86,test
1277,rithika,E,1,E_orient1,8,1,rithika/E/orient1/tilt_back_neutral_1/landmarks_trimmed.json,43,43,18,"[0, 2, 4, 7, 9, 12, 14, 17, 19, 22, 24, 27, 29, 32, 34, 37, 39, 42]","[173.20000004768372, 270.7000000476837, 504.10000002384186, 774.1000000238419, 838.5, 1000.3000000119209, 1103.2000000476837, 1501.800000011921, 1641.800000011921, 1803.0, 1971.6000000238419, 2107.600000023842, 2375.7000000476837, 2508.300000011921, 2608.2000000476837, 2739.400000035763, 2838.100000023842, 3004.0]",E,4,f24ec947982a10f44a53a791eb129dd8b8c1fbba9b9e35de7552d8e24c230a31,train
1278,rithika,E,1,E_orient1,8,2,rithika/E/orient1/tilt_back_neutral_2/landmarks_trimmed.json,66,66,18,"[0, 3, 7, 11, 15, 19, 22, 26, 30, 34, 38, 42, 45, 49, 53, 57, 61, 65]","[67.30000001192093, 233.60000002384186, 399.9000000357628, 600.1000000238419, 802.3000000119209, 1065.4000000357628, 1190.199999988079, 1397.9000000357628, 1597.199999988079, 1790.5, 1930.5, 2135.699999988079, 2289.900000035763, 2496.600000023842, 2632.5, 2765.900000035763, 2900.0, 3003.5]",E,4,6ed42bd9bada96ee44156b692869a54611f72d5db5450bbf5be96bbd33b00ac5,train
1279,rithika,E,1,E_orient1,8,1,rithika/E/orient1/tilt_back_toward_1/landmarks_trimmed.json,66,66,18,"[0, 3, 7, 11, 15, 19, 22, 26, 30, 34, 38, 42, 45, 49, 53, 57, 61, 65]","[126.69999998807907, 319.39999997615814, 429.19999998807907, 760.0999999642372, 893.5, 1024.199999988079, 1359.2999999523163, 1594.5, 1725.7999999523163, 1855.5, 2032.2999999523163, 2193.199999988079, 2288.199999988079, 2428.099999964237, 2555.899999976158, 2760.599999964237, 2891.7999999523163, 3026.7999999523163]",E,4,74927ad04e9fee2c9552ca120dbdf629a1115126d3df2f84d4ef7908d406dd66,train
1280,rithika,E,1,E_orient1,8,1,rithika/E/orient1/tilt_forward_away_1/landmarks_trimmed.json,59,59,18,"[0, 3, 6, 10, 13, 17, 20, 23, 27, 30, 34, 37, 40, 44, 47, 51, 54, 58]","[71.69999998807907, 202.10000002384186, 371.5, 571.4000000357628, 702.1000000238419, 936.1000000238419, 1103.6000000238419, 1304.300000011921, 1504.800000011921, 1635.1000000238419, 1833.5, 2006.199999988079, 2135.300000011921, 2308.199999988079, 2440.100000023842, 2607.600000023842, 2772.0, 2969.800000011921]",E,4,0b8b9043fd6067dc69fe7fb42617e6e948c94739d2cae70b6fefecb72e41de46,test
1281,rithika,E,1,E_orient1,8,1,rithika/E/orient1/tilt_forward_neutral_1/landmarks_trimmed.json,56,56,18,"[0, 3, 6, 9, 12, 16, 19, 22, 25, 29, 32, 35, 38, 42, 45, 48, 51, 55]","[69.59999999403954, 165.30000001192093, 336.40000000596046, 532.0, 660.8000000119209, 900.8000000119209, 994.4000000059605, 1166.9000000059605, 1331.4000000059605, 1530.7000000178814, 1696.5, 1900.2000000178814, 2067.800000011921, 2260.800000011921, 2535.4000000059605, 2705.0999999940395, 2833.0999999940395, 3001.300000011921]",E,4,8f210733c4aba634f39823f82869fe8843efac691287bfd870becc6c06952c4e,train
1282,rithika,E,1,E_orient1,8,2,rithika/E/orient1/tilt_forward_neutral_2/landmarks_trimmed.json,76,76,18,"[0, 4, 8, 13, 17, 22, 26, 30, 35, 39, 44, 48, 52, 57, 61, 66, 70, 75]","[34.099999994039536, 166.09999999403954, 366.0, 529.8000000119209, 666.5, 865.5, 1032.8999999761581, 1165.0, 1369.0, 1533.3999999761581, 1736.1000000238419, 1967.5, 2100.399999976158, 2302.0, 2461.699999988079, 2639.300000011921, 2836.0, 3008.899999976158]",E,4,42f1914d443629b84ffeed428ce77abbaeaf8d6b6c79ca013631af147dea11e6,train
1283,rithika,E,1,E_orient1,8,1,rithika/E/orient1/tilt_forward_toward_1/landmarks_trimmed.json,69,69,18,"[0, 4, 8, 12, 16, 20, 24, 28, 32, 36, 40, 44, 48, 52, 56, 60, 64, 68]","[33.69999998807907, 198.69999998807907, 394.69999998807907, 596.0999999940395, 728.5, 929.0999999940395, 1133.199999988079, 1260.9000000059605, 1430.0999999940395, 1596.199999988079, 1790.9000000059605, 1964.699999988079, 2166.199999988079, 2336.2999999821186, 2525.5, 2640.699999988079, 2860.699999988079, 3060.0]",E,4,630b857e503916e63bdd2a44b295c313a5d6d2ef32e5b1f0a8a0924dc5b275e2,train
1284,rithika,E,1,E_orient1,8,1,rithika/E/orient1/tilt_neutral_away_1/landmarks_trimmed.json,63,63,18,"[0, 3, 7, 10, 14, 18, 21, 25, 29, 32, 36, 40, 43, 47, 51, 54, 58, 62]","[35.0, 198.10000002384186, 441.10000002384186, 562.1999999880791, 770.6999999880791, 931.1999999880791, 1101.199999988079, 1303.4000000357628, 1529.800000011921, 1644.800000011921, 1864.699999988079, 2067.400000035763, 2175.0, 2368.100000023842, 2531.900000035763, 2635.400000035763, 2772.900000035763, 2970.300000011921]",E,4,830b6e4b98a3eae3c13cba73035092940962b9dc48daf155bc18924d666ca74b,train
1285,rithika,E,1,E_orient1,8,1,rithika/E/orient1/tilt_neutral_neutral_1/landmarks_trimmed.json,61,61,18,"[0, 3, 7, 10, 14, 17, 21, 24, 28, 31, 35, 38, 42, 45, 49, 52, 56, 60]","[70.80000001192093, 233.39999997615814, 467.89999997615814, 633.8000000119209, 834.3000000119209, 1001.3000000119209, 1239.3999999761581, 1396.5, 1606.0, 1765.6000000238419, 1971.1000000238419, 2096.5, 2335.399999976158, 2470.0, 2575.300000011921, 2695.899999976158, 2805.699999988079, 3004.300000011921]",E,4,64a96e0624a78a517962ef3750efbd739a6878249b7b13af442e3cef02c51833,train
1286,rithika,E,1,E_orient1,8,2,rithika/E/orient1/tilt_neutral_neutral_2/landmarks_trimmed.json,88,88,18,"[0, 5, 10, 15, 20, 25, 30, 35, 40, 46, 51, 56, 61, 66, 71, 76, 81, 87]","[33.5, 198.69999998807907, 364.0, 561.8000000119209, 728.6999999880791, 896.0, 1065.6000000238419, 1261.4000000357628, 1428.1000000238419, 1631.4000000357628, 1793.699999988079, 1964.800000011921, 2157.699999988079, 2328.699999988079, 2497.600000023842, 2659.300000011921, 2829.699999988079, 3027.400000035763]",E,4,10753dc99933e7986284a839656c8f64063ca27fe59ace07aa2f62bd85449e0f,train
1287,rithika,E,1,E_orient1,8,1,rithika/E/orient1/tilt_neutral_toward_1/landmarks_trimmed.json,61,61,18,"[0, 3, 7, 10, 14, 17, 21, 24, 28, 31, 35, 38, 42, 45, 49, 52, 56, 60]","[70.30000001192093, 231.19999998807907, 405.10000002384186, 598.4000000357628, 772.1000000238419, 965.6999999880791, 1165.9000000357628, 1335.300000011921, 1536.5, 1667.6000000238419, 1867.5, 2036.1000000238419, 2232.600000023842, 2373.100000023842, 2566.400000035763, 2674.199999988079, 2863.199999988079, 3037.100000023842]",E,4,9dd0fb309430d092618d7322f80a4cd6fbf559689cccabd34f0ff9958927fb60,train
1288,rithika,E,2,E_orient2,9,1,rithika/E/orient2/tilt_back_away_1/landmarks_trimmed.json,62,62,18,"[0, 3, 7, 10, 14, 17, 21, 25, 28, 32, 35, 39, 43, 46, 50, 53, 57, 61]","[33.0, 202.4000000357628, 361.10000002384186, 502.10000002384186, 690.0, 836.1999999880791, 1067.199999988079, 1231.1000000238419, 1401.699999988079, 1598.1000000238419, 1764.9000000357628, 1965.199999988079, 2198.800000011921, 2331.600000023842, 2568.300000011921, 2673.5, 2838.699999988079, 3024.400000035763]",E,4,a5cac73f3abd391c8bc80f8d0c7537f2f2806656ee364d64c6d1384ee3d4b47a,train
1289,rithika,E,2,E_orient2,9,1,rithika/E/orient2/tilt_back_neutral_1/landmarks_trimmed.json,61,61,18,"[0, 3, 7, 10, 14, 17, 21, 24, 28, 31, 35, 38, 42, 45, 49, 52, 56, 60]","[33.30000001192093, 197.19999998807907, 396.39999997615814, 535.6999999880791, 726.6000000238419, 870.8999999761581, 1097.8999999761581, 1224.300000011921, 1430.699999988079, 1564.6000000238419, 1694.3999999761581, 1795.8999999761581, 1964.300000011921, 2129.300000011921, 2331.5, 2497.0, 2739.5, 3001.0]",E,4,96c4f5c02b02a7c9868bb674743c3ea300e38635377d3a626f260f29b2866af3,test
1290,rithika,E,2,E_orient2,9,2,rithika/E/orient2/tilt_back_neutral_2/landmarks_trimmed.json,42,42,18,"[0, 2, 4, 7, 9, 12, 14, 16, 19, 21, 24, 26, 28, 31, 33, 36, 38, 41]","[34.0, 132.89999997615814, 232.10000002384186, 399.60000002384186, 496.80000001192093, 635.3999999761581, 735.6000000238419, 834.1999999880791, 1002.8999999761581, 1165.8999999761581, 1366.0, 1465.1000000238419, 1565.0, 2397.300000011921, 2495.699999988079, 2773.300000011921, 2872.100000023842, 3034.0]",E,4,2612914b224b117dab2dced9ed5e40d2947e98baee720effc0dbf3c45be477f5,train
1291,rithika,E,2,E_orient2,9,1,rithika/E/orient2/tilt_back_toward_1/landmarks_trimmed.json,53,53,18,"[0, 3, 6, 9, 12, 15, 18, 21, 24, 27, 30, 33, 36, 39, 42, 45, 48, 52]","[69.69999998807907, 367.60000002384186, 562.1999999880791, 694.1999999880791, 868.5, 1029.6000000238419, 1167.699999988079, 1260.199999988079, 1362.9000000357628, 1528.800000011921, 1692.4000000357628, 1798.9000000357628, 2033.800000011921, 2166.5, 2263.900000035763, 2628.600000023842, 2795.900000035763, 3030.199999988079]",E,4,285cbbef2480c37e2df7130c6b1bfe7a4b7dbacbc3fb1657538b7ae3965b40d9,train
1292,rithika,E,2,E_orient2,9,1,rithika/E/orient2/tilt_forward_away_1/landmarks_trimmed.json,54,54,18,"[0, 3, 6, 9, 12, 15, 18, 21, 24, 28, 31, 34, 37, 40, 43, 46, 49, 53]","[61.40000003576279, 132.20000004768372, 298.2000000476837, 497.2000000476837, 667.8000000119209, 764.7000000476837, 933.3000000119209, 1095.1000000238419, 1264.300000011921, 1466.2000000476837, 1564.9000000357628, 1731.800000011921, 1832.300000011921, 1968.9000000357628, 2098.800000011921, 2231.7000000476837, 2399.800000011921, 2759.600000023842]",E,4,001b670301d0833e1316ebe408cc9cc8e24faf0d4b8b959b96e77bf44e6aa2dd,train
1293,rithika,E,2,E_orient2,9,2,rithika/E/orient2/tilt_forward_neutral_2/landmarks_trimmed.json,72,72,18,"[0, 4, 8, 12, 16, 20, 25, 29, 33, 37, 41, 45, 50, 54, 58, 62, 66, 71]","[56.69999998807907, 198.30000001192093, 331.0, 464.10000002384186, 594.1000000238419, 727.8000000119209, 895.4000000357628, 1030.9000000357628, 1157.199999988079, 1296.0, 1430.9000000357628, 1559.699999988079, 1729.300000011921, 1864.0, 2062.600000023842, 2528.400000035763, 2695.400000035763, 3028.800000011921]",E,4,6556a7867d231f0e3c8ced757fc9dd08c7eefeeca8094ecb87a9864318daa977,validation
1294,rithika,E,2,E_orient2,9,1,rithika/E/orient2/tilt_forward_toward_1/landmarks_trimmed.json,30,30,18,"[0, 1, 3, 5, 6, 8, 10, 11, 13, 15, 17, 18, 20, 22, 23, 25, 27, 29]","[67.69999998807907, 135.5999999642372, 199.19999998807907, 301.5, 372.0, 468.0, 732.8999999761581, 1266.0, 1502.699999988079, 2138.599999964237, 2268.899999976158, 2468.199999988079, 2565.599999964237, 2664.399999976158, 2674.300000011921, 2740.399999976158, 2905.199999988079, 2971.099999964237]",E,4,84888c2642b99d7484a6847888cb5e9bb24b857834bfb30fd92d6d5dcc8fb218,train
1295,rithika,E,2,E_orient2,9,1,rithika/E/orient2/tilt_neutral_away_1/landmarks_trimmed.json,86,86,18,"[0, 5, 10, 15, 20, 25, 30, 35, 40, 45, 50, 55, 60, 65, 70, 75, 80, 85]","[34.5, 201.4000000357628, 368.4000000357628, 564.0, 764.2000000476837, 933.4000000357628, 1099.6000000238419, 1300.6000000238419, 1464.1000000238419, 1664.7000000476837, 1829.4000000357628, 1999.4000000357628, 2168.300000011921, 2328.300000011921, 2501.600000023842, 2663.2000000476837, 2868.2000000476837, 3003.5]",E,4,eecb16dd8080444b2246122bb0de26a575c1de2dce32bf84670dba93f29acdf1,train
1296,rithika,E,2,E_orient2,9,1,rithika/E/orient2/tilt_neutral_neutral_1/landmarks_trimmed.json,54,54,18,"[0, 3, 6, 9, 12, 15, 18, 21, 24, 28, 31, 34, 37, 40, 43, 46, 49, 53]","[61.09999996423721, 167.29999995231628, 336.69999998807907, 498.0999999642372, 670.3999999761581, 837.0999999642372, 999.6999999880791, 1168.199999988079, 1336.5, 1536.0999999642372, 1699.3999999761581, 1902.0, 2068.599999964237, 2235.899999976158, 2400.0, 2475.5, 2871.199999988079, 3037.899999976158]",E,4,79a5c461030336e83e892bcf44e8c9e5a78e1a63bbcb417194cb1b758b3236e6,test
1297,rithika,E,2,E_orient2,9,2,rithika/E/orient2/tilt_neutral_neutral_2/landmarks_trimmed.json,60,60,18,"[0, 3, 6, 10, 13, 17, 20, 24, 27, 31, 34, 38, 41, 45, 48, 52, 55, 59]","[60.19999998807907, 163.5, 288.89999997615814, 422.0, 527.8000000119209, 762.3000000119209, 928.8000000119209, 1093.0999999642372, 1258.0, 1462.699999988079, 1659.5, 1929.199999988079, 2061.300000011921, 2256.399999976158, 2392.199999988079, 2594.099999964237, 2758.0, 2964.300000011921]",E,4,323a13e10139e7240655e9bfb8f2a669db5f28c7e13058d28685046c565a94f4,train
1298,rithika,E,2,E_orient2,9,1,rithika/E/orient2/tilt_neutral_toward_1/landmarks_trimmed.json,54,54,18,"[0, 3, 6, 9, 12, 15, 18, 21, 24, 28, 31, 34, 37, 40, 43, 46, 49, 53]","[66.30000001192093, 165.0, 333.39999997615814, 464.89999997615814, 630.1999999880791, 801.8999999761581, 933.0, 1098.199999988079, 1298.800000011921, 1566.3999999761581, 1764.0, 1901.5999999642372, 2037.199999988079, 2132.399999976158, 2298.599999964237, 2635.0, 2733.199999988079, 2838.800000011921]",E,4,0cc78e8df68855cb7da235ea7cec602ca0361b133c765c10b8e4a2af34108563,validation
1299,rithika,E,3,E_orient3,10,1,rithika/E/orient3/tilt_back_away_1/landmarks_trimmed.json,58,58,18,"[0, 3, 6, 10, 13, 16, 20, 23, 26, 30, 33, 36, 40, 43, 46, 50, 53, 57]","[64.10000002384186, 193.70000004768372, 297.80000001192093, 430.2000000476837, 561.9000000357628, 726.2000000476837, 929.1000000238419, 1060.7000000476837, 1229.5, 1394.2000000476837, 1595.0, 1763.4000000357628, 1956.9000000357628, 2125.900000035763, 2293.0, 2559.5, 2759.5, 3027.600000023842]",E,4,034ddbb8de8c85b4b35d6db1b6f8a5171032632eaa57e894d57c1550d897983d,train
1300,rithika,E,3,E_orient3,10,1,rithika/E/orient3/tilt_back_neutral_1/landmarks_trimmed.json,81,81,18,"[0, 4, 9, 14, 18, 23, 28, 32, 37, 42, 47, 51, 56, 61, 65, 70, 75, 80]","[34.5, 165.5, 332.2000000476837, 495.4000000357628, 631.3000000119209, 797.4000000357628, 965.7000000476837, 1099.2000000476837, 1304.5, 1464.5, 1630.800000011921, 1764.6000000238419, 1998.2000000476837, 2200.5, 2330.300000011921, 2533.900000035763, 2737.7000000476837, 3032.100000023842]",E,4,96cd3b78369f82097fd573f3d08f9b13e3c79e407343a90a0df4753f5d58f601,train
1301,rithika,E,3,E_orient3,10,2,rithika/E/orient3/tilt_back_neutral_2/landmarks_trimmed.json,62,62,18,"[0, 3, 7, 10, 14, 17, 21, 25, 28, 32, 35, 39, 43, 46, 50, 53, 57, 61]","[34.30000001192093, 198.39999997615814, 435.80000001192093, 566.0, 801.6999999880791, 931.0, 1128.8999999761581, 1333.3999999761581, 1502.699999988079, 1692.300000011921, 1866.1000000238419, 2068.0, 2264.800000011921, 2392.800000011921, 2600.399999976158, 2674.100000023842, 2838.899999976158, 3003.800000011921]",E,4,46ffc99f71fa24317400a6bb69d312e2888e6e55c256a23bd1e20fd89cef5bdc,train
1302,rithika,E,3,E_orient3,10,1,rithika/E/orient3/tilt_back_toward_1/landmarks_trimmed.json,90,90,18,"[0, 5, 10, 15, 20, 26, 31, 36, 41, 47, 52, 57, 62, 68, 73, 78, 83, 89]","[33.59999996423721, 198.39999997615814, 364.0999999642372, 528.5999999642372, 696.5999999642372, 897.7999999523163, 1095.699999988079, 1264.0, 1430.5, 1626.0999999642372, 1797.0999999642372, 1964.5999999642372, 2126.0, 2327.7999999523163, 2497.199999988079, 2660.099999964237, 2831.099999964237, 3031.2999999523163]",E,4,05382b43675362f1ff41b304cb6f287425a2b0132b9d06faa369ce4433ad2d51,train
1303,rithika,E,3,E_orient3,10,1,rithika/E/orient3/tilt_forward_away_1/landmarks_trimmed.json,61,61,18,"[0, 3, 7, 10, 14, 17, 21, 24, 28, 31, 35, 38, 42, 45, 49, 52, 56, 60]","[70.40000003576279, 231.4000000357628, 466.69999998807907, 595.0, 796.1000000238419, 1002.6000000238419, 1200.5, 1332.800000011921, 1533.4000000357628, 1698.199999988079, 1934.199999988079, 2064.300000011921, 2264.800000011921, 2396.900000035763, 2599.100000023842, 2706.699999988079, 2871.600000023842, 3003.699999988079]",E,4,3a768f02ea591e69629f37823599461fd0d7279f33475283455337f4ccd1a2eb,validation
1304,rithika,E,3,E_orient3,10,2,rithika/E/orient3/tilt_forward_neutral_2/landmarks_trimmed.json,68,68,18,"[0, 3, 7, 11, 15, 19, 23, 27, 31, 35, 39, 43, 47, 51, 55, 59, 63, 67]","[105.69999998807907, 272.7999999523163, 431.5, 631.6999999880791, 831.5999999642372, 999.6999999880791, 1198.699999988079, 1333.5, 1571.199999988079, 1697.2999999523163, 1865.3999999761581, 2068.2999999523163, 2237.2999999523163, 2364.099999964237, 2497.199999988079, 2733.099999964237, 2864.699999988079, 3031.5]",E,4,e125722a395c983c3d486cdfc757d8231b79b69553de400ade66bba51bb33896,train
1305,rithika,E,3,E_orient3,10,1,rithika/E/orient3/tilt_forward_toward_1/landmarks_trimmed.json,34,34,18,"[0, 1, 3, 5, 7, 9, 11, 13, 15, 17, 19, 21, 23, 25, 27, 29, 31, 33]","[1597.1000000238419, 1662.699999988079, 1727.800000011921, 1830.199999988079, 1895.800000011921, 1996.6000000238419, 2096.100000023842, 2163.5, 2229.399999976158, 2362.699999988079, 2430.100000023842, 2496.300000011921, 2598.0, 2696.300000011921, 2761.399999976158, 2864.399999976158, 2962.100000023842, 3024.899999976158]",E,4,b5cd441a1f1332c6c5cf62e13912a279ee2ad4e9d2f03a80a23c5f748e7ce02d,train
1306,rithika,E,3,E_orient3,10,1,rithika/E/orient3/tilt_neutral_away_1/landmarks_trimmed.json,65,65,18,"[0, 3, 7, 11, 15, 18, 22, 26, 30, 33, 37, 41, 45, 48, 52, 56, 60, 64]","[33.0, 203.0999999642372, 431.0, 630.8000000119209, 803.3999999761581, 967.0, 1170.0, 1331.3999999761581, 1532.699999988079, 1703.0, 1830.699999988079, 2032.199999988079, 2230.800000011921, 2401.199999988079, 2508.899999976158, 2706.699999988079, 2893.899999976158, 3036.0]",E,4,6943b67e2c22955167f0ef07d8c25f8b8de9e6f11569017465d7f67960447250,train
1307,rithika,E,3,E_orient3,10,1,rithika/E/orient3/tilt_neutral_neutral_1/landmarks_trimmed.json,49,49,18,"[0, 2, 5, 8, 11, 14, 16, 19, 22, 25, 28, 31, 33, 36, 39, 42, 45, 48]","[33.10000002384186, 100.0, 301.80000001192093, 436.60000002384186, 637.6000000238419, 792.3999999761581, 864.3999999761581, 1028.5, 1200.300000011921, 1330.0, 1502.8999999761581, 1634.199999988079, 2331.800000011921, 2500.399999976158, 2630.800000011921, 2739.5, 2900.800000011921, 3000.800000011921]",E,4,b9a2232a4449219d8fd5283de5c52460581bbb5ec3fd4b9a6c89a72ca9434db2,validation
1308,rithika,E,3,E_orient3,10,2,rithika/E/orient3/tilt_neutral_neutral_2/landmarks_trimmed.json,89,89,18,"[0, 5, 10, 15, 20, 25, 31, 36, 41, 46, 51, 56, 62, 67, 72, 77, 82, 88]","[34.5, 201.39999997615814, 366.19999998807907, 533.1000000238419, 702.6000000238419, 863.8999999761581, 1066.199999988079, 1233.1000000238419, 1402.699999988079, 1601.3999999761581, 1762.0, 1935.1000000238419, 2170.699999988079, 2334.199999988079, 2499.600000023842, 2663.800000011921, 2834.199999988079, 3004.199999988079]",E,4,08feab2c3e4bf92cfc5e102f61e468111a4f90e277cb9a998f583c2a42d61ecd,validation
1309,rithika,F,1,F_orient1,11,1,rithika/F/orient1/tilt_back_away_1/landmarks_trimmed.json,62,62,18,"[0, 3, 7, 10, 14, 17, 21, 25, 28, 32, 35, 39, 43, 46, 50, 53, 57, 61]","[33.5, 173.0, 364.10000002384186, 534.8000000119209, 730.8000000119209, 898.5, 1102.699999988079, 1265.199999988079, 1435.699999988079, 1636.1000000238419, 1803.699999988079, 1995.300000011921, 2203.0, 2331.0, 2509.400000035763, 2693.900000035763, 2838.800000011921, 3004.0]",F,5,d8188c16438547f08eddac4314a2e6f04f9a1dbca8b2b71588f5ba95f622133e,validation
1310,rithika,F,1,F_orient1,11,1,rithika/F/orient1/tilt_back_neutral_1/landmarks_trimmed.json,54,54,18,"[0, 3, 6, 9, 12, 15, 18, 21, 24, 28, 31, 34, 37, 40, 43, 46, 49, 53]","[165.20000004768372, 330.2000000476837, 463.5, 631.7000000476837, 796.2000000476837, 996.2000000476837, 1165.0, 1300.0, 1495.1000000238419, 1762.800000011921, 1930.2000000476837, 2095.800000011921, 2260.7000000476837, 2432.2000000476837, 2629.600000023842, 2767.5, 2896.2000000476837, 3028.400000035763]",F,5,cf8e29aaee999d08ac98dd5a019203969c52ec11760edc2a27ad1637353616b9,train
1311,rithika,F,1,F_orient1,11,2,rithika/F/orient1/tilt_back_neutral_2/landmarks_trimmed.json,70,70,18,"[0, 4, 8, 12, 16, 20, 24, 28, 32, 36, 40, 44, 48, 52, 56, 60, 64, 69]","[62.39999997615814, 199.5, 331.19999998807907, 496.0, 630.6999999880791, 796.6999999880791, 991.3999999761581, 1163.0999999642372, 1364.7999999523163, 1529.699999988079, 1696.8999999761581, 1862.0, 2067.599999964237, 2229.399999976158, 2440.899999976158, 2640.699999988079, 2806.599999964237, 3003.599999964237]",F,5,e9850c0689feb5164bf0f5d7608415306df6a4798356a5eba6b88de9413f09ae,test
1312,rithika,F,1,F_orient1,11,1,rithika/F/orient1/tilt_back_toward_1/landmarks_trimmed.json,26,26,18,"[0, 1, 2, 4, 5, 7, 8, 10, 11, 13, 14, 16, 17, 19, 20, 22, 23, 25]","[134.69999998807907, 165.80000001192093, 236.19999998807907, 365.0, 435.0999999642372, 561.5, 594.1999999880791, 700.0, 768.6999999880791, 2431.899999976158, 2498.699999988079, 2574.399999976158, 2633.599999964237, 2700.300000011921, 2707.199999988079, 2773.199999988079, 2934.5, 2970.5]",F,5,9ae7ced4509b7814775f05f10792759e9343f9dffdb75b76db0a0aa74da6fcc3,test
1313,rithika,F,1,F_orient1,11,1,rithika/F/orient1/tilt_forward_away_1/landmarks_trimmed.json,79,79,18,"[0, 4, 9, 13, 18, 22, 27, 32, 36, 41, 45, 50, 55, 59, 64, 68, 73, 78]","[61.40000003576279, 363.4000000357628, 528.9000000357628, 661.7000000476837, 830.0, 960.5, 1129.300000011921, 1329.9000000357628, 1496.6000000238419, 1662.0, 1795.9000000357628, 1963.0, 2130.0, 2261.7000000476837, 2430.2000000476837, 2593.100000023842, 2826.400000035763, 3029.600000023842]",F,5,a6936a789ab7d27366f580ce1baa050e722f4a5a31d96434308f992747047b4b,train
1314,rithika,F,1,F_orient1,11,1,rithika/F/orient1/tilt_forward_neutral_1/landmarks_trimmed.json,77,77,18,"[0, 4, 8, 13, 17, 22, 26, 31, 35, 40, 44, 49, 53, 58, 62, 67, 71, 76]","[33.5, 165.69999998807907, 299.89999997615814, 463.69999998807907, 600.0999999642372, 765.0, 897.3000000119209, 1062.199999988079, 1201.800000011921, 1365.8999999761581, 1498.800000011921, 1730.5, 1865.800000011921, 2030.800000011921, 2199.800000011921, 2433.0, 2630.5, 2801.199999988079]",F,5,d9306b32e55a5be4acb52b45e18a4bc03d65ab8c6ab7bcaf6611fbef532b8047,train
1315,rithika,F,1,F_orient1,11,2,rithika/F/orient1/tilt_forward_neutral_2/landmarks_trimmed.json,63,63,18,"[0, 3, 7, 10, 14, 18, 21, 25, 29, 32, 36, 40, 43, 47, 51, 54, 58, 62]","[65.30000001192093, 198.10000002384186, 400.2000000476837, 528.8000000119209, 730.5, 894.4000000357628, 1026.1000000238419, 1233.5, 1400.800000011921, 1564.800000011921, 1765.9000000357628, 1963.1000000238419, 2128.900000035763, 2294.800000011921, 2496.2000000476837, 2662.400000035763, 2806.5, 3004.5]",F,5,ca807b46c10b3a2518759b03c051a1cfa6d52f7f4ac1b54baa46d0d98cb530c6,train
1316,rithika,F,1,F_orient1,11,1,rithika/F/orient1/tilt_forward_toward_1/landmarks_trimmed.json,67,67,18,"[0, 3, 7, 11, 15, 19, 23, 27, 31, 34, 38, 42, 46, 50, 54, 58, 62, 66]","[35.40000003576279, 203.9000000357628, 365.80000001192093, 605.6000000238419, 767.7000000476837, 965.8000000119209, 1132.300000011921, 1338.4000000357628, 1535.7000000476837, 1704.0, 1865.800000011921, 2072.0, 2208.5, 2373.0, 2502.400000035763, 2671.600000023842, 2838.600000023842, 3004.0]",F,5,c94d92c87a578beab0e269ce454e49acb625dc460bb8f8966f6819a6824d428d,train
1317,rithika,F,1,F_orient1,11,1,rithika/F/orient1/tilt_neutral_neutral_1/landmarks_trimmed.json,57,57,18,"[0, 3, 6, 9, 13, 16, 19, 23, 26, 29, 32, 36, 39, 42, 46, 49, 52, 56]","[67.60000002384186, 231.4000000357628, 399.19999998807907, 568.1000000238419, 766.3000000119209, 900.1999999880791, 1103.699999988079, 1298.800000011921, 1498.800000011921, 1705.0, 1900.300000011921, 2135.0, 2371.100000023842, 2467.5, 2635.100000023842, 2706.800000011921, 2835.600000023842, 3002.800000011921]",F,5,9fe3c45b89bc40da81080db430bb4f437748854021439b040c95ff815108b76e,train
1318,rithika,F,1,F_orient1,11,2,rithika/F/orient1/tilt_neutral_neutral_2/landmarks_trimmed.json,79,79,18,"[0, 4, 9, 13, 18, 22, 27, 32, 36, 41, 45, 50, 55, 59, 64, 68, 73, 78]","[33.39999997615814, 166.0, 330.5999999642372, 464.19999998807907, 931.5999999642372, 1059.0, 1230.8999999761581, 1397.5, 1532.5, 1729.3999999761581, 1865.8999999761581, 2031.199999988079, 2193.5, 2331.5, 2496.599999964237, 2632.899999976158, 2806.0, 3030.099999964237]",F,5,5721a636fbc0b87969689db65e4ab1141b45a245cfb434cae2474d551b00c2f1,train
1319,rithika,F,1,F_orient1,11,1,rithika/F/orient1/tilt_neutral_toward_1/landmarks_trimmed.json,41,41,18,"[0, 2, 4, 7, 9, 11, 14, 16, 18, 21, 23, 25, 28, 30, 32, 35, 37, 40]","[61.5, 126.19999998807907, 196.69999998807907, 361.30000001192093, 462.9000000357628, 630.1000000238419, 929.4000000357628, 1265.6000000238419, 1356.5, 1525.9000000357628, 1631.5, 1759.699999988079, 1962.699999988079, 2128.800000011921, 2229.800000011921, 2394.900000035763, 2529.300000011921, 2695.400000035763]",F,5,2b18a255923e355b3e5e8a537a5f99a6ae86ee291095624e81a1967e593b0e40,train
1320,rithika,F,2,F_orient2,12,1,rithika/F/orient2/tilt_back_away_1/landmarks_trimmed.json,64,64,18,"[0, 3, 7, 11, 14, 18, 22, 25, 29, 33, 37, 40, 44, 48, 51, 55, 59, 63]","[34.30000001192093, 161.39999997615814, 264.80000001192093, 396.0, 563.0, 726.0, 993.8999999761581, 1190.0, 1431.3999999761581, 1629.1000000238419, 1860.199999988079, 1993.300000011921, 2163.300000011921, 2330.399999976158, 2428.199999988079, 2623.800000011921, 2827.0, 3025.800000011921]",F,5,467008f6118a0890d0b746192d66f1a3d6a0414d5630a37bac08d97fde873056,train
1321,rithika,F,2,F_orient2,12,1,rithika/F/orient2/tilt_back_neutral_1/landmarks_trimmed.json,64,64,18,"[0, 3, 7, 11, 14, 18, 22, 25, 29, 33, 37, 40, 44, 48, 51, 55, 59, 63]","[33.39999997615814, 132.39999997615814, 297.30000001192093, 429.5999999642372, 529.5, 664.5, 793.8000000119209, 928.8999999761581, 1190.300000011921, 1528.699999988079, 1899.0, 2030.5999999642372, 2163.5, 2297.0, 2392.0, 2532.899999976158, 2663.199999988079, 2796.0]",F,5,13bb351ed61c90aec816f1c81e51459ef3c49033d2c5ef2ed75e64e0b67e60a8,train
1322,rithika,F,2,F_orient2,12,2,rithika/F/orient2/tilt_back_neutral_2/landmarks_trimmed.json,62,62,18,"[0, 3, 7, 10, 14, 17, 21, 25, 28, 32, 35, 39, 43, 46, 50, 53, 57, 61]","[35.89999997615814, 166.69999998807907, 341.80000001192093, 469.10000002384186, 668.6000000238419, 806.1000000238419, 969.3000000119209, 1135.1000000238419, 1301.699999988079, 1475.0, 1638.199999988079, 1870.0, 2038.800000011921, 2146.5, 2369.399999976158, 2468.699999988079, 2639.699999988079, 2805.600000023842]",F,5,fd1113e13f4099863b4aa575db308665f20bef303391bad1aa6553e265702b2d,train
1323,rithika,F,2,F_orient2,12,1,rithika/F/orient2/tilt_back_toward_1/landmarks_trimmed.json,50,50,18,"[0, 2, 5, 8, 11, 14, 17, 20, 23, 25, 28, 31, 34, 37, 40, 43, 46, 49]","[165.29999995231628, 330.7999999523163, 429.19999998807907, 898.2999999523163, 1131.0, 1763.7999999523163, 1965.8999999761581, 2066.599999964237, 2163.899999976158, 2233.099999964237, 2332.699999988079, 2433.699999988079, 2530.2999999523163, 2629.199999988079, 2734.0, 2833.399999976158, 2931.099999964237, 3003.7999999523163]",F,5,55ca76d09f0479ac6fb0639a2e0c6ffe0dbbea1352121e51de051414831d54e6,train
1324,rithika,F,2,F_orient2,12,1,rithika/F/orient2/tilt_forward_neutral_1/landmarks_trimmed.json,77,77,18,"[0, 4, 8, 13, 17, 22, 26, 31, 35, 40, 44, 49, 53, 58, 62, 67, 71, 76]","[69.10000002384186, 226.9000000357628, 363.7000000476837, 565.1000000238419, 694.1000000238419, 893.5, 1062.4000000357628, 1260.5, 1466.1000000238419, 1661.5, 1821.5, 1994.9000000357628, 2128.100000023842, 2356.900000035763, 2494.2000000476837, 2696.100000023842, 2859.0, 3026.900000035763]",F,5,1995f640820cc63681bf7abb2140b7a63f1d23913af5c8a28cff06936c7661a7,validation
1325,rithika,F,2,F_orient2,12,1,rithika/F/orient2/tilt_forward_toward_1/landmarks_trimmed.json,57,57,18,"[0, 3, 6, 9, 13, 16, 19, 23, 26, 29, 32, 36, 39, 42, 46, 49, 52, 56]","[33.09999996423721, 194.89999997615814, 334.19999998807907, 495.5, 693.8999999761581, 901.1999999880791, 1029.0, 1260.199999988079, 1463.7999999523163, 1665.7999999523163, 1833.699999988079, 1996.5, 2169.099999964237, 2361.199999988079, 2595.599999964237, 2731.699999988079, 2838.2999999523163, 3003.5]",F,5,5c1f74c417a70bb22951d76248ac35b0058fdeb04c8b63b76fac0c6ad93a343f,test
1326,rithika,F,2,F_orient2,12,1,rithika/F/orient2/tilt_neutral_away_1/landmarks_trimmed.json,62,62,18,"[0, 3, 7, 10, 14, 17, 21, 25, 28, 32, 35, 39, 43, 46, 50, 53, 57, 61]","[72.19999998807907, 199.0, 435.0, 530.3999999761581, 700.3999999761581, 837.1999999880791, 1002.5, 1131.699999988079, 1302.8999999761581, 1499.300000011921, 1698.5999999642372, 1960.3999999761581, 2198.099999964237, 2399.599999964237, 2598.399999976158, 2740.099999964237, 2871.599999964237, 3003.5]",F,5,da51c2c92ad042d37bfb6bb1cdf4aed97bb5f93aa554a0473dbcb59375cc0807,train
1327,rithika,F,2,F_orient2,12,1,rithika/F/orient2/tilt_neutral_neutral_1/landmarks_trimmed.json,61,61,18,"[0, 3, 7, 10, 14, 17, 21, 24, 28, 31, 35, 38, 42, 45, 49, 52, 56, 60]","[68.0, 235.19999998807907, 468.89999997615814, 633.3999999761581, 862.8999999761581, 1003.0, 1201.3999999761581, 1369.199999988079, 1501.5, 1699.699999988079, 1903.7999999523163, 2098.7999999523163, 2335.399999976158, 2440.599999964237, 2574.7999999523163, 2673.899999976158, 2871.399999976158, 3003.399999976158]",F,5,68f5e62ae4cbf858064030b186b6b05dbb0f1903e0d316469ac6545e714b86c9,validation
1328,rithika,F,2,F_orient2,12,2,rithika/F/orient2/tilt_neutral_neutral_2/landmarks_trimmed.json,60,60,18,"[0, 3, 6, 10, 13, 17, 20, 24, 27, 31, 34, 38, 41, 45, 48, 52, 55, 59]","[65.30000001192093, 232.0, 434.0, 635.1999999880791, 760.5, 996.6000000238419, 1169.5, 1403.800000011921, 1568.800000011921, 1800.1000000238419, 2002.6000000238419, 2193.0, 2367.800000011921, 2533.0, 2638.600000023842, 2772.900000035763, 2901.800000011921, 3034.900000035763]",F,5,8a5c28c4fe080099b0b4f9e768ac18efe630f053c5f1dea622ad056150c622a6,train
1329,rithika,G,1,G_orient1,13,1,rithika/G/orient1/tilt_back_away_1/landmarks_trimmed.json,59,59,18,"[0, 3, 6, 10, 13, 17, 20, 23, 27, 30, 34, 37, 40, 44, 47, 51, 54, 58]","[71.40000003576279, 236.5, 330.7000000476837, 571.2000000476837, 729.0, 994.2000000476837, 1132.300000011921, 1302.4000000357628, 1535.7000000476837, 1736.300000011921, 1970.300000011921, 2099.800000011921, 2265.100000023842, 2470.100000023842, 2562.100000023842, 2705.400000035763, 2806.300000011921, 3004.0]",G,6,3d990b8bc12449695430cf33757cbebad67fc67e74f9777f294e75e20c7435ce,train
1330,rithika,G,1,G_orient1,13,1,rithika/G/orient1/tilt_back_neutral_1/landmarks_trimmed.json,64,64,18,"[0, 3, 7, 11, 14, 18, 22, 25, 29, 33, 37, 40, 44, 48, 51, 55, 59, 63]","[70.30000001192093, 230.80000001192093, 468.30000001192093, 669.2000000476837, 802.9000000357628, 1001.7000000476837, 1203.800000011921, 1331.4000000357628, 1537.7000000476837, 1702.300000011921, 1868.2000000476837, 2065.300000011921, 2303.300000011921, 2466.300000011921, 2570.300000011921, 2674.0, 2837.300000011921, 3003.900000035763]",G,6,a60f1b73d7660ec941536b3985ae675d03e539f2ef3c55b0e2b8968f995ed10c,validation
1331,rithika,G,1,G_orient1,13,1,rithika/G/orient1/tilt_back_toward_1/landmarks_trimmed.json,58,58,18,"[0, 3, 6, 10, 13, 16, 20, 23, 26, 30, 33, 36, 40, 43, 46, 50, 53, 57]","[69.39999997615814, 269.0999999642372, 402.2999999523163, 667.0999999642372, 872.5999999642372, 1035.0, 1302.0999999642372, 1502.5999999642372, 1668.5999999642372, 1869.2999999523163, 2072.0, 2196.099999964237, 2376.699999988079, 2496.399999976158, 2575.099999964237, 2764.699999988079, 2838.599999964237, 3003.099999964237]",G,6,96cc4083bc0782a49a367e3adbe8dc0bfa70bd9aca5022977074275fde59f886,train
1332,rithika,G,1,G_orient1,13,1,rithika/G/orient1/tilt_forward_away_1/landmarks_trimmed.json,45,45,18,"[0, 2, 5, 7, 10, 12, 15, 18, 20, 23, 25, 28, 31, 33, 36, 38, 41, 44]","[268.19999998807907, 398.60000002384186, 666.5, 803.1999999880791, 936.6000000238419, 1037.199999988079, 1195.0, 1868.699999988079, 2001.800000011921, 2200.800000011921, 2334.5, 2465.100000023842, 2568.400000035763, 2637.100000023842, 2736.400000035763, 2802.900000035763, 2897.400000035763, 3003.699999988079]",G,6,bc427bba58cc5c9e01c3b28ede707d8a5bcbb27a723de213b7084359736b3247,train
1333,rithika,G,1,G_orient1,13,1,rithika/G/orient1/tilt_forward_neutral_1/landmarks_trimmed.json,61,61,18,"[0, 3, 7, 10, 14, 17, 21, 24, 28, 31, 35, 38, 42, 45, 49, 52, 56, 60]","[64.80000001192093, 202.80000001192093, 434.2000000476837, 564.7000000476837, 765.3000000119209, 968.3000000119209, 1169.9000000357628, 1331.300000011921, 1598.800000011921, 1768.7000000476837, 1963.9000000357628, 2136.100000023842, 2302.900000035763, 2435.900000035763, 2636.7000000476837, 2735.300000011921, 2839.300000011921, 3003.900000035763]",G,6,388341edd6678e9f92ed8aa69528ba761e768f2b229e6ce761252a5d4d5ee7d3,train
1334,rithika,G,1,G_orient1,13,2,rithika/G/orient1/tilt_forward_neutral_2/landmarks_trimmed.json,53,53,18,"[0, 3, 6, 9, 12, 15, 18, 21, 24, 27, 30, 33, 36, 39, 42, 45, 48, 52]","[33.69999998807907, 163.80000001192093, 265.80000001192093, 363.5999999642372, 467.5999999642372, 601.0, 695.6999999880791, 800.5, 930.0999999642372, 1068.800000011921, 1231.5, 1331.8999999761581, 1434.0, 1530.800000011921, 1665.0999999642372, 1798.0999999642372, 2198.599999964237, 3003.399999976158]",G,6,63554c97762967c5c087cbaf3d8d6a09f3d1eef84749d65ba55e71a00d99440e,test
1335,rithika,G,1,G_orient1,13,1,rithika/G/orient1/tilt_forward_toward_1/landmarks_trimmed.json,34,34,18,"[0, 1, 3, 5, 7, 9, 11, 13, 15, 17, 19, 21, 23, 25, 27, 29, 31, 33]","[70.69999998807907, 101.30000001192093, 238.10000002384186, 332.80000001192093, 473.69999998807907, 568.1999999880791, 671.1999999880791, 763.5, 902.3000000119209, 1038.5, 1134.0, 1236.199999988079, 1331.9000000357628, 1468.9000000357628, 1535.300000011921, 1636.199999988079, 1730.5, 1837.9000000357628]",G,6,07e20b639c139b8415fb8665d336daf2d0ee9088a5933c67c08ee6d349e33ca5,train
1336,rithika,G,1,G_orient1,13,1,rithika/G/orient1/tilt_neutral_away_1/landmarks_trimmed.json,39,39,18,"[0, 2, 4, 6, 8, 11, 13, 15, 17, 20, 22, 24, 26, 29, 31, 33, 35, 38]","[33.60000002384186, 99.20000004768372, 228.9000000357628, 302.10000002384186, 434.5, 594.6000000238419, 836.6000000238419, 962.1000000238419, 1033.5, 1159.2000000476837, 1269.6000000238419, 1398.1000000238419, 1500.1000000238419, 1590.300000011921, 1663.300000011921, 1764.0, 1862.9000000357628, 2004.0]",G,6,c4cac675fc81f373ec7ad2dfd73d9512a6cda9ba9cb4453ae32e45e0e9763da0,train
1337,rithika,G,1,G_orient1,13,1,rithika/G/orient1/tilt_neutral_neutral_1/landmarks_trimmed.json,68,68,18,"[0, 3, 7, 11, 15, 19, 23, 27, 31, 35, 39, 43, 47, 51, 55, 59, 63, 67]","[36.69999998807907, 200.39999997615814, 338.30000001192093, 504.10000002384186, 666.5, 871.1000000238419, 1094.800000011921, 1295.800000011921, 1500.6000000238419, 1701.8999999761581, 1903.1000000238419, 2033.6000000238419, 2235.899999976158, 2402.699999988079, 2566.899999976158, 2702.300000011921, 2805.699999988079, 3003.899999976158]",G,6,309f2a30230423c8db9259ddd7643594bbcbef4ffb7a810ce88650f41e4963f0,validation
1338,rithika,G,1,G_orient1,13,2,rithika/G/orient1/tilt_neutral_neutral_2/landmarks_trimmed.json,53,53,18,"[0, 3, 6, 9, 12, 15, 18, 21, 24, 27, 30, 33, 36, 39, 42, 45, 48, 52]","[55.89999997615814, 132.5999999642372, 293.7999999523163, 495.2999999523163, 694.0999999642372, 895.7999999523163, 1160.5999999642372, 1324.199999988079, 1530.7999999523163, 1696.5999999642372, 1826.8999999761581, 1997.3999999761581, 2165.199999988079, 2323.399999976158, 2564.199999988079, 2690.7999999523163, 2829.5, 3003.5]",G,6,2a652c283ad53ea801ab5d293c56956f9433a52ad3ac0b59f4cf28400cbd2c0f,train
1339,rithika,I,1,I_orient1,14,2,rithika/I/orient1/tilt_back_neutral_2/landmarks_trimmed.json,28,28,18,"[0, 1, 3, 4, 6, 7, 9, 11, 12, 14, 15, 17, 19, 20, 22, 23, 25, 27]","[827.2000000476837, 936.3000000119209, 1465.7000000476837, 1496.5, 1599.9000000357628, 1663.0, 1732.0, 1833.800000011921, 1902.4000000357628, 1992.300000011921, 2032.2000000476837, 2165.5, 2230.5, 2268.900000035763, 2368.100000023842, 2531.100000023842, 2764.900000035763, 2838.0]",I,7,2ff6bcdf0f3dbeef941fb884b447e1c428ff7cf3a5a931f51977498ec26cb948,test
1340,rithika,I,1,I_orient1,14,1,rithika/I/orient1/tilt_back_toward_1/landmarks_trimmed.json,59,59,18,"[0, 3, 6, 10, 13, 17, 20, 23, 27, 30, 34, 37, 40, 44, 47, 51, 54, 58]","[66.19999998807907, 200.0, 368.39999997615814, 599.5, 734.3000000119209, 933.0999999642372, 1102.3999999761581, 1261.199999988079, 1533.5, 1701.199999988079, 1901.0999999642372, 2066.699999988079, 2235.099999964237, 2438.5, 2595.199999988079, 2706.699999988079, 2867.199999988079, 3000.599999964237]",I,7,e91129b59902343380730ce4d56f4e6dbe924e400b85fe2bf17a29c1601fea12,train
1341,rithika,I,1,I_orient1,14,1,rithika/I/orient1/tilt_forward_neutral_1/landmarks_trimmed.json,69,69,18,"[0, 4, 8, 12, 16, 20, 24, 28, 32, 36, 40, 44, 48, 52, 56, 60, 64, 68]","[33.60000002384186, 231.80000001192093, 364.9000000357628, 495.5, 629.6000000238419, 997.3000000119209, 1224.800000011921, 1395.6000000238419, 1529.800000011921, 1663.1000000238419, 1863.199999988079, 2030.0, 2162.600000023842, 2295.800000011921, 2493.699999988079, 2631.0, 2897.699999988079, 3025.199999988079]",I,7,8fd58726e55cefa352d8128cfc1ff6766d4a811c6c8828bf5b855ff4e2bba99b,train
1342,rithika,I,1,I_orient1,14,2,rithika/I/orient1/tilt_forward_neutral_2/landmarks_trimmed.json,60,60,18,"[0, 3, 6, 10, 13, 17, 20, 24, 27, 31, 34, 38, 41, 45, 48, 52, 55, 59]","[62.69999998807907, 192.30000001192093, 265.0, 427.19999998807907, 561.1000000238419, 797.3999999761581, 1126.699999988079, 1295.5, 1426.699999988079, 1595.0, 1762.800000011921, 1961.199999988079, 2092.899999976158, 2292.699999988079, 2494.300000011921, 2694.600000023842, 2861.600000023842, 3027.199999988079]",I,7,87c0a8828ba62eafe07f627cc7ffb19b0a41dcbc96e5e64ac0389a9ba25bc280,train
1343,rithika,I,1,I_orient1,14,1,rithika/I/orient1/tilt_forward_toward_1/landmarks_trimmed.json,40,40,18,"[0, 2, 4, 6, 9, 11, 13, 16, 18, 20, 22, 25, 27, 29, 32, 34, 36, 39]","[68.40000003576279, 166.80000001192093, 265.10000002384186, 401.5, 569.1000000238419, 667.9000000357628, 727.0, 900.6999999880791, 1035.199999988079, 1133.800000011921, 1363.199999988079, 2464.600000023842, 2532.0, 2600.400000035763, 2772.600000023842, 2864.300000011921, 2931.900000035763, 3003.0]",I,7,8fe39e4df32c10f2f75affc90008e6b6a065d26c8c609c524bc67fa881c7ca3d,train
1344,rithika,I,1,I_orient1,14,1,rithika/I/orient1/tilt_neutral_neutral_1/landmarks_trimmed.json,21,21,18,"[0, 1, 2, 3, 4, 5, 7, 8, 9, 10, 11, 12, 14, 15, 16, 17, 18, 20]","[2034.1000000238419, 2097.300000011921, 2268.5, 2364.399999976158, 2396.699999988079, 2429.199999988079, 2496.399999976158, 2530.600000023842, 2562.5, 2597.399999976158, 2630.600000023842, 2662.800000011921, 2726.100000023842, 2763.800000011921, 2796.0, 2829.300000011921, 2962.699999988079, 3029.0]",I,7,fb7c4f3934b7e42fbcb8928e8991ccd125a4088a7c3b866274e4bba72747a79e,test
1345,rithika,I,2,I_orient2,15,1,rithika/I/orient2/tilt_back_away_1/landmarks_trimmed.json,62,62,18,"[0, 3, 7, 10, 14, 17, 21, 25, 28, 32, 35, 39, 43, 46, 50, 53, 57, 61]","[68.69999998807907, 265.5999999642372, 469.69999998807907, 564.8999999761581, 800.8000000119209, 929.5, 1097.5, 1298.8999999761581, 1466.699999988079, 1666.3999999761581, 1834.3999999761581, 2031.300000011921, 2235.800000011921, 2361.099999964237, 2566.800000011921, 2692.800000011921, 2865.5, 3028.699999988079]",I,7,db478e6b207a939c3a088f6b21275317ca0c4a45db912e7eae05d3c2ae549848,train
1346,rithika,I,2,I_orient2,15,1,rithika/I/orient2/tilt_back_neutral_1/landmarks_trimmed.json,64,64,18,"[0, 3, 7, 11, 14, 18, 22, 25, 29, 33, 37, 40, 44, 48, 51, 55, 59, 63]","[33.30000001192093, 168.0999999642372, 332.39999997615814, 532.8000000119209, 663.8999999761581, 867.0, 1063.300000011921, 1229.699999988079, 1469.3999999761581, 1599.0999999642372, 1862.300000011921, 2027.8999999761581, 2235.199999988079, 2399.599999964237, 2564.899999976158, 2768.599999964237, 2896.5, 3003.699999988079]",I,7,1ba52b2381374c09c34f06960739e32a939f85d183f46b4f8c9535ebb3bcf29f,train
1347,rithika,I,2,I_orient2,15,2,rithika/I/orient2/tilt_back_neutral_2/landmarks_trimmed.json,64,64,18,"[0, 3, 7, 11, 14, 18, 22, 25, 29, 33, 37, 40, 44, 48, 51, 55, 59, 63]","[34.10000002384186, 165.20000004768372, 401.10000002384186, 562.6000000238419, 695.9000000357628, 930.3000000119209, 1090.9000000357628, 1300.9000000357628, 1496.1000000238419, 1697.300000011921, 1896.5, 2061.900000035763, 2232.800000011921, 2430.800000011921, 2570.900000035763, 2707.5, 2898.5, 3003.600000023842]",I,7,254a6429b54fbc19cd6cb4fc56f9bd248c44f15cfe634219ea25bf4fcb1ee952,train
1348,rithika,I,2,I_orient2,15,1,rithika/I/orient2/tilt_back_toward_1/landmarks_trimmed.json,58,58,18,"[0, 3, 6, 10, 13, 16, 20, 23, 26, 30, 33, 36, 40, 43, 46, 50, 53, 57]","[498.5999999642372, 598.6999999880791, 765.0, 898.1999999880791, 1000.3999999761581, 1097.2999999523163, 1231.8999999761581, 1330.199999988079, 1432.0999999642372, 1567.199999988079, 1701.2999999523163, 1833.3999999761581, 1963.0, 2263.099999964237, 2366.2999999523163, 2633.2999999523163, 2799.099999964237, 2933.899999976158]",I,7,40ad46a7dc01713a52d87620aa39921c91c3aa51a163e1907e497fda677baa5e,validation
1349,rithika,I,2,I_orient2,15,1,rithika/I/orient2/tilt_forward_away_1/landmarks_trimmed.json,45,45,18,"[0, 2, 5, 7, 10, 12, 15, 18, 20, 23, 25, 28, 31, 33, 36, 38, 41, 44]","[135.5, 368.80000001192093, 499.89999997615814, 597.1999999880791, 798.8999999761581, 901.5999999642372, 1066.5999999642372, 1236.300000011921, 1336.5, 1703.5999999642372, 1802.0, 2134.800000011921, 2274.699999988079, 2362.099999964237, 2460.199999988079, 2534.099999964237, 2664.599999964237, 2739.699999988079]",I,7,3c8be7a02351bbe74297fabf06fc9344381ca057e4a29290c4c5806a1187ff03,train
1350,rithika,I,2,I_orient2,15,1,rithika/I/orient2/tilt_forward_neutral_1/landmarks_trimmed.json,33,33,18,"[0, 1, 3, 5, 7, 9, 11, 13, 15, 16, 18, 20, 22, 24, 26, 28, 30, 32]","[67.39999997615814, 100.59999996423721, 667.2999999523163, 766.6999999880791, 966.3999999761581, 1069.7999999523163, 1134.5, 1200.3999999761581, 1268.5999999642372, 1298.8999999761581, 1398.2999999523163, 1531.8999999761581, 1733.199999988079, 2132.899999976158, 2234.399999976158, 2299.7999999523163, 2398.2999999523163, 2534.7999999523163]",I,7,b8de4a6379ead18c9cfa7bb45ae648c2c2f27bd7f25e0d432551dd4c9c61e9f1,train
1351,rithika,I,2,I_orient2,15,2,rithika/I/orient2/tilt_forward_neutral_2/landmarks_trimmed.json,63,63,18,"[0, 3, 7, 10, 14, 18, 21, 25, 29, 32, 36, 40, 43, 47, 51, 54, 58, 62]","[33.5, 163.10000002384186, 297.0, 465.5, 694.7000000476837, 864.2000000476837, 1030.2000000476837, 1197.6000000238419, 1402.6000000238419, 1536.0, 1701.800000011921, 1929.300000011921, 2091.600000023842, 2295.2000000476837, 2529.900000035763, 2697.100000023842, 2894.2000000476837, 3034.100000023842]",I,7,a392b9e29917d42a3fd435837cd44380bcf6bf0424bd130334f405cfbdd79e9e,train
1352,rithika,I,2,I_orient2,15,1,rithika/I/orient2/tilt_forward_toward_1/landmarks_trimmed.json,41,41,18,"[0, 2, 4, 7, 9, 11, 14, 16, 18, 21, 23, 25, 28, 30, 32, 35, 37, 40]","[399.2000000476837, 495.10000002384186, 599.9000000357628, 735.4000000357628, 835.5, 935.0, 1063.1000000238419, 1164.6000000238419, 1263.2000000476837, 1362.2000000476837, 1466.2000000476837, 1565.6000000238419, 1698.0, 1799.0, 1864.4000000357628, 1960.0, 2064.0, 2196.300000011921]",I,7,10ece0cf9cd6089dd22cafd9dad254e63e6b909d3b1018e8a6504d632cc974ee,train
1353,rithika,I,2,I_orient2,15,1,rithika/I/orient2/tilt_neutral_away_1/landmarks_trimmed.json,68,68,18,"[0, 3, 7, 11, 15, 19, 23, 27, 31, 35, 39, 43, 47, 51, 55, 59, 63, 67]","[33.30000001192093, 194.39999997615814, 361.39999997615814, 496.69999998807907, 735.0, 892.1000000238419, 1095.3999999761581, 1270.300000011921, 1461.699999988079, 1627.800000011921, 1832.199999988079, 1962.6000000238419, 2129.100000023842, 2366.699999988079, 2494.899999976158, 2661.100000023842, 2860.0, 3035.699999988079]",I,7,ad92089010794c3f2d615240577dc14360fde069b83318dffd5122b3ba0c70d2,train
1354,rithika,I,2,I_orient2,15,1,rithika/I/orient2/tilt_neutral_neutral_1/landmarks_trimmed.json,34,34,18,"[0, 1, 3, 5, 7, 9, 11, 13, 15, 17, 19, 21, 23, 25, 27, 29, 31, 33]","[736.6000000238419, 929.8999999761581, 1105.1000000238419, 1200.1000000238419, 1262.699999988079, 1368.6000000238419, 1502.300000011921, 1636.0, 1736.1000000238419, 1870.800000011921, 1973.0, 2104.600000023842, 2162.699999988079, 2237.600000023842, 2344.0, 2460.800000011921, 2541.699999988079, 2837.600000023842]",I,7,d5ae48d29cc43e650865b9928b354eef086ee567f0d20cad5067d4d4d763de21,train
1355,rithika,I,3,I_orient3,16,1,rithika/I/orient3/tilt_back_away_1/landmarks_trimmed.json,71,71,18,"[0, 4, 8, 12, 16, 20, 24, 28, 32, 37, 41, 45, 49, 53, 57, 61, 65, 70]","[33.19999998807907, 165.5999999642372, 298.0, 430.80000001192093, 564.8999999761581, 693.3000000119209, 992.5, 1460.8999999761581, 1598.300000011921, 1761.0999999642372, 2029.800000011921, 2164.300000011921, 2307.899999976158, 2464.800000011921, 2598.5, 2730.300000011921, 2864.300000011921, 3031.0]",I,7,334984461c7235dfc3359ca00ec2dc02558c3811472717c9101627543738d83f,validation
1356,rithika,I,3,I_orient3,16,1,rithika/I/orient3/tilt_back_neutral_1/landmarks_trimmed.json,62,62,18,"[0, 3, 7, 10, 14, 17, 21, 25, 28, 32, 35, 39, 43, 46, 50, 53, 57, 61]","[65.59999996423721, 204.30000001192093, 366.80000001192093, 533.0, 771.0, 862.8000000119209, 1069.0, 1301.3999999761581, 1502.0, 1736.199999988079, 1867.0999999642372, 2066.899999976158, 2262.800000011921, 2366.0, 2567.899999976158, 2673.399999976158, 2829.199999988079, 3000.199999988079]",I,7,c44d88c4a67e48d40e50d152d1b7b3ecdfc87c11e623405d732de58021f61a3f,train
1357,rithika,I,3,I_orient3,16,2,rithika/I/orient3/tilt_back_neutral_2/landmarks_trimmed.json,41,41,18,"[0, 2, 4, 7, 9, 11, 14, 16, 18, 21, 23, 25, 28, 30, 32, 35, 37, 40]","[432.80000001192093, 731.5, 901.5, 1069.0, 1369.5, 1467.7000000476837, 1635.300000011921, 1869.1000000238419, 1968.800000011921, 2134.900000035763, 2234.900000035763, 2331.2000000476837, 2505.300000011921, 2599.300000011921, 2671.300000011921, 2828.800000011921, 2897.7000000476837, 3003.600000023842]",I,7,e3e547cad12b43428537513f36dfcccbd98003ffd253a76ddaf48a955ad9cb90,train
1358,rithika,I,3,I_orient3,16,1,rithika/I/orient3/tilt_back_toward_1/landmarks_trimmed.json,54,54,18,"[0, 3, 6, 9, 12, 15, 18, 21, 24, 28, 31, 34, 37, 40, 43, 46, 49, 53]","[198.60000002384186, 495.4000000357628, 595.7000000476837, 727.1000000238419, 867.5, 1066.6000000238419, 1160.9000000357628, 1368.300000011921, 1463.800000011921, 1594.5, 1733.9000000357628, 1828.5, 1928.7000000476837, 2063.400000035763, 2195.5, 2428.800000011921, 2563.900000035763, 2929.100000023842]",I,7,0e4367d68e49c0a4ea09b542b1944aeff3e84ebc9dfbe672369823a5318b41fd,train
1359,rithika,I,3,I_orient3,16,1,rithika/I/orient3/tilt_forward_neutral_1/landmarks_trimmed.json,74,74,18,"[0, 4, 8, 12, 17, 21, 25, 30, 34, 38, 42, 47, 51, 55, 60, 64, 68, 73]","[33.59999996423721, 165.39999997615814, 331.0999999642372, 528.0, 727.5999999642372, 927.6999999880791, 1130.0999999642372, 1327.0999999642372, 1496.0, 1630.0999999642372, 1796.5, 1996.199999988079, 2126.300000011921, 2294.399999976158, 2462.0, 2690.199999988079, 2862.300000011921, 3026.899999976158]",I,7,9298243ab4809e3be11ce4066acccc6a4969b4c677ce50bdf6a274f7c87516d1,train
1360,rithika,I,3,I_orient3,16,2,rithika/I/orient3/tilt_forward_neutral_2/landmarks_trimmed.json,62,62,18,"[0, 3, 7, 10, 14, 17, 21, 25, 28, 32, 35, 39, 43, 46, 50, 53, 57, 61]","[61.40000003576279, 133.19999998807907, 264.4000000357628, 393.19999998807907, 526.5, 694.0, 892.6000000238419, 1127.5, 1261.0, 1493.4000000357628, 1662.1000000238419, 1892.5, 2129.199999988079, 2262.199999988079, 2460.800000011921, 2592.300000011921, 2792.900000035763, 3028.800000011921]",I,7,4bdab3cf79d81dd3c78293b7709e320857b63e26cbdc9586fedbbcc952bff11e,train
1361,rithika,I,3,I_orient3,16,1,rithika/I/orient3/tilt_forward_toward_1/landmarks_trimmed.json,62,62,18,"[0, 3, 7, 10, 14, 17, 21, 25, 28, 32, 35, 39, 43, 46, 50, 53, 57, 61]","[58.59999996423721, 132.69999998807907, 264.5, 392.89999997615814, 526.8000000119209, 692.8000000119209, 925.3999999761581, 1122.699999988079, 1294.699999988079, 1528.3999999761581, 1657.0999999642372, 1862.199999988079, 2028.0, 2159.699999988079, 2391.199999988079, 2591.399999976158, 2828.699999988079, 3029.599999964237]",I,7,a8dd2b9bf08d094a56e4476c677ed9cd0834982e02fe4cc2d2a289ecce1f8380,test
1362,rithika,I,3,I_orient3,16,1,rithika/I/orient3/tilt_neutral_away_1/landmarks_trimmed.json,80,80,18,"[0, 4, 9, 13, 18, 23, 27, 32, 37, 41, 46, 51, 55, 60, 65, 69, 74, 79]","[36.799999952316284, 233.79999995231628, 467.0999999642372, 637.8999999761581, 869.5999999642372, 1073.0, 1237.3999999761581, 1405.5, 1571.3999999761581, 1684.2999999523163, 1904.7999999523163, 2104.7999999523163, 2238.0, 2404.5, 2541.599999964237, 2673.699999988079, 2838.2999999523163, 3003.699999988079]",I,7,0fab4edf89bc578e57e5f7d1190bea71e57894d896f4a21712d12170e85466a5,validation
1363,rithika,I,3,I_orient3,16,1,rithika/I/orient3/tilt_neutral_neutral_1/landmarks_trimmed.json,64,64,18,"[0, 3, 7, 11, 14, 18, 22, 25, 29, 33, 37, 40, 44, 48, 51, 55, 59, 63]","[66.5, 200.0, 331.0, 498.0, 660.3999999761581, 863.8999999761581, 1064.0, 1204.0, 1433.0999999642372, 1632.199999988079, 1799.199999988079, 1965.3999999761581, 2164.399999976158, 2333.099999964237, 2500.599999964237, 2698.800000011921, 2864.399999976158, 3002.399999976158]",I,7,23ae0914164bdd34b55219599937c018abe6f30de66d1061910c3c8c761c2aaa,train
1364,rithika,I,3,I_orient3,16,2,rithika/I/orient3/tilt_neutral_neutral_2/landmarks_trimmed.json,58,58,18,"[0, 3, 6, 10, 13, 16, 20, 23, 26, 30, 33, 36, 40, 43, 46, 50, 53, 57]","[65.29999995231628, 198.79999995231628, 364.39999997615814, 565.5, 696.1999999880791, 860.5, 1099.3999999761581, 1228.8999999761581, 1399.0999999642372, 1598.0999999642372, 1761.8999999761581, 1932.199999988079, 2130.899999976158, 2294.899999976158, 2465.599999964237, 2730.0, 2839.099999964237, 3003.899999976158]",I,7,75f8f26764127ac2a2eb61e0ee0477ea38b2872e88a1926f91503c56a0ef8696,train
1365,rithika,I,3,I_orient3,16,1,rithika/I/orient3/tilt_neutral_toward_1/landmarks_trimmed.json,72,72,18,"[0, 4, 8, 12, 16, 20, 25, 29, 33, 37, 41, 45, 50, 54, 58, 62, 66, 71]","[33.19999998807907, 229.80000001192093, 429.9000000357628, 602.0, 767.8000000119209, 897.3000000119209, 1098.300000011921, 1259.699999988079, 1397.4000000357628, 1570.9000000357628, 1796.800000011921, 1930.800000011921, 2165.0, 2324.600000023842, 2530.0, 2640.400000035763, 2862.600000023842, 3003.900000035763]",I,7,5b4094bb6aecf829f171d3b85e6a0239bb9367d5642c92d2a6947f25c240d0bb,validation
1366,rithika,K,1,K_orient1,17,1,rithika/K/orient1/tilt_back_away_1/landmarks_trimmed.json,48,48,18,"[0, 2, 5, 8, 11, 13, 16, 19, 22, 24, 27, 30, 33, 35, 38, 41, 44, 47]","[67.69999998807907, 133.19999998807907, 232.39999997615814, 430.39999997615814, 566.3999999761581, 661.8999999761581, 825.5, 999.6000000238419, 1160.0, 1268.1000000238419, 1396.699999988079, 1599.0, 1733.3999999761581, 1829.800000011921, 2031.6000000238419, 2198.800000011921, 2327.600000023842, 2500.100000023842]",K,8,17c5634a1fe4c0c8624e49b1b75d3d1438e89bde21c29ffba69cf7a6b700aa79,train
1367,rithika,K,1,K_orient1,17,1,rithika/K/orient1/tilt_back_neutral_1/landmarks_trimmed.json,64,64,18,"[0, 3, 7, 11, 14, 18, 22, 25, 29, 33, 37, 40, 44, 48, 51, 55, 59, 63]","[70.20000004768372, 200.60000002384186, 396.80000001192093, 635.7000000476837, 768.1000000238419, 966.3000000119209, 1169.4000000357628, 1300.1000000238419, 1498.1000000238419, 1737.1000000238419, 1936.1000000238419, 2059.900000035763, 2268.2000000476837, 2434.7000000476837, 2541.600000023842, 2697.2000000476837, 2825.0, 3005.7000000476837]",K,8,1434d583bc716fd1f8f846b0c5d3becf27b80c2861dc829b6a33cc61a565c8c5,validation
1368,rithika,K,1,K_orient1,17,2,rithika/K/orient1/tilt_back_neutral_2/landmarks_trimmed.json,59,59,18,"[0, 3, 6, 10, 13, 17, 20, 23, 27, 30, 34, 37, 40, 44, 47, 51, 54, 58]","[64.30000001192093, 162.69999998807907, 264.5, 396.5, 599.0, 832.1999999880791, 960.0, 1131.3999999761581, 1396.0, 1597.0, 1791.5, 1965.199999988079, 2128.100000023842, 2399.399999976158, 2566.5, 2763.699999988079, 2894.0, 3031.5]",K,8,2c3f5b6ede51b4f767a4d1d1594879a32648367d8d717bf0e732b10e4836c105,train
1369,rithika,K,1,K_orient1,17,1,rithika/K/orient1/tilt_back_toward_1/landmarks_trimmed.json,41,41,18,"[0, 2, 4, 7, 9, 11, 14, 16, 18, 21, 23, 25, 28, 30, 32, 35, 37, 40]","[307.2000000476837, 367.10000002384186, 469.2000000476837, 638.9000000357628, 738.8000000119209, 801.0, 935.3000000119209, 998.0, 1099.2000000476837, 1272.4000000357628, 2402.400000035763, 2472.5, 2571.100000023842, 2633.300000011921, 2704.2000000476837, 2804.0, 2906.7000000476837, 3039.600000023842]",K,8,59d1bcbdd4344cc9dc71cf4c0ef1385254d4a5a28dee27c36b64ac391fbc4b81,train
1370,rithika,K,1,K_orient1,17,1,rithika/K/orient1/tilt_forward_away_1/landmarks_trimmed.json,60,60,18,"[0, 3, 6, 10, 13, 17, 20, 24, 27, 31, 34, 38, 41, 45, 48, 52, 55, 59]","[64.90000003576279, 231.70000004768372, 397.0, 601.9000000357628, 697.9000000357628, 893.4000000357628, 1070.1000000238419, 1302.6000000238419, 1496.7000000476837, 1701.0, 1860.6000000238419, 2101.7000000476837, 2236.300000011921, 2461.600000023842, 2639.100000023842, 2796.5, 2871.400000035763, 3003.400000035763]",K,8,4af3f7bd89072efab5c26be1b331d6271016741a0272a3de412baee31da5a9b3,validation
1371,rithika,K,1,K_orient1,17,1,rithika/K/orient1/tilt_forward_neutral_1/landmarks_trimmed.json,60,60,18,"[0, 3, 6, 10, 13, 17, 20, 24, 27, 31, 34, 38, 41, 45, 48, 52, 55, 59]","[65.20000004768372, 166.20000004768372, 369.0, 568.4000000357628, 698.2000000476837, 898.1000000238419, 1065.300000011921, 1262.4000000357628, 1433.300000011921, 1630.5, 1799.5, 2003.300000011921, 2164.5, 2435.7000000476837, 2533.0, 2725.7000000476837, 2866.7000000476837, 3035.400000035763]",K,8,c90b448a1ddb1a0449862d9721027dbd78f4c71c1eb2df2b0fc18109d378a755,train
1372,rithika,K,1,K_orient1,17,2,rithika/K/orient1/tilt_forward_neutral_2/landmarks_trimmed.json,70,70,18,"[0, 4, 8, 12, 16, 20, 24, 28, 32, 36, 40, 44, 48, 52, 56, 60, 64, 69]","[55.700000047683716, 165.9000000357628, 330.0, 462.9000000357628, 595.9000000357628, 727.2000000476837, 1002.9000000357628, 1203.0, 1392.7000000476837, 1560.1000000238419, 1759.800000011921, 1965.5, 2123.300000011921, 2329.300000011921, 2529.7000000476837, 2698.0, 2865.800000011921, 3003.800000011921]",K,8,e6abb8ca6cdf168702472e417b5005fc969db9a3db39fbd94aabc3698a9cffa3,train
1373,rithika,K,1,K_orient1,17,1,rithika/K/orient1/tilt_forward_toward_1/landmarks_trimmed.json,61,61,18,"[0, 3, 7, 10, 14, 17, 21, 24, 28, 31, 35, 38, 42, 45, 49, 52, 56, 60]","[58.30000001192093, 132.80000001192093, 331.0, 429.10000002384186, 695.5, 863.3999999761581, 1067.199999988079, 1197.8999999761581, 1428.300000011921, 1592.8999999761581, 1797.5, 1896.6000000238419, 2063.100000023842, 2229.800000011921, 2433.600000023842, 2594.100000023842, 2828.800000011921, 3004.0]",K,8,d7d01fee42662a67da0d5f47761789566e1f2b6dd776ce11f6a2a5229bc23239,train
1374,rithika,K,1,K_orient1,17,1,rithika/K/orient1/tilt_neutral_away_1/landmarks_trimmed.json,61,61,18,"[0, 3, 7, 10, 14, 17, 21, 24, 28, 31, 35, 38, 42, 45, 49, 52, 56, 60]","[65.30000001192093, 228.19999998807907, 363.19999998807907, 495.5, 760.5, 998.3999999761581, 1197.800000011921, 1328.300000011921, 1528.3999999761581, 1696.8999999761581, 1862.8999999761581, 2027.1000000238419, 2194.199999988079, 2290.800000011921, 2491.300000011921, 2625.0, 2863.699999988079, 3004.199999988079]",K,8,b01651f631eda25dc9fecc852e63ac9c44bbd01749a52009caed9b1903837df9,train
1375,rithika,K,1,K_orient1,17,1,rithika/K/orient1/tilt_neutral_neutral_1/landmarks_trimmed.json,60,60,18,"[0, 3, 6, 10, 13, 17, 20, 24, 27, 31, 34, 38, 41, 45, 48, 52, 55, 59]","[62.19999998807907, 162.39999997615814, 264.60000002384186, 462.39999997615814, 628.8999999761581, 829.6999999880791, 960.0, 1190.3999999761581, 1333.0, 1518.6000000238419, 1728.5, 1967.199999988079, 2157.300000011921, 2396.600000023842, 2525.899999976158, 2761.199999988079, 2871.399999976158, 3026.800000011921]",K,8,7e78c96b8a6330c7c08099d3c3ca40575f89cf1826f2d21c05756085031db904,test
1376,rithika,K,1,K_orient1,17,2,rithika/K/orient1/tilt_neutral_neutral_2/landmarks_trimmed.json,62,62,18,"[0, 3, 7, 10, 14, 17, 21, 25, 28, 32, 35, 39, 43, 46, 50, 53, 57, 61]","[64.89999997615814, 199.0, 365.0, 532.8000000119209, 768.8000000119209, 866.8999999761581, 1066.0, 1267.800000011921, 1399.1000000238419, 1597.800000011921, 1731.0, 1966.699999988079, 2162.600000023842, 2364.399999976158, 2597.199999988079, 2729.699999988079, 2838.800000011921, 3004.399999976158]",K,8,fa709025ed661e367eb0ccf543d088b8145843fe345100cfe8851bfe499f4a66,validation
1377,rithika,K,1,K_orient1,17,1,rithika/K/orient1/tilt_neutral_toward_1/landmarks_trimmed.json,64,64,18,"[0, 3, 7, 11, 14, 18, 22, 25, 29, 33, 37, 40, 44, 48, 51, 55, 59, 63]","[34.09999996423721, 200.5, 399.19999998807907, 600.0999999642372, 735.8999999761581, 967.2999999523163, 1167.699999988079, 1299.0999999642372, 1495.3999999761581, 1697.2999999523163, 1895.7999999523163, 2067.2999999523163, 2230.399999976158, 2392.0, 2562.099999964237, 2697.099999964237, 2894.0, 3004.5]",K,8,78fb23d1209b9a44e58fd5d552d61549fac97318ab972186b8d0b1fdf330bad4,train
1378,rithika,K,2,K_orient2,18,1,rithika/K/orient2/tilt_back_away_1/landmarks_trimmed.json,60,60,18,"[0, 3, 6, 10, 13, 17, 20, 24, 27, 31, 34, 38, 41, 45, 48, 52, 55, 59]","[65.79999995231628, 199.39999997615814, 363.2999999523163, 595.8999999761581, 736.1999999880791, 935.7999999523163, 1066.5999999642372, 1268.0, 1433.3999999761581, 1634.199999988079, 1835.5999999642372, 2030.7999999523163, 2236.0, 2426.199999988079, 2600.5, 2707.099999964237, 2866.0, 3003.0]",K,8,356dad30bcb07d11fd02844256636cae12f389daea5c4045cc268d4c732d1be0,test
1379,rithika,K,2,K_orient2,18,1,rithika/K/orient2/tilt_back_neutral_1/landmarks_trimmed.json,70,70,18,"[0, 4, 8, 12, 16, 20, 24, 28, 32, 36, 40, 44, 48, 52, 56, 60, 64, 69]","[63.69999998807907, 202.19999998807907, 366.19999998807907, 528.8000000119209, 765.6999999880791, 895.4000000357628, 1066.6000000238419, 1196.5, 1436.699999988079, 1597.4000000357628, 1831.199999988079, 2001.4000000357628, 2164.100000023842, 2401.800000011921, 2529.300000011921, 2662.100000023842, 2773.800000011921, 3033.699999988079]",K,8,a5381c87a12ddab9eb2c1a42217b4d67af81f8a78f87b334280525ce7f31176b,train
1380,rithika,K,2,K_orient2,18,2,rithika/K/orient2/tilt_back_neutral_2/landmarks_trimmed.json,51,51,18,"[0, 2, 5, 8, 11, 14, 17, 20, 23, 26, 29, 32, 35, 38, 41, 44, 47, 50]","[135.5, 471.5, 600.5, 866.6000000238419, 998.1000000238419, 1268.1000000238419, 1437.4000000357628, 1570.2000000476837, 1737.2000000476837, 1903.300000011921, 2069.400000035763, 2242.7000000476837, 2397.2000000476837, 2506.400000035763, 2605.800000011921, 2706.600000023842, 2905.900000035763, 3003.400000035763]",K,8,1e7fbf1a8a05f73c56694ef763d8dcf4394d429d8ddf1b8c3a6f26155eb9a086,train
1381,rithika,K,2,K_orient2,18,1,rithika/K/orient2/tilt_back_toward_1/landmarks_trimmed.json,59,59,18,"[0, 3, 6, 10, 13, 17, 20, 23, 27, 30, 34, 37, 40, 44, 47, 51, 54, 58]","[135.39999997615814, 332.69999998807907, 501.89999997615814, 736.0, 866.1999999880791, 1066.6000000238419, 1235.5, 1402.800000011921, 1598.800000011921, 1767.6000000238419, 1966.800000011921, 2133.600000023842, 2299.600000023842, 2535.0, 2609.0, 2739.5, 2838.800000011921, 3003.199999988079]",K,8,20583bf2bb00954882e793655667668dffe6919f3b740a8a7ac9f66e8fedf2ce,train
1382,rithika,K,2,K_orient2,18,1,rithika/K/orient2/tilt_forward_neutral_1/landmarks_trimmed.json,63,63,18,"[0, 3, 7, 10, 14, 18, 21, 25, 29, 32, 36, 40, 43, 47, 51, 54, 58, 62]","[33.90000003576279, 132.4000000357628, 265.10000002384186, 430.5, 562.0, 762.6999999880791, 894.3000000119209, 1128.199999988079, 1298.1000000238419, 1427.1000000238419, 1629.1000000238419, 1762.6000000238419, 1928.800000011921, 2292.300000011921, 2464.600000023842, 2563.400000035763, 2698.300000011921, 2894.600000023842]",K,8,00b4e229bfce079d304d300b7b6f6059cec2b9109a2441fdee1ce64286716c64,train
1383,rithika,K,2,K_orient2,18,1,rithika/K/orient2/tilt_forward_toward_1/landmarks_trimmed.json,61,61,18,"[0, 3, 7, 10, 14, 17, 21, 24, 28, 31, 35, 38, 42, 45, 49, 52, 56, 60]","[57.5, 163.39999997615814, 297.5, 396.69999998807907, 594.6999999880791, 758.3000000119209, 959.8000000119209, 1128.0999999642372, 1327.5999999642372, 1495.199999988079, 1698.5999999642372, 1796.3999999761581, 2060.899999976158, 2261.899999976158, 2427.300000011921, 2600.300000011921, 2798.0, 3027.800000011921]",K,8,3a05d5dff13d299f449258925e090d870ca1637c188874e826d5237c8b99eafd,train
1384,rithika,K,2,K_orient2,18,1,rithika/K/orient2/tilt_neutral_away_1/landmarks_trimmed.json,64,64,18,"[0, 3, 7, 11, 14, 18, 22, 25, 29, 33, 37, 40, 44, 48, 51, 55, 59, 63]","[33.700000047683716, 165.60000002384186, 363.80000001192093, 564.3000000119209, 732.7000000476837, 894.5, 1100.0, 1229.6000000238419, 1428.0, 1630.4000000357628, 1830.9000000357628, 1960.5, 2197.600000023842, 2401.400000035763, 2534.2000000476837, 2704.100000023842, 2839.300000011921, 3004.300000011921]",K,8,ae1d5742751f70a5b396988560d21b42e93e350f31f22f61b5e90ae9d623f309,train
1385,rithika,K,2,K_orient2,18,1,rithika/K/orient2/tilt_neutral_neutral_1/landmarks_trimmed.json,86,86,18,"[0, 5, 10, 15, 20, 25, 30, 35, 40, 45, 50, 55, 60, 65, 70, 75, 80, 85]","[33.19999998807907, 198.79999995231628, 396.69999998807907, 596.5, 798.3999999761581, 962.3999999761581, 1132.0, 1293.7999999523163, 1467.2999999523163, 1629.699999988079, 1798.0, 1964.0, 2197.399999976158, 2366.899999976158, 2527.5, 2696.899999976158, 2864.599999964237, 3031.599999964237]",K,8,005e88a672f1bb5a3f062fda465faceee760f6699a67db95a8c03915bbec7c56,train
1386,rithika,K,2,K_orient2,18,2,rithika/K/orient2/tilt_neutral_neutral_2/landmarks_trimmed.json,77,77,18,"[0, 4, 8, 13, 17, 22, 26, 31, 35, 40, 44, 49, 53, 58, 62, 67, 71, 76]","[94.09999996423721, 222.5999999642372, 359.5, 495.19999998807907, 700.8999999761581, 892.8000000119209, 1024.800000011921, 1190.0, 1323.800000011921, 1526.800000011921, 1697.0, 1890.5, 2064.300000011921, 2326.599999964237, 2487.800000011921, 2655.899999976158, 2830.5, 3061.099999964237]",K,8,049bca7d3a89c7dcd611ba74df173d113201c3f2bf241ae2f87132847e0ba587,test
1387,rithika,K,2,K_orient2,18,1,rithika/K/orient2/tilt_neutral_toward_1/landmarks_trimmed.json,78,78,18,"[0, 4, 9, 13, 18, 22, 27, 31, 36, 40, 45, 49, 54, 58, 63, 67, 72, 77]","[34.10000002384186, 263.30000001192093, 429.60000002384186, 595.5, 766.5, 930.1000000238419, 1133.4000000357628, 1264.300000011921, 1461.9000000357628, 1632.4000000357628, 1864.699999988079, 2028.5, 2264.0, 2396.5, 2566.0, 2696.600000023842, 2866.5, 3003.199999988079]",K,8,7daa7f6da2cc4967c9cd12ed11a1358fceed00e7250718fd329f889b6c98a789,train
1388,rithika,L,1,L_orient1,19,1,rithika/L/orient1/tilt_back_away_1/landmarks_trimmed.json,84,84,18,"[0, 4, 9, 14, 19, 24, 29, 34, 39, 43, 48, 53, 58, 63, 68, 73, 78, 83]","[33.69999998807907, 168.39999997615814, 330.89999997615814, 502.7999999523163, 697.7999999523163, 967.3999999761581, 1134.2999999523163, 1302.0, 1529.0, 1668.8999999761581, 1864.7999999523163, 2032.8999999761581, 2201.899999976158, 2364.399999976158, 2535.899999976158, 2697.899999976158, 2838.399999976158, 3003.5]",L,9,d2d63cb434a43bd69a71599208f8446201a458c17c63e5548324c4b94576c8f0,train
1389,rithika,L,1,L_orient1,19,1,rithika/L/orient1/tilt_back_neutral_1/landmarks_trimmed.json,59,59,18,"[0, 3, 6, 10, 13, 17, 20, 23, 27, 30, 34, 37, 40, 44, 47, 51, 54, 58]","[72.69999998807907, 238.69999998807907, 401.5, 638.7999999523163, 771.7999999523163, 969.8999999761581, 1102.699999988079, 1270.199999988079, 1539.0, 1668.8999999761581, 1899.7999999523163, 2071.699999988079, 2233.2999999523163, 2410.199999988079, 2568.399999976158, 2674.199999988079, 2806.099999964237, 3005.399999976158]",L,9,82fde3a008827177170323a5d7e76ef6ec67b181471710a6a973812dbb498a10,validation
1390,rithika,L,1,L_orient1,19,2,rithika/L/orient1/tilt_back_neutral_2/landmarks_trimmed.json,65,65,18,"[0, 3, 7, 11, 15, 18, 22, 26, 30, 33, 37, 41, 45, 48, 52, 56, 60, 64]","[33.09999996423721, 165.5999999642372, 363.5999999642372, 529.0, 769.0999999642372, 898.6999999880791, 1062.5, 1229.3999999761581, 1396.0, 1533.5999999642372, 1697.0999999642372, 1898.7999999523163, 2098.399999976158, 2267.7999999523163, 2432.599999964237, 2731.7999999523163, 2872.5, 3034.5]",L,9,bb85fd0a3cf510ad49c7ddd60d8465bf0f84173dbc33cacff6514963a4bf733f,train
1391,rithika,L,1,L_orient1,19,1,rithika/L/orient1/tilt_back_toward_1/landmarks_trimmed.json,55,55,18,"[0, 3, 6, 9, 12, 15, 19, 22, 25, 28, 31, 34, 38, 41, 44, 47, 50, 54]","[67.59999996423721, 204.69999998807907, 393.0999999642372, 505.0999999642372, 698.0999999642372, 868.5, 1137.0, 1267.199999988079, 1433.7999999523163, 1600.7999999523163, 1771.3999999761581, 1938.199999988079, 2130.5, 2274.7999999523163, 2366.099999964237, 2475.899999976158, 2869.399999976158, 3031.899999976158]",L,9,dc702da8c66225fdb07894c7e9412808ca72c2adfd87db347bd8d704c7ecbe8f,train
1392,rithika,L,1,L_orient1,19,1,rithika/L/orient1/tilt_neutral_away_1/landmarks_trimmed.json,64,64,18,"[0, 3, 7, 11, 14, 18, 22, 25, 29, 33, 37, 40, 44, 48, 51, 55, 59, 63]","[61.30000001192093, 133.0, 297.9000000357628, 432.10000002384186, 628.7000000476837, 830.1000000238419, 1063.300000011921, 1160.6000000238419, 1395.0, 1630.800000011921, 1798.5, 1964.6000000238419, 2128.2000000476837, 2359.7000000476837, 2465.600000023842, 2630.400000035763, 2866.300000011921, 3003.400000035763]",L,9,d317b8891a1d2d85493a013b7ecd0101614ae84e168bf94792ac15d3a7a09b24,test
1393,rithika,L,1,L_orient1,19,1,rithika/L/orient1/tilt_neutral_neutral_1/landmarks_trimmed.json,90,90,18,"[0, 5, 10, 15, 20, 26, 31, 36, 41, 47, 52, 57, 62, 68, 73, 78, 83, 89]","[33.80000001192093, 200.30000001192093, 363.69999998807907, 533.6999999880791, 732.8999999761581, 929.8999999761581, 1100.300000011921, 1267.0, 1430.300000011921, 1632.199999988079, 1798.800000011921, 1964.800000011921, 2133.599999964237, 2334.099999964237, 2495.899999976158, 2667.199999988079, 2833.599999964237, 3029.199999988079]",L,9,a21c7b876816386b464526930fbfa62cb5d8b6602ba23a6915fa8c93e57e5cdd,validation
1394,rithika,L,1,L_orient1,19,2,rithika/L/orient1/tilt_neutral_neutral_2/landmarks_trimmed.json,56,56,18,"[0, 3, 6, 9, 12, 16, 19, 22, 25, 29, 32, 35, 38, 42, 45, 48, 51, 55]","[67.39999997615814, 165.89999997615814, 333.30000001192093, 498.39999997615814, 631.8000000119209, 865.8000000119209, 1030.699999988079, 1200.5999999642372, 1432.0, 1626.3999999761581, 1766.800000011921, 1934.199999988079, 2101.5, 2364.300000011921, 2564.800000011921, 2737.0, 2869.0, 3026.099999964237]",L,9,021726164b6714a2aa696cdd7544d39e677c991aa6814be12dad1f666e3c9946,train
1395,rithika,L,1,L_orient1,19,1,rithika/L/orient1/tilt_neutral_toward_1/landmarks_trimmed.json,74,74,18,"[0, 4, 8, 12, 17, 21, 25, 30, 34, 38, 42, 47, 51, 55, 60, 64, 68, 73]","[67.40000003576279, 233.10000002384186, 431.10000002384186, 598.6000000238419, 765.7000000476837, 962.5, 1103.0, 1332.0, 1464.0, 1628.7000000476837, 1830.7000000476837, 2034.0, 2165.400000035763, 2331.600000023842, 2566.300000011921, 2734.400000035763, 2838.800000011921, 3003.100000023842]",L,9,c0011837838837aed892d0099a7868f87caf31254f9d7a083bc1abfe01ae2d09,validation
1396,rithika,L,2,L_orient2,20,1,rithika/L/orient2/tilt_back_away_1/landmarks_trimmed.json,67,67,18,"[0, 3, 7, 11, 15, 19, 23, 27, 31, 34, 38, 42, 46, 50, 54, 58, 62, 66]","[62.09999996423721, 193.19999998807907, 334.0999999642372, 598.3999999761581, 726.7999999523163, 893.1999999880791, 1061.0, 1265.0, 1427.5, 1528.3999999761581, 1728.199999988079, 1928.3999999761581, 2099.099999964237, 2261.599999964237, 2461.899999976158, 2662.399999976158, 2805.2999999523163, 3003.399999976158]",L,9,a91a0fbde9a541ccf942105c87e4b91cbc8765cd4a5c04fdb907b2365ddbe3b9,train
1397,rithika,L,2,L_orient2,20,1,rithika/L/orient2/tilt_back_neutral_1/landmarks_trimmed.json,61,61,18,"[0, 3, 7, 10, 14, 17, 21, 24, 28, 31, 35, 38, 42, 45, 49, 52, 56, 60]","[66.39999997615814, 165.69999998807907, 331.0999999642372, 463.19999998807907, 995.3999999761581, 1096.5999999642372, 1294.800000011921, 1428.699999988079, 1596.0999999642372, 1728.8999999761581, 2062.800000011921, 2193.800000011921, 2331.699999988079, 2462.5, 2596.0, 2732.300000011921, 2862.199999988079, 3030.899999976158]",L,9,2ae8ddc215ea04319b71ceddc8e43a8f08bcf2bacb483d7648598d3bb0e63e18,train
1398,rithika,L,2,L_orient2,20,2,rithika/L/orient2/tilt_back_neutral_2/landmarks_trimmed.json,52,52,18,"[0, 3, 6, 9, 12, 15, 18, 21, 24, 27, 30, 33, 36, 39, 42, 45, 48, 51]","[67.0, 267.69999998807907, 467.5999999642372, 637.1999999880791, 800.8999999761581, 968.6999999880791, 1137.5999999642372, 1300.0, 1501.199999988079, 1735.800000011921, 1868.300000011921, 2035.5999999642372, 2167.699999988079, 2434.800000011921, 2508.800000011921, 2636.099999964237, 2732.099999964237, 2805.599999964237]",L,9,a462f2e9e07c4b4fda237014488f499829a9e297d6b7aa7695dee8d35df86833,test
1399,rithika,L,2,L_orient2,20,1,rithika/L/orient2/tilt_back_toward_1/landmarks_trimmed.json,62,62,18,"[0, 3, 7, 10, 14, 17, 21, 25, 28, 32, 35, 39, 43, 46, 50, 53, 57, 61]","[68.80000001192093, 201.30000001192093, 402.5, 531.4000000357628, 693.3000000119209, 865.9000000357628, 1093.0, 1336.6000000238419, 1501.0, 1729.9000000357628, 1900.5, 2102.300000011921, 2262.7000000476837, 2396.600000023842, 2601.400000035763, 2695.900000035763, 2806.2000000476837, 3002.5]",L,9,c58ed05d7deb95d7fd748b0cefbe189e614b6b1c720602e7ae18a00e96c3a4bc,train
1400,rithika,L,2,L_orient2,20,1,rithika/L/orient2/tilt_neutral_away_1/landmarks_trimmed.json,83,83,18,"[0, 4, 9, 14, 19, 24, 28, 33, 38, 43, 48, 53, 57, 62, 67, 72, 77, 82]","[34.80000001192093, 169.10000002384186, 433.0, 633.5, 798.3999999761581, 967.3999999761581, 1163.1000000238419, 1336.199999988079, 1497.199999988079, 1668.3999999761581, 1833.1000000238419, 2030.300000011921, 2167.199999988079, 2333.399999976158, 2500.600000023842, 2702.5, 2864.800000011921, 3004.399999976158]",L,9,dec05a5ecbbd4a9769faaf23a304c7580f22397a28a983c06be545438d728cd6,train
1401,rithika,L,2,L_orient2,20,1,rithika/L/orient2/tilt_neutral_neutral_1/landmarks_trimmed.json,66,66,18,"[0, 3, 7, 11, 15, 19, 22, 26, 30, 34, 38, 42, 45, 49, 53, 57, 61, 65]","[70.5, 201.39999997615814, 364.69999998807907, 533.1999999880791, 731.5, 934.5999999642372, 1066.0999999642372, 1196.7999999523163, 1404.3999999761581, 1604.2999999523163, 1771.5, 1967.199999988079, 2136.5, 2299.099999964237, 2410.099999964237, 2635.199999988079, 2794.5, 3003.5]",L,9,242d5589d2486b35417663f0953ba889102ca620b6638a18b5676b59e86bf1d7,test
1402,rithika,L,2,L_orient2,20,2,rithika/L/orient2/tilt_neutral_neutral_2/landmarks_trimmed.json,56,56,18,"[0, 3, 6, 9, 12, 16, 19, 22, 25, 29, 32, 35, 38, 42, 45, 48, 51, 55]","[59.10000002384186, 133.4000000357628, 232.19999998807907, 392.9000000357628, 463.69999998807907, 666.1999999880791, 763.9000000357628, 866.3000000119209, 998.8000000119209, 1131.199999988079, 1295.300000011921, 1395.1000000238419, 1532.5, 1663.5, 1798.199999988079, 1929.1000000238419, 2027.6000000238419, 2164.699999988079]",L,9,b21434bf1ffdd0525e927c8e971362fb79fb06c21439c82388ca4be70aab7310,train
1403,rithika,L,2,L_orient2,20,1,rithika/L/orient2/tilt_neutral_toward_1/landmarks_trimmed.json,69,69,18,"[0, 4, 8, 12, 16, 20, 24, 28, 32, 36, 40, 44, 48, 52, 56, 60, 64, 68]","[63.09999996423721, 166.0999999642372, 331.39999997615814, 501.5999999642372, 664.6999999880791, 829.5, 1031.0999999642372, 1270.8999999761581, 1426.699999988079, 1628.300000011921, 1893.5999999642372, 2031.5, 2270.199999988079, 2430.399999976158, 2562.899999976158, 2728.399999976158, 2838.399999976158, 3036.800000011921]",L,9,097fe2acfd04080d7dd595af3f3050923afa1dfb67ec06e581bc48757b626486,train
1404,rithika,L,3,L_orient3,21,1,rithika/L/orient3/tilt_back_away_1/landmarks_trimmed.json,56,56,18,"[0, 3, 6, 9, 12, 16, 19, 22, 25, 29, 32, 35, 38, 42, 45, 48, 51, 55]","[69.5, 196.79999995231628, 398.0, 597.0, 761.8999999761581, 1000.5999999642372, 1167.8999999761581, 1335.5999999642372, 1501.7999999523163, 1733.5, 1899.699999988079, 2064.599999964237, 2234.699999988079, 2435.599999964237, 2572.5, 2730.099999964237, 2806.099999964237, 3003.399999976158]",L,9,7f1b565b79b7c068d894fdd3416fe7c87dbfee9382ca59cf58128f924d51f5da,train
1405,rithika,L,3,L_orient3,21,1,rithika/L/orient3/tilt_back_neutral_1/landmarks_trimmed.json,59,59,18,"[0, 3, 6, 10, 13, 17, 20, 23, 27, 30, 34, 37, 40, 44, 47, 51, 54, 58]","[65.60000002384186, 229.10000002384186, 332.5, 529.6999999880791, 726.0, 924.6999999880791, 1062.699999988079, 1226.9000000357628, 1424.9000000357628, 1635.300000011921, 1831.800000011921, 1991.1000000238419, 2129.0, 2356.400000035763, 2532.199999988079, 2730.800000011921, 2862.400000035763, 3003.5]",L,9,916ec98d4aab80bc4fb369dbac2593f81ed0cfbd67e269595c74414b6291055d,train
1406,rithika,L,3,L_orient3,21,2,rithika/L/orient3/tilt_back_neutral_2/landmarks_trimmed.json,67,67,18,"[0, 3, 7, 11, 15, 19, 23, 27, 31, 34, 38, 42, 46, 50, 54, 58, 62, 66]","[34.10000002384186, 186.30000001192093, 298.0, 462.4000000357628, 594.2000000476837, 761.7000000476837, 927.4000000357628, 1164.0, 1296.2000000476837, 1456.2000000476837, 1661.5, 1825.9000000357628, 2054.7000000476837, 2262.400000035763, 2461.600000023842, 2659.300000011921, 2851.300000011921, 3029.800000011921]",L,9,bce4f77f135c6834407f784b8f80ca85c63ee255bc6ea856df2e95b55652a1cc,train
1407,rithika,L,3,L_orient3,21,1,rithika/L/orient3/tilt_back_toward_1/landmarks_trimmed.json,58,58,18,"[0, 3, 6, 10, 13, 16, 20, 23, 26, 30, 33, 36, 40, 43, 46, 50, 53, 57]","[63.69999998807907, 132.39999997615814, 298.19999998807907, 464.5, 666.0999999642372, 832.6999999880791, 1029.2999999523163, 1236.0, 1396.699999988079, 1595.7999999523163, 1765.2999999523163, 1968.199999988079, 2231.7999999523163, 2400.099999964237, 2564.899999976158, 2769.5, 2898.099999964237, 3003.599999964237]",L,9,03eb376ab40fd2d6ab38dfd92d3231d55698fb2e819a8642296a7de87e84bcb7,train
1408,rithika,L,3,L_orient3,21,1,rithika/L/orient3/tilt_forward_away_1/landmarks_trimmed.json,69,69,18,"[0, 4, 8, 12, 16, 20, 24, 28, 32, 36, 40, 44, 48, 52, 56, 60, 64, 68]","[33.59999996423721, 197.30000001192093, 398.5999999642372, 564.8999999761581, 729.5999999642372, 929.3000000119209, 1097.8999999761581, 1264.0999999642372, 1431.5, 1597.699999988079, 1800.300000011921, 2031.3999999761581, 2265.0, 2432.0, 2599.399999976158, 2764.899999976158, 2899.599999964237, 3003.899999976158]",L,9,117e15ef432aaa538ba39d7c5373ecaf21f1d768d9051e963f0520360a0ce231,train
1409,rithika,L,3,L_orient3,21,1,rithika/L/orient3/tilt_forward_neutral_1/landmarks_trimmed.json,59,59,18,"[0, 3, 6, 10, 13, 17, 20, 23, 27, 30, 34, 37, 40, 44, 47, 51, 54, 58]","[60.60000002384186, 161.4000000357628, 296.60000002384186, 462.9000000357628, 630.1000000238419, 829.6000000238419, 996.1000000238419, 1130.1000000238419, 1329.6000000238419, 1499.4000000357628, 1730.7000000476837, 1899.300000011921, 2027.300000011921, 2260.800000011921, 2457.0, 2727.800000011921, 2899.0, 3028.0]",L,9,2b432f452ad893c24bed76a33534d5a8359204ed4849f83c6bd133fe18019776,train
1410,rithika,L,3,L_orient3,21,2,rithika/L/orient3/tilt_forward_neutral_2/landmarks_trimmed.json,61,61,18,"[0, 3, 7, 10, 14, 17, 21, 24, 28, 31, 35, 38, 42, 45, 49, 52, 56, 60]","[67.19999998807907, 233.89999997615814, 467.5999999642372, 627.5, 802.5999999642372, 970.6999999880791, 1099.5999999642372, 1301.699999988079, 1500.800000011921, 1665.5, 1899.0999999642372, 2067.5, 2267.099999964237, 2430.5, 2574.300000011921, 2707.099999964237, 2838.399999976158, 3032.0]",L,9,004a8fb5177fb73684b20a53785b0acc407782a73e6bbb321fe008adabdec165,train
1411,rithika,L,3,L_orient3,21,1,rithika/L/orient3/tilt_forward_toward_1/landmarks_trimmed.json,55,55,18,"[0, 3, 6, 9, 12, 15, 19, 22, 25, 28, 31, 34, 38, 41, 44, 47, 50, 54]","[33.90000003576279, 199.10000002384186, 429.7000000476837, 602.6000000238419, 732.7000000476837, 900.1000000238419, 1090.2000000476837, 1267.300000011921, 1397.300000011921, 1565.5, 1735.2000000476837, 1864.1000000238419, 2092.600000023842, 2266.600000023842, 2430.2000000476837, 2542.0, 2763.100000023842, 3003.900000035763]",L,9,d53ab8be181cc45336591a23ff4c54b67933521e15d4873bbf11f8ca33743aef,train
1412,rithika,L,3,L_orient3,21,1,rithika/L/orient3/tilt_neutral_away_1/landmarks_trimmed.json,68,68,18,"[0, 3, 7, 11, 15, 19, 23, 27, 31, 35, 39, 43, 47, 51, 55, 59, 63, 67]","[35.09999996423721, 132.19999998807907, 296.5999999642372, 431.0999999642372, 632.8000000119209, 801.3999999761581, 966.3000000119209, 1200.5, 1334.699999988079, 1563.5999999642372, 1764.5999999642372, 1930.5999999642372, 2132.699999988079, 2332.5, 2533.099999964237, 2733.099999964237, 2859.800000011921, 3000.399999976158]",L,9,a65537b3baeea077e67ecb5db3d01402ad7df74f63e24208479f08f27e9f3b87,validation
1413,rithika,L,3,L_orient3,21,1,rithika/L/orient3/tilt_neutral_neutral_1/landmarks_trimmed.json,83,83,18,"[0, 4, 9, 14, 19, 24, 28, 33, 38, 43, 48, 53, 57, 62, 67, 72, 77, 82]","[33.90000003576279, 199.10000002384186, 366.80000001192093, 597.8000000119209, 766.9000000357628, 932.7000000476837, 1064.800000011921, 1232.9000000357628, 1402.1000000238419, 1631.9000000357628, 1802.1000000238419, 1966.5, 2099.600000023842, 2304.600000023842, 2467.400000035763, 2607.400000035763, 2833.100000023842, 3032.600000023842]",L,9,0db0196d8447be36ce5cf203832795f5ca9a598364a06ca47a157fc114fc63dc,train
1414,rithika,L,3,L_orient3,21,2,rithika/L/orient3/tilt_neutral_neutral_2/landmarks_trimmed.json,61,61,18,"[0, 3, 7, 10, 14, 17, 21, 24, 28, 31, 35, 38, 42, 45, 49, 52, 56, 60]","[66.0, 165.39999997615814, 365.19999998807907, 496.69999998807907, 695.6999999880791, 892.0, 1094.0, 1230.8999999761581, 1432.5999999642372, 1628.5, 1831.0999999642372, 1928.800000011921, 2128.899999976158, 2291.800000011921, 2525.800000011921, 2662.899999976158, 2863.399999976158, 3031.599999964237]",L,9,a760f44d323878c1094791550c4889fa8720f946a2682ba50acd264688a895f2,test
1415,rithika,L,3,L_orient3,21,1,rithika/L/orient3/tilt_neutral_toward_1/landmarks_trimmed.json,83,83,18,"[0, 4, 9, 14, 19, 24, 28, 33, 38, 43, 48, 53, 57, 62, 67, 72, 77, 82]","[33.60000002384186, 165.30000001192093, 331.9000000357628, 498.80000001192093, 699.0, 893.4000000357628, 1064.699999988079, 1266.6000000238419, 1466.199999988079, 1632.800000011921, 1832.699999988079, 1993.699999988079, 2163.900000035763, 2330.199999988079, 2497.100000023842, 2666.800000011921, 2865.600000023842, 3028.400000035763]",L,9,dc2e0b165811f3d63aaef08ce6e80107dc2cb8a93329b3947c7aa91a26374fc6,train
1416,rithika,M,1,M_orient1,22,1,rithika/M/orient1/tilt_back_away_1/landmarks_trimmed.json,59,59,18,"[0, 3, 6, 10, 13, 17, 20, 23, 27, 30, 34, 37, 40, 44, 47, 51, 54, 58]","[33.60000002384186, 166.80000001192093, 301.0, 466.4000000357628, 628.0, 933.9000000357628, 1062.6000000238419, 1198.800000011921, 1400.800000011921, 1561.9000000357628, 1797.800000011921, 1964.199999988079, 2097.600000023842, 2364.400000035763, 2564.800000011921, 2766.5, 2838.5, 3035.600000023842]",M,10,f6e37706f3a354f851ff3b0b6b1056383c263a9d16222d566a2577ccf2c8a62f,train
1417,rithika,M,1,M_orient1,22,1,rithika/M/orient1/tilt_back_neutral_1/landmarks_trimmed.json,46,46,18,"[0, 2, 5, 7, 10, 13, 15, 18, 21, 23, 26, 29, 31, 34, 37, 39, 42, 45]","[62.69999998807907, 118.59999996423721, 232.5999999642372, 354.69999998807907, 465.80000001192093, 622.6999999880791, 660.8999999761581, 824.8999999761581, 957.1999999880791, 1057.199999988079, 1262.199999988079, 1666.3999999761581, 1895.3999999761581, 2058.699999988079, 2230.199999988079, 2330.199999988079, 2461.5, 3061.300000011921]",M,10,5a48de7a3850fe0e36456344f79027b44781d44ef85c853feb22a76114ffd7ba,validation
1418,rithika,M,1,M_orient1,22,2,rithika/M/orient1/tilt_back_neutral_2/landmarks_trimmed.json,30,30,18,"[0, 1, 3, 5, 6, 8, 10, 11, 13, 15, 17, 18, 20, 22, 23, 25, 27, 29]","[98.69999998807907, 132.89999997615814, 199.0, 724.0999999642372, 726.6999999880791, 866.2999999523163, 967.7999999523163, 996.5999999642372, 1132.0, 1228.699999988079, 1329.2999999523163, 1465.0, 1564.8999999761581, 1697.8999999761581, 1766.199999988079, 1864.7999999523163, 1960.5, 3063.699999988079]",M,10,50c6c02033510e8b73acccdca76271caabd404e6952f0677d910c338a3c30578,train
1419,rithika,M,1,M_orient1,22,1,rithika/M/orient1/tilt_back_toward_1/landmarks_trimmed.json,71,71,18,"[0, 4, 8, 12, 16, 20, 24, 28, 32, 37, 41, 45, 49, 53, 57, 61, 65, 70]","[33.80000001192093, 198.69999998807907, 364.30000001192093, 534.5999999642372, 702.1999999880791, 828.8000000119209, 1027.699999988079, 1265.0999999642372, 1465.3999999761581, 1730.199999988079, 1896.699999988079, 2101.699999988079, 2265.599999964237, 2430.099999964237, 2596.599999964237, 2730.0, 2865.599999964237, 3035.099999964237]",M,10,af55f529b72853c36cdb9b308b8aa56ec43b4e8d53323c83e02670eac191ad1a,train
1420,rithika,M,1,M_orient1,22,1,rithika/M/orient1/tilt_forward_away_1/landmarks_trimmed.json,59,59,18,"[0, 3, 6, 10, 13, 17, 20, 23, 27, 30, 34, 37, 40, 44, 47, 51, 54, 58]","[66.80000001192093, 165.10000002384186, 301.4000000357628, 498.5, 667.6000000238419, 902.6000000238419, 1064.0, 1234.6000000238419, 1469.0, 1596.6000000238419, 1866.1000000238419, 2032.4000000357628, 2194.2000000476837, 2435.0, 2561.800000011921, 2735.900000035763, 2830.7000000476837, 3001.5]",M,10,59f0eb2aa2ebb80776c0962c22998ef8b7eeabb8600832376d3325b7f2085ac6,train
1421,rithika,M,1,M_orient1,22,1,rithika/M/orient1/tilt_forward_neutral_1/landmarks_trimmed.json,63,63,18,"[0, 3, 7, 10, 14, 18, 21, 25, 29, 32, 36, 40, 43, 47, 51, 54, 58, 62]","[67.90000003576279, 200.9000000357628, 365.30000001192093, 536.1000000238419, 734.6999999880791, 929.8000000119209, 1102.6000000238419, 1302.1000000238419, 1500.9000000357628, 1634.300000011921, 1836.300000011921, 2034.800000011921, 2165.100000023842, 2364.199999988079, 2564.600000023842, 2673.800000011921, 2838.800000011921, 3031.699999988079]",M,10,7f8054d87aa6cd35cfdd65e67238d9352f2c16f73f1d8a8ac5d417e85916cb25,validation
1422,rithika,M,1,M_orient1,22,2,rithika/M/orient1/tilt_forward_neutral_2/landmarks_trimmed.json,60,60,18,"[0, 3, 6, 10, 13, 17, 20, 24, 27, 31, 34, 38, 41, 45, 48, 52, 55, 59]","[33.09999996423721, 200.29999995231628, 330.7999999523163, 534.5, 698.5999999642372, 967.1999999880791, 1098.2999999523163, 1299.2999999523163, 1430.3999999761581, 1662.0, 1829.5999999642372, 2031.3999999761581, 2232.599999964237, 2431.0, 2595.7999999523163, 2793.0, 2871.7999999523163, 3030.2999999523163]",M,10,1419badf9adfc3daa3861427397c096caf975adbefd5fc1a03c0669634606c24,train
1423,rithika,M,1,M_orient1,22,1,rithika/M/orient1/tilt_forward_toward_1/landmarks_trimmed.json,77,77,18,"[0, 4, 8, 13, 17, 22, 26, 31, 35, 40, 44, 49, 53, 58, 62, 67, 71, 76]","[34.10000002384186, 229.69999998807907, 364.10000002384186, 569.5, 698.1999999880791, 864.8000000119209, 997.5, 1196.8999999761581, 1364.1000000238419, 1626.5, 1765.699999988079, 1969.300000011921, 2097.0, 2334.199999988079, 2501.100000023842, 2700.800000011921, 2837.0, 3028.100000023842]",M,10,cfbf4880ff2453cbfd83f6a08706dc269f37f18d0233328927588349a6b402cd,train
1424,rithika,M,1,M_orient1,22,1,rithika/M/orient1/tilt_neutral_away_1/landmarks_trimmed.json,89,89,18,"[0, 5, 10, 15, 20, 25, 31, 36, 41, 46, 51, 56, 62, 67, 72, 77, 82, 88]","[34.60000002384186, 200.4000000357628, 365.60000002384186, 534.6000000238419, 697.3000000119209, 867.0, 1063.0, 1234.5, 1397.4000000357628, 1569.4000000357628, 1767.300000011921, 1933.699999988079, 2136.100000023842, 2299.5, 2467.0, 2629.600000023842, 2828.699999988079, 3003.199999988079]",M,10,b9969df0a30db48df918209428e009ae6fcdeaa5be5f79df9b08076f12cd8552,test
1425,rithika,M,1,M_orient1,22,1,rithika/M/orient1/tilt_neutral_neutral_1/landmarks_trimmed.json,66,66,18,"[0, 3, 7, 11, 15, 19, 22, 26, 30, 34, 38, 42, 45, 49, 53, 57, 61, 65]","[33.30000001192093, 201.30000001192093, 401.10000002384186, 599.3000000119209, 764.0, 929.5, 1099.300000011921, 1301.0, 1464.5, 1664.0, 1862.3999999761581, 2067.800000011921, 2162.600000023842, 2366.899999976158, 2505.300000011921, 2673.0, 2865.699999988079, 2971.0]",M,10,d7c8ebe82115337cedfb8bc8c6405d64d0bc90c27d4acd54127ce081a22f9982,test
1426,rithika,M,1,M_orient1,22,2,rithika/M/orient1/tilt_neutral_neutral_2/landmarks_trimmed.json,60,60,18,"[0, 3, 6, 10, 13, 17, 20, 24, 27, 31, 34, 38, 41, 45, 48, 52, 55, 59]","[67.69999998807907, 198.69999998807907, 334.10000002384186, 535.0, 701.0, 896.0, 1066.300000011921, 1301.6000000238419, 1427.800000011921, 1667.699999988079, 1831.4000000357628, 2031.199999988079, 2199.699999988079, 2429.600000023842, 2600.800000011921, 2706.800000011921, 2866.699999988079, 3027.5]",M,10,f9c6247e6bb54db60cc21e3de4db02ec744c9e9ba013cfee3d31a1645c9cf776,train
1427,rithika,M,1,M_orient1,22,1,rithika/M/orient1/tilt_neutral_toward_1/landmarks_trimmed.json,69,69,18,"[0, 4, 8, 12, 16, 20, 24, 28, 32, 36, 40, 44, 48, 52, 56, 60, 64, 68]","[69.10000002384186, 237.4000000357628, 430.19999998807907, 595.8000000119209, 834.1000000238419, 1001.1999999880791, 1167.6000000238419, 1330.800000011921, 1529.5, 1735.4000000357628, 1891.300000011921, 2032.0, 2198.0, 2399.0, 2560.199999988079, 2695.699999988079, 2839.100000023842, 3000.900000035763]",M,10,5bd4c3146052341b14107348689829f2d905f6255387d9e39b5d123658d95d2f,train
1428,rithika,M,2,M_orient2,23,1,rithika/M/orient2/tilt_back_away_1/landmarks_trimmed.json,68,68,18,"[0, 3, 7, 11, 15, 19, 23, 27, 31, 35, 39, 43, 47, 51, 55, 59, 63, 67]","[69.5, 166.39999997615814, 365.5, 570.6999999880791, 771.0, 933.6999999880791, 1133.3999999761581, 1297.300000011921, 1504.5, 1702.5, 1899.1000000238419, 2105.100000023842, 2239.800000011921, 2400.199999988079, 2571.899999976158, 2704.0, 2837.100000023842, 3003.300000011921]",M,10,7c498200d6dc21af3cc9762d4031f0811ae2bdffb1e7471fca962f9d1a2d5779,test
1429,rithika,M,2,M_orient2,23,1,rithika/M/orient2/tilt_back_neutral_1/landmarks_trimmed.json,89,89,18,"[0, 5, 10, 15, 20, 25, 31, 36, 41, 46, 51, 56, 62, 67, 72, 77, 82, 88]","[63.19999998807907, 199.29999995231628, 365.0, 529.2999999523163, 699.0999999642372, 860.8999999761581, 1067.7999999523163, 1228.0, 1400.2999999523163, 1566.699999988079, 1730.3999999761581, 1899.8999999761581, 2096.699999988079, 2266.5, 2429.099999964237, 2632.7999999523163, 2800.7999999523163, 3003.5]",M,10,ce1725f98861f7772cf109725e1b15edff4a3cbe7b0fe9123835bd7bfb829b24,train
1430,rithika,M,2,M_orient2,23,2,rithika/M/orient2/tilt_back_neutral_2/landmarks_trimmed.json,67,67,18,"[0, 3, 7, 11, 15, 19, 23, 27, 31, 34, 38, 42, 46, 50, 54, 58, 62, 66]","[34.10000002384186, 367.69999998807907, 501.9000000357628, 637.3000000119209, 875.4000000357628, 1036.4000000357628, 1272.4000000357628, 1399.9000000357628, 1566.6000000238419, 1701.1000000238419, 1910.5, 2100.199999988079, 2270.199999988079, 2404.300000011921, 2568.100000023842, 2701.300000011921, 2866.800000011921, 3004.400000035763]",M,10,f1c2fc31661b1db3f91d330ea88ac739afec35657b3cb1f2c0a249e0a4735bf7,train
1431,rithika,M,2,M_orient2,23,1,rithika/M/orient2/tilt_back_toward_1/landmarks_trimmed.json,70,70,18,"[0, 4, 8, 12, 16, 20, 24, 28, 32, 36, 40, 44, 48, 52, 56, 60, 64, 69]","[65.30000001192093, 200.19999998807907, 330.5, 466.39999997615814, 596.0, 733.5, 861.5999999642372, 1066.699999988079, 1201.0, 1333.5, 1463.699999988079, 1631.0, 1767.199999988079, 2060.099999964237, 2295.300000011921, 2434.5, 2561.5, 3034.099999964237]",M,10,542783e43f10c65b98e496084e9af7abc9fe7e73a82b08c128e92807a2cf81eb,train
1432,rithika,M,2,M_orient2,23,1,rithika/M/orient2/tilt_forward_away_1/landmarks_trimmed.json,63,63,18,"[0, 3, 7, 10, 14, 18, 21, 25, 29, 32, 36, 40, 43, 47, 51, 54, 58, 62]","[33.39999997615814, 201.39999997615814, 400.5, 533.8999999761581, 734.1999999880791, 933.6000000238419, 1063.800000011921, 1262.8999999761581, 1498.699999988079, 1597.8999999761581, 1829.800000011921, 1995.8999999761581, 2167.600000023842, 2332.0, 2530.699999988079, 2640.199999988079, 2838.199999988079, 3000.699999988079]",M,10,ba13c6449a7481a6174c09bec24529360ba8d42a6390715b24c97719457ccc45,test
1433,rithika,M,2,M_orient2,23,1,rithika/M/orient2/tilt_forward_neutral_1/landmarks_trimmed.json,82,82,18,"[0, 4, 9, 14, 19, 23, 28, 33, 38, 42, 47, 52, 57, 61, 66, 71, 76, 81]","[63.30000001192093, 166.0, 363.89999997615814, 531.1000000238419, 693.5, 896.8000000119209, 1128.6000000238419, 1296.0, 1494.199999988079, 1628.8999999761581, 1794.3999999761581, 1998.300000011921, 2159.399999976158, 2297.600000023842, 2492.199999988079, 2659.899999976158, 2831.300000011921, 3026.199999988079]",M,10,67454afa465411e8643853f5af02502f313afbf3818f61c606cc333d54d32524,train
1434,rithika,M,2,M_orient2,23,2,rithika/M/orient2/tilt_forward_neutral_2/landmarks_trimmed.json,70,70,18,"[0, 4, 8, 12, 16, 20, 24, 28, 32, 36, 40, 44, 48, 52, 56, 60, 64, 69]","[33.90000003576279, 272.0, 400.10000002384186, 568.4000000357628, 738.8000000119209, 905.1999999880791, 1034.800000011921, 1236.1000000238419, 1369.6000000238419, 1563.0, 1839.4000000357628, 2000.9000000357628, 2133.0, 2301.400000035763, 2467.199999988079, 2601.5, 2771.199999988079, 3003.600000023842]",M,10,d682e5a47a74365cd2490ea4d49020321a27868fe02c3e63bd86c855aa9cf71d,train
1435,rithika,M,2,M_orient2,23,1,rithika/M/orient2/tilt_neutral_away_1/landmarks_trimmed.json,60,60,18,"[0, 3, 6, 10, 13, 17, 20, 24, 27, 31, 34, 38, 41, 45, 48, 52, 55, 59]","[33.69999998807907, 193.19999998807907, 298.19999998807907, 497.80000001192093, 630.6999999880791, 829.3000000119209, 967.5999999642372, 1155.800000011921, 1332.300000011921, 1528.0, 1699.0999999642372, 1900.0999999642372, 2029.800000011921, 2262.199999988079, 2529.399999976158, 2731.0, 2839.099999964237, 3004.199999988079]",M,10,22565738da3735096c43a854ae10e21aa1a5b8109ebe1e2f7d027bd353a17c11,validation
1436,rithika,M,2,M_orient2,23,1,rithika/M/orient2/tilt_neutral_neutral_1/landmarks_trimmed.json,63,63,18,"[0, 3, 7, 10, 14, 18, 21, 25, 29, 32, 36, 40, 43, 47, 51, 54, 58, 62]","[93.39999997615814, 192.69999998807907, 327.69999998807907, 397.0999999642372, 562.5, 760.3000000119209, 929.3999999761581, 1131.5999999642372, 1360.699999988079, 1495.8999999761581, 1729.800000011921, 1963.699999988079, 2061.800000011921, 2260.599999964237, 2494.399999976158, 2662.300000011921, 2859.800000011921, 3063.0]",M,10,c84b10694145f3350860a45808b7d96181fa36d84872f9d33bdaa6a431b323e3,train
1437,rithika,M,2,M_orient2,23,2,rithika/M/orient2/tilt_neutral_neutral_2/landmarks_trimmed.json,72,72,18,"[0, 4, 8, 12, 16, 20, 25, 29, 33, 37, 41, 45, 50, 54, 58, 62, 66, 71]","[34.0, 199.69999998807907, 368.39999997615814, 534.3000000119209, 703.6000000238419, 867.5, 1101.199999988079, 1272.800000011921, 1435.5, 1601.800000011921, 1806.5, 1977.0, 2201.699999988079, 2367.600000023842, 2503.399999976158, 2608.0, 2805.399999976158, 3004.0]",M,10,c7ff4368b171458032eb80b1a07a16b33fab6434ccb4072c903bb3f68be6282a,train
1438,rithika,M,2,M_orient2,23,1,rithika/M/orient2/tilt_neutral_toward_1/landmarks_trimmed.json,59,59,18,"[0, 3, 6, 10, 13, 17, 20, 23, 27, 30, 34, 37, 40, 44, 47, 51, 54, 58]","[70.60000002384186, 167.0, 337.2000000476837, 530.1000000238419, 701.0, 961.8000000119209, 1163.5, 1335.0, 1570.2000000476837, 1735.0, 1933.0, 2102.300000011921, 2269.7000000476837, 2435.800000011921, 2567.100000023842, 2732.2000000476837, 2838.800000011921, 3003.600000023842]",M,10,a5393c3811c5962ef9c264b8496591a0dda3ad5287ff541956a1813a02ff13a7,test
1439,rithika,M,3,M_orient3,24,1,rithika/M/orient3/tilt_back_away_1/landmarks_trimmed.json,62,62,18,"[0, 3, 7, 10, 14, 17, 21, 25, 28, 32, 35, 39, 43, 46, 50, 53, 57, 61]","[33.10000002384186, 132.30000001192093, 330.60000002384186, 490.10000002384186, 660.9000000357628, 760.5, 1130.7000000476837, 1461.5, 1628.1000000238419, 1794.5, 1993.5, 2196.900000035763, 2330.600000023842, 2431.7000000476837, 2595.300000011921, 2696.400000035763, 2863.900000035763, 3030.600000023842]",M,10,7b3a15df6a883a441e3d93b7263b3a79d04aaecb4d7d657a3cbbe3e404f7a40f,validation
1440,rithika,M,3,M_orient3,24,1,rithika/M/orient3/tilt_back_neutral_1/landmarks_trimmed.json,88,88,18,"[0, 5, 10, 15, 20, 25, 30, 35, 40, 46, 51, 56, 61, 66, 71, 76, 81, 87]","[33.89999997615814, 198.10000002384186, 363.39999997615814, 529.1999999880791, 697.5, 895.6000000238419, 1060.800000011921, 1230.6000000238419, 1395.5, 1626.8999999761581, 1798.199999988079, 1962.1000000238419, 2131.699999988079, 2296.199999988079, 2462.800000011921, 2664.5, 2826.0, 3030.5]",M,10,5dd54bd4f2c5bd956c4fb310d6a57fe2078371d9cc329cd805834e3aa2b208ba,train
1441,rithika,M,3,M_orient3,24,2,rithika/M/orient3/tilt_back_neutral_2/landmarks_trimmed.json,52,52,18,"[0, 3, 6, 9, 12, 15, 18, 21, 24, 27, 30, 33, 36, 39, 42, 45, 48, 51]","[65.19999998807907, 262.5, 471.39999997615814, 561.8000000119209, 736.1999999880791, 868.1999999880791, 1003.0999999642372, 1202.0999999642372, 1435.0999999642372, 1566.699999988079, 1766.5999999642372, 1934.8999999761581, 2238.399999976158, 2370.099999964237, 2534.399999976158, 2607.699999988079, 2706.899999976158, 2937.699999988079]",M,10,8b473f96fd59c13da18c8161e6ce11303d0dc7832a1addedabbea492a93db1ba,train
1442,rithika,M,3,M_orient3,24,1,rithika/M/orient3/tilt_back_toward_1/landmarks_trimmed.json,66,66,18,"[0, 3, 7, 11, 15, 19, 22, 26, 30, 34, 38, 42, 45, 49, 53, 57, 61, 65]","[62.30000001192093, 133.19999998807907, 264.60000002384186, 397.0, 561.6999999880791, 790.6999999880791, 928.0, 1093.1000000238419, 1328.4000000357628, 1528.9000000357628, 1693.300000011921, 1925.4000000357628, 2059.600000023842, 2259.699999988079, 2459.900000035763, 2660.5, 2861.5, 3060.400000035763]",M,10,ca3fd40dbb1c041b2598163ed39ee1e5c92d1251186d4fe784706398495d1d5f,train
1443,rithika,M,3,M_orient3,24,1,rithika/M/orient3/tilt_forward_away_1/landmarks_trimmed.json,49,49,18,"[0, 2, 5, 8, 11, 14, 16, 19, 22, 25, 28, 31, 33, 36, 39, 42, 45, 48]","[92.0, 292.5, 453.89999997615814, 592.1999999880791, 719.5999999642372, 792.3999999761581, 927.3000000119209, 1057.800000011921, 1227.199999988079, 1354.3999999761581, 1490.699999988079, 1661.199999988079, 1957.8999999761581, 2088.899999976158, 2329.199999988079, 2496.300000011921, 2630.300000011921, 3026.300000011921]",M,10,74e2e54b71f4e1b77557225b47a6ea9dfb6ef4b6b073bd8704356bfa64b1d2fa,train
1444,rithika,M,3,M_orient3,24,1,rithika/M/orient3/tilt_forward_neutral_1/landmarks_trimmed.json,53,53,18,"[0, 3, 6, 9, 12, 15, 18, 21, 24, 27, 30, 33, 36, 39, 42, 45, 48, 52]","[70.5, 199.69999998807907, 368.30000001192093, 597.6999999880791, 766.3000000119209, 968.3000000119209, 1133.699999988079, 1297.300000011921, 1463.8999999761581, 1632.3999999761581, 1804.300000011921, 1965.699999988079, 2404.399999976158, 2504.199999988079, 2634.599999964237, 2706.899999976158, 2833.699999988079, 3000.599999964237]",M,10,8ffa9d690a7aa912e1609473207ed23fa9d0aa09cf1a0a049e63c8a5f01ceb8f,train
1445,rithika,M,3,M_orient3,24,2,rithika/M/orient3/tilt_forward_neutral_2/landmarks_trimmed.json,60,60,18,"[0, 3, 6, 10, 13, 17, 20, 24, 27, 31, 34, 38, 41, 45, 48, 52, 55, 59]","[62.0, 154.89999997615814, 262.0999999642372, 396.19999998807907, 530.6999999880791, 724.8999999761581, 859.6999999880791, 1092.3999999761581, 1259.199999988079, 1458.699999988079, 1660.699999988079, 1929.0999999642372, 2057.2999999523163, 2293.2999999523163, 2460.199999988079, 2695.099999964237, 2861.899999976158, 3029.199999988079]",M,10,21b4f8bf417f5dc24562035905d300353a921fa29aaf21dd726a21b07b69208d,train
1446,rithika,M,3,M_orient3,24,1,rithika/M/orient3/tilt_forward_toward_1/landmarks_trimmed.json,62,62,18,"[0, 3, 7, 10, 14, 17, 21, 25, 28, 32, 35, 39, 43, 46, 50, 53, 57, 61]","[33.5, 170.29999995231628, 403.0999999642372, 575.0, 808.3999999761581, 936.2999999523163, 1206.199999988079, 1439.699999988079, 1568.699999988079, 1805.8999999761581, 1971.7999999523163, 2104.399999976158, 2272.7999999523163, 2376.199999988079, 2508.199999988079, 2675.0, 2840.199999988079, 3034.2999999523163]",M,10,312f96e50963ccb7559f3f598544c8fc72f914ce3bd8614aac65326b5846c3c9,validation
1447,rithika,M,3,M_orient3,24,1,rithika/M/orient3/tilt_neutral_away_1/landmarks_trimmed.json,59,59,18,"[0, 3, 6, 10, 13, 17, 20, 23, 27, 30, 34, 37, 40, 44, 47, 51, 54, 58]","[60.69999998807907, 189.19999998807907, 264.10000002384186, 429.80000001192093, 528.9000000357628, 829.9000000357628, 966.6000000238419, 1060.699999988079, 1228.6000000238419, 1326.1000000238419, 1493.1000000238419, 1792.800000011921, 1894.0, 2334.100000023842, 2494.0, 2720.800000011921, 2862.800000011921, 3025.100000023842]",M,10,f93961fc20c66dfa849c7b97473186a35e4a221f26f9475e55a1d31f671df92c,train
1448,rithika,M,3,M_orient3,24,1,rithika/M/orient3/tilt_neutral_neutral_1/landmarks_trimmed.json,38,38,18,"[0, 2, 4, 6, 8, 10, 13, 15, 17, 19, 21, 23, 26, 28, 30, 32, 34, 37]","[69.40000003576279, 167.10000002384186, 303.0, 403.30000001192093, 503.69999998807907, 567.6999999880791, 660.4000000357628, 730.1000000238419, 796.9000000357628, 864.0, 931.5, 996.9000000357628, 1172.199999988079, 1304.300000011921, 1404.0, 1503.800000011921, 1604.4000000357628, 1732.5]",M,10,713fb105be8ffc3027afef8adc038f486aa8deec606abedd4e6cc1fdf71a9ef9,train
1449,rithika,M,3,M_orient3,24,2,rithika/M/orient3/tilt_neutral_neutral_2/landmarks_trimmed.json,54,54,18,"[0, 3, 6, 9, 12, 15, 18, 21, 24, 28, 31, 34, 37, 40, 43, 46, 49, 53]","[33.89999997615814, 166.0999999642372, 297.30000001192093, 428.5999999642372, 599.5999999642372, 732.0, 899.0999999642372, 1063.5, 1230.800000011921, 1498.0999999642372, 1696.0, 1898.199999988079, 2096.399999976158, 2265.099999964237, 2430.599999964237, 2598.0, 2699.599999964237, 2838.699999988079]",M,10,8d57e73341226b654ae2037f0120671e795c3169d6efa1a6bdc1daa2baa2d134,train
1450,rithika,M,3,M_orient3,24,1,rithika/M/orient3/tilt_neutral_toward_1/landmarks_trimmed.json,56,56,18,"[0, 3, 6, 9, 12, 16, 19, 22, 25, 29, 32, 35, 38, 42, 45, 48, 51, 55]","[72.30000001192093, 261.19999998807907, 668.1000000238419, 801.3000000119209, 964.8999999761581, 1198.199999988079, 1392.8999999761581, 1602.800000011921, 1735.0, 1928.3999999761581, 2103.0, 2228.600000023842, 2400.600000023842, 2533.800000011921, 2608.300000011921, 2740.0, 2838.600000023842, 3004.100000023842]",M,10,1841e0203d72071192b0ec1030b661541cd7effc84ea5c0046685783d891bfe7,train
1451,rithika,N,1,N_orient1,25,1,rithika/N/orient1/tilt_back_away_1/landmarks_trimmed.json,60,60,18,"[0, 3, 6, 10, 13, 17, 20, 24, 27, 31, 34, 38, 41, 45, 48, 52, 55, 59]","[55.5, 168.89999997615814, 331.0999999642372, 530.0999999642372, 700.0999999642372, 896.1999999880791, 1066.8999999761581, 1264.3999999761581, 1428.3999999761581, 1661.8999999761581, 1836.199999988079, 2030.5, 2198.2999999523163, 2435.0, 2602.0, 2771.099999964237, 2872.599999964237, 3035.5]",N,11,37b77624222b9b9b3d029a8e883cba9340b8c3874278ed042a2938ced9a9fe42,train
1452,rithika,N,1,N_orient1,25,1,rithika/N/orient1/tilt_back_neutral_1/landmarks_trimmed.json,55,55,18,"[0, 3, 6, 9, 12, 15, 19, 22, 25, 28, 31, 34, 38, 41, 44, 47, 50, 54]","[72.0, 267.5, 440.10000002384186, 576.1000000238419, 779.1999999880791, 976.3999999761581, 1240.199999988079, 1374.6000000238419, 1472.800000011921, 1636.3999999761581, 1810.699999988079, 1905.300000011921, 2046.8999999761581, 2146.199999988079, 2505.899999976158, 2641.0, 2809.0, 3010.100000023842]",N,11,0e87c5a84fc8d65b187de8254ebafd64ca8e592e4aca7e080f05f12ac8d9afa3,train
1453,rithika,N,1,N_orient1,25,2,rithika/N/orient1/tilt_back_neutral_2/landmarks_trimmed.json,59,59,18,"[0, 3, 6, 10, 13, 17, 20, 23, 27, 30, 34, 37, 40, 44, 47, 51, 54, 58]","[63.5, 132.5999999642372, 328.0, 462.69999998807907, 630.6999999880791, 824.3999999761581, 996.6999999880791, 1192.800000011921, 1395.3999999761581, 1596.5, 1795.3999999761581, 1932.8999999761581, 2093.0, 2293.099999964237, 2460.800000011921, 2661.800000011921, 2799.599999964237, 3000.199999988079]",N,11,c6712070ddafd313bc5adbaa622b5da8c6774f49204cf29459b8190df0b33a0a,train
1454,rithika,N,1,N_orient1,25,1,rithika/N/orient1/tilt_back_toward_1/landmarks_trimmed.json,57,57,18,"[0, 3, 6, 9, 13, 16, 19, 23, 26, 29, 32, 36, 39, 42, 46, 49, 52, 56]","[65.90000003576279, 198.5, 332.0, 429.30000001192093, 628.6000000238419, 827.1999999880791, 995.9000000357628, 1232.6000000238419, 1399.800000011921, 1562.6000000238419, 1763.0, 1998.1000000238419, 2129.600000023842, 2295.600000023842, 2531.300000011921, 2660.5, 2828.800000011921, 3023.199999988079]",N,11,8c3dbe7a591c73ea83f98001d408b519b0b5b7108fb36420ce81e28d66954842,test
1455,rithika,N,1,N_orient1,25,1,rithika/N/orient1/tilt_forward_away_1/landmarks_trimmed.json,58,58,18,"[0, 3, 6, 10, 13, 16, 20, 23, 26, 30, 33, 36, 40, 43, 46, 50, 53, 57]","[68.19999998807907, 198.89999997615814, 367.5999999642372, 533.5999999642372, 696.1999999880791, 862.3999999761581, 1031.199999988079, 1200.199999988079, 1363.5, 1563.5999999642372, 1766.0, 1931.8999999761581, 2164.399999976158, 2332.5, 2497.699999988079, 2731.5, 2867.7999999523163, 3003.699999988079]",N,11,8a27496348249a446428d4da434ef54f256653af2e6055b006d2cd244c7a2f84,validation
1456,rithika,N,1,N_orient1,25,1,rithika/N/orient1/tilt_neutral_away_1/landmarks_trimmed.json,58,58,18,"[0, 3, 6, 10, 13, 16, 20, 23, 26, 30, 33, 36, 40, 43, 46, 50, 53, 57]","[64.0, 163.5999999642372, 298.0, 499.0999999642372, 661.5, 827.0999999642372, 1063.8999999761581, 1296.699999988079, 1462.5, 1731.5, 1861.3999999761581, 2032.699999988079, 2228.7999999523163, 2397.7999999523163, 2564.899999976158, 2721.099999964237, 2834.699999988079, 3003.899999976158]",N,11,5802f07eacb0557fd23c957dac1732ffc715640cf144b50dc7c93ba1cd06a5b5,validation
1457,rithika,N,1,N_orient1,25,1,rithika/N/orient1/tilt_neutral_neutral_1/landmarks_trimmed.json,87,87,18,"[0, 5, 10, 15, 20, 25, 30, 35, 40, 45, 50, 55, 60, 65, 70, 75, 80, 86]","[61.19999998807907, 198.80000001192093, 363.10000002384186, 529.6999999880791, 696.1000000238419, 861.3000000119209, 1061.1000000238419, 1225.300000011921, 1394.3999999761581, 1558.800000011921, 1758.6000000238419, 1963.3999999761581, 2123.899999976158, 2296.5, 2496.0, 2658.100000023842, 2829.800000011921, 3025.100000023842]",N,11,bfa50f6a25a484d88df3df2966ca7e541051e67dc10bdaa84fad3a5c4b887f08,train
1458,rithika,N,1,N_orient1,25,2,rithika/N/orient1/tilt_neutral_neutral_2/landmarks_trimmed.json,61,61,18,"[0, 3, 7, 10, 14, 17, 21, 24, 28, 31, 35, 38, 42, 45, 49, 52, 56, 60]","[33.09999996423721, 191.89999997615814, 324.0999999642372, 396.89999997615814, 592.1999999880791, 725.8999999761581, 925.0999999642372, 1094.3999999761581, 1328.3999999761581, 1491.699999988079, 1696.699999988079, 1826.2999999523163, 2061.0, 2159.7999999523163, 2391.099999964237, 2596.099999964237, 2826.699999988079, 3024.7999999523163]",N,11,fef532738a6db62fd115d8cfc8042da396da929c326eec09e471cc5d350c175b,train
1459,rithika,N,1,N_orient1,25,1,rithika/N/orient1/tilt_neutral_toward_1/landmarks_trimmed.json,63,63,18,"[0, 3, 7, 10, 14, 18, 21, 25, 29, 32, 36, 40, 43, 47, 51, 54, 58, 62]","[65.19999998807907, 231.30000001192093, 432.30000001192093, 562.9000000357628, 800.5, 1029.1000000238419, 1166.5, 1330.0, 1530.699999988079, 1699.699999988079, 1866.5, 2029.9000000357628, 2198.300000011921, 2364.800000011921, 2593.5, 2697.5, 2869.400000035763, 3003.5]",N,11,4ed30b215af9dd7c22aaabcb4e6c2770485b407d5047760cd3c248307b445764,train
1460,rithika,N,2,N_orient2,26,1,rithika/N/orient2/tilt_back_away_1/landmarks_trimmed.json,21,21,18,"[0, 1, 2, 3, 4, 5, 7, 8, 9, 10, 11, 12, 14, 15, 16, 17, 18, 20]","[269.80000001192093, 300.10000002384186, 330.69999998807907, 364.89999997615814, 433.5, 468.30000001192093, 529.3999999761581, 562.8000000119209, 2667.399999976158, 2700.5, 2733.800000011921, 2765.100000023842, 2830.399999976158, 2867.199999988079, 2900.899999976158, 2904.399999976158, 2967.399999976158, 3003.699999988079]",N,11,e9c20bbdf56f6eb2e33fff96db6003ea5a817db2d2a827443a5cd8e743181036,train
1461,rithika,N,2,N_orient2,26,1,rithika/N/orient2/tilt_back_neutral_1/landmarks_trimmed.json,66,66,18,"[0, 3, 7, 11, 15, 19, 22, 26, 30, 34, 38, 42, 45, 49, 53, 57, 61, 65]","[33.700000047683716, 167.10000002384186, 365.60000002384186, 567.1000000238419, 833.4000000357628, 1002.2000000476837, 1134.9000000357628, 1371.800000011921, 1499.6000000238419, 1701.4000000357628, 1871.800000011921, 2071.900000035763, 2202.2000000476837, 2343.800000011921, 2535.600000023842, 2668.300000011921, 2838.900000035763, 3003.600000023842]",N,11,38362e93bf8e3ebcf874d07bde129bbc4406c2a281a58af4571c8bcc9c3acc22,validation
1462,rithika,N,2,N_orient2,26,2,rithika/N/orient2/tilt_back_neutral_2/landmarks_trimmed.json,59,59,18,"[0, 3, 6, 10, 13, 17, 20, 23, 27, 30, 34, 37, 40, 44, 47, 51, 54, 58]","[66.69999998807907, 166.30000001192093, 333.30000001192093, 535.5999999642372, 660.5999999642372, 859.0999999642372, 1000.3999999761581, 1169.5, 1394.3999999761581, 1596.0999999642372, 1866.8999999761581, 2036.699999988079, 2196.199999988079, 2468.099999964237, 2575.199999988079, 2773.800000011921, 2898.300000011921, 3031.599999964237]",N,11,e8066ae2635d6446486eebbb18d0c73e0d0e3d32693b1c04a832f6255ec9b178,train
1463,rithika,N,2,N_orient2,26,1,rithika/N/orient2/tilt_back_toward_1/landmarks_trimmed.json,85,85,18,"[0, 4, 9, 14, 19, 24, 29, 34, 39, 44, 49, 54, 59, 64, 69, 74, 79, 84]","[33.90000003576279, 165.5, 331.2000000476837, 498.60000002384186, 660.8000000119209, 831.7000000476837, 998.3000000119209, 1165.4000000357628, 1363.9000000357628, 1528.2000000476837, 1765.1000000238419, 1927.5, 2126.400000035763, 2331.800000011921, 2495.900000035763, 2698.100000023842, 2864.600000023842, 3031.100000023842]",N,11,e5bb67f9eeed2abf37afa7457554b2a63963f2d185a25f86836202b42705f5ee,test
1464,rithika,N,2,N_orient2,26,1,rithika/N/orient2/tilt_forward_away_1/landmarks_trimmed.json,55,55,18,"[0, 3, 6, 9, 12, 15, 19, 22, 25, 28, 31, 34, 38, 41, 44, 47, 50, 54]","[63.10000002384186, 162.60000002384186, 264.69999998807907, 429.89999997615814, 628.6000000238419, 833.6999999880791, 1030.6000000238419, 1230.8999999761581, 1396.8999999761581, 1559.699999988079, 1726.8999999761581, 1865.6000000238419, 2127.5, 2333.399999976158, 2495.5, 2624.300000011921, 2767.5, 2872.300000011921]",N,11,6abb65d4c03d0cec11d5be803e8fb8c4d27934debccc3b000b0572047288f53d,validation
1465,rithika,N,2,N_orient2,26,1,rithika/N/orient2/tilt_forward_neutral_1/landmarks_trimmed.json,54,54,18,"[0, 3, 6, 9, 12, 15, 18, 21, 24, 28, 31, 34, 37, 40, 43, 46, 49, 53]","[33.10000002384186, 701.1999999880791, 829.4000000357628, 1000.1000000238419, 1128.199999988079, 1262.800000011921, 1433.199999988079, 1564.5, 1733.300000011921, 1895.9000000357628, 1993.1000000238419, 2128.400000035763, 2300.400000035763, 2431.400000035763, 2570.699999988079, 2699.699999988079, 2831.300000011921, 3000.300000011921]",N,11,2bc2013e696d735c02cb69b959fba9c05ef75228c45d84543a5ee7dd9b073b8d,train
1466,rithika,N,2,N_orient2,26,2,rithika/N/orient2/tilt_forward_neutral_2/landmarks_trimmed.json,55,55,18,"[0, 3, 6, 9, 12, 15, 19, 22, 25, 28, 31, 34, 38, 41, 44, 47, 50, 54]","[66.90000003576279, 235.4000000357628, 430.19999998807907, 734.1000000238419, 863.9000000357628, 1033.800000011921, 1260.199999988079, 1433.0, 1556.9000000357628, 1766.199999988079, 1970.5, 2168.400000035763, 2367.400000035763, 2505.0, 2637.100000023842, 2799.199999988079, 2894.800000011921, 3035.600000023842]",N,11,dae6893c08fed86ead3ac7ccfd5ac98241705e0b193c6b4872fce72560f47bc1,train
1467,rithika,N,2,N_orient2,26,1,rithika/N/orient2/tilt_forward_toward_1/landmarks_trimmed.json,51,51,18,"[0, 2, 5, 8, 11, 14, 17, 20, 23, 26, 29, 32, 35, 38, 41, 44, 47, 50]","[69.19999998807907, 166.79999995231628, 502.2999999523163, 669.8999999761581, 794.5999999642372, 1000.1999999880791, 1165.5999999642372, 1362.699999988079, 1568.199999988079, 1734.2999999523163, 1928.199999988079, 2100.0, 2295.099999964237, 2436.0, 2542.7999999523163, 2700.599999964237, 2801.7999999523163, 3003.2999999523163]",N,11,3b8c6ac73a2cb6aa248fa7f7453e6d8fb3d49f6b1cec52302fd5d2cb4fc5bc7d,train
1468,rithika,N,2,N_orient2,26,1,rithika/N/orient2/tilt_neutral_away_1/landmarks_trimmed.json,71,71,18,"[0, 4, 8, 12, 16, 20, 24, 28, 32, 37, 41, 45, 49, 53, 57, 61, 65, 70]","[33.19999998807907, 264.9000000357628, 396.0, 559.6999999880791, 729.0, 927.0, 1092.199999988079, 1291.1000000238419, 1495.0, 1663.1000000238419, 1830.4000000357628, 2132.900000035763, 2260.699999988079, 2395.600000023842, 2527.900000035763, 2692.100000023842, 2829.5, 3029.900000035763]",N,11,c3bd95f34ef5d70cd6fd448c551791a8fe0caf81378054b68e0fcf9c32b2d164,train
1469,rithika,N,2,N_orient2,26,1,rithika/N/orient2/tilt_neutral_neutral_1/landmarks_trimmed.json,61,61,18,"[0, 3, 7, 10, 14, 17, 21, 24, 28, 31, 35, 38, 42, 45, 49, 52, 56, 60]","[68.09999996423721, 199.39999997615814, 402.30000001192093, 496.39999997615814, 734.1999999880791, 900.5999999642372, 1099.5, 1266.5999999642372, 1501.0999999642372, 1632.0999999642372, 1866.199999988079, 2029.0, 2234.199999988079, 2395.199999988079, 2632.300000011921, 2706.899999976158, 2838.899999976158, 3004.099999964237]",N,11,4c8a9d1dd6a8d4164ef324fef06eb6dda02d7e8d20c037207cc991bf5cc2a316,train
1470,rithika,N,2,N_orient2,26,2,rithika/N/orient2/tilt_neutral_neutral_2/landmarks_trimmed.json,62,62,18,"[0, 3, 7, 10, 14, 17, 21, 25, 28, 32, 35, 39, 43, 46, 50, 53, 57, 61]","[35.60000002384186, 168.0, 369.60000002384186, 570.1000000238419, 772.9000000357628, 903.1000000238419, 1103.300000011921, 1299.6000000238419, 1462.0, 1671.6000000238419, 1832.699999988079, 2096.800000011921, 2335.199999988079, 2467.900000035763, 2599.900000035763, 2702.0, 2835.5, 3031.5]",N,11,1e73226dac8b487e3ed2d87bc9452dbd29ac723eb5d3ca09896f810d20177751,train
1471,rithika,N,2,N_orient2,26,1,rithika/N/orient2/tilt_neutral_toward_1/landmarks_trimmed.json,67,67,18,"[0, 3, 7, 11, 15, 19, 23, 27, 31, 34, 38, 42, 46, 50, 54, 58, 62, 66]","[69.79999995231628, 233.89999997615814, 402.5999999642372, 563.8999999761581, 764.8999999761581, 962.3999999761581, 1127.8999999761581, 1297.199999988079, 1501.2999999523163, 1597.199999988079, 1769.2999999523163, 1969.699999988079, 2136.599999964237, 2324.199999988079, 2505.899999976158, 2700.699999988079, 2863.099999964237, 3003.7999999523163]",N,11,437ef80240d69b2bc9945ccc28a38abb4dd4890fa34bda127762cc68ae25efdf,train
1472,rithika,N,3,N_orient3,27,1,rithika/N/orient3/tilt_back_away_1/landmarks_trimmed.json,60,60,18,"[0, 3, 6, 10, 13, 17, 20, 24, 27, 31, 34, 38, 41, 45, 48, 52, 55, 59]","[33.30000001192093, 203.30000001192093, 435.0, 669.0, 802.6999999880791, 1036.0999999642372, 1135.800000011921, 1368.699999988079, 1536.0, 1732.300000011921, 1869.800000011921, 2072.199999988079, 2201.899999976158, 2432.399999976158, 2539.0, 2736.800000011921, 2805.399999976158, 3003.199999988079]",N,11,9021d7f8c4eab7b8dd97a260ce55edf962295352846b9502249f9aeac9e8fe31,train
1473,rithika,N,3,N_orient3,27,1,rithika/N/orient3/tilt_back_neutral_1/landmarks_trimmed.json,84,84,18,"[0, 4, 9, 14, 19, 24, 29, 34, 39, 43, 48, 53, 58, 63, 68, 73, 78, 83]","[33.09999996423721, 197.19999998807907, 363.69999998807907, 530.3000000119209, 694.3000000119209, 894.5999999642372, 1195.8999999761581, 1366.8999999761581, 1530.3999999761581, 1664.800000011921, 1831.5999999642372, 1998.0999999642372, 2161.899999976158, 2332.800000011921, 2494.800000011921, 2662.699999988079, 2833.800000011921, 3029.699999988079]",N,11,72d69a5757fa9a062d483b0d004099972ecb084ef2241b368230a6580754f2c7,train
1474,rithika,N,3,N_orient3,27,2,rithika/N/orient3/tilt_back_neutral_2/landmarks_trimmed.json,66,66,18,"[0, 3, 7, 11, 15, 19, 22, 26, 30, 34, 38, 42, 45, 49, 53, 57, 61, 65]","[33.10000002384186, 132.60000002384186, 265.30000001192093, 396.9000000357628, 594.1000000238419, 792.1000000238419, 928.1000000238419, 1095.300000011921, 1296.300000011921, 1485.4000000357628, 1693.9000000357628, 1862.199999988079, 1996.199999988079, 2148.5, 2360.100000023842, 2528.0, 2758.800000011921, 3026.400000035763]",N,11,40ae8d5fc04e3a376a05a113e9ff4c35a7db541ddf969ed84af191387bf00483,train
1475,rithika,N,3,N_orient3,27,1,rithika/N/orient3/tilt_back_toward_1/landmarks_trimmed.json,56,56,18,"[0, 3, 6, 9, 12, 16, 19, 22, 25, 29, 32, 35, 38, 42, 45, 48, 51, 55]","[64.69999998807907, 199.30000001192093, 368.89999997615814, 537.8999999761581, 668.8000000119209, 865.0999999642372, 1033.800000011921, 1169.300000011921, 1298.199999988079, 1498.199999988079, 1836.0999999642372, 2034.3999999761581, 2201.699999988079, 2367.899999976158, 2535.599999964237, 2640.899999976158, 2772.599999964237, 2904.399999976158]",N,11,90aaf784b583eac55ace17cf693ee83a7f63ad7fc55c1d97b65023f824957f17,test
1476,rithika,N,3,N_orient3,27,1,rithika/N/orient3/tilt_forward_away_1/landmarks_trimmed.json,91,91,18,"[0, 5, 10, 15, 21, 26, 31, 37, 42, 47, 52, 58, 63, 68, 74, 79, 84, 90]","[36.5, 200.9000000357628, 366.9000000357628, 535.1000000238419, 737.3000000119209, 903.6999999880791, 1070.4000000357628, 1270.0, 1433.199999988079, 1600.4000000357628, 1767.9000000357628, 1968.4000000357628, 2136.900000035763, 2303.300000011921, 2504.5, 2668.800000011921, 2806.300000011921, 3004.800000011921]",N,11,32af1f04489fff59b62c055577bb11f02685f26ca074c13374989328699a6350,train
1477,rithika,N,3,N_orient3,27,1,rithika/N/orient3/tilt_forward_neutral_1/landmarks_trimmed.json,67,67,18,"[0, 3, 7, 11, 15, 19, 23, 27, 31, 34, 38, 42, 46, 50, 54, 58, 62, 66]","[33.5, 164.39999997615814, 331.0, 532.5, 726.8999999761581, 928.5, 1128.2999999523163, 1326.5999999642372, 1521.199999988079, 1696.5, 1865.199999988079, 2061.099999964237, 2298.2999999523163, 2432.199999988079, 2599.0, 2730.699999988079, 2896.099999964237, 3032.7999999523163]",N,11,fb7003bf8a1d4781ec9c1da33311cf1506fa35a7eb941d732f2d95d74d51a076,train
1478,rithika,N,3,N_orient3,27,2,rithika/N/orient3/tilt_forward_neutral_2/landmarks_trimmed.json,54,54,18,"[0, 3, 6, 9, 12, 15, 18, 21, 24, 28, 31, 34, 37, 40, 43, 46, 49, 53]","[65.5, 203.10000002384186, 334.4000000357628, 537.3000000119209, 663.0, 833.6000000238419, 1000.1000000238419, 1170.300000011921, 1634.9000000357628, 1868.800000011921, 2033.0, 2200.2000000476837, 2366.2000000476837, 2501.400000035763, 2605.300000011921, 2763.300000011921, 2838.300000011921, 3002.300000011921]",N,11,50e15101e6f3bde63eff1b586fa69cdd163cce55680fb8b4387e0344baa19556,train
1479,rithika,N,3,N_orient3,27,1,rithika/N/orient3/tilt_forward_toward_1/landmarks_trimmed.json,74,74,18,"[0, 4, 8, 12, 17, 21, 25, 30, 34, 38, 42, 47, 51, 55, 60, 64, 68, 73]","[33.10000002384186, 198.60000002384186, 396.0, 531.3000000119209, 763.1999999880791, 938.1000000238419, 1092.199999988079, 1302.800000011921, 1431.0, 1626.0, 1763.800000011921, 2036.0, 2200.0, 2343.800000011921, 2562.899999976158, 2730.600000023842, 2868.699999988079, 3002.899999976158]",N,11,e729fa36f653e5d9669b0b0768027a4777a9c961c7e772312224cb1f3c099cb3,train
1480,rithika,N,3,N_orient3,27,1,rithika/N/orient3/tilt_neutral_away_1/landmarks_trimmed.json,50,50,18,"[0, 2, 5, 8, 11, 14, 17, 20, 23, 25, 28, 31, 34, 37, 40, 43, 46, 49]","[38.19999998807907, 270.10000002384186, 403.0, 637.9000000357628, 805.9000000357628, 974.5, 1274.1000000238419, 1403.199999988079, 1566.6000000238419, 1672.6000000238419, 1839.300000011921, 2274.5, 2365.100000023842, 2475.699999988079, 2574.800000011921, 2733.300000011921, 2806.199999988079, 3004.5]",N,11,8c1b2cf979637096a9936991d778dddfdd570cbab25d1a7dc25552fd8e6e23c5,test
1481,rithika,N,3,N_orient3,27,1,rithika/N/orient3/tilt_neutral_neutral_1/landmarks_trimmed.json,58,58,18,"[0, 3, 6, 10, 13, 16, 20, 23, 26, 30, 33, 36, 40, 43, 46, 50, 53, 57]","[61.10000002384186, 166.10000002384186, 295.4000000357628, 429.5, 594.3000000119209, 760.8000000119209, 958.2000000476837, 1127.1000000238419, 1291.9000000357628, 1527.7000000476837, 1659.2000000476837, 1829.300000011921, 2056.2000000476837, 2227.900000035763, 2424.900000035763, 2686.400000035763, 2863.2000000476837, 3062.300000011921]",N,11,108972394806e152083c9023ed4b1d7086e53757f6d28bee6bdcfb10988b7f2a,train
1482,rithika,N,3,N_orient3,27,2,rithika/N/orient3/tilt_neutral_neutral_2/landmarks_trimmed.json,60,60,18,"[0, 3, 6, 10, 13, 17, 20, 24, 27, 31, 34, 38, 41, 45, 48, 52, 55, 59]","[58.39999997615814, 165.5, 294.30000001192093, 423.69999998807907, 496.0, 726.3000000119209, 928.6999999880791, 1090.5, 1253.699999988079, 1492.5, 1657.5, 1924.0, 2094.5, 2290.600000023842, 2458.800000011921, 2685.0, 2824.699999988079, 3027.699999988079]",N,11,67026579b90fc7f957f8435057cf3c2283cba68cdaf57dfa8a3cd25487ebff11,validation
1483,rithika,N,3,N_orient3,27,1,rithika/N/orient3/tilt_neutral_toward_1/landmarks_trimmed.json,65,65,18,"[0, 3, 7, 11, 15, 18, 22, 26, 30, 33, 37, 41, 45, 48, 52, 56, 60, 64]","[33.30000001192093, 228.0999999642372, 402.30000001192093, 600.6999999880791, 799.5, 968.5999999642372, 1169.8999999761581, 1336.5999999642372, 1530.699999988079, 1701.5, 1900.8999999761581, 2132.199999988079, 2333.300000011921, 2469.5, 2634.599999964237, 2767.800000011921, 2871.099999964237, 3003.899999976158]",N,11,9d8e095587106fb72a16c2bedb602d7544978702ea7b806e3ccb179c7c789e76,train
1484,rithika,O,1,O_orient1,28,1,rithika/O/orient1/tilt_back_away_1/landmarks_trimmed.json,58,58,18,"[0, 3, 6, 10, 13, 16, 20, 23, 26, 30, 33, 36, 40, 43, 46, 50, 53, 57]","[86.80000001192093, 165.80000001192093, 329.4000000357628, 462.5, 654.9000000357628, 726.4000000357628, 924.3000000119209, 1092.4000000357628, 1259.300000011921, 1490.800000011921, 1659.199999988079, 1824.9000000357628, 2063.199999988079, 2224.800000011921, 2392.400000035763, 2654.900000035763, 2793.400000035763, 3023.800000011921]",O,12,ec1defa359e9c046e5bb7bb2ca1c1b3b8ee551529a689b6caf6654f04d3e71c6,train
1485,rithika,O,1,O_orient1,28,1,rithika/O/orient1/tilt_back_neutral_1/landmarks_trimmed.json,85,85,18,"[0, 4, 9, 14, 19, 24, 29, 34, 39, 44, 49, 54, 59, 64, 69, 74, 79, 84]","[34.5, 167.39999997615814, 332.39999997615814, 499.89999997615814, 665.7999999523163, 833.6999999880791, 1028.0, 1200.0, 1363.0999999642372, 1532.2999999523163, 1798.199999988079, 1963.0999999642372, 2166.5, 2333.699999988079, 2496.5, 2699.899999976158, 2864.699999988079, 3003.699999988079]",O,12,3c075886050a06d211e6fa4b13de1c05f2c8662e0fb7052bdc4c3284f18b0d56,train
1486,rithika,O,1,O_orient1,28,2,rithika/O/orient1/tilt_back_neutral_2/landmarks_trimmed.json,68,68,18,"[0, 3, 7, 11, 15, 19, 23, 27, 31, 35, 39, 43, 47, 51, 55, 59, 63, 67]","[68.80000001192093, 203.5, 399.10000002384186, 571.1999999880791, 765.6999999880791, 937.0, 1136.699999988079, 1335.4000000357628, 1497.4000000357628, 1702.5, 1865.699999988079, 2062.0, 2232.600000023842, 2406.400000035763, 2596.900000035763, 2706.800000011921, 2868.5, 3003.199999988079]",O,12,30c5023a70946a1b82dea0d4360340263143ea70e77e47a747d67d88904fd533,train
1487,rithika,O,1,O_orient1,28,1,rithika/O/orient1/tilt_back_toward_1/landmarks_trimmed.json,68,68,18,"[0, 3, 7, 11, 15, 19, 23, 27, 31, 35, 39, 43, 47, 51, 55, 59, 63, 67]","[33.69999998807907, 232.0999999642372, 437.19999998807907, 599.1999999880791, 761.0999999642372, 894.6999999880791, 1062.8999999761581, 1264.300000011921, 1458.5999999642372, 1667.0999999642372, 1862.0999999642372, 2101.399999976158, 2241.399999976158, 2428.0, 2565.199999988079, 2737.0, 2838.899999976158, 3038.0]",O,12,747cf80b1e2caa2ee7db47a44a4e708f620f51568833a6e4adc6bb475128157b,train
1488,rithika,O,1,O_orient1,28,1,rithika/O/orient1/tilt_forward_away_1/landmarks_trimmed.json,56,56,18,"[0, 3, 6, 9, 12, 16, 19, 22, 25, 29, 32, 35, 38, 42, 45, 48, 51, 55]","[33.5, 198.5, 365.10000002384186, 465.4000000357628, 596.6999999880791, 828.8000000119209, 1027.1000000238419, 1198.5, 1329.0, 1465.5, 1633.199999988079, 1765.199999988079, 1898.800000011921, 2429.400000035763, 2595.800000011921, 2761.699999988079, 2871.5, 3030.199999988079]",O,12,14d8ee2f6acc54ee57660ff52e70efbefa361217c79d44e0f5d71283daba70ec,validation
1489,rithika,O,1,O_orient1,28,1,rithika/O/orient1/tilt_forward_neutral_1/landmarks_trimmed.json,57,57,18,"[0, 3, 6, 9, 13, 16, 19, 23, 26, 29, 32, 36, 39, 42, 46, 49, 52, 56]","[62.89999997615814, 133.19999998807907, 333.19999998807907, 433.0, 734.1999999880791, 900.3000000119209, 1091.800000011921, 1332.5, 1464.5999999642372, 1632.5, 1801.3999999761581, 1998.5999999642372, 2166.599999964237, 2431.899999976158, 2630.099999964237, 2802.199999988079, 2898.099999964237, 3003.800000011921]",O,12,f18ff20bb75bf9542d952f0113b1cb61a77cf553712077a33fbcc87d21a789c0,train
1490,rithika,O,1,O_orient1,28,2,rithika/O/orient1/tilt_forward_neutral_2/landmarks_trimmed.json,58,58,18,"[0, 3, 6, 10, 13, 16, 20, 23, 26, 30, 33, 36, 40, 43, 46, 50, 53, 57]","[70.10000002384186, 270.10000002384186, 399.9000000357628, 636.6999999880791, 762.1999999880791, 934.8000000119209, 1167.5, 1336.800000011921, 1467.1000000238419, 1703.5, 1869.199999988079, 2034.300000011921, 2241.400000035763, 2399.400000035763, 2476.100000023842, 2640.5, 2803.600000023842, 3003.400000035763]",O,12,1d57508f7217dff3eb08f4e8b3f4dfaeab13581938a0d64da17227631c6ab81d,train
1491,rithika,O,1,O_orient1,28,1,rithika/O/orient1/tilt_forward_toward_1/landmarks_trimmed.json,78,78,18,"[0, 4, 9, 13, 18, 22, 27, 31, 36, 40, 45, 49, 54, 58, 63, 67, 72, 77]","[33.700000047683716, 165.80000001192093, 331.4000000357628, 498.60000002384186, 663.5, 928.3000000119209, 1097.1000000238419, 1228.2000000476837, 1465.1000000238419, 1699.7000000476837, 1864.0, 2032.5, 2196.300000011921, 2332.900000035763, 2495.2000000476837, 2633.400000035763, 2794.0, 3028.800000011921]",O,12,51f91474283d82bf2d4fa11e1fda0d9c165d9034e7e9231383888be0cc040da6,train
1492,rithika,O,1,O_orient1,28,1,rithika/O/orient1/tilt_neutral_away_1/landmarks_trimmed.json,58,58,18,"[0, 3, 6, 10, 13, 16, 20, 23, 26, 30, 33, 36, 40, 43, 46, 50, 53, 57]","[66.89999997615814, 165.80000001192093, 330.19999998807907, 528.6999999880791, 664.6000000238419, 830.1999999880791, 1030.300000011921, 1232.1000000238419, 1365.5, 1700.8999999761581, 1866.699999988079, 2065.699999988079, 2265.300000011921, 2467.800000011921, 2598.699999988079, 2765.0, 2871.699999988079, 3031.600000023842]",O,12,29a1cac66163bdcb3840726e577cc9de2864e210c5d9ae0f6f5329c4b541d090,train
1493,rithika,O,1,O_orient1,28,1,rithika/O/orient1/tilt_neutral_neutral_1/landmarks_trimmed.json,81,81,18,"[0, 4, 9, 14, 18, 23, 28, 32, 37, 42, 47, 51, 56, 61, 65, 70, 75, 80]","[34.200000047683716, 199.10000002384186, 366.0, 530.6000000238419, 666.6000000238419, 829.6000000238419, 1000.8000000119209, 1170.300000011921, 1361.9000000357628, 1564.5, 1765.1000000238419, 1966.5, 2166.600000023842, 2332.600000023842, 2443.600000023842, 2669.600000023842, 2868.2000000476837, 3004.2000000476837]",O,12,bbfb8a92e05b497eea06731424901e2e93ef04058c3532a81da7af4f12a29750,test
1494,rithika,O,1,O_orient1,28,1,rithika/O/orient1/tilt_neutral_toward_1/landmarks_trimmed.json,89,89,18,"[0, 5, 10, 15, 20, 25, 31, 36, 41, 46, 51, 56, 62, 67, 72, 77, 82, 88]","[36.19999998807907, 198.69999998807907, 401.80000001192093, 567.5, 734.0, 902.1000000238419, 1097.5, 1268.199999988079, 1435.6000000238419, 1599.0, 1800.5, 1964.699999988079, 2168.899999976158, 2336.0, 2497.399999976158, 2667.600000023842, 2805.399999976158, 3003.399999976158]",O,12,f4b25d674fd2f67b08d66930c27fb4dca38fa345f12b623748b25668ef79d857,validation
1495,rithika,O,2,O_orient2,29,1,rithika/O/orient2/tilt_back_away_1/landmarks_trimmed.json,62,62,18,"[0, 3, 7, 10, 14, 17, 21, 25, 28, 32, 35, 39, 43, 46, 50, 53, 57, 61]","[69.39999997615814, 165.5, 370.0, 505.7999999523163, 695.3999999761581, 840.0, 1006.8999999761581, 1200.5999999642372, 1367.699999988079, 1667.2999999523163, 1836.7999999523163, 1996.7999999523163, 2164.7999999523163, 2296.699999988079, 2466.199999988079, 2707.199999988079, 2866.599999964237, 3034.699999988079]",O,12,d5d45d49aa58a2e63b836a31921dd88f0e097f50a8cec1bf1d038a8238431ebb,train
1496,rithika,O,2,O_orient2,29,1,rithika/O/orient2/tilt_back_neutral_1/landmarks_trimmed.json,60,60,18,"[0, 3, 6, 10, 13, 17, 20, 24, 27, 31, 34, 38, 41, 45, 48, 52, 55, 59]","[33.69999998807907, 132.69999998807907, 268.19999998807907, 397.0, 533.0, 696.0999999642372, 837.5999999642372, 998.0999999642372, 1101.7999999523163, 1300.3999999761581, 1399.3999999761581, 1565.5, 1697.0, 1863.8999999761581, 1999.2999999523163, 2167.899999976158, 2265.399999976158, 2400.099999964237]",O,12,04e070f94fed16532c657d3ca60eaae1a29412a9b3eb019b8dec41e075243342,train
1497,rithika,O,2,O_orient2,29,2,rithika/O/orient2/tilt_back_neutral_2/landmarks_trimmed.json,33,33,18,"[0, 1, 3, 5, 7, 9, 11, 13, 15, 16, 18, 20, 22, 24, 26, 28, 30, 32]","[87.40000003576279, 124.30000001192093, 193.0, 426.5, 494.2000000476837, 588.7000000476837, 653.4000000357628, 726.4000000357628, 826.0, 883.8000000119209, 956.6000000238419, 1089.1000000238419, 1158.5, 1290.5, 1557.300000011921, 2391.0, 2658.300000011921, 2889.300000011921]",O,12,7d93af8ef21a8d86faa1e8ac164a20707044a48f45d54a8d21a344e762135469,validation
1498,rithika,O,2,O_orient2,29,1,rithika/O/orient2/tilt_back_toward_1/landmarks_trimmed.json,67,67,18,"[0, 3, 7, 11, 15, 19, 23, 27, 31, 34, 38, 42, 46, 50, 54, 58, 62, 66]","[59.5, 192.80000001192093, 297.89999997615814, 463.69999998807907, 627.5999999642372, 828.3999999761581, 1024.0, 1268.300000011921, 1458.699999988079, 1629.5, 1792.0, 2033.199999988079, 2199.0, 2358.699999988079, 2527.399999976158, 2731.899999976158, 2896.099999964237, 3024.699999988079]",O,12,0728e071dfdaad29d0a9e8e76c6c3071fe67b7029420dc2505c347cdba3927fa,test
1499,rithika,O,2,O_orient2,29,1,rithika/O/orient2/tilt_forward_away_1/landmarks_trimmed.json,62,62,18,"[0, 3, 7, 10, 14, 17, 21, 25, 28, 32, 35, 39, 43, 46, 50, 53, 57, 61]","[75.29999995231628, 232.19999998807907, 438.5, 569.1999999880791, 772.6999999880791, 903.3999999761581, 1096.199999988079, 1301.7999999523163, 1469.0999999642372, 1701.2999999523163, 1868.199999988079, 2076.0, 2271.2999999523163, 2401.599999964237, 2509.0, 2607.7999999523163, 2804.899999976158, 3003.399999976158]",O,12,9e0c29dc985da6b664a170881d2f820a7dbeaf01d48ea4a49c86e904ebeb4c38,train
1500,rithika,O,2,O_orient2,29,1,rithika/O/orient2/tilt_forward_neutral_1/landmarks_trimmed.json,48,48,18,"[0, 2, 5, 8, 11, 13, 16, 19, 22, 24, 27, 30, 33, 35, 38, 41, 44, 47]","[267.5, 367.5, 534.5999999642372, 702.0, 832.0999999642372, 931.3000000119209, 1063.0, 1333.5999999642372, 1600.0, 1698.199999988079, 1992.699999988079, 2232.0, 2401.699999988079, 2497.099999964237, 2632.899999976158, 2740.0, 2872.699999988079, 3036.199999988079]",O,12,4f97ec9094ab759628687253b94175f73f60412065ee8b3aedf814847de33624,train
1501,rithika,O,2,O_orient2,29,1,rithika/O/orient2/tilt_forward_toward_1/landmarks_trimmed.json,38,38,18,"[0, 2, 4, 6, 8, 10, 13, 15, 17, 19, 21, 23, 26, 28, 30, 32, 34, 37]","[132.39999997615814, 463.89999997615814, 701.8999999761581, 1231.199999988079, 1330.8999999761581, 1397.199999988079, 1531.0, 1597.300000011921, 1663.5, 1728.800000011921, 1831.5999999642372, 1897.3999999761581, 1997.8999999761581, 2091.199999988079, 2162.5, 2265.599999964237, 2365.199999988079, 2496.599999964237]",O,12,3a40c6fa0545ea78f099af21931b9b3f2b97f00b3e4c0b4fd54197a840f9abc4,train
1502,rithika,O,2,O_orient2,29,1,rithika/O/orient2/tilt_neutral_away_1/landmarks_trimmed.json,58,58,18,"[0, 3, 6, 10, 13, 16, 20, 23, 26, 30, 33, 36, 40, 43, 46, 50, 53, 57]","[57.39999997615814, 132.69999998807907, 324.19999998807907, 496.39999997615814, 658.3999999761581, 798.8000000119209, 1065.3999999761581, 1263.5, 1428.199999988079, 1663.8999999761581, 1830.300000011921, 1993.300000011921, 2195.699999988079, 2367.399999976158, 2495.600000023842, 2733.100000023842, 2838.100000023842, 3003.899999976158]",O,12,98530175677f298d2a620e76a1c24224ad8c8c8b48528b07dafdce252dcc0a69,test
1503,rithika,O,2,O_orient2,29,1,rithika/O/orient2/tilt_neutral_neutral_1/landmarks_trimmed.json,49,49,18,"[0, 2, 5, 8, 11, 14, 16, 19, 22, 25, 28, 31, 33, 36, 39, 42, 45, 48]","[34.0, 100.39999997615814, 427.69999998807907, 562.1000000238419, 694.3000000119209, 825.3999999761581, 961.3000000119209, 1124.5, 1259.300000011921, 1462.3999999761581, 1629.199999988079, 1824.199999988079, 1961.3999999761581, 2062.399999976158, 2223.899999976158, 2394.199999988079, 2726.600000023842, 3028.199999988079]",O,12,508793eef34f3ee53eb17aee29966227eef580b48832a6109525b416d5a0a532,train
1504,rithika,O,2,O_orient2,29,2,rithika/O/orient2/tilt_neutral_neutral_2/landmarks_trimmed.json,70,70,18,"[0, 4, 8, 12, 16, 20, 24, 28, 32, 36, 40, 44, 48, 52, 56, 60, 64, 69]","[99.40000003576279, 333.4000000357628, 465.9000000357628, 631.6000000238419, 830.9000000357628, 1000.8000000119209, 1165.6000000238419, 1334.800000011921, 1501.5, 1668.300000011921, 1797.4000000357628, 2001.199999988079, 2163.900000035763, 2302.900000035763, 2498.800000011921, 2730.900000035763, 2866.699999988079, 3003.699999988079]",O,12,d4f2847f6d7217f8dbc057a988ea347758ff781e5d88a1bd29ecb1819bf1a335,validation
1505,rithika,O,2,O_orient2,29,1,rithika/O/orient2/tilt_neutral_toward_1/landmarks_trimmed.json,56,56,18,"[0, 3, 6, 9, 12, 16, 19, 22, 25, 29, 32, 35, 38, 42, 45, 48, 51, 55]","[33.80000001192093, 132.60000002384186, 231.10000002384186, 330.69999998807907, 497.5, 1262.0, 1730.0, 1893.6000000238419, 1996.6000000238419, 2163.0, 2262.699999988079, 2361.199999988079, 2462.300000011921, 2596.699999988079, 2693.399999976158, 2796.5, 2896.5, 3028.300000011921]",O,12,0f0b0e4b4639499687d571c0c2156735d0d51cb302e1017ed46e78246533054e,train
1506,rithika,O,3,O_orient3,30,1,rithika/O/orient3/tilt_back_away_1/landmarks_trimmed.json,59,59,18,"[0, 3, 6, 10, 13, 17, 20, 23, 27, 30, 34, 37, 40, 44, 47, 51, 54, 58]","[34.19999998807907, 233.69999998807907, 398.89999997615814, 633.3999999761581, 799.3000000119209, 993.3999999761581, 1200.300000011921, 1328.0, 1567.1000000238419, 1700.0, 1933.199999988079, 2100.300000011921, 2267.800000011921, 2461.699999988079, 2631.199999988079, 2797.899999976158, 2871.199999988079, 3034.899999976158]",O,12,6be5f0a9e9f8db8a874547cbeed33e381a4defb94e196dab78aaf8bf44323f41,train
1507,rithika,O,3,O_orient3,30,1,rithika/O/orient3/tilt_back_neutral_1/landmarks_trimmed.json,84,84,18,"[0, 4, 9, 14, 19, 24, 29, 34, 39, 43, 48, 53, 58, 63, 68, 73, 78, 83]","[33.80000001192093, 166.0, 331.10000002384186, 530.3000000119209, 698.6000000238419, 864.4000000357628, 1095.800000011921, 1263.9000000357628, 1498.199999988079, 1660.699999988079, 1831.0, 1998.5, 2163.699999988079, 2328.600000023842, 2475.600000023842, 2696.100000023842, 2867.800000011921, 3030.699999988079]",O,12,507e0c26ccfec825ca532d43b9b1af4081b4716998a9750f528a3a4e1cb2fa70,validation
1508,rithika,O,3,O_orient3,30,2,rithika/O/orient3/tilt_back_neutral_2/landmarks_trimmed.json,67,67,18,"[0, 3, 7, 11, 15, 19, 23, 27, 31, 34, 38, 42, 46, 50, 54, 58, 62, 66]","[33.30000001192093, 165.10000002384186, 331.0, 495.19999998807907, 699.3999999761581, 900.1999999880791, 1060.699999988079, 1228.8999999761581, 1394.699999988079, 1528.8999999761581, 1732.699999988079, 1934.8999999761581, 2167.600000023842, 2324.100000023842, 2497.300000011921, 2690.800000011921, 2806.100000023842, 3004.399999976158]",O,12,bc56ec0ea9b71ba6891f3ee24f23323d6c8fbf1feac03a62b183cab47b6b1271,train
1509,rithika,O,3,O_orient3,30,1,rithika/O/orient3/tilt_back_toward_1/landmarks_trimmed.json,60,60,18,"[0, 3, 6, 10, 13, 17, 20, 24, 27, 31, 34, 38, 41, 45, 48, 52, 55, 59]","[37.19999998807907, 200.80000001192093, 335.69999998807907, 1168.199999988079, 1336.199999988079, 1533.699999988079, 1631.6000000238419, 1799.800000011921, 1903.300000011921, 2033.0, 2136.600000023842, 2300.900000035763, 2433.699999988079, 2568.900000035763, 2640.800000011921, 2772.400000035763, 2871.0, 3004.800000011921]",O,12,e97311115c77292ff02f92cd28a621782e2eb98629ff53f4f5d9afdd53e87662,train
1510,rithika,O,3,O_orient3,30,1,rithika/O/orient3/tilt_forward_away_1/landmarks_trimmed.json,55,55,18,"[0, 3, 6, 9, 12, 15, 19, 22, 25, 28, 31, 34, 38, 41, 44, 47, 50, 54]","[33.299999952316284, 223.69999998807907, 297.69999998807907, 397.69999998807907, 495.7999999523163, 627.2999999523163, 796.1999999880791, 1132.699999988079, 1259.3999999761581, 1396.5, 1558.7999999523163, 1761.7999999523163, 1959.199999988079, 2127.599999964237, 2328.599999964237, 2594.5, 2730.599999964237, 3027.899999976158]",O,12,4b00944fd9ce8198c8be2ee18a47c152100ae05819004eaf4c284483a5903362,train
1511,rithika,O,3,O_orient3,30,1,rithika/O/orient3/tilt_forward_neutral_1/landmarks_trimmed.json,62,62,18,"[0, 3, 7, 10, 14, 17, 21, 25, 28, 32, 35, 39, 43, 46, 50, 53, 57, 61]","[69.90000003576279, 235.80000001192093, 398.0, 570.3000000119209, 733.1000000238419, 937.4000000357628, 1137.1000000238419, 1302.6000000238419, 1468.800000011921, 1695.1000000238419, 1869.0, 2134.300000011921, 2374.100000023842, 2502.0, 2607.300000011921, 2735.900000035763, 2871.0, 3003.800000011921]",O,12,5467195f0a9090370226af2456fc3fca4acd7b9518991a1de5fd95a180a75ca6,train
1512,rithika,O,3,O_orient3,30,2,rithika/O/orient3/tilt_forward_neutral_2/landmarks_trimmed.json,59,59,18,"[0, 3, 6, 10, 13, 17, 20, 23, 27, 30, 34, 37, 40, 44, 47, 51, 54, 58]","[66.5, 198.9000000357628, 330.30000001192093, 529.1999999880791, 667.6999999880791, 865.4000000357628, 997.3000000119209, 1160.1000000238419, 1433.199999988079, 1599.199999988079, 1832.9000000357628, 1963.9000000357628, 2164.100000023842, 2397.400000035763, 2595.5, 2796.699999988079, 2898.699999988079, 3003.400000035763]",O,12,dd6d5d3cddea99dac1a181f17fa886e3c88c9aa5df0312db725e435d0a1634c0,train
1513,rithika,O,3,O_orient3,30,1,rithika/O/orient3/tilt_forward_toward_1/landmarks_trimmed.json,62,62,18,"[0, 3, 7, 10, 14, 17, 21, 25, 28, 32, 35, 39, 43, 46, 50, 53, 57, 61]","[70.69999998807907, 202.10000002384186, 401.89999997615814, 535.3000000119209, 734.1000000238419, 905.3000000119209, 1105.1000000238419, 1301.300000011921, 1470.800000011921, 1704.1000000238419, 1871.1000000238419, 2062.800000011921, 2245.0, 2405.300000011921, 2508.699999988079, 2607.5, 2806.199999988079, 3004.600000023842]",O,12,ce9aa9efd80940d9b08d4d9249f393f7cfb1ee1dd3b8d48498e32e54a437c753,train
1514,rithika,O,3,O_orient3,30,1,rithika/O/orient3/tilt_neutral_away_1/landmarks_trimmed.json,72,72,18,"[0, 4, 8, 12, 16, 20, 25, 29, 33, 37, 41, 45, 50, 54, 58, 62, 66, 71]","[33.90000003576279, 166.69999998807907, 342.5, 504.30000001192093, 706.8000000119209, 874.9000000357628, 1064.4000000357628, 1309.6000000238419, 1500.9000000357628, 1635.1000000238419, 1800.800000011921, 1973.5, 2146.5, 2340.800000011921, 2468.400000035763, 2637.400000035763, 2773.100000023842, 3004.0]",O,12,f943044f48fab91d0880679e476fc21f793eca37a9fc23131dc28c0c2be8bcb2,train
1515,rithika,O,3,O_orient3,30,1,rithika/O/orient3/tilt_neutral_neutral_1/landmarks_trimmed.json,54,54,18,"[0, 3, 6, 9, 12, 15, 18, 21, 24, 28, 31, 34, 37, 40, 43, 46, 49, 53]","[228.19999998807907, 363.60000002384186, 597.3999999761581, 830.6000000238419, 997.8000000119209, 1160.199999988079, 1296.1000000238419, 1461.800000011921, 1597.1000000238419, 1797.6000000238419, 1963.3999999761581, 2095.100000023842, 2262.100000023842, 2426.5, 2597.800000011921, 2696.5, 2860.5, 3031.199999988079]",O,12,e4e1e3f3a1645da6a05b67d72132ce4f104a0e33a832ad02abf75af5e6ceafda,train
1516,rithika,O,3,O_orient3,30,2,rithika/O/orient3/tilt_neutral_neutral_2/landmarks_trimmed.json,83,83,18,"[0, 4, 9, 14, 19, 24, 28, 33, 38, 43, 48, 53, 57, 62, 67, 72, 77, 82]","[33.30000001192093, 165.80000001192093, 400.30000001192093, 602.6999999880791, 798.4000000357628, 967.6999999880791, 1099.300000011921, 1297.5, 1501.5, 1664.800000011921, 1834.9000000357628, 1996.0, 2199.0, 2367.0, 2534.5, 2700.800000011921, 2863.300000011921, 3004.199999988079]",O,12,9d6e3d87f8deedfe2a0b8f764e472e38ef5107b22ce38423cd4fe698b6759d91,test
1517,rithika,O,3,O_orient3,30,1,rithika/O/orient3/tilt_neutral_toward_1/landmarks_trimmed.json,89,89,18,"[0, 5, 10, 15, 20, 25, 31, 36, 41, 46, 51, 56, 62, 67, 72, 77, 82, 88]","[33.19999998807907, 198.89999997615814, 363.89999997615814, 530.5, 729.1999999880791, 893.6999999880791, 1098.699999988079, 1260.5999999642372, 1429.5, 1592.3999999761581, 1763.300000011921, 1926.5999999642372, 2163.599999964237, 2330.0, 2493.5, 2663.5, 2823.699999988079, 3030.099999964237]",O,12,e31555f50d4b7aac9c9a33107d303206eee66e8b6baffdaf40b4f7fd036e6d75,train
1518,rithika,P,1,P_orient1,31,1,rithika/P/orient1/tilt_back_away_1/landmarks_trimmed.json,73,73,18,"[0, 4, 8, 12, 16, 21, 25, 29, 33, 38, 42, 46, 50, 55, 59, 63, 67, 72]","[63.19999998807907, 198.5, 330.4000000357628, 464.9000000357628, 628.4000000357628, 796.1000000238419, 929.5, 1130.199999988079, 1334.800000011921, 1532.199999988079, 1699.0, 1870.5, 2070.0, 2332.600000023842, 2461.900000035763, 2608.400000035763, 2830.600000023842, 3000.699999988079]",P,13,b2d414087d66ad9d3f0e9138c6210891606f9c851f49580c3bd0463b4b274a44,train
1519,rithika,P,1,P_orient1,31,1,rithika/P/orient1/tilt_back_neutral_1/landmarks_trimmed.json,65,65,18,"[0, 3, 7, 11, 15, 18, 22, 26, 30, 33, 37, 41, 45, 48, 52, 56, 60, 64]","[57.80000001192093, 166.9000000357628, 331.4000000357628, 562.4000000357628, 764.0, 895.0, 1099.4000000357628, 1263.300000011921, 1463.800000011921, 1597.7000000476837, 1799.0, 1999.800000011921, 2161.800000011921, 2334.7000000476837, 2533.800000011921, 2704.7000000476837, 2838.800000011921, 3033.300000011921]",P,13,59db835862a0268a3a16447431b3ce734ef47cc17e731407712920df661ef8b4,train
1520,rithika,P,1,P_orient1,31,2,rithika/P/orient1/tilt_back_neutral_2/landmarks_trimmed.json,59,59,18,"[0, 3, 6, 10, 13, 17, 20, 23, 27, 30, 34, 37, 40, 44, 47, 51, 54, 58]","[59.89999997615814, 133.0999999642372, 259.5999999642372, 396.0999999642372, 559.5999999642372, 761.0999999642372, 893.7999999523163, 1058.199999988079, 1292.5, 1454.0999999642372, 1662.2999999523163, 1830.0, 1956.3999999761581, 2227.0, 2393.399999976158, 2593.5, 2794.599999964237, 3027.899999976158]",P,13,b6fa9436fd69ae7bc42a0bd655b77b136f31185aba192dde0c25340a0170c679,test
1521,rithika,P,1,P_orient1,31,1,rithika/P/orient1/tilt_back_toward_1/landmarks_trimmed.json,88,88,18,"[0, 5, 10, 15, 20, 25, 30, 35, 40, 46, 51, 56, 61, 66, 71, 76, 81, 87]","[34.19999998807907, 200.5999999642372, 363.5999999642372, 533.6999999880791, 701.0999999642372, 862.0999999642372, 1034.699999988079, 1200.199999988079, 1429.2999999523163, 1630.7999999523163, 1800.0, 1964.2999999523163, 2134.699999988079, 2296.899999976158, 2467.199999988079, 2636.2999999523163, 2798.599999964237, 3003.199999988079]",P,13,884cb7e070a27dcbac673b17bbc4b7ec3d11117c8623ff8cc63c13152ade5d35,train
1522,rithika,P,1,P_orient1,31,1,rithika/P/orient1/tilt_forward_away_1/landmarks_trimmed.json,61,61,18,"[0, 3, 7, 10, 14, 17, 21, 24, 28, 31, 35, 38, 42, 45, 49, 52, 56, 60]","[33.30000001192093, 132.89999997615814, 297.69999998807907, 396.39999997615814, 596.0, 694.1000000238419, 897.8000000119209, 995.1999999880791, 1195.800000011921, 1297.3999999761581, 1464.8999999761581, 1561.5, 2030.8999999761581, 2398.300000011921, 2530.300000011921, 2694.5, 2828.100000023842, 3032.100000023842]",P,13,0cb40b40cb43a33bb69a83e31710ba6b218d5ea0b9bef9ad915d9ce051f1087b,train
1523,rithika,P,1,P_orient1,31,1,rithika/P/orient1/tilt_forward_neutral_1/landmarks_trimmed.json,57,57,18,"[0, 3, 6, 9, 13, 16, 19, 23, 26, 29, 32, 36, 39, 42, 46, 49, 52, 56]","[58.89999997615814, 133.0, 298.19999998807907, 430.5999999642372, 665.0999999642372, 831.5, 1032.699999988079, 1261.0, 1568.7999999523163, 1694.2999999523163, 1898.699999988079, 2129.199999988079, 2297.699999988079, 2435.0, 2602.899999976158, 2766.399999976158, 2872.399999976158, 3004.199999988079]",P,13,bd2681945a4f7a34b6a48500131c421a1276c6030537e893e446e772fa2a0c41,validation
1524,rithika,P,1,P_orient1,31,2,rithika/P/orient1/tilt_forward_neutral_2/landmarks_trimmed.json,67,67,18,"[0, 3, 7, 11, 15, 19, 23, 27, 31, 34, 38, 42, 46, 50, 54, 58, 62, 66]","[32.90000003576279, 162.19999998807907, 330.69999998807907, 566.3000000119209, 699.6999999880791, 865.9000000357628, 1065.4000000357628, 1264.800000011921, 1464.699999988079, 1601.300000011921, 1832.300000011921, 2001.1000000238419, 2233.199999988079, 2400.600000023842, 2600.100000023842, 2732.699999988079, 2837.900000035763, 3003.800000011921]",P,13,1d6550fcba981ceb436e39cfa7fab2397594f40a78b638e43ab7011f92d5073f,test
1525,rithika,P,1,P_orient1,31,1,rithika/P/orient1/tilt_neutral_away_1/landmarks_trimmed.json,59,59,18,"[0, 3, 6, 10, 13, 17, 20, 23, 27, 30, 34, 37, 40, 44, 47, 51, 54, 58]","[33.799999952316284, 198.5999999642372, 363.2999999523163, 565.3999999761581, 734.5, 932.7999999523163, 1057.7999999523163, 1226.5999999642372, 1465.7999999523163, 1595.3999999761581, 1832.199999988079, 1995.2999999523163, 2162.0, 2356.599999964237, 2566.599999964237, 2729.5, 2896.599999964237, 3003.199999988079]",P,13,c03791b5412f187a552993025197a1a8e687b0491fbbea250f7e0d750b27f362,train
1526,rithika,P,1,P_orient1,31,1,rithika/P/orient1/tilt_neutral_neutral_1/landmarks_trimmed.json,28,28,18,"[0, 1, 3, 4, 6, 7, 9, 11, 12, 14, 15, 17, 19, 20, 22, 23, 25, 27]","[33.19999998807907, 100.0, 165.39999997615814, 198.29999995231628, 265.0, 333.0999999642372, 396.0999999642372, 497.5999999642372, 566.7999999523163, 662.5999999642372, 732.2999999523163, 822.5, 893.8999999761581, 963.5, 1062.5, 1095.3999999761581, 1231.0, 1392.3999999761581]",P,13,414c9b1fcc721d2647c45054878d5f25e80f7fa64fe754ac884c5c8acf987c4d,train
1527,rithika,P,1,P_orient1,31,1,rithika/P/orient1/tilt_neutral_toward_1/landmarks_trimmed.json,58,58,18,"[0, 3, 6, 10, 13, 16, 20, 23, 26, 30, 33, 36, 40, 43, 46, 50, 53, 57]","[68.70000004768372, 232.0, 400.30000001192093, 670.7000000476837, 836.6000000238419, 1037.2000000476837, 1235.5, 1433.5, 1599.9000000357628, 1830.7000000476837, 2030.6000000238419, 2202.900000035763, 2372.600000023842, 2469.900000035763, 2542.7000000476837, 2673.100000023842, 2804.2000000476837, 3003.300000011921]",P,13,0b766425af4bb7ef4ad83bd5f204b3d63f72654a429182e1e440e55e9f9776e6,train
1528,rithika,P,2,P_orient2,32,1,rithika/P/orient2/tilt_back_away_1/landmarks_trimmed.json,90,90,18,"[0, 5, 10, 15, 20, 26, 31, 36, 41, 47, 52, 57, 62, 68, 73, 78, 83, 89]","[34.200000047683716, 198.60000002384186, 364.2000000476837, 533.4000000357628, 696.3000000119209, 934.2000000476837, 1098.1000000238419, 1259.4000000357628, 1431.1000000238419, 1629.1000000238419, 1795.7000000476837, 1965.5, 2129.2000000476837, 2327.300000011921, 2498.100000023842, 2663.400000035763, 2832.2000000476837, 3038.400000035763]",P,13,0c2d1006704c0ed35a575ae6421f6a7155a8c65ddd4ce19a2e518ab1907db9f2,test
1529,rithika,P,2,P_orient2,32,2,rithika/P/orient2/tilt_back_neutral_2/landmarks_trimmed.json,57,57,18,"[0, 3, 6, 9, 13, 16, 19, 23, 26, 29, 32, 36, 39, 42, 46, 49, 52, 56]","[73.19999998807907, 267.30000001192093, 436.10000002384186, 737.6999999880791, 967.5, 1170.9000000357628, 1340.4000000357628, 1495.0, 1673.4000000357628, 1802.699999988079, 1965.699999988079, 2169.800000011921, 2278.600000023842, 2436.5, 2597.600000023842, 2707.0, 2869.199999988079, 3037.400000035763]",P,13,b792a46ec18e21a29cbaa2ed2f0ac59d4c13ef2a300db5eb11297d0c35f5cab5,train
1530,rithika,P,2,P_orient2,32,1,rithika/P/orient2/tilt_back_toward_1/landmarks_trimmed.json,29,29,18,"[0, 1, 3, 4, 6, 8, 9, 11, 13, 14, 16, 18, 19, 21, 23, 24, 26, 28]","[64.19999998807907, 66.69999998807907, 204.5, 232.19999998807907, 371.80000001192093, 466.5, 535.1999999880791, 669.3999999761581, 803.3000000119209, 935.3999999761581, 1069.300000011921, 1203.6000000238419, 1233.699999988079, 1536.199999988079, 1701.3999999761581, 1804.6000000238419, 1898.6000000238419, 2002.300000011921]",P,13,ca6ecd40f8e467d5729985c6a8d51a893f828f15a85c860f1ebca93bd03d4308,train
1531,rithika,P,2,P_orient2,32,1,rithika/P/orient2/tilt_forward_away_1/landmarks_trimmed.json,55,55,18,"[0, 3, 6, 9, 12, 15, 19, 22, 25, 28, 31, 34, 38, 41, 44, 47, 50, 54]","[33.39999997615814, 132.19999998807907, 429.89999997615814, 561.6999999880791, 663.5, 764.3000000119209, 898.1000000238419, 1260.0, 1364.8999999761581, 1463.800000011921, 1663.5, 1898.199999988079, 2029.3999999761581, 2127.399999976158, 2229.399999976158, 2331.5, 2827.899999976158, 3030.600000023842]",P,13,6a8ee4cff06744b50ee320b51fccce4177b29be09e59a959ce8773fceb285b59,validation
1532,rithika,P,2,P_orient2,32,1,rithika/P/orient2/tilt_forward_neutral_1/landmarks_trimmed.json,69,69,18,"[0, 4, 8, 12, 16, 20, 24, 28, 32, 36, 40, 44, 48, 52, 56, 60, 64, 68]","[364.30000001192093, 496.2000000476837, 697.8000000119209, 891.8000000119209, 1258.800000011921, 1397.1000000238419, 1528.800000011921, 1658.300000011921, 1796.1000000238419, 1926.4000000357628, 2063.2000000476837, 2198.0, 2326.5, 2462.600000023842, 2596.800000011921, 2731.0, 2839.100000023842, 3029.900000035763]",P,13,eab1465a1116849374e696bb4faf0e8fe721d0e742bd4c63764cae0696e3ab11,train
1533,rithika,P,2,P_orient2,32,2,rithika/P/orient2/tilt_forward_neutral_2/landmarks_trimmed.json,51,51,18,"[0, 2, 5, 8, 11, 14, 17, 20, 23, 26, 29, 32, 35, 38, 41, 44, 47, 50]","[33.80000001192093, 169.69999998807907, 304.0, 401.19999998807907, 569.8000000119209, 771.3999999761581, 973.1999999880791, 1202.3999999761581, 1466.8999999761581, 1636.800000011921, 2005.0, 2105.099999964237, 2269.699999988079, 2440.899999976158, 2700.399999976158, 2836.0, 2906.399999976158, 3004.300000011921]",P,13,df7f7ca2f7b3c4bbc930bcb32be6643289a89d3b5fa268f11f8f7ff250189a0e,train
1534,rithika,P,2,P_orient2,32,1,rithika/P/orient2/tilt_forward_toward_1/landmarks_trimmed.json,70,70,18,"[0, 4, 8, 12, 16, 20, 24, 28, 32, 36, 40, 44, 48, 52, 56, 60, 64, 69]","[64.20000004768372, 165.10000002384186, 366.2000000476837, 534.0, 733.4000000357628, 901.7000000476837, 1099.800000011921, 1298.300000011921, 1468.7000000476837, 1665.7000000476837, 1865.1000000238419, 2035.6000000238419, 2164.900000035763, 2334.5, 2566.100000023842, 2732.2000000476837, 2866.600000023842, 3029.300000011921]",P,13,cd231acc4fc35eb6f21fe2cc27e0f8883cad8145a5d58e4d8562f9f13e6419cf,train
1535,rithika,P,2,P_orient2,32,1,rithika/P/orient2/tilt_neutral_away_1/landmarks_trimmed.json,61,61,18,"[0, 3, 7, 10, 14, 17, 21, 24, 28, 31, 35, 38, 42, 45, 49, 52, 56, 60]","[34.10000002384186, 200.10000002384186, 394.60000002384186, 566.6999999880791, 767.3000000119209, 897.8999999761581, 1096.8999999761581, 1262.6000000238419, 1489.199999988079, 1636.1000000238419, 1856.8999999761581, 2033.300000011921, 2230.300000011921, 2402.800000011921, 2599.600000023842, 2689.800000011921, 2898.5, 3036.399999976158]",P,13,e8e96eb9b6f2c0dce1ce558beaaa30ef9871a16525b4c282ba0180a477505838,train
1536,rithika,P,2,P_orient2,32,1,rithika/P/orient2/tilt_neutral_neutral_1/landmarks_trimmed.json,82,82,18,"[0, 4, 9, 14, 19, 23, 28, 33, 38, 42, 47, 52, 57, 61, 66, 71, 76, 81]","[34.10000002384186, 166.70000004768372, 331.4000000357628, 500.10000002384186, 664.4000000357628, 800.6000000238419, 965.0, 1134.4000000357628, 1299.6000000238419, 1433.2000000476837, 1630.4000000357628, 1800.0, 2100.400000035763, 2230.600000023842, 2400.300000011921, 2564.5, 2867.600000023842, 3003.900000035763]",P,13,3b07b1f76a5673c602f55321956d3aea0ec0b81a0795ddf2e6d62c54ea185b5c,validation
1537,rithika,P,2,P_orient2,32,2,rithika/P/orient2/tilt_neutral_neutral_2/landmarks_trimmed.json,80,80,18,"[0, 4, 9, 13, 18, 23, 27, 32, 37, 41, 46, 51, 55, 60, 65, 69, 74, 79]","[34.0, 165.20000004768372, 330.60000002384186, 462.9000000357628, 631.3000000119209, 830.5, 1003.2000000476837, 1197.6000000238419, 1364.7000000476837, 1498.300000011921, 1660.1000000238419, 1832.7000000476837, 2072.600000023842, 2263.900000035763, 2442.300000011921, 2630.2000000476837, 2805.2000000476837, 3003.800000011921]",P,13,ad99c1cfb00bfafad59d2c77489ce8e1e8985cae6678478dfcc0df6cbcbd9cbd,train
1538,rithika,P,2,P_orient2,32,1,rithika/P/orient2/tilt_neutral_toward_1/landmarks_trimmed.json,62,62,18,"[0, 3, 7, 10, 14, 17, 21, 25, 28, 32, 35, 39, 43, 46, 50, 53, 57, 61]","[71.60000002384186, 237.10000002384186, 400.0, 571.1999999880791, 765.6000000238419, 938.9000000357628, 1139.6000000238419, 1337.0, 1467.800000011921, 1693.9000000357628, 1872.699999988079, 2072.199999988079, 2239.900000035763, 2398.5, 2537.0, 2641.400000035763, 2805.5, 3003.699999988079]",P,13,24a08d89854507c54cf005cc85eb1b59b3741bd8cf1115015ef9d5960e06b53b,train
1539,rithika,Q,1,Q_orient1,33,1,rithika/Q/orient1/tilt_back_away_1/landmarks_trimmed.json,59,59,18,"[0, 3, 6, 10, 13, 17, 20, 23, 27, 30, 34, 37, 40, 44, 47, 51, 54, 58]","[68.59999996423721, 199.39999997615814, 337.69999998807907, 563.1999999880791, 737.3999999761581, 941.0, 1140.0999999642372, 1268.2999999523163, 1536.2999999523163, 1704.2999999523163, 1937.0, 2103.7999999523163, 2237.399999976158, 2404.0, 2509.2999999523163, 2674.399999976158, 2834.899999976158, 3003.399999976158]",Q,14,85c2406e0e038cb99131a606d1bc2a668c09680ebb83a910e78c32d046bbe8b6,train
1540,rithika,Q,1,Q_orient1,33,1,rithika/Q/orient1/tilt_back_neutral_1/landmarks_trimmed.json,76,76,18,"[0, 4, 8, 13, 17, 22, 26, 30, 35, 39, 44, 48, 52, 57, 61, 66, 70, 75]","[35.59999996423721, 208.19999998807907, 396.69999998807907, 570.0, 701.0, 867.5, 1071.800000011921, 1197.5, 1400.5999999642372, 1569.699999988079, 1803.5999999642372, 1936.300000011921, 2080.0, 2303.300000011921, 2442.899999976158, 2608.300000011921, 2810.300000011921, 3004.399999976158]",Q,14,6b96abe83873b02b18ec4ca39229765c0119ec2dde61379165c98e1861f76cb9,train
1541,rithika,Q,1,Q_orient1,33,2,rithika/Q/orient1/tilt_back_neutral_2/landmarks_trimmed.json,46,46,18,"[0, 2, 5, 7, 10, 13, 15, 18, 21, 23, 26, 29, 31, 34, 37, 39, 42, 45]","[92.80000001192093, 132.5, 282.5, 355.4000000357628, 461.9000000357628, 594.5, 689.0, 794.5, 927.4000000357628, 990.9000000357628, 1194.6000000238419, 1321.0, 1388.1000000238419, 1589.7000000476837, 1749.2000000476837, 1897.0, 2059.400000035763, 2191.300000011921]",Q,14,18f6991cb91411bfe4ad3f85a89f5c076140449de6cf394bd5ef734cb6d42563,train
1542,rithika,Q,1,Q_orient1,33,1,rithika/Q/orient1/tilt_back_toward_1/landmarks_trimmed.json,55,55,18,"[0, 3, 6, 9, 12, 15, 19, 22, 25, 28, 31, 34, 38, 41, 44, 47, 50, 54]","[70.5, 231.60000002384186, 400.30000001192093, 570.0, 697.0, 902.3000000119209, 1135.4000000357628, 1303.9000000357628, 1431.0, 1633.7000000476837, 1799.6000000238419, 1995.7000000476837, 2264.400000035763, 2427.900000035763, 2508.900000035763, 2641.2000000476837, 2799.900000035763, 3025.300000011921]",Q,14,713f8ecf3906bcfbb449c3aeb04115fd290ff704fb57221d69881ccffadf510f,validation
1543,rithika,Q,1,Q_orient1,33,1,rithika/Q/orient1/tilt_forward_away_1/landmarks_trimmed.json,68,68,18,"[0, 3, 7, 11, 15, 19, 23, 27, 31, 35, 39, 43, 47, 51, 55, 59, 63, 67]","[64.80000001192093, 165.4000000357628, 393.60000002384186, 566.0, 764.3000000119209, 996.9000000357628, 1167.5, 1332.2000000476837, 1532.7000000476837, 1732.6000000238419, 1899.4000000357628, 2067.2000000476837, 2229.600000023842, 2435.800000011921, 2565.100000023842, 2768.400000035763, 2871.900000035763, 3028.100000023842]",Q,14,2a6dfeb60dba666ac27954cf31e6339a944effd493830744a2fd8a1791e9da31,test
1544,rithika,Q,1,Q_orient1,33,1,rithika/Q/orient1/tilt_forward_neutral_1/landmarks_trimmed.json,62,62,18,"[0, 3, 7, 10, 14, 17, 21, 25, 28, 32, 35, 39, 43, 46, 50, 53, 57, 61]","[56.10000002384186, 161.0, 264.10000002384186, 364.10000002384186, 495.19999998807907, 594.6000000238419, 728.3000000119209, 860.1000000238419, 961.8999999761581, 1095.199999988079, 1189.5, 1357.0, 1527.699999988079, 1626.699999988079, 1762.300000011921, 1861.3999999761581, 1996.0, 3026.5]",Q,14,6812618a7210f81edeffedbb5f26bedbae7f5199c14384636be2fe38b7e9234e,train
1545,rithika,Q,1,Q_orient1,33,2,rithika/Q/orient1/tilt_forward_neutral_2/landmarks_trimmed.json,75,75,18,"[0, 4, 8, 13, 17, 21, 26, 30, 34, 39, 43, 47, 52, 56, 60, 65, 69, 74]","[33.30000001192093, 199.5999999642372, 331.19999998807907, 496.30000001192093, 627.6999999880791, 794.5999999642372, 964.0999999642372, 1224.5999999642372, 1363.800000011921, 1637.5999999642372, 1834.800000011921, 1997.3999999761581, 2227.599999964237, 2397.899999976158, 2562.5, 2731.099999964237, 2865.899999976158, 3003.800000011921]",Q,14,8a23f5c1cb17e61c48155809aa67f8a4524f7d9a1cf889dbe13b15cd748d8a9f,train
1546,rithika,Q,1,Q_orient1,33,1,rithika/Q/orient1/tilt_forward_toward_1/landmarks_trimmed.json,39,39,18,"[0, 2, 4, 6, 8, 11, 13, 15, 17, 20, 22, 24, 26, 29, 31, 33, 35, 38]","[68.5, 133.4000000357628, 303.5, 404.0, 464.9000000357628, 636.6000000238419, 737.0, 798.9000000357628, 898.3000000119209, 1068.5, 1169.0, 1432.2000000476837, 1534.300000011921, 1704.4000000357628, 1804.7000000476837, 2102.900000035763, 2233.2000000476837, 2641.0]",Q,14,557ea2f72f80b95ac1de3977ea1425f5e372bbe5490e426397ab1d724f7563f5,train
1547,rithika,Q,1,Q_orient1,33,1,rithika/Q/orient1/tilt_neutral_away_1/landmarks_trimmed.json,68,68,18,"[0, 3, 7, 11, 15, 19, 23, 27, 31, 35, 39, 43, 47, 51, 55, 59, 63, 67]","[33.90000003576279, 170.5, 363.9000000357628, 563.9000000357628, 769.9000000357628, 931.6999999880791, 1097.5, 1301.699999988079, 1468.0, 1631.300000011921, 1833.699999988079, 2001.4000000357628, 2163.900000035763, 2367.300000011921, 2508.800000011921, 2706.699999988079, 2899.5, 3003.5]",Q,14,23d30cdb79000a0c72831f40b7334dd30b334be9da0dfb5a70e58fa692a4bf9a,train
1548,rithika,Q,1,Q_orient1,33,1,rithika/Q/orient1/tilt_neutral_neutral_1/landmarks_trimmed.json,61,61,18,"[0, 3, 7, 10, 14, 17, 21, 24, 28, 31, 35, 38, 42, 45, 49, 52, 56, 60]","[67.60000002384186, 276.80000001192093, 463.69999998807907, 676.1000000238419, 903.1000000238419, 1068.800000011921, 1303.800000011921, 1440.3999999761581, 1628.0, 1803.8999999761581, 1998.800000011921, 2110.399999976158, 2274.399999976158, 2366.100000023842, 2508.399999976158, 2632.699999988079, 2837.0, 3005.600000023842]",Q,14,7f9835b7d9d3d884b819d812473bc6a062e038602aba911a291a5781892c64bb,validation
1549,rithika,Q,1,Q_orient1,33,2,rithika/Q/orient1/tilt_neutral_neutral_2/landmarks_trimmed.json,61,61,18,"[0, 3, 7, 10, 14, 17, 21, 24, 28, 31, 35, 38, 42, 45, 49, 52, 56, 60]","[35.40000003576279, 202.10000002384186, 436.60000002384186, 600.3000000119209, 868.7000000476837, 1038.5, 1198.6000000238419, 1336.7000000476837, 1543.2000000476837, 1706.4000000357628, 1899.4000000357628, 2103.5, 2300.900000035763, 2401.2000000476837, 2539.2000000476837, 2638.400000035763, 2804.100000023842, 3003.300000011921]",Q,14,02b929051a58750d49c06a4e1bd1b6ce19b7fcc58eae3eda322dfd09ed13d5ee,test
1550,rithika,Q,1,Q_orient1,33,1,rithika/Q/orient1/tilt_neutral_toward_1/landmarks_trimmed.json,77,77,18,"[0, 4, 8, 13, 17, 22, 26, 31, 35, 40, 44, 49, 53, 58, 62, 67, 71, 76]","[33.60000002384186, 165.10000002384186, 297.4000000357628, 830.6000000238419, 958.6000000238419, 1128.4000000357628, 1261.699999988079, 1428.199999988079, 1561.5, 1728.199999988079, 1863.300000011921, 2027.199999988079, 2195.100000023842, 2396.100000023842, 2560.800000011921, 2729.699999988079, 2860.699999988079, 3025.400000035763]",Q,14,610a82cb174cb1de5515d5090a89314e721861c493ad58ab8ab63aa9e1511618,train
1577,rithika,S,1,S_orient1,37,1,rithika/S/orient1/tilt_back_away_1/landmarks_trimmed.json,47,47,18,"[0, 2, 5, 8, 10, 13, 16, 18, 21, 24, 27, 29, 32, 35, 37, 40, 43, 46]","[66.19999998807907, 132.39999997615814, 295.80000001192093, 496.0999999642372, 629.3999999761581, 829.1999999880791, 1029.699999988079, 1164.5, 1327.0, 1495.3999999761581, 1663.699999988079, 1795.8999999761581, 1995.3999999761581, 2329.300000011921, 2463.599999964237, 2661.699999988079, 2863.199999988079, 3027.800000011921]",S,15,44f509bfc4d6f41bf064e51a43ce66d6962825eb51ab316a73599aa132a9ccfd,train
1578,rithika,S,1,S_orient1,37,1,rithika/S/orient1/tilt_back_neutral_1/landmarks_trimmed.json,61,61,18,"[0, 3, 7, 10, 14, 17, 21, 24, 28, 31, 35, 38, 42, 45, 49, 52, 56, 60]","[68.29999995231628, 233.69999998807907, 396.69999998807907, 571.7999999523163, 767.0, 936.1999999880791, 1131.2999999523163, 1268.699999988079, 1494.7999999523163, 1670.699999988079, 1869.3999999761581, 2000.3999999761581, 2236.0, 2365.599999964237, 2567.5, 2674.199999988079, 2805.5, 3004.099999964237]",S,15,4e09e94dba05eba4b49fc8b27605362052b7902b14de8c00dbf1cf08c5abbf73,train
1579,rithika,S,1,S_orient1,37,2,rithika/S/orient1/tilt_back_neutral_2/landmarks_trimmed.json,43,43,18,"[0, 2, 4, 7, 9, 12, 14, 17, 19, 22, 24, 27, 29, 32, 34, 37, 39, 42]","[90.80000001192093, 156.19999998807907, 229.69999998807907, 358.30000001192093, 524.3999999761581, 627.5, 758.1000000238419, 890.5, 1020.8999999761581, 1127.5, 1223.8999999761581, 1390.199999988079, 1528.6000000238419, 1691.5, 1826.6000000238419, 2091.399999976158, 2593.5, 3025.399999976158]",S,15,5061cf62ccec00ba58d678dec34000464929f0ca76c4ff58756bbd5af58e6d4a,validation
1580,rithika,S,1,S_orient1,37,1,rithika/S/orient1/tilt_back_toward_1/landmarks_trimmed.json,68,68,18,"[0, 3, 7, 11, 15, 19, 23, 27, 31, 35, 39, 43, 47, 51, 55, 59, 63, 67]","[33.59999996423721, 170.5999999642372, 330.5, 462.80000001192093, 596.0999999642372, 760.0, 963.0999999642372, 1095.699999988079, 1230.0, 1430.800000011921, 1561.0, 1729.300000011921, 1863.5999999642372, 2028.199999988079, 2163.300000011921, 2330.399999976158, 2696.099999964237, 3025.199999988079]",S,15,283ccea25974cd129758ae106eb7936a7973c336d396afaa95fd67d6468e61a8,train
1581,rithika,S,1,S_orient1,37,1,rithika/S/orient1/tilt_forward_away_1/landmarks_trimmed.json,78,78,18,"[0, 4, 9, 13, 18, 22, 27, 31, 36, 40, 45, 49, 54, 58, 63, 67, 72, 77]","[132.10000002384186, 364.10000002384186, 562.8000000119209, 696.1999999880791, 862.3999999761581, 997.1999999880791, 1193.5, 1363.5, 1530.1000000238419, 1663.199999988079, 1828.0, 1964.0, 2161.399999976158, 2295.100000023842, 2463.800000011921, 2596.199999988079, 2828.0, 3022.800000011921]",S,15,8fdd950603c483ef8c92efeb2feacbf0e7816969de90e1c4b81130030fa93ef5,train
1582,rithika,S,1,S_orient1,37,1,rithika/S/orient1/tilt_forward_neutral_1/landmarks_trimmed.json,91,91,18,"[0, 5, 10, 15, 21, 26, 31, 37, 42, 47, 52, 58, 63, 68, 74, 79, 84, 90]","[33.69999998807907, 199.0, 363.4000000357628, 529.6000000238419, 727.1000000238419, 892.1999999880791, 1057.5, 1254.199999988079, 1421.1000000238419, 1585.699999988079, 1750.199999988079, 1947.300000011921, 2113.400000035763, 2277.800000011921, 2476.100000023842, 2641.199999988079, 2805.800000011921, 3003.400000035763]",S,15,a23baeabc31570fee2a0fae1fc8c230c1cebf586dff2dac6b6d5651454a128c3,train
1583,rithika,S,1,S_orient1,37,2,rithika/S/orient1/tilt_forward_neutral_2/landmarks_trimmed.json,54,54,18,"[0, 3, 6, 9, 12, 15, 18, 21, 24, 28, 31, 34, 37, 40, 43, 46, 49, 53]","[66.30000001192093, 231.4000000357628, 433.80000001192093, 599.3000000119209, 864.9000000357628, 1039.2000000476837, 1300.0, 1467.9000000357628, 1632.1000000238419, 1832.9000000357628, 2001.1000000238419, 2201.100000023842, 2366.0, 2529.600000023842, 2637.900000035763, 2767.300000011921, 2871.600000023842, 3003.100000023842]",S,15,5c4c6d0d69d600be0d4771c79d4e1b229ad592fbdbee65d5a7b97390dc869b8e,train
1584,rithika,S,1,S_orient1,37,1,rithika/S/orient1/tilt_forward_toward_1/landmarks_trimmed.json,91,91,18,"[0, 5, 10, 15, 21, 26, 31, 37, 42, 47, 52, 58, 63, 68, 74, 79, 84, 90]","[33.80000001192093, 198.9000000357628, 364.69999998807907, 528.5, 727.9000000357628, 891.8000000119209, 1056.6000000238419, 1254.6000000238419, 1419.9000000357628, 1585.0, 1750.699999988079, 1947.800000011921, 2113.400000035763, 2279.100000023842, 2476.100000023842, 2640.5, 2805.400000035763, 3004.400000035763]",S,15,a23baeabc31570fee2a0fae1fc8c230c1cebf586dff2dac6b6d5651454a128c3,train
1585,rithika,S,1,S_orient1,37,1,rithika/S/orient1/tilt_neutral_away_1/landmarks_trimmed.json,52,52,18,"[0, 3, 6, 9, 12, 15, 18, 21, 24, 27, 30, 33, 36, 39, 42, 45, 48, 51]","[34.19999998807907, 165.29999995231628, 335.0999999642372, 499.5999999642372, 632.0999999642372, 798.6999999880791, 1131.3999999761581, 1359.699999988079, 1633.199999988079, 1802.5999999642372, 1930.5, 2133.0, 2333.399999976158, 2503.599999964237, 2666.0, 2801.0, 2904.5, 3031.399999976158]",S,15,d34f5a01fbcaa17f8a9b661dd75b750f0e03a9d74de67a4f3954f4a8ad40051a,train
1586,rithika,S,1,S_orient1,37,1,rithika/S/orient1/tilt_neutral_neutral_1/landmarks_trimmed.json,86,86,18,"[0, 5, 10, 15, 20, 25, 30, 35, 40, 45, 50, 55, 60, 65, 70, 75, 80, 85]","[33.19999998807907, 198.80000001192093, 363.19999998807907, 531.3000000119209, 698.0, 861.8999999761581, 1028.8999999761581, 1197.5999999642372, 1361.3999999761581, 1529.699999988079, 1694.5, 1864.8999999761581, 2030.300000011921, 2194.399999976158, 2364.0, 2597.599999964237, 2825.099999964237, 3029.699999988079]",S,15,d670d453c1409b0def5cc9d9001107493c20bba5aa029c064e753b10ab49089b,test
1587,rithika,S,1,S_orient1,37,2,rithika/S/orient1/tilt_neutral_neutral_2/landmarks_trimmed.json,57,57,18,"[0, 3, 6, 9, 13, 16, 19, 23, 26, 29, 32, 36, 39, 42, 46, 49, 52, 56]","[73.19999998807907, 166.39999997615814, 337.80000001192093, 462.89999997615814, 704.5999999642372, 902.8000000119209, 1027.8999999761581, 1237.5, 1359.199999988079, 1606.3999999761581, 1736.5, 2061.099999964237, 2268.899999976158, 2378.0, 2535.599999964237, 2634.5, 2739.5, 3004.899999976158]",S,15,b94499762134cc72967008c8d7d22123252d42f793d436c26fc0b242b08ff486,train
1588,rithika,S,1,S_orient1,37,1,rithika/S/orient1/tilt_neutral_toward_1/landmarks_trimmed.json,59,59,18,"[0, 3, 6, 10, 13, 17, 20, 23, 27, 30, 34, 37, 40, 44, 47, 51, 54, 58]","[71.90000003576279, 202.4000000357628, 367.60000002384186, 563.1000000238419, 705.3000000119209, 968.9000000357628, 1065.699999988079, 1237.300000011921, 1433.9000000357628, 1604.800000011921, 1771.699999988079, 1962.5, 2102.600000023842, 2329.800000011921, 2434.0, 2575.100000023842, 2726.100000023842, 2902.800000011921]",S,15,de46fb90779f48e1b75da0188c3dc2b77618719ffee3fed3d5b05075a187fd5c,validation
1589,rithika,T,1,T_orient1,38,1,rithika/T/orient1/tilt_back_away_1/landmarks_trimmed.json,28,28,18,"[0, 1, 3, 4, 6, 7, 9, 11, 12, 14, 15, 17, 19, 20, 22, 23, 25, 27]","[62.799999952316284, 67.19999998807907, 201.89999997615814, 231.39999997615814, 1165.7999999523163, 1233.5999999642372, 1364.199999988079, 1433.0999999642372, 1498.5999999642372, 2067.5, 2133.199999988079, 2233.599999964237, 2331.399999976158, 2395.7999999523163, 2498.5, 2565.099999964237, 2700.399999976158, 2806.099999964237]",T,16,1c61b869858b37739dd85b8defe58c95882a39481d63e61c3a5a850b187d2811,train
1590,rithika,T,1,T_orient1,38,1,rithika/T/orient1/tilt_back_neutral_1/landmarks_trimmed.json,46,46,18,"[0, 2, 5, 7, 10, 13, 15, 18, 21, 23, 26, 29, 31, 34, 37, 39, 42, 45]","[71.30000001192093, 133.69999998807907, 273.10000002384186, 366.30000001192093, 502.60000002384186, 595.1999999880791, 700.3000000119209, 866.0, 992.3999999761581, 1063.1000000238419, 1271.0, 1395.0, 1466.699999988079, 1901.0, 2200.0, 2401.800000011921, 2772.699999988079, 2935.399999976158]",T,16,51dee10d2dee3ab9c20b329b25217ab7e679a0c51822f39470c4fe8bc57ec62a,validation
1591,rithika,T,1,T_orient1,38,1,rithika/T/orient1/tilt_forward_neutral_1/landmarks_trimmed.json,40,40,18,"[0, 2, 4, 6, 9, 11, 13, 16, 18, 20, 22, 25, 27, 29, 32, 34, 36, 39]","[69.30000001192093, 403.10000002384186, 505.30000001192093, 601.8999999761581, 870.6000000238419, 936.1000000238419, 1305.6000000238419, 1466.199999988079, 1632.5, 1737.0, 1837.0, 2000.0, 2138.600000023842, 2665.0, 2740.199999988079, 2828.5, 2898.300000011921, 3034.100000023842]",T,16,b8e4e9844ff8901732f0e8e38b91e813a5d5034ca0dfa640a5ee118d6b6c4e60,train
1592,rithika,T,1,T_orient1,38,2,rithika/T/orient1/tilt_forward_neutral_2/landmarks_trimmed.json,56,56,18,"[0, 3, 6, 9, 12, 16, 19, 22, 25, 29, 32, 35, 38, 42, 45, 48, 51, 55]","[33.30000001192093, 166.0, 330.0, 495.89999997615814, 598.8000000119209, 797.8999999761581, 965.8999999761581, 1096.5999999642372, 1296.0999999642372, 1499.300000011921, 1663.800000011921, 1833.5, 1930.199999988079, 2196.099999964237, 2397.699999988079, 2562.5, 2728.899999976158, 2929.899999976158]",T,16,5bab2e290ee32aa7edc8a1484728ece6b45450032b108d7c37fb2bca3e517f84,train
1593,rithika,T,1,T_orient1,38,1,rithika/T/orient1/tilt_forward_toward_1/landmarks_trimmed.json,56,56,18,"[0, 3, 6, 9, 12, 16, 19, 22, 25, 29, 32, 35, 38, 42, 45, 48, 51, 55]","[68.60000002384186, 199.20000004768372, 330.30000001192093, 495.5, 631.9000000357628, 900.6000000238419, 1031.9000000357628, 1164.9000000357628, 1299.5, 1598.7000000476837, 1865.1000000238419, 1995.5, 2195.0, 2465.400000035763, 2634.400000035763, 2732.7000000476837, 2839.800000011921, 3031.300000011921]",T,16,5938f020ccf35375b227629b483f30dca45369be6a4dd5ab2c7b700d94a058a9,test
1594,rithika,T,1,T_orient1,38,1,rithika/T/orient1/tilt_neutral_away_1/landmarks_trimmed.json,65,65,18,"[0, 3, 7, 11, 15, 18, 22, 26, 30, 33, 37, 41, 45, 48, 52, 56, 60, 64]","[70.60000002384186, 198.19999998807907, 401.60000002384186, 528.8000000119209, 729.9000000357628, 859.0, 1064.6000000238419, 1223.800000011921, 1396.5, 1603.5, 1762.699999988079, 1962.1000000238419, 2136.300000011921, 2290.0, 2530.5, 2694.699999988079, 2806.0, 3038.100000023842]",T,16,f897a6f027e59470d4edee8c0181f06d975696263446f0c9e3da10f1dc3f3aa3,train
1595,rithika,U,1,U_orient1,39,1,rithika/U/orient1/tilt_back_away_1/landmarks_trimmed.json,87,87,18,"[0, 5, 10, 15, 20, 25, 30, 35, 40, 45, 50, 55, 60, 65, 70, 75, 80, 86]","[33.60000002384186, 198.5, 365.60000002384186, 532.1000000238419, 698.3000000119209, 864.6999999880791, 1031.6000000238419, 1199.6000000238419, 1498.8999999761581, 1664.8999999761581, 1832.1000000238419, 1997.0, 2165.399999976158, 2332.100000023842, 2499.600000023842, 2666.199999988079, 2829.0, 3031.300000011921]",U,17,de3d5c458210d3d4f0e9517e362b0a00b9b78511dba3f1750469780616f2bfd6,train
1596,rithika,U,1,U_orient1,39,1,rithika/U/orient1/tilt_back_neutral_1/landmarks_trimmed.json,49,49,18,"[0, 2, 5, 8, 11, 14, 16, 19, 22, 25, 28, 31, 33, 36, 39, 42, 45, 48]","[67.10000002384186, 170.70000004768372, 333.7000000476837, 534.1000000238419, 734.3000000119209, 934.6000000238419, 1068.1000000238419, 1267.5, 1437.9000000357628, 1567.5, 1734.2000000476837, 1934.5, 2133.800000011921, 2438.900000035763, 2534.400000035763, 2608.2000000476837, 2772.7000000476837, 2904.800000011921]",U,17,d4a9134a317cddbff4cb3cf41c3b26970d7f101074c6935568f7f574e47662bf,train
1597,rithika,U,1,U_orient1,39,2,rithika/U/orient1/tilt_back_neutral_2/landmarks_trimmed.json,90,90,18,"[0, 5, 10, 15, 20, 26, 31, 36, 41, 47, 52, 57, 62, 68, 73, 78, 83, 89]","[62.10000002384186, 199.0, 364.19999998807907, 528.6000000238419, 696.4000000357628, 896.6000000238419, 1061.0, 1229.9000000357628, 1393.4000000357628, 1595.199999988079, 1763.5, 1929.5, 2096.600000023842, 2294.900000035763, 2459.800000011921, 2662.199999988079, 2829.600000023842, 3028.699999988079]",U,17,414a1d8fc6acf0617bbed1627bec3c3a473485bba5eda1e2940c20704749ddc4,train
1598,rithika,U,1,U_orient1,39,1,rithika/U/orient1/tilt_forward_neutral_1/landmarks_trimmed.json,82,82,18,"[0, 4, 9, 14, 19, 23, 28, 33, 38, 42, 47, 52, 57, 61, 66, 71, 76, 81]","[33.39999997615814, 166.30000001192093, 330.19999998807907, 496.19999998807907, 660.8999999761581, 796.3000000119209, 995.6999999880791, 1163.199999988079, 1361.6000000238419, 1529.199999988079, 1693.3999999761581, 1894.8999999761581, 2094.800000011921, 2260.300000011921, 2428.300000011921, 2630.100000023842, 2829.899999976158, 3026.600000023842]",U,17,0066483dc3256a1b7121be886950cd384235637a2c07fc2a248638941df8b14a,train
1599,rithika,U,1,U_orient1,39,2,rithika/U/orient1/tilt_forward_neutral_2/landmarks_trimmed.json,85,85,18,"[0, 4, 9, 14, 19, 24, 29, 34, 39, 44, 49, 54, 59, 64, 69, 74, 79, 84]","[33.40000003576279, 165.10000002384186, 363.10000002384186, 530.9000000357628, 697.5, 863.6999999880791, 1031.6000000238419, 1194.800000011921, 1364.1000000238419, 1530.699999988079, 1697.199999988079, 1863.699999988079, 2129.199999988079, 2296.199999988079, 2462.0, 2629.5, 2772.300000011921, 3030.400000035763]",U,17,f5f6cdc7f02f17e1323acc4e4956c55b2c694ba7cabed0de767b73f5e12312a0,train
1600,rithika,U,1,U_orient1,39,1,rithika/U/orient1/tilt_forward_toward_1/landmarks_trimmed.json,59,59,18,"[0, 3, 6, 10, 13, 17, 20, 23, 27, 30, 34, 37, 40, 44, 47, 51, 54, 58]","[65.0, 234.30000001192093, 331.89999997615814, 564.8999999761581, 763.5, 969.0, 1098.8999999761581, 1226.6000000238419, 1466.3999999761581, 1630.800000011921, 1870.5, 2063.800000011921, 2234.699999988079, 2399.899999976158, 2562.100000023842, 2766.0, 2871.800000011921, 3035.399999976158]",U,17,5b21ca7eac2b0c3df03d7515dae683da08ae4b23b4c8ca87dc487a9bcaf96018,train
1601,rithika,U,1,U_orient1,39,1,rithika/U/orient1/tilt_neutral_away_1/landmarks_trimmed.json,55,55,18,"[0, 3, 6, 9, 12, 15, 19, 22, 25, 28, 31, 34, 38, 41, 44, 47, 50, 54]","[70.0, 201.5, 368.2000000476837, 532.3000000119209, 704.3000000119209, 834.6000000238419, 1038.7000000476837, 1233.0, 1396.6000000238419, 1601.0, 1804.9000000357628, 1961.800000011921, 2366.7000000476837, 2472.7000000476837, 2602.2000000476837, 2705.300000011921, 2838.400000035763, 3003.7000000476837]",U,17,c211fc2af00b74b1309ec7d0ee95e745eb2a69dce618840fe4ef7aac50d3245d,train
1602,rithika,U,1,U_orient1,39,1,rithika/U/orient1/tilt_neutral_neutral_1/landmarks_trimmed.json,61,61,18,"[0, 3, 7, 10, 14, 17, 21, 24, 28, 31, 35, 38, 42, 45, 49, 52, 56, 60]","[68.30000001192093, 270.0, 470.5, 602.3000000119209, 760.5, 969.8000000119209, 1134.699999988079, 1304.5, 1464.6000000238419, 1631.300000011921, 1867.5, 2026.1000000238419, 2272.899999976158, 2430.5, 2602.600000023842, 2705.100000023842, 2866.800000011921, 3037.5]",U,17,8f56a2613c3b041bf9338862b2d03019644094c2665122f679bef65e64f77d68,validation
1603,rithika,U,1,U_orient1,39,2,rithika/U/orient1/tilt_neutral_neutral_2/landmarks_trimmed.json,72,72,18,"[0, 4, 8, 12, 16, 20, 25, 29, 33, 37, 41, 45, 50, 54, 58, 62, 66, 71]","[33.30000001192093, 199.69999998807907, 364.89999997615814, 496.5, 665.0999999642372, 904.0, 1066.8999999761581, 1259.0999999642372, 1468.0, 1666.199999988079, 1829.3999999761581, 1995.8999999761581, 2166.199999988079, 2300.300000011921, 2459.5, 2703.300000011921, 2832.0, 3004.800000011921]",U,17,ef99daf27c94e85f9cdfaf6320d6ff78c905077a03943373a42d537680004434,test
1604,rithika,U,1,U_orient1,39,1,rithika/U/orient1/tilt_neutral_toward_1/landmarks_trimmed.json,63,63,18,"[0, 3, 7, 10, 14, 18, 21, 25, 29, 32, 36, 40, 43, 47, 51, 54, 58, 62]","[65.30000001192093, 234.10000002384186, 397.7000000476837, 530.9000000357628, 735.3000000119209, 965.1000000238419, 1131.0, 1361.1000000238419, 1568.9000000357628, 1764.2000000476837, 1934.1000000238419, 2068.100000023842, 2231.600000023842, 2468.100000023842, 2634.400000035763, 2767.600000023842, 2896.900000035763, 3003.7000000476837]",U,17,4e8d9ed2a20f9f1ae8794a7514e0051114c0e1c76db9c34187f95d10ae00e64a,train
1605,rithika,U,2,U_orient2,40,1,rithika/U/orient2/tilt_back_away_1/landmarks_trimmed.json,65,65,18,"[0, 3, 7, 11, 15, 18, 22, 26, 30, 33, 37, 41, 45, 48, 52, 56, 60, 64]","[33.89999997615814, 132.39999997615814, 336.5, 462.5, 668.1999999880791, 792.3999999761581, 1034.8999999761581, 1201.8999999761581, 1402.0999999642372, 1523.0999999642372, 1756.2999999523163, 1966.3999999761581, 2170.199999988079, 2334.199999988079, 2463.199999988079, 2695.5, 2867.2999999523163, 3022.5]",U,17,dce09e1fe4486cd685d95cecd6596deb40f7db5a46f74e5c6b5a4548be9cff67,test
1606,rithika,U,2,U_orient2,40,1,rithika/U/orient2/tilt_back_neutral_1/landmarks_trimmed.json,81,81,18,"[0, 4, 9, 14, 18, 23, 28, 32, 37, 42, 47, 51, 56, 61, 65, 70, 75, 80]","[71.30000001192093, 334.19999998807907, 629.8000000119209, 796.8000000119209, 964.3000000119209, 1132.199999988079, 1296.8999999761581, 1430.300000011921, 1598.1000000238419, 1763.699999988079, 1931.5, 2065.699999988079, 2230.899999976158, 2398.800000011921, 2530.800000011921, 2690.600000023842, 2838.199999988079, 3004.0]",U,17,5cb21d81ac44db28867affc52338b8b62fff176ae3489beb853e68d14fe3ab4c,train
1607,rithika,U,2,U_orient2,40,2,rithika/U/orient2/tilt_back_neutral_2/landmarks_trimmed.json,63,63,18,"[0, 3, 7, 10, 14, 18, 21, 25, 29, 32, 36, 40, 43, 47, 51, 54, 58, 62]","[33.30000001192093, 132.5999999642372, 965.0, 1064.5999999642372, 1197.8999999761581, 1331.300000011921, 1429.5, 1563.0999999642372, 1739.0, 1860.5, 2066.399999976158, 2195.300000011921, 2327.699999988079, 2496.399999976158, 2659.800000011921, 2762.399999976158, 2897.099999964237, 3030.599999964237]",U,17,833027ef172bbcc339be644731e73c904e1d16f8491b50a449be9b7b75b2014a,validation
1608,rithika,U,2,U_orient2,40,1,rithika/U/orient2/tilt_back_toward_1/landmarks_trimmed.json,62,62,18,"[0, 3, 7, 10, 14, 17, 21, 25, 28, 32, 35, 39, 43, 46, 50, 53, 57, 61]","[33.5, 165.5999999642372, 364.80000001192093, 533.0, 698.3999999761581, 859.5999999642372, 1063.699999988079, 1263.5, 1395.5999999642372, 1594.3999999761581, 1767.3999999761581, 1922.699999988079, 2168.599999964237, 2293.899999976158, 2533.899999976158, 2702.0, 2854.099999964237, 3004.0]",U,17,1783d0b5084d7f9ae085f76f8f1c76c3973e231c08e28792ec562358e62f6c92,test
1609,rithika,U,2,U_orient2,40,1,rithika/U/orient2/tilt_forward_away_1/landmarks_trimmed.json,47,47,18,"[0, 2, 5, 8, 10, 13, 16, 18, 21, 24, 27, 29, 32, 35, 37, 40, 43, 46]","[562.1999999880791, 664.5, 858.1000000238419, 1186.199999988079, 1221.4000000357628, 1398.4000000357628, 1554.9000000357628, 1692.699999988079, 1861.5, 1997.1000000238419, 2125.0, 2233.100000023842, 2351.5, 2527.800000011921, 2626.900000035763, 2764.100000023842, 2897.699999988079, 3061.300000011921]",U,17,5eccb6c031c166e245814b4fcc9931c55c5a4e47787ffb956096f5ef9b8a842d,train
1610,rithika,U,2,U_orient2,40,1,rithika/U/orient2/tilt_forward_neutral_1/landmarks_trimmed.json,61,61,18,"[0, 3, 7, 10, 14, 17, 21, 24, 28, 31, 35, 38, 42, 45, 49, 52, 56, 60]","[63.39999997615814, 190.89999997615814, 297.89999997615814, 460.80000001192093, 627.6000000238419, 759.3000000119209, 924.1000000238419, 1090.699999988079, 1362.0, 1527.1000000238419, 1727.0, 1854.5, 2093.5, 2223.399999976158, 2461.800000011921, 2586.100000023842, 2794.0, 3026.800000011921]",U,17,84c1cba81b6a19577b374728bc80ce6d771227b62833c9ba757bd513f197c47b,train
1611,rithika,U,2,U_orient2,40,2,rithika/U/orient2/tilt_forward_neutral_2/landmarks_trimmed.json,83,83,18,"[0, 4, 9, 14, 19, 24, 28, 33, 38, 43, 48, 53, 57, 62, 67, 72, 77, 82]","[33.19999998807907, 165.39999997615814, 330.60000002384186, 497.30000001192093, 664.8999999761581, 928.8000000119209, 1062.699999988079, 1229.5, 1398.199999988079, 1628.1000000238419, 1794.3999999761581, 1963.1000000238419, 2098.800000011921, 2362.100000023842, 2530.399999976158, 2696.699999988079, 2863.300000011921, 3029.899999976158]",U,17,0f0245a7e886bdbdf241d2263cda7ffb8a9f7df96b3cae7221b4170d1b6bb4aa,train
1612,rithika,U,2,U_orient2,40,1,rithika/U/orient2/tilt_forward_toward_1/landmarks_trimmed.json,64,64,18,"[0, 3, 7, 11, 14, 18, 22, 25, 29, 33, 37, 40, 44, 48, 51, 55, 59, 63]","[95.70000004768372, 220.70000004768372, 366.7000000476837, 496.0, 627.6000000238419, 831.7000000476837, 990.7000000476837, 1162.7000000476837, 1322.300000011921, 1532.9000000357628, 1688.6000000238419, 1863.1000000238419, 2053.300000011921, 2300.100000023842, 2465.900000035763, 2699.600000023842, 2827.300000011921, 3060.5]",U,17,7fdfaf5010bb00ee5696ade696e377f3367a6b307cbef9cff26f201b9ea422a7,validation
1613,rithika,U,2,U_orient2,40,1,rithika/U/orient2/tilt_neutral_away_1/landmarks_trimmed.json,65,65,18,"[0, 3, 7, 11, 15, 18, 22, 26, 30, 33, 37, 41, 45, 48, 52, 56, 60, 64]","[33.09999996423721, 132.80000001192093, 330.39999997615814, 537.3000000119209, 701.1999999880791, 830.0, 1066.199999988079, 1299.5, 1531.0, 1733.3999999761581, 1899.5999999642372, 2096.599999964237, 2302.399999976158, 2465.0, 2633.099999964237, 2766.800000011921, 2900.099999964237, 3031.0]",U,17,8027ef463e686563c10cb14013522ba39cfd2c5411c1cbc08afb8cc9d5a03262,train
1614,rithika,U,2,U_orient2,40,1,rithika/U/orient2/tilt_neutral_neutral_1/landmarks_trimmed.json,54,54,18,"[0, 3, 6, 9, 12, 15, 18, 21, 24, 28, 31, 34, 37, 40, 43, 46, 49, 53]","[198.60000002384186, 469.69999998807907, 659.9000000357628, 801.8000000119209, 969.6999999880791, 1097.9000000357628, 1269.4000000357628, 1395.5, 1560.699999988079, 1832.199999988079, 2033.1000000238419, 2159.800000011921, 2371.100000023842, 2499.100000023842, 2575.600000023842, 2707.300000011921, 2837.400000035763, 3001.5]",U,17,f2940ba114322ff1db821e6d7b06bb24ed8e674397fd2b994e595ab31e3adc0d,train
1615,rithika,U,2,U_orient2,40,2,rithika/U/orient2/tilt_neutral_neutral_2/landmarks_trimmed.json,38,38,18,"[0, 2, 4, 6, 8, 10, 13, 15, 17, 19, 21, 23, 26, 28, 30, 32, 34, 37]","[65.09999996423721, 202.5, 298.2999999523163, 437.7999999523163, 537.5999999642372, 634.0, 832.0, 967.5, 1102.2999999523163, 1231.2999999523163, 1368.699999988079, 1468.3999999761581, 1631.5999999642372, 1768.199999988079, 1863.8999999761581, 1969.7999999523163, 2063.0, 2362.899999976158]",U,17,39e20113d433be58b84e7e47b3db4126d3f37560c271822050f619664aa9bc5d,train
1616,rithika,U,2,U_orient2,40,1,rithika/U/orient2/tilt_neutral_toward_1/landmarks_trimmed.json,60,60,18,"[0, 3, 6, 10, 13, 17, 20, 24, 27, 31, 34, 38, 41, 45, 48, 52, 55, 59]","[34.69999998807907, 169.0, 367.69999998807907, 569.5999999642372, 735.5999999642372, 1000.0999999642372, 1104.199999988079, 1365.300000011921, 1535.5, 1837.300000011921, 1970.5, 2167.800000011921, 2400.899999976158, 2541.899999976158, 2640.899999976158, 2772.5, 2901.0, 3035.099999964237]",U,17,8448258953d878a9efbdb1ec6a127405c54cd0d9f5eb7f0747599d51d9f90c11,train
1617,rithika,U,3,U_orient3,41,1,rithika/U/orient3/tilt_back_away_1/landmarks_trimmed.json,57,57,18,"[0, 3, 6, 9, 13, 16, 19, 23, 26, 29, 32, 36, 39, 42, 46, 49, 52, 56]","[59.90000003576279, 190.19999998807907, 265.4000000357628, 396.9000000357628, 595.1999999880791, 756.1999999880791, 894.8000000119209, 1163.0, 1329.0, 1493.4000000357628, 1693.5, 1927.6000000238419, 2094.600000023842, 2264.0, 2465.300000011921, 2662.400000035763, 2826.5, 3063.199999988079]",U,17,1ba7a65f9cae2394a5315d16a44f01f110eb987d697241e7ec6358f56a2b4f60,train
1618,rithika,U,3,U_orient3,41,1,rithika/U/orient3/tilt_back_neutral_1/landmarks_trimmed.json,51,51,18,"[0, 2, 5, 8, 11, 14, 17, 20, 23, 26, 29, 32, 35, 38, 41, 44, 47, 50]","[67.0, 135.20000004768372, 330.9000000357628, 465.60000002384186, 899.7000000476837, 1265.0, 1433.2000000476837, 1533.5, 1672.300000011921, 1907.0, 2072.800000011921, 2197.600000023842, 2471.800000011921, 2564.7000000476837, 2702.7000000476837, 2772.100000023842, 2928.300000011921, 3003.300000011921]",U,17,4138f001f4bc0fb43d18e21f589e1c0bba72ed293d679b1ef6354ba21d4b8a6d,train
1619,rithika,U,3,U_orient3,41,2,rithika/U/orient3/tilt_back_neutral_2/landmarks_trimmed.json,75,75,18,"[0, 4, 8, 13, 17, 21, 26, 30, 34, 39, 43, 47, 52, 56, 60, 65, 69, 74]","[231.39999997615814, 396.0999999642372, 529.1999999880791, 696.5, 829.8000000119209, 1027.8999999761581, 1226.0999999642372, 1431.0, 1564.0999999642372, 1726.0999999642372, 1864.199999988079, 1994.800000011921, 2163.099999964237, 2296.399999976158, 2430.199999988079, 2629.599999964237, 2830.0, 3029.0]",U,17,531d18d3d89bd5638289a27d2be004f291d638c841d0bd0dbd0575c9dc3a316a,test
1620,rithika,U,3,U_orient3,41,1,rithika/U/orient3/tilt_back_toward_1/landmarks_trimmed.json,87,87,18,"[0, 5, 10, 15, 20, 25, 30, 35, 40, 45, 50, 55, 60, 65, 70, 75, 80, 86]","[33.80000001192093, 201.10000002384186, 365.19999998807907, 531.8000000119209, 701.1999999880791, 863.6000000238419, 1032.199999988079, 1199.1000000238419, 1368.0, 1632.9000000357628, 1796.4000000357628, 1996.300000011921, 2163.699999988079, 2330.699999988079, 2501.400000035763, 2666.0, 2831.5, 3031.699999988079]",U,17,596f41b6118e02d69428e52832d57718bbc36f248af75fbcf6ce9aa604a462a3,validation
1621,rithika,U,3,U_orient3,41,1,rithika/U/orient3/tilt_forward_away_1/landmarks_trimmed.json,59,59,18,"[0, 3, 6, 10, 13, 17, 20, 23, 27, 30, 34, 37, 40, 44, 47, 51, 54, 58]","[68.90000003576279, 234.70000004768372, 402.4000000357628, 600.8000000119209, 766.8000000119209, 1001.0, 1200.4000000357628, 1338.0, 1571.2000000476837, 1734.800000011921, 1939.0, 2068.900000035763, 2274.300000011921, 2410.100000023842, 2568.900000035763, 2699.800000011921, 2805.7000000476837, 3004.400000035763]",U,17,d89a03e03dff4c9ae9167a8dc6d12b45d0c3303caa80c6384519ad49b6561917,train
1622,rithika,U,3,U_orient3,41,1,rithika/U/orient3/tilt_forward_neutral_1/landmarks_trimmed.json,58,58,18,"[0, 3, 6, 10, 13, 16, 20, 23, 26, 30, 33, 36, 40, 43, 46, 50, 53, 57]","[65.19999998807907, 230.30000001192093, 365.30000001192093, 566.5, 727.1999999880791, 904.4000000357628, 1060.800000011921, 1239.699999988079, 1400.1000000238419, 1632.199999988079, 1799.699999988079, 1933.199999988079, 2165.699999988079, 2364.300000011921, 2563.100000023842, 2766.5, 2871.699999988079, 3033.699999988079]",U,17,f57cc159bfd41af7e3321140c9455b63213be932df7604f2b6e638483305f343,train
1623,rithika,U,3,U_orient3,41,2,rithika/U/orient3/tilt_forward_neutral_2/landmarks_trimmed.json,59,59,18,"[0, 3, 6, 10, 13, 17, 20, 23, 27, 30, 34, 37, 40, 44, 47, 51, 54, 58]","[62.5, 163.80000001192093, 333.4000000357628, 532.8000000119209, 699.1999999880791, 931.1999999880791, 1099.300000011921, 1231.699999988079, 1465.800000011921, 1662.300000011921, 1866.800000011921, 1966.9000000357628, 2130.699999988079, 2330.600000023842, 2530.900000035763, 2764.199999988079, 2897.300000011921, 3003.5]",U,17,c0427f193767fa35b224f6156c18ee273704a053c9e632cfacae0a71e8048ba0,train
1624,rithika,U,3,U_orient3,41,1,rithika/U/orient3/tilt_forward_toward_1/landmarks_trimmed.json,60,60,18,"[0, 3, 6, 10, 13, 17, 20, 24, 27, 31, 34, 38, 41, 45, 48, 52, 55, 59]","[68.70000004768372, 229.30000001192093, 361.7000000476837, 496.2000000476837, 699.4000000357628, 826.3000000119209, 995.7000000476837, 1230.0, 1395.800000011921, 1631.2000000476837, 1799.5, 1955.7000000476837, 2095.0, 2294.7000000476837, 2499.300000011921, 2695.300000011921, 2862.300000011921, 3029.800000011921]",U,17,e983eb49b74abdca5153e74906acb0aac6ac7f65b809e6d9cb248c9dc5926c46,validation
1625,rithika,U,3,U_orient3,41,1,rithika/U/orient3/tilt_neutral_away_1/landmarks_trimmed.json,82,82,18,"[0, 4, 9, 14, 19, 23, 28, 33, 38, 42, 47, 52, 57, 61, 66, 71, 76, 81]","[34.60000002384186, 166.80000001192093, 400.69999998807907, 568.6000000238419, 765.6000000238419, 967.0, 1134.300000011921, 1334.1000000238419, 1535.3999999761581, 1665.1000000238419, 1835.199999988079, 1999.6000000238419, 2168.5, 2302.399999976158, 2536.199999988079, 2702.399999976158, 2838.800000011921, 3003.300000011921]",U,17,69e2e0157df633c05933bfdd0aa0d12b9eca5100451b1d01afd0a2bf5f63f5cd,train
1626,rithika,U,3,U_orient3,41,1,rithika/U/orient3/tilt_neutral_neutral_1/landmarks_trimmed.json,65,65,18,"[0, 3, 7, 11, 15, 18, 22, 26, 30, 33, 37, 41, 45, 48, 52, 56, 60, 64]","[34.09999996423721, 169.80000001192093, 331.89999997615814, 505.0, 666.8000000119209, 834.1999999880791, 999.3999999761581, 1200.0, 1401.0, 1571.199999988079, 1771.0, 1965.300000011921, 2206.300000011921, 2329.800000011921, 2532.300000011921, 2641.699999988079, 2858.599999964237, 3037.0]",U,17,c8e33ab0554b160f7a2c9d2bf7c82660b5641e5fa5ec2a1847d43ae4dca0eddf,train
1627,rithika,U,3,U_orient3,41,2,rithika/U/orient3/tilt_neutral_neutral_2/landmarks_trimmed.json,58,58,18,"[0, 3, 6, 10, 13, 16, 20, 23, 26, 30, 33, 36, 40, 43, 46, 50, 53, 57]","[60.90000003576279, 162.80000001192093, 296.30000001192093, 430.0, 561.8000000119209, 662.6000000238419, 1062.7000000476837, 1398.5, 1561.9000000357628, 1799.1000000238419, 1893.0, 1995.1000000238419, 2195.400000035763, 2296.0, 2431.2000000476837, 2595.600000023842, 2694.7000000476837, 3004.7000000476837]",U,17,c6fcf5b66f719a1db7ebe9ad468dbc834e9343b5694664f4bc54533a1e025de7,train
1628,rithika,U,3,U_orient3,41,1,rithika/U/orient3/tilt_neutral_toward_1/landmarks_trimmed.json,60,60,18,"[0, 3, 6, 10, 13, 17, 20, 24, 27, 31, 34, 38, 41, 45, 48, 52, 55, 59]","[33.80000001192093, 204.19999998807907, 297.19999998807907, 534.8999999761581, 699.3999999761581, 966.5999999642372, 1164.5999999642372, 1434.0, 1565.800000011921, 1767.699999988079, 1902.5, 2133.399999976158, 2299.300000011921, 2498.399999976158, 2631.5, 2801.899999976158, 2899.300000011921, 3024.800000011921]",U,17,01bd2c1734d788bb364066a95eed7e24db73cf273ad8bffba862cacc007e6883,train
1629,rithika,V,1,V_orient1,42,1,rithika/V/orient1/tilt_back_away_1/landmarks_trimmed.json,90,90,18,"[0, 5, 10, 15, 20, 26, 31, 36, 41, 47, 52, 57, 62, 68, 73, 78, 83, 89]","[34.0, 198.0999999642372, 364.0999999642372, 530.8999999761581, 694.5, 896.6999999880791, 1060.8999999761581, 1230.7999999523163, 1396.199999988079, 1626.5999999642372, 1797.2999999523163, 1963.199999988079, 2127.099999964237, 2330.2999999523163, 2496.699999988079, 2662.599999964237, 2830.5, 3026.599999964237]",V,18,16e0c5a773743ac6fff2b2259e7a90fd62a33d153d2eefc7b896fb097c04c9fc,train
1630,rithika,V,1,V_orient1,42,1,rithika/V/orient1/tilt_back_neutral_1/landmarks_trimmed.json,71,71,18,"[0, 4, 8, 12, 16, 20, 24, 28, 32, 37, 41, 45, 49, 53, 57, 61, 65, 70]","[34.60000002384186, 205.19999998807907, 364.80000001192093, 499.0, 672.9000000357628, 895.0, 1033.5, 1226.9000000357628, 1436.800000011921, 1629.5, 1804.9000000357628, 1933.699999988079, 2092.800000011921, 2333.5, 2443.100000023842, 2660.699999988079, 2831.900000035763, 3033.199999988079]",V,18,9ee6fbed929b67a36a07db26d464dabe97a78224cebad1aebe95b0076c7ee132,train
1631,rithika,V,1,V_orient1,42,2,rithika/V/orient1/tilt_back_neutral_2/landmarks_trimmed.json,78,78,18,"[0, 4, 9, 13, 18, 22, 27, 31, 36, 40, 45, 49, 54, 58, 63, 67, 72, 77]","[33.19999998807907, 166.0999999642372, 364.5, 530.8999999761581, 729.0999999642372, 963.2999999523163, 1131.699999988079, 1296.8999999761581, 1498.7999999523163, 1632.5999999642372, 1832.699999988079, 1966.2999999523163, 2165.2999999523163, 2298.199999988079, 2466.199999988079, 2631.399999976158, 2832.599999964237, 3032.7999999523163]",V,18,d7a837b07fb5acf1e323f77034e4057371b3f1a4ecdfe9229494c56eeb58297e,train
1632,rithika,V,1,V_orient1,42,1,rithika/V/orient1/tilt_back_toward_1/landmarks_trimmed.json,59,59,18,"[0, 3, 6, 10, 13, 17, 20, 23, 27, 30, 34, 37, 40, 44, 47, 51, 54, 58]","[57.80000001192093, 132.9000000357628, 326.4000000357628, 534.3000000119209, 697.3000000119209, 898.0, 1100.800000011921, 1261.1000000238419, 1466.1000000238419, 1627.199999988079, 1831.0, 1965.800000011921, 2131.0, 2365.199999988079, 2565.300000011921, 2797.900000035763, 2872.699999988079, 3031.199999988079]",V,18,07288a63d08df85fc19589a47f10b5a35320d1731ecedf6cf7d5b02a8f36503c,validation
1633,rithika,V,1,V_orient1,42,1,rithika/V/orient1/tilt_forward_neutral_1/landmarks_trimmed.json,62,62,18,"[0, 3, 7, 10, 14, 17, 21, 25, 28, 32, 35, 39, 43, 46, 50, 53, 57, 61]","[32.89999997615814, 198.5, 398.2999999523163, 532.5999999642372, 733.0, 865.5, 998.8999999761581, 1132.7999999523163, 1232.8999999761581, 1366.0, 1463.0, 1599.0, 1733.0, 1996.5999999642372, 2165.899999976158, 2265.7999999523163, 2399.2999999523163, 2529.599999964237]",V,18,1af7def8a6e0d634d586d883953e1a5ed70f528161455752b0ab3409bdf6162e,train
1634,rithika,V,1,V_orient1,42,1,rithika/V/orient1/tilt_forward_toward_1/landmarks_trimmed.json,60,60,18,"[0, 3, 6, 10, 13, 17, 20, 24, 27, 31, 34, 38, 41, 45, 48, 52, 55, 59]","[64.80000001192093, 165.10000002384186, 299.19999998807907, 430.0, 597.8000000119209, 796.8999999761581, 996.0, 1167.1000000238419, 1329.800000011921, 1598.5, 1733.199999988079, 1964.800000011921, 2166.300000011921, 2298.0, 2497.600000023842, 2763.899999976158, 2896.5, 3031.5]",V,18,7e21b653512f26f45673fc4be8217d6280ce13caced7cb79a09d419fc71b7a8d,train
1635,rithika,V,1,V_orient1,42,1,rithika/V/orient1/tilt_neutral_away_1/landmarks_trimmed.json,87,87,18,"[0, 5, 10, 15, 20, 25, 30, 35, 40, 45, 50, 55, 60, 65, 70, 75, 80, 86]","[65.69999998807907, 262.5, 431.89999997615814, 599.1000000238419, 762.1000000238419, 966.3999999761581, 1132.5, 1299.6000000238419, 1499.300000011921, 1667.199999988079, 1832.199999988079, 2000.0, 2166.100000023842, 2331.5, 2498.0, 2664.5, 2832.399999976158, 3032.800000011921]",V,18,425e0afba9b859be2a8db6ab2965eff0a2bca29565be438a796eaccaf3347b3f,train
1636,rithika,V,1,V_orient1,42,1,rithika/V/orient1/tilt_neutral_neutral_1/landmarks_trimmed.json,61,61,18,"[0, 3, 7, 10, 14, 17, 21, 24, 28, 31, 35, 38, 42, 45, 49, 52, 56, 60]","[33.69999998807907, 202.10000002384186, 399.5, 531.8999999761581, 733.8999999761581, 901.5, 1136.0, 1302.199999988079, 1466.1000000238419, 1631.0, 1835.8999999761581, 1960.8999999761581, 2199.0, 2362.0, 2599.5, 2707.199999988079, 2898.300000011921, 3031.800000011921]",V,18,7658cd18d0b5d6b43843c43c1303eef9e6fcf5f3f6e76373f9a7f17daf6d092c,train
1637,rithika,V,1,V_orient1,42,2,rithika/V/orient1/tilt_neutral_neutral_2/landmarks_trimmed.json,65,65,18,"[0, 3, 7, 11, 15, 18, 22, 26, 30, 33, 37, 41, 45, 48, 52, 56, 60, 64]","[35.89999997615814, 233.5999999642372, 400.69999998807907, 600.8000000119209, 833.1999999880791, 1033.5999999642372, 1234.0, 1433.3999999761581, 1633.3999999761581, 1800.5999999642372, 1969.0, 2102.800000011921, 2303.199999988079, 2468.0, 2575.099999964237, 2707.300000011921, 2838.5, 3001.399999976158]",V,18,6e71c1a05c0c97c3d774b7e1a7389f18a63e953e30f2a8f7642935264c2a908d,train
1638,rithika,V,2,V_orient2,43,1,rithika/V/orient2/tilt_back_away_1/landmarks_trimmed.json,62,62,18,"[0, 3, 7, 10, 14, 17, 21, 25, 28, 32, 35, 39, 43, 46, 50, 53, 57, 61]","[33.90000003576279, 200.0, 401.0, 530.5, 767.2000000476837, 898.1000000238419, 1097.1000000238419, 1296.9000000357628, 1467.1000000238419, 1667.5, 1763.300000011921, 2001.6000000238419, 2232.100000023842, 2398.2000000476837, 2601.7000000476837, 2674.100000023842, 2838.900000035763, 3001.100000023842]",V,18,49cdee4c04006c2169ac0eca9351eb4fad3747bf5351be4f1b1e91c34b3bbdf9,train
1639,rithika,V,2,V_orient2,43,1,rithika/V/orient2/tilt_back_neutral_1/landmarks_trimmed.json,57,57,18,"[0, 3, 6, 9, 13, 16, 19, 23, 26, 29, 32, 36, 39, 42, 46, 49, 52, 56]","[64.69999998807907, 198.39999997615814, 329.0, 495.69999998807907, 696.3000000119209, 863.0, 1023.3000000119209, 1227.0999999642372, 1392.0, 1595.3999999761581, 1792.5, 1994.699999988079, 2163.599999964237, 2284.800000011921, 2532.099999964237, 2663.5, 2831.300000011921, 3029.300000011921]",V,18,54a6c82747e9fca513528a13fdbbb4ffa9846ed99dc7dee20190cb56dd5b4d88,test
1640,rithika,V,2,V_orient2,43,2,rithika/V/orient2/tilt_back_neutral_2/landmarks_trimmed.json,58,58,18,"[0, 3, 6, 10, 13, 16, 20, 23, 26, 30, 33, 36, 40, 43, 46, 50, 53, 57]","[67.80000001192093, 165.89999997615814, 330.5, 596.5, 798.1000000238419, 964.1000000238419, 1162.5, 1296.199999988079, 1465.300000011921, 1697.3999999761581, 1866.8999999761581, 1997.5, 2163.699999988079, 2365.300000011921, 2532.399999976158, 2801.0, 2898.699999988079, 3030.100000023842]",V,18,30962801e27aacf845f0813081ed07e3d154d0aff5243f46bcf45b9aafd15ae1,train
1641,rithika,V,2,V_orient2,43,1,rithika/V/orient2/tilt_back_toward_1/landmarks_trimmed.json,64,64,18,"[0, 3, 7, 11, 14, 18, 22, 25, 29, 33, 37, 40, 44, 48, 51, 55, 59, 63]","[33.30000001192093, 175.89999997615814, 398.30000001192093, 574.6000000238419, 704.6999999880791, 908.8000000119209, 1066.6000000238419, 1245.800000011921, 1471.300000011921, 1647.1000000238419, 1798.8999999761581, 1881.699999988079, 2079.0, 2244.199999988079, 2410.199999988079, 2634.399999976158, 2808.399999976158, 3005.800000011921]",V,18,61d93a73f74bae8a29a4e13369542c9d2c6130b1d3953ee7f682402b653f7579,train
1642,rithika,V,2,V_orient2,43,1,rithika/V/orient2/tilt_forward_away_1/landmarks_trimmed.json,55,55,18,"[0, 3, 6, 9, 12, 15, 19, 22, 25, 28, 31, 34, 38, 41, 44, 47, 50, 54]","[64.89999997615814, 201.89999997615814, 368.10000002384186, 532.3999999761581, 731.1999999880791, 932.8999999761581, 1129.6000000238419, 1293.6000000238419, 1502.3999999761581, 1633.8999999761581, 1834.300000011921, 2032.199999988079, 2300.600000023842, 2468.300000011921, 2600.300000011921, 2740.199999988079, 2865.399999976158, 3036.600000023842]",V,18,ed0f1d084b061dadb41b6ce278d83079127c126de37a60d3dc2bb743c7a7947e,validation
1643,rithika,V,2,V_orient2,43,1,rithika/V/orient2/tilt_forward_neutral_1/landmarks_trimmed.json,61,61,18,"[0, 3, 7, 10, 14, 17, 21, 24, 28, 31, 35, 38, 42, 45, 49, 52, 56, 60]","[75.5, 243.0, 407.4000000357628, 539.6000000238419, 701.6000000238419, 869.6999999880791, 1038.1000000238419, 1161.6000000238419, 1438.300000011921, 1668.6000000238419, 1939.699999988079, 2069.699999988079, 2234.400000035763, 2343.800000011921, 2562.400000035763, 2640.0, 2841.199999988079, 3004.800000011921]",V,18,a95dc0ab4f6035bd351c25c5e7c821dfc57929cd6551e9d2b2805f1070997565,test
1644,rithika,V,2,V_orient2,43,2,rithika/V/orient2/tilt_forward_neutral_2/landmarks_trimmed.json,78,78,18,"[0, 4, 9, 13, 18, 22, 27, 31, 36, 40, 45, 49, 54, 58, 63, 67, 72, 77]","[33.19999998807907, 165.4000000357628, 330.4000000357628, 462.80000001192093, 663.5, 826.1999999880791, 1095.699999988079, 1232.0, 1428.4000000357628, 1563.5, 1729.0, 1863.1000000238419, 2063.0, 2232.0, 2564.900000035763, 2698.100000023842, 2863.5, 3025.400000035763]",V,18,fafdc71c3938b97571e4aed5d13868b493a3ed196dc9465a02094ffe8f4d2dc2,train
1645,rithika,V,2,V_orient2,43,1,rithika/V/orient2/tilt_forward_toward_1/landmarks_trimmed.json,80,80,18,"[0, 4, 9, 13, 18, 23, 27, 32, 37, 41, 46, 51, 55, 60, 65, 69, 74, 79]","[62.60000002384186, 166.0, 331.10000002384186, 529.2000000476837, 831.9000000357628, 996.4000000357628, 1129.9000000357628, 1330.0, 1494.7000000476837, 1627.9000000357628, 1795.4000000357628, 2032.9000000357628, 2159.400000035763, 2330.2000000476837, 2497.400000035763, 2695.600000023842, 2862.400000035763, 3029.300000011921]",V,18,949553d68f7c62d7463180f1cb2547d4dcf00ef499d6f86b1482b1f55755b4e8,train
1646,rithika,V,2,V_orient2,43,1,rithika/V/orient2/tilt_neutral_away_1/landmarks_trimmed.json,85,85,18,"[0, 4, 9, 14, 19, 24, 29, 34, 39, 44, 49, 54, 59, 64, 69, 74, 79, 84]","[33.5, 165.89999997615814, 333.19999998807907, 567.6999999880791, 732.0, 899.8000000119209, 1064.3999999761581, 1232.6000000238419, 1398.800000011921, 1634.6000000238419, 1798.199999988079, 1965.8999999761581, 2172.5, 2365.300000011921, 2532.800000011921, 2698.399999976158, 2866.0, 3040.0]",V,18,15b99c7fde16733858712ae70371aacf26272318a52aa384f670b5a082adfa41,train
1647,rithika,V,2,V_orient2,43,1,rithika/V/orient2/tilt_neutral_neutral_1/landmarks_trimmed.json,59,59,18,"[0, 3, 6, 10, 13, 17, 20, 23, 27, 30, 34, 37, 40, 44, 47, 51, 54, 58]","[94.19999998807907, 198.60000002384186, 328.5, 528.6000000238419, 697.3000000119209, 897.4000000357628, 1096.0, 1227.4000000357628, 1420.699999988079, 1598.1000000238419, 1751.6000000238419, 1932.5, 2086.0, 2331.100000023842, 2461.699999988079, 2688.199999988079, 2827.699999988079, 3027.900000035763]",V,18,00f29b27d420802c082aac374f0809a5eff0c9bc9f8d82c1c60fa62018ad8446,test
1648,rithika,V,2,V_orient2,43,2,rithika/V/orient2/tilt_neutral_neutral_2/landmarks_trimmed.json,62,62,18,"[0, 3, 7, 10, 14, 17, 21, 25, 28, 32, 35, 39, 43, 46, 50, 53, 57, 61]","[63.69999998807907, 163.30000001192093, 264.30000001192093, 429.19999998807907, 624.5, 693.8999999761581, 926.6000000238419, 1128.1000000238419, 1296.199999988079, 1531.5, 1624.1000000238419, 1856.300000011921, 2096.5, 2226.0, 2422.699999988079, 2566.300000011921, 2762.100000023842, 3031.699999988079]",V,18,21db891038bd09c73b189b3217f4f224b46dfd98d78596da2d3fe92ae1e9d2c7,train
1649,rithika,V,2,V_orient2,43,1,rithika/V/orient2/tilt_neutral_toward_1/landmarks_trimmed.json,72,72,18,"[0, 4, 8, 12, 16, 20, 25, 29, 33, 37, 41, 45, 50, 54, 58, 62, 66, 71]","[66.80000001192093, 198.5, 332.39999997615814, 496.10000002384186, 670.8000000119209, 825.5, 1063.3999999761581, 1237.0, 1392.800000011921, 1568.6000000238419, 1734.699999988079, 1862.300000011921, 2128.899999976158, 2331.0, 2495.899999976158, 2665.199999988079, 2772.300000011921, 3028.300000011921]",V,18,0c37aa6b45fd73b4b16bd5d8c88608b60e7c45bfb375ac6d9fe05b4f28ed9718,validation
1650,rithika,V,3,V_orient3,44,1,rithika/V/orient3/tilt_back_away_1/landmarks_trimmed.json,47,47,18,"[0, 2, 5, 8, 10, 13, 16, 18, 21, 24, 27, 29, 32, 35, 37, 40, 43, 46]","[64.60000002384186, 166.80000001192093, 537.6999999880791, 1268.800000011921, 1369.1000000238419, 1535.699999988079, 1702.9000000357628, 1798.0, 2003.300000011921, 2134.699999988079, 2332.600000023842, 2433.600000023842, 2531.900000035763, 2608.300000011921, 2674.100000023842, 2801.300000011921, 2871.300000011921, 3003.0]",V,18,50f8f1a76944f19482fc632c1a25718ef1b480f0d4c940bdb77e06a0fc21fcb9,validation
1651,rithika,V,3,V_orient3,44,1,rithika/V/orient3/tilt_back_neutral_1/landmarks_trimmed.json,57,57,18,"[0, 3, 6, 9, 13, 16, 19, 23, 26, 29, 32, 36, 39, 42, 46, 49, 52, 56]","[65.80000001192093, 201.69999998807907, 365.80000001192093, 499.30000001192093, 694.1999999880791, 832.6000000238419, 1029.4000000357628, 1202.9000000357628, 1364.199999988079, 1563.1000000238419, 1731.199999988079, 1999.1000000238419, 2200.699999988079, 2366.5, 2541.800000011921, 2725.100000023842, 2868.600000023842, 3022.400000035763]",V,18,e29ac3e5050864cf964bcfa9c26507cd85b782beaf1d2789f524b43f792a9b21,train
1652,rithika,V,3,V_orient3,44,2,rithika/V/orient3/tilt_back_neutral_2/landmarks_trimmed.json,56,56,18,"[0, 3, 6, 9, 12, 16, 19, 22, 25, 29, 32, 35, 38, 42, 45, 48, 51, 55]","[63.10000002384186, 165.69999998807907, 299.60000002384186, 497.19999998807907, 628.6999999880791, 793.4000000357628, 997.9000000357628, 1091.699999988079, 1289.0, 1495.9000000357628, 1627.199999988079, 1798.6000000238419, 1929.9000000357628, 2162.199999988079, 2427.199999988079, 2597.199999988079, 2761.699999988079, 3028.800000011921]",V,18,a6a6db5e0f32bad1cbb233f79c54d4935c8622ae5516e3eeabcb90f976231d22,train
1653,rithika,V,3,V_orient3,44,1,rithika/V/orient3/tilt_back_toward_1/landmarks_trimmed.json,65,65,18,"[0, 3, 7, 11, 15, 18, 22, 26, 30, 33, 37, 41, 45, 48, 52, 56, 60, 64]","[70.79999995231628, 198.29999995231628, 372.0, 569.0999999642372, 695.6999999880791, 902.2999999523163, 1028.2999999523163, 1261.7999999523163, 1437.2999999523163, 1629.0, 1804.2999999523163, 1990.0999999642372, 2200.699999988079, 2364.5, 2556.399999976158, 2674.199999988079, 2870.0, 3004.199999988079]",V,18,ae1985e46cec822d38f70afcd98654e65d4337c8a72f16e051c51bfb9491affe,test
1654,rithika,V,3,V_orient3,44,1,rithika/V/orient3/tilt_forward_away_1/landmarks_trimmed.json,64,64,18,"[0, 3, 7, 11, 14, 18, 22, 25, 29, 33, 37, 40, 44, 48, 51, 55, 59, 63]","[266.19999998807907, 432.10000002384186, 566.1999999880791, 700.0, 832.5, 965.8999999761581, 1099.0, 1233.3999999761581, 1399.8999999761581, 1533.6000000238419, 1766.8999999761581, 1866.0, 1999.0, 2132.899999976158, 2266.800000011921, 2433.300000011921, 2699.899999976158, 2933.300000011921]",V,18,dd46b2d42a6290c0525e68bd946e5d8e06bbcc86dc868b0d70f510f5bce847c3,validation
1655,rithika,V,3,V_orient3,44,1,rithika/V/orient3/tilt_forward_neutral_1/landmarks_trimmed.json,55,55,18,"[0, 3, 6, 9, 12, 15, 19, 22, 25, 28, 31, 34, 38, 41, 44, 47, 50, 54]","[66.30000001192093, 266.60000002384186, 466.5, 663.3999999761581, 867.6000000238419, 1031.699999988079, 1260.3999999761581, 1435.3999999761581, 1567.6000000238419, 1727.199999988079, 1934.5, 2101.600000023842, 2301.600000023842, 2432.0, 2602.600000023842, 2706.600000023842, 2839.5, 3001.0]",V,18,b3bd671f93e9aeaf52455232e0e66f29a9dfa3c8fb38ea88d2beba8e57d622ff,train
1656,rithika,V,3,V_orient3,44,2,rithika/V/orient3/tilt_forward_neutral_2/landmarks_trimmed.json,51,51,18,"[0, 2, 5, 8, 11, 14, 17, 20, 23, 26, 29, 32, 35, 38, 41, 44, 47, 50]","[195.39999997615814, 268.5999999642372, 663.3000000119209, 905.3999999761581, 1067.5999999642372, 1228.3999999761581, 1398.699999988079, 1565.3999999761581, 1695.3999999761581, 1898.8999999761581, 2065.699999988079, 2199.0, 2329.399999976158, 2500.300000011921, 2631.0, 2765.599999964237, 2872.399999976158, 3004.300000011921]",V,18,53eacd5a4d63a53c9052ea9e54dafb61cfcbcde0b01bf9bf03774ecf9acb657d,train
1657,rithika,V,3,V_orient3,44,1,rithika/V/orient3/tilt_forward_toward_1/landmarks_trimmed.json,60,60,18,"[0, 3, 6, 10, 13, 17, 20, 24, 27, 31, 34, 38, 41, 45, 48, 52, 55, 59]","[68.19999998807907, 232.80000001192093, 399.30000001192093, 628.6999999880791, 801.1000000238419, 966.5, 1131.699999988079, 1399.9000000357628, 1521.4000000357628, 1770.199999988079, 1902.699999988079, 2132.300000011921, 2298.300000011921, 2536.0, 2628.699999988079, 2798.100000023842, 2872.0, 3031.400000035763]",V,18,2647a9d48c686cc9cebb9479ecf52de9d6ad47733b04e3fe5f1d2d05540e14fb,train
1658,rithika,V,3,V_orient3,44,1,rithika/V/orient3/tilt_neutral_away_1/landmarks_trimmed.json,86,86,18,"[0, 5, 10, 15, 20, 25, 30, 35, 40, 45, 50, 55, 60, 65, 70, 75, 80, 85]","[33.299999952316284, 198.79999995231628, 363.19999998807907, 529.1999999880791, 697.0999999642372, 862.6999999880791, 1031.5, 1262.8999999761581, 1428.5, 1597.5999999642372, 1762.5, 1929.199999988079, 2096.2999999523163, 2265.5, 2494.199999988079, 2695.2999999523163, 2862.099999964237, 3032.5]",V,18,9f67a27f1bd2e4b7dac48a6dff79dbc3e78c638cb856f2cacb5d986a6c9552df,train
1659,rithika,V,3,V_orient3,44,1,rithika/V/orient3/tilt_neutral_neutral_1/landmarks_trimmed.json,66,66,18,"[0, 3, 7, 11, 15, 19, 22, 26, 30, 34, 38, 42, 45, 49, 53, 57, 61, 65]","[33.60000002384186, 214.20000004768372, 373.5, 579.1000000238419, 740.1000000238419, 901.5, 1074.7000000476837, 1247.6000000238419, 1403.4000000357628, 1551.5, 1741.7000000476837, 1882.1000000238419, 2046.1000000238419, 2212.100000023842, 2377.100000023842, 2574.400000035763, 2775.800000011921, 3037.800000011921]",V,18,c75b429d399240457042995f345649f0ea74af8c04e45186a7a832ed814c2ed0,train
1660,rithika,V,3,V_orient3,44,2,rithika/V/orient3/tilt_neutral_neutral_2/landmarks_trimmed.json,55,55,18,"[0, 3, 6, 9, 12, 15, 19, 22, 25, 28, 31, 34, 38, 41, 44, 47, 50, 54]","[63.40000003576279, 166.4000000357628, 295.10000002384186, 396.69999998807907, 595.9000000357628, 762.1999999880791, 960.6999999880791, 1127.4000000357628, 1295.5, 1462.9000000357628, 1663.6000000238419, 1830.300000011921, 2128.699999988079, 2329.5, 2497.0, 2687.199999988079, 2829.900000035763, 3025.600000023842]",V,18,c2f662d42b29c620588b21be61f65a063ad5322b2c2380e1d879f631513fd79b,train
1661,rithika,V,3,V_orient3,44,1,rithika/V/orient3/tilt_neutral_toward_1/landmarks_trimmed.json,63,63,18,"[0, 3, 7, 10, 14, 18, 21, 25, 29, 32, 36, 40, 43, 47, 51, 54, 58, 62]","[33.40000003576279, 132.80000001192093, 304.60000002384186, 430.10000002384186, 562.6000000238419, 694.8000000119209, 795.9000000357628, 929.4000000357628, 1062.6000000238419, 1163.1000000238419, 1294.7000000476837, 1431.6000000238419, 1590.0, 1730.800000011921, 2164.2000000476837, 2295.400000035763, 2430.600000023842, 2696.2000000476837]",V,18,11e04672eb64a84ac6656c8d5de0b2c245290bad42c4848c0a241b7c804a7426,train
1662,rithika,W,1,W_orient1,45,1,rithika/W/orient1/tilt_back_neutral_1/landmarks_trimmed.json,56,56,18,"[0, 3, 6, 9, 12, 16, 19, 22, 25, 29, 32, 35, 38, 42, 45, 48, 51, 55]","[61.30000001192093, 168.5, 333.7000000476837, 465.7000000476837, 764.6000000238419, 965.6000000238419, 1165.9000000357628, 1334.800000011921, 1502.1000000238419, 1699.2000000476837, 1867.300000011921, 2100.400000035763, 2232.100000023842, 2434.100000023842, 2567.100000023842, 2641.300000011921, 2796.2000000476837, 3004.2000000476837]",W,19,0d06a36464b38f39fcc02b373318d8f054ff89b0a9266c1396eacd84802ffd24,train
1663,rithika,W,1,W_orient1,45,2,rithika/W/orient1/tilt_back_neutral_2/landmarks_trimmed.json,38,38,18,"[0, 2, 4, 6, 8, 10, 13, 15, 17, 19, 21, 23, 26, 28, 30, 32, 34, 37]","[65.60000002384186, 533.6999999880791, 634.1000000238419, 768.5, 866.1999999880791, 1363.8999999761581, 1966.300000011921, 2033.6000000238419, 2200.399999976158, 2299.300000011921, 2431.699999988079, 2564.399999976158, 2669.300000011921, 2706.600000023842, 2773.600000023842, 2839.100000023842, 2905.699999988079, 3032.399999976158]",W,19,f2046a38b5600dc264adcb914c3e6ada5e1e2434021079a6a2f96b4752a97678,train
1664,rithika,W,1,W_orient1,45,1,rithika/W/orient1/tilt_back_toward_1/landmarks_trimmed.json,49,49,18,"[0, 2, 5, 8, 11, 14, 16, 19, 22, 25, 28, 31, 33, 36, 39, 42, 45, 48]","[33.60000002384186, 363.10000002384186, 563.1000000238419, 831.3000000119209, 1066.6000000238419, 1162.699999988079, 1264.300000011921, 1395.699999988079, 1496.9000000357628, 1633.800000011921, 1764.6000000238419, 1995.1000000238419, 2132.100000023842, 2265.100000023842, 2398.900000035763, 2730.699999988079, 2893.699999988079, 2970.5]",W,19,38bbdc4540dc64a569cb07bff77b411cd1f34f7523c51017d767f7a3220f401e,validation
1665,rithika,W,1,W_orient1,45,1,rithika/W/orient1/tilt_forward_away_1/landmarks_trimmed.json,60,60,18,"[0, 3, 6, 10, 13, 17, 20, 24, 27, 31, 34, 38, 41, 45, 48, 52, 55, 59]","[34.0, 203.19999998807907, 330.60000002384186, 566.6999999880791, 766.8000000119209, 965.5, 1166.800000011921, 1438.0, 1600.0, 1799.5, 1967.8999999761581, 2166.399999976158, 2336.300000011921, 2500.0, 2634.5, 2739.899999976158, 2868.800000011921, 3034.199999988079]",W,19,0e0d4cee3ea925c8f90819e1e21357d7576366ecdf2fb603a29b75828ee7e0a9,test
1666,rithika,W,1,W_orient1,45,1,rithika/W/orient1/tilt_forward_neutral_1/landmarks_trimmed.json,61,61,18,"[0, 3, 7, 10, 14, 17, 21, 24, 28, 31, 35, 38, 42, 45, 49, 52, 56, 60]","[65.19999998807907, 199.9000000357628, 330.19999998807907, 534.1999999880791, 699.4000000357628, 862.6000000238419, 1034.5, 1221.5, 1401.1000000238419, 1554.699999988079, 1763.199999988079, 1887.0, 2094.400000035763, 2263.5, 2467.900000035763, 2630.699999988079, 2862.100000023842, 3004.100000023842]",W,19,b7142dcc615cca53ae68e81317c7636f8948ddd0933a21b9535329536033e5e3,train
1667,rithika,W,1,W_orient1,45,2,rithika/W/orient1/tilt_forward_neutral_2/landmarks_trimmed.json,59,59,18,"[0, 3, 6, 10, 13, 17, 20, 23, 27, 30, 34, 37, 40, 44, 47, 51, 54, 58]","[71.20000004768372, 201.30000001192093, 370.7000000476837, 602.8000000119209, 768.3000000119209, 1003.5, 1166.800000011921, 1334.4000000357628, 1569.2000000476837, 1769.4000000357628, 1999.5, 2205.2000000476837, 2302.2000000476837, 2430.5, 2568.900000035763, 2674.100000023842, 2806.900000035763, 3003.400000035763]",W,19,29cfbd0b164a1fb33f28b67092df25e5a28caa8d25c0b083663a19343b254cc3,train
1668,rithika,W,1,W_orient1,45,1,rithika/W/orient1/tilt_forward_toward_1/landmarks_trimmed.json,52,52,18,"[0, 3, 6, 9, 12, 15, 18, 21, 24, 27, 30, 33, 36, 39, 42, 45, 48, 51]","[33.80000001192093, 296.19999998807907, 500.80000001192093, 765.5, 1003.6999999880791, 1133.1000000238419, 1229.300000011921, 1437.800000011921, 1603.699999988079, 1766.300000011921, 1936.3999999761581, 2164.899999976158, 2331.300000011921, 2464.199999988079, 2666.199999988079, 2740.399999976158, 2900.699999988079, 3004.100000023842]",W,19,852e6d43710b8c434ca632a216857fedb23291480466b2c8dc944567e4b942cd,train
1669,rithika,W,1,W_orient1,45,1,rithika/W/orient1/tilt_neutral_away_1/landmarks_trimmed.json,53,53,18,"[0, 3, 6, 9, 12, 15, 18, 21, 24, 27, 30, 33, 36, 39, 42, 45, 48, 52]","[60.5, 163.69999998807907, 297.19999998807907, 426.10000002384186, 533.6000000238419, 698.5, 828.6999999880791, 1028.1000000238419, 1229.0, 1562.1000000238419, 1728.9000000357628, 1896.699999988079, 2063.0, 2197.400000035763, 2361.400000035763, 2560.600000023842, 2761.5, 3027.699999988079]",W,19,e645b888ede96e7bd15f79398239c9c30a60350f987caec33ce5594ec0e936de,train
1670,rithika,W,1,W_orient1,45,1,rithika/W/orient1/tilt_neutral_neutral_1/landmarks_trimmed.json,76,76,18,"[0, 4, 8, 13, 17, 22, 26, 30, 35, 39, 44, 48, 52, 57, 61, 66, 70, 75]","[33.69999998807907, 167.10000002384186, 299.10000002384186, 499.60000002384186, 665.8000000119209, 832.5, 965.6000000238419, 1096.800000011921, 1332.699999988079, 1499.300000011921, 1762.3999999761581, 1899.699999988079, 2062.100000023842, 2231.199999988079, 2466.800000011921, 2695.199999988079, 2865.699999988079, 3003.600000023842]",W,19,797eeaa5b6b602504c82a021e3770516ed8f570118f7c0dfd5e0607554f70d3c,train
1671,rithika,W,1,W_orient1,45,2,rithika/W/orient1/tilt_neutral_neutral_2/landmarks_trimmed.json,90,90,18,"[0, 5, 10, 15, 20, 26, 31, 36, 41, 47, 52, 57, 62, 68, 73, 78, 83, 89]","[33.10000002384186, 198.10000002384186, 366.9000000357628, 533.1999999880791, 699.1999999880791, 899.8000000119209, 1066.800000011921, 1233.0, 1399.6000000238419, 1600.0, 1766.4000000357628, 1932.800000011921, 2097.5, 2300.400000035763, 2465.100000023842, 2633.300000011921, 2799.400000035763, 3000.300000011921]",W,19,61b7a73c0390dbe35f8a42b08a565e12409e8c0ab9f53bf4e827fc5452a470c3,train
1672,rithika,W,1,W_orient1,45,1,rithika/W/orient1/tilt_neutral_toward_1/landmarks_trimmed.json,55,55,18,"[0, 3, 6, 9, 12, 15, 19, 22, 25, 28, 31, 34, 38, 41, 44, 47, 50, 54]","[61.09999996423721, 132.80000001192093, 231.5, 361.5999999642372, 462.19999998807907, 627.8000000119209, 862.0, 1094.3999999761581, 1291.800000011921, 1495.3999999761581, 1693.3999999761581, 1860.5999999642372, 2127.300000011921, 2327.099999964237, 2462.5, 2628.300000011921, 2794.399999976158, 3060.199999988079]",W,19,536cbf2711555d72d0cc8beb83ccb3643da9b4917ff7e1bf002af003074f2be7,validation
1673,rithika,X,1,X_orient1,46,1,rithika/X/orient1/tilt_back_away_1/landmarks_trimmed.json,51,51,18,"[0, 2, 5, 8, 11, 14, 17, 20, 23, 26, 29, 32, 35, 38, 41, 44, 47, 50]","[33.5, 99.30000001192093, 232.30000001192093, 363.60000002384186, 531.5, 697.3999999761581, 830.3999999761581, 999.0, 1163.300000011921, 1329.0, 1499.5, 1627.699999988079, 1831.1000000238419, 2159.399999976158, 2365.100000023842, 2564.399999976158, 2754.899999976158, 3028.899999976158]",X,20,cedfdcd57f93875b80330f574c8f9832a843bcb99fdd72dd4daa1e08a7899ca0,train
1674,rithika,X,1,X_orient1,46,1,rithika/X/orient1/tilt_back_neutral_1/landmarks_trimmed.json,73,73,18,"[0, 4, 8, 12, 16, 21, 25, 29, 33, 38, 42, 46, 50, 55, 59, 63, 67, 72]","[33.09999996423721, 198.69999998807907, 397.0999999642372, 532.5999999642372, 696.3999999761581, 867.5, 1033.7999999523163, 1199.0, 1366.5999999642372, 1599.5, 1733.699999988079, 1898.5999999642372, 2032.0, 2232.699999988079, 2397.5, 2598.099999964237, 2797.699999988079, 3001.7999999523163]",X,20,15c9d8f34f6c8623bcd4d522ab8e434a066c92c189c3ed47d6571c8ee195c07c,validation
1675,rithika,X,1,X_orient1,46,2,rithika/X/orient1/tilt_back_neutral_2/landmarks_trimmed.json,89,89,18,"[0, 5, 10, 15, 20, 25, 31, 36, 41, 46, 51, 56, 62, 67, 72, 77, 82, 88]","[62.60000002384186, 198.10000002384186, 430.30000001192093, 597.1000000238419, 763.3000000119209, 930.5, 1130.199999988079, 1297.0, 1463.0, 1628.1000000238419, 1796.5, 1962.5, 2163.600000023842, 2330.699999988079, 2495.199999988079, 2663.600000023842, 2827.699999988079, 3029.899999976158]",X,20,80ee05eb2d2be104746695174c58773517960eb1506afa1ea7383f48ef6b3390,train
1676,rithika,X,1,X_orient1,46,1,rithika/X/orient1/tilt_back_toward_1/landmarks_trimmed.json,56,56,18,"[0, 3, 6, 9, 12, 16, 19, 22, 25, 29, 32, 35, 38, 42, 45, 48, 51, 55]","[59.80000001192093, 161.69999998807907, 261.19999998807907, 330.19999998807907, 430.0999999642372, 627.3000000119209, 727.3000000119209, 927.8999999761581, 1361.8999999761581, 1794.0999999642372, 1893.300000011921, 1994.300000011921, 2134.599999964237, 2293.5, 2460.599999964237, 2561.599999964237, 2700.899999976158, 2860.699999988079]",X,20,941c0728f00c0e0f2e4c3d2484d83c727fc11ec00a9c808cc4e3a26806e61636,train
1677,rithika,X,1,X_orient1,46,1,rithika/X/orient1/tilt_forward_neutral_1/landmarks_trimmed.json,26,26,18,"[0, 1, 2, 4, 5, 7, 8, 10, 11, 13, 14, 16, 17, 19, 20, 22, 23, 25]","[94.0, 130.60000002384186, 183.60000002384186, 329.7000000476837, 524.1000000238419, 593.3000000119209, 665.5, 759.7000000476837, 1230.2000000476837, 1360.800000011921, 1428.300000011921, 1595.2000000476837, 1657.1000000238419, 1797.2000000476837, 1824.7000000476837, 1962.9000000357628, 1994.300000011921, 2562.800000011921]",X,20,97996bab904a2d57a0f67f1ea1ae47581cbe3e6e24fadcc4c20414cc234c2b6d,train
1678,rithika,X,1,X_orient1,46,1,rithika/X/orient1/tilt_forward_toward_1/landmarks_trimmed.json,25,25,18,"[0, 1, 2, 4, 5, 7, 8, 9, 11, 12, 14, 15, 16, 18, 19, 21, 22, 24]","[136.0999999642372, 166.79999995231628, 233.0999999642372, 332.5, 398.5999999642372, 1100.199999988079, 1167.8999999761581, 1198.5, 1668.0, 1737.0999999642372, 1799.0, 2066.7999999523163, 2201.7999999523163, 2336.899999976158, 2367.899999976158, 2631.699999988079, 2640.699999988079, 2806.199999988079]",X,20,17dbfcd2039a69cba64c06af4393bedd208a4311ec89e29266e955b85b7ac895,validation
1679,rithika,X,1,X_orient1,46,1,rithika/X/orient1/tilt_neutral_away_1/landmarks_trimmed.json,57,57,18,"[0, 3, 6, 9, 13, 16, 19, 23, 26, 29, 32, 36, 39, 42, 46, 49, 52, 56]","[34.10000002384186, 132.4000000357628, 231.9000000357628, 330.60000002384186, 464.19999998807907, 696.0, 831.4000000357628, 962.0, 1065.699999988079, 1163.5, 1263.699999988079, 1396.699999988079, 1497.5, 1597.6000000238419, 2229.699999988079, 2329.699999988079, 2528.699999988079, 3027.600000023842]",X,20,64420c2779a1a20ee66c944788e9aca50a39bbe5dac6f161182b68cd6ec764c0,train
1680,rithika,X,1,X_orient1,46,1,rithika/X/orient1/tilt_neutral_neutral_1/landmarks_trimmed.json,59,59,18,"[0, 3, 6, 10, 13, 17, 20, 23, 27, 30, 34, 37, 40, 44, 47, 51, 54, 58]","[68.30000001192093, 201.19999998807907, 476.5, 701.6000000238419, 864.1999999880791, 1101.199999988079, 1224.300000011921, 1405.3999999761581, 1568.699999988079, 1731.6000000238419, 1934.6000000238419, 2095.899999976158, 2199.399999976158, 2431.5, 2509.5, 2733.600000023842, 2862.899999976158, 3037.699999988079]",X,20,bc8b25549b3993bf374649d7d6db99565f58a2f3f50f43daf98555d1ffc72de1,test
1681,rithika,X,1,X_orient1,46,2,rithika/X/orient1/tilt_neutral_neutral_2/landmarks_trimmed.json,44,44,18,"[0, 2, 5, 7, 10, 12, 15, 17, 20, 22, 25, 27, 30, 32, 35, 37, 40, 43]","[67.20000004768372, 265.80000001192093, 603.4000000357628, 703.6000000238419, 836.8000000119209, 925.7000000476837, 1158.9000000357628, 1266.5, 1800.4000000357628, 1899.800000011921, 2065.7000000476837, 2200.100000023842, 2398.300000011921, 2498.800000011921, 2674.2000000476837, 2739.7000000476837, 2899.600000023842, 3003.5]",X,20,3be2cad62e94fffc1385e0ae53d581a81f24f2165ff8142447f0072e107901ec,train
1682,rithika,X,1,X_orient1,46,1,rithika/X/orient1/tilt_neutral_toward_1/landmarks_trimmed.json,61,61,18,"[0, 3, 7, 10, 14, 17, 21, 24, 28, 31, 35, 38, 42, 45, 49, 52, 56, 60]","[34.19999998807907, 132.19999998807907, 264.30000001192093, 430.80000001192093, 696.8000000119209, 862.8000000119209, 997.8000000119209, 1198.6000000238419, 1529.5, 1629.6000000238419, 2130.5, 2264.899999976158, 2396.300000011921, 2496.699999988079, 2632.0, 2731.300000011921, 2862.600000023842, 3006.600000023842]",X,20,d02b478039505e1ea5175908e8dae73596341439612a952d14b751ed626edf1e,train
1683,rithika,Y,1,Y_orient1,47,1,rithika/Y/orient1/tilt_back_away_1/landmarks_trimmed.json,85,85,18,"[0, 4, 9, 14, 19, 24, 29, 34, 39, 44, 49, 54, 59, 64, 69, 74, 79, 84]","[34.09999996423721, 167.0, 334.5999999642372, 500.39999997615814, 701.0, 962.0999999642372, 1133.5999999642372, 1300.5999999642372, 1508.3999999761581, 1697.5999999642372, 1867.699999988079, 2032.699999988079, 2198.399999976158, 2366.300000011921, 2533.099999964237, 2699.899999976158, 2867.300000011921, 3003.199999988079]",Y,21,dd90de683a1239699a8f4857fc07a86d68acd2eb36dea84b6a2c76ae6cc7e485,train
1684,rithika,Y,1,Y_orient1,47,1,rithika/Y/orient1/tilt_back_neutral_1/landmarks_trimmed.json,71,71,18,"[0, 4, 8, 12, 16, 20, 24, 28, 32, 37, 41, 45, 49, 53, 57, 61, 65, 70]","[116.89999997615814, 430.0, 566.1999999880791, 732.3999999761581, 1066.3999999761581, 1370.6000000238419, 1497.800000011921, 1632.300000011921, 1766.199999988079, 1932.3999999761581, 2066.0, 2196.399999976158, 2332.699999988079, 2466.100000023842, 2599.0, 2731.399999976158, 2866.0, 3003.300000011921]",Y,21,daa70f788ecfbe41fa7d7b651704bf69d1359bd1a976b447a0237cb2e58b15fa,train
1685,rithika,Y,1,Y_orient1,47,2,rithika/Y/orient1/tilt_back_neutral_2/landmarks_trimmed.json,57,57,18,"[0, 3, 6, 9, 13, 16, 19, 23, 26, 29, 32, 36, 39, 42, 46, 49, 52, 56]","[68.5, 236.5, 365.30000001192093, 534.3000000119209, 733.5, 901.8999999761581, 1033.3999999761581, 1265.199999988079, 1426.199999988079, 1601.0, 1766.199999988079, 2035.0999999642372, 2235.5, 2403.099999964237, 2603.699999988079, 2737.399999976158, 2870.599999964237, 3004.099999964237]",Y,21,6f7d02cfeb8a20dda4ce552dd32573ec8f677b5a6fb0e6317ff18a8ebcbe31a5,train
1686,rithika,Y,1,Y_orient1,47,1,rithika/Y/orient1/tilt_back_toward_1/landmarks_trimmed.json,52,52,18,"[0, 3, 6, 9, 12, 15, 18, 21, 24, 27, 30, 33, 36, 39, 42, 45, 48, 51]","[62.19999998807907, 194.9000000357628, 329.30000001192093, 529.6999999880791, 731.0, 930.8000000119209, 1098.699999988079, 1300.6000000238419, 1431.800000011921, 1629.800000011921, 1830.800000011921, 1996.699999988079, 2197.300000011921, 2397.5, 2597.600000023842, 2796.199999988079, 2931.400000035763, 3003.699999988079]",Y,21,8e16ebd204294ef33bf343c14ec294aeeb81452b75fafcc2a7e3de0794f8aa7d,test
1687,rithika,Y,1,Y_orient1,47,1,rithika/Y/orient1/tilt_forward_neutral_1/landmarks_trimmed.json,26,26,18,"[0, 1, 2, 4, 5, 7, 8, 10, 11, 13, 14, 16, 17, 19, 20, 22, 23, 25]","[33.69999998807907, 101.30000001192093, 132.30000001192093, 231.19999998807907, 300.5, 397.5, 465.19999998807907, 595.6000000238419, 730.3000000119209, 831.1999999880791, 900.8000000119209, 1429.800000011921, 1565.0, 1624.9000000357628, 1800.5, 1898.800000011921, 1928.699999988079, 2030.0]",Y,21,ebf75e1a97c1d28f4624d3164237d080175dfb62eb48c3d2723af3a5b2ee65b2,train
1688,rithika,Y,1,Y_orient1,47,1,rithika/Y/orient1/tilt_forward_toward_1/landmarks_trimmed.json,28,28,18,"[0, 1, 3, 4, 6, 7, 9, 11, 12, 14, 15, 17, 19, 20, 22, 23, 25, 27]","[425.4000000357628, 429.60000002384186, 495.69999998807907, 562.3000000119209, 760.6999999880791, 828.3000000119209, 895.4000000357628, 994.5, 1226.0, 1491.9000000357628, 1558.5, 1658.699999988079, 1893.199999988079, 1959.4000000357628, 2226.800000011921, 2361.300000011921, 2859.300000011921, 3025.199999988079]",Y,21,1a545f9dac70bb9a179d527882d6642ba91886effc256857d357ce02d114f360,train
1689,rithika,Y,1,Y_orient1,47,1,rithika/Y/orient1/tilt_neutral_away_1/landmarks_trimmed.json,65,65,18,"[0, 3, 7, 11, 15, 18, 22, 26, 30, 33, 37, 41, 45, 48, 52, 56, 60, 64]","[69.19999998807907, 199.4000000357628, 334.5, 467.69999998807907, 643.6000000238419, 1166.800000011921, 1300.300000011921, 1434.0, 1568.0, 1667.800000011921, 1802.5, 1933.800000011921, 2066.800000011921, 2166.800000011921, 2434.300000011921, 2735.400000035763, 2871.300000011921, 3003.5]",Y,21,11bc1dcc02bfc46180e50582c21ad851439781e7a080a5a46a49c71728cc8077,validation
1690,rithika,Y,1,Y_orient1,47,2,rithika/Y/orient1/tilt_neutral_neutral_2/landmarks_trimmed.json,48,48,18,"[0, 2, 5, 8, 11, 13, 16, 19, 22, 24, 27, 30, 33, 35, 38, 41, 44, 47]","[33.89999997615814, 133.0, 398.0999999642372, 564.3000000119209, 764.3999999761581, 902.1999999880791, 1031.0, 1565.5, 1835.5999999642372, 1932.5999999642372, 2098.300000011921, 2294.300000011921, 2435.800000011921, 2535.199999988079, 2659.0, 2770.099999964237, 2926.899999976158, 3035.0]",Y,21,2cd2d58c90fb72b0d96f0e93da6bbd1d9ceb0ffde333cf90b5989d8ece370006,validation
1691,rithika,Y,2,Y_orient2,48,1,rithika/Y/orient2/tilt_back_away_1/landmarks_trimmed.json,58,58,18,"[0, 3, 6, 10, 13, 16, 20, 23, 26, 30, 33, 36, 40, 43, 46, 50, 53, 57]","[68.0, 166.0999999642372, 332.5999999642372, 568.2999999523163, 732.3999999761581, 901.1999999880791, 1136.0999999642372, 1225.8999999761581, 1394.0999999642372, 1630.699999988079, 1765.5, 1961.3999999761581, 2167.7999999523163, 2265.7999999523163, 2431.899999976158, 2625.5, 2827.599999964237, 3004.399999976158]",Y,21,30c2a16a0793bf08ab110093a9a381bf716cc0b2bea1542506c19b481592edf0,train
1692,rithika,Y,2,Y_orient2,48,1,rithika/Y/orient2/tilt_back_neutral_1/landmarks_trimmed.json,45,45,18,"[0, 2, 5, 7, 10, 12, 15, 18, 20, 23, 25, 28, 31, 33, 36, 38, 41, 44]","[35.0, 100.30000001192093, 307.19999998807907, 407.0, 495.30000001192093, 608.0, 761.6999999880791, 910.8000000119209, 1003.8000000119209, 1171.199999988079, 1270.800000011921, 1437.5, 1560.8999999761581, 1634.699999988079, 1839.800000011921, 1935.8999999761581, 2862.099999964237, 3002.599999964237]",Y,21,bbee4248580876743d55ff998163c1d9c465dce928473140967148be9bf030e6,train
1693,rithika,Y,2,Y_orient2,48,2,rithika/Y/orient2/tilt_back_neutral_2/landmarks_trimmed.json,59,59,18,"[0, 3, 6, 10, 13, 17, 20, 23, 27, 30, 34, 37, 40, 44, 47, 51, 54, 58]","[33.39999997615814, 166.0, 325.69999998807907, 495.80000001192093, 663.5999999642372, 827.5999999642372, 966.0, 1089.5, 1329.699999988079, 1534.300000011921, 1719.800000011921, 1934.699999988079, 2094.199999988079, 2332.399999976158, 2460.699999988079, 2698.399999976158, 2865.0, 3003.5]",Y,21,6609dab5ae8c84953b9ae4f8a137abc4e5a0cb88694ff3dd3767fc6b60c1c6db,train
1694,rithika,Y,2,Y_orient2,48,1,rithika/Y/orient2/tilt_back_toward_1/landmarks_trimmed.json,80,80,18,"[0, 4, 9, 13, 18, 23, 27, 32, 37, 41, 46, 51, 55, 60, 65, 69, 74, 79]","[33.90000003576279, 165.5, 364.5, 498.60000002384186, 728.5, 896.2000000476837, 1031.5, 1199.4000000357628, 1364.300000011921, 1496.7000000476837, 1736.300000011921, 1932.7000000476837, 2064.100000023842, 2230.2000000476837, 2397.100000023842, 2594.7000000476837, 2834.0, 3030.0]",Y,21,c4c3096682fca83d2fb1b6e9f8f25764d9d9c0f5277224498265be1d83b8658f,test
1695,rithika,Y,2,Y_orient2,48,1,rithika/Y/orient2/tilt_forward_away_1/landmarks_trimmed.json,89,89,18,"[0, 5, 10, 15, 20, 25, 31, 36, 41, 46, 51, 56, 62, 67, 72, 77, 82, 88]","[34.10000002384186, 199.39999997615814, 364.10000002384186, 531.5, 694.1999999880791, 898.1999999880791, 1097.300000011921, 1263.800000011921, 1428.3999999761581, 1597.800000011921, 1762.300000011921, 1932.5, 2131.399999976158, 2297.399999976158, 2461.399999976158, 2630.800000011921, 2795.699999988079, 3031.5]",Y,21,9f27365f192dfc6021b71d2a8c756d4a43891e71d82a87f0695b23a1f1d18dff,test
1696,rithika,Y,2,Y_orient2,48,1,rithika/Y/orient2/tilt_forward_neutral_1/landmarks_trimmed.json,52,52,18,"[0, 3, 6, 9, 12, 15, 18, 21, 24, 27, 30, 33, 36, 39, 42, 45, 48, 51]","[33.10000002384186, 165.5, 335.69999998807907, 463.30000001192093, 632.3999999761581, 799.3999999761581, 963.3000000119209, 1134.8999999761581, 1296.300000011921, 1465.3999999761581, 1632.800000011921, 1801.800000011921, 1999.800000011921, 2166.199999988079, 2333.100000023842, 2468.800000011921, 2662.800000011921, 3027.600000023842]",Y,21,8a9aa63d83060b66561ed8295aef84e8125f008adb7dce2341f9eed37580ab90,train
1697,rithika,Y,2,Y_orient2,48,2,rithika/Y/orient2/tilt_forward_neutral_2/landmarks_trimmed.json,81,81,18,"[0, 4, 9, 14, 18, 23, 28, 32, 37, 42, 47, 51, 56, 61, 65, 70, 75, 80]","[33.700000047683716, 193.30000001192093, 330.0, 496.80000001192093, 630.0, 797.0, 996.3000000119209, 1131.1000000238419, 1295.2000000476837, 1462.5, 1629.7000000476837, 1763.0, 1929.9000000357628, 2096.0, 2230.5, 2394.300000011921, 2562.600000023842, 2929.5]",Y,21,f3c23b724262c646733cb362adc39d4ae167a7f771fc9d1f8b56b6493ae3477c,train
1698,rithika,Y,2,Y_orient2,48,1,rithika/Y/orient2/tilt_forward_toward_1/landmarks_trimmed.json,48,48,18,"[0, 2, 5, 8, 11, 13, 16, 19, 22, 24, 27, 30, 33, 35, 38, 41, 44, 47]","[65.80000001192093, 188.70000004768372, 289.60000002384186, 363.5, 828.1000000238419, 925.5, 1023.7000000476837, 1190.300000011921, 1498.0, 1624.2000000476837, 1766.0, 1954.800000011921, 2056.2000000476837, 2194.300000011921, 2351.400000035763, 2494.0, 2662.7000000476837, 2926.900000035763]",Y,21,a683db04c73eb76626bf886b885fbff00647c99755e88255ed5cfe809f942a81,train
1699,rithika,Y,2,Y_orient2,48,1,rithika/Y/orient2/tilt_neutral_away_1/landmarks_trimmed.json,90,90,18,"[0, 5, 10, 15, 20, 26, 31, 36, 41, 47, 52, 57, 62, 68, 73, 78, 83, 89]","[33.09999996423721, 198.39999997615814, 363.0999999642372, 529.0, 697.1999999880791, 894.6999999880791, 1063.0, 1229.699999988079, 1396.5999999642372, 1629.3999999761581, 1798.0, 1963.699999988079, 2129.800000011921, 2329.800000011921, 2495.0, 2663.0, 2830.199999988079, 3028.899999976158]",Y,21,46181eeea0267b9424e69788cb631dae30693715c61b608c6f50bb76d9d23f14,validation
1700,rithika,Y,2,Y_orient2,48,1,rithika/Y/orient2/tilt_neutral_neutral_1/landmarks_trimmed.json,57,57,18,"[0, 3, 6, 9, 13, 16, 19, 23, 26, 29, 32, 36, 39, 42, 46, 49, 52, 56]","[67.39999997615814, 220.89999997615814, 364.89999997615814, 497.0999999642372, 732.0999999642372, 862.0, 1033.2999999523163, 1229.8999999761581, 1389.8999999761581, 1564.5, 1694.3999999761581, 1897.199999988079, 2021.199999988079, 2234.0, 2534.2999999523163, 2695.699999988079, 2828.699999988079, 3024.2999999523163]",Y,21,27850aa9845aa85bf291633de9d762756c0f2bdde92528db30b27d7d0ff1c3be,train
1701,rithika,Y,2,Y_orient2,48,2,rithika/Y/orient2/tilt_neutral_neutral_2/landmarks_trimmed.json,86,86,18,"[0, 5, 10, 15, 20, 25, 30, 35, 40, 45, 50, 55, 60, 65, 70, 75, 80, 85]","[65.30000001192093, 234.5999999642372, 433.39999997615814, 632.3000000119209, 831.8000000119209, 1001.6999999880791, 1168.8999999761581, 1335.699999988079, 1501.199999988079, 1667.3999999761581, 1868.199999988079, 2035.3999999761581, 2200.300000011921, 2369.5, 2535.5, 2702.800000011921, 2839.0, 3003.300000011921]",Y,21,8cc2fe8b4edc24497178f90f9cefc4830c53f00e6d7a880324be0ea63467bc03,train
1702,rithika,Y,2,Y_orient2,48,1,rithika/Y/orient2/tilt_neutral_toward_1/landmarks_trimmed.json,71,71,18,"[0, 4, 8, 12, 16, 20, 24, 28, 32, 37, 41, 45, 49, 53, 57, 61, 65, 70]","[63.19999998807907, 165.30000001192093, 336.89999997615814, 496.89999997615814, 629.1999999880791, 796.0999999642372, 970.6999999880791, 1200.800000011921, 1327.5, 1557.699999988079, 1767.0999999642372, 1962.5999999642372, 2130.300000011921, 2325.800000011921, 2505.699999988079, 2690.5, 2837.0, 3026.800000011921]",Y,21,315efcc552bf66ac8247969e7d2646095b34c330e0f3c5b56612fdbeb3669360,train
1703,rithika,Z,1,Z_orient1,49,1,rithika/Z/orient1/tilt_back_away_1/landmarks_trimmed.json,91,91,18,"[0, 5, 10, 15, 21, 26, 31, 37, 42, 47, 52, 58, 63, 68, 74, 79, 84, 90]","[33.39999997615814, 198.0, 364.0999999642372, 530.6999999880791, 728.3000000119209, 895.8999999761581, 1064.0999999642372, 1262.5999999642372, 1430.300000011921, 1595.300000011921, 1762.3999999761581, 1964.3999999761581, 2126.599999964237, 2297.399999976158, 2495.399999976158, 2663.099999964237, 2829.899999976158, 3029.5]",Z,22,0b31a37aeb08a1b5a20e5234d50fe830b555c4e01bf7c4bdfa25c663a41bd228,train
1704,rithika,Z,1,Z_orient1,49,1,rithika/Z/orient1/tilt_back_neutral_1/landmarks_trimmed.json,60,60,18,"[0, 3, 6, 10, 13, 17, 20, 24, 27, 31, 34, 38, 41, 45, 48, 52, 55, 59]","[59.0, 132.10000002384186, 261.10000002384186, 363.10000002384186, 462.19999998807907, 693.3999999761581, 893.6000000238419, 1127.699999988079, 1327.5, 1559.3999999761581, 1726.3999999761581, 1995.0, 2193.699999988079, 2428.0, 2527.800000011921, 2759.800000011921, 2892.0, 3030.0]",Z,22,67107a99fced59011060471ceda3e914981a207bc0efa9dcd28947a501e65c6e,train
1705,rithika,Z,1,Z_orient1,49,2,rithika/Z/orient1/tilt_back_neutral_2/landmarks_trimmed.json,82,82,18,"[0, 4, 9, 14, 19, 23, 28, 33, 38, 42, 47, 52, 57, 61, 66, 71, 76, 81]","[60.69999998807907, 165.10000002384186, 357.80000001192093, 496.80000001192093, 696.0, 830.5, 1028.9000000357628, 1196.199999988079, 1362.199999988079, 1496.1000000238419, 1694.9000000357628, 1897.0, 2060.0, 2196.5, 2362.699999988079, 2562.600000023842, 2763.900000035763, 3025.800000011921]",Z,22,81746a81885e376f0757ce0cf8795c947af77187b55dab0c0f0a3f3db7ccfebf,validation
1706,rithika,Z,1,Z_orient1,49,1,rithika/Z/orient1/tilt_back_toward_1/landmarks_trimmed.json,61,61,18,"[0, 3, 7, 10, 14, 17, 21, 24, 28, 31, 35, 38, 42, 45, 49, 52, 56, 60]","[33.39999997615814, 197.30000001192093, 363.5999999642372, 498.89999997615814, 667.3000000119209, 797.8999999761581, 996.8000000119209, 1199.3999999761581, 1363.699999988079, 1532.800000011921, 1729.0999999642372, 1891.3999999761581, 2123.300000011921, 2297.800000011921, 2567.800000011921, 2695.399999976158, 2871.300000011921, 3004.199999988079]",Z,22,bea98cffc6c92bfeeb13634c834761311f96c8ee80c81c3331c0743c787dd9ed,train
1707,rithika,Z,1,Z_orient1,49,1,rithika/Z/orient1/tilt_forward_away_1/landmarks_trimmed.json,86,86,18,"[0, 5, 10, 15, 20, 25, 30, 35, 40, 45, 50, 55, 60, 65, 70, 75, 80, 85]","[33.5, 364.0999999642372, 529.7999999523163, 697.0, 860.8999999761581, 1029.5999999642372, 1195.7999999523163, 1362.699999988079, 1529.5, 1696.2999999523163, 1862.0, 2031.0999999642372, 2195.199999988079, 2361.399999976158, 2529.5, 2696.0, 2862.5, 3026.7999999523163]",Z,22,aaea5de686d450a2ee617a50a0d6f0647d0b0c16ebb5297b9357910f240c7f0a,train
1708,rithika,Z,1,Z_orient1,49,1,rithika/Z/orient1/tilt_forward_neutral_1/landmarks_trimmed.json,75,75,18,"[0, 4, 8, 13, 17, 21, 26, 30, 34, 39, 43, 47, 52, 56, 60, 65, 69, 74]","[67.0, 333.10000002384186, 470.5, 735.3000000119209, 901.1000000238419, 1036.5, 1232.9000000357628, 1370.300000011921, 1536.0, 1766.9000000357628, 1936.800000011921, 2068.600000023842, 2236.699999988079, 2402.199999988079, 2568.699999988079, 2706.699999988079, 2838.400000035763, 3004.0]",Z,22,b18d77094342ef3af7b55c7fdb1dc7e554ebf73722b049bd1be56d02a0907a38,train
1709,rithika,Z,1,Z_orient1,49,1,rithika/Z/orient1/tilt_forward_toward_1/landmarks_trimmed.json,60,60,18,"[0, 3, 6, 10, 13, 17, 20, 24, 27, 31, 34, 38, 41, 45, 48, 52, 55, 59]","[34.39999997615814, 205.69999998807907, 368.0, 637.6000000238419, 801.0, 1002.1000000238419, 1173.8999999761581, 1371.300000011921, 1538.6000000238419, 1772.800000011921, 1962.0, 2198.399999976158, 2304.800000011921, 2435.600000023842, 2539.399999976158, 2706.0, 2805.899999976158, 3035.199999988079]",Z,22,dfccd5c6f52a4ed940e71a8a9a3b0ba461bd8088e0e234b87ec0d9fbeaf832f2,test
1710,rithika,Z,1,Z_orient1,49,1,rithika/Z/orient1/tilt_neutral_away_1/landmarks_trimmed.json,85,85,18,"[0, 4, 9, 14, 19, 24, 29, 34, 39, 44, 49, 54, 59, 64, 69, 74, 79, 84]","[63.39999997615814, 166.19999998807907, 330.89999997615814, 496.0, 663.3000000119209, 828.3000000119209, 996.8999999761581, 1163.0, 1396.5999999642372, 1596.800000011921, 1794.3999999761581, 1962.300000011921, 2129.599999964237, 2329.699999988079, 2530.099999964237, 2697.099999964237, 2860.5, 3028.699999988079]",Z,22,5f25193af8fd3db0e82d614e0835feab1d8de08d1dbf6e31d5df1ab23b1125c5,validation
1711,rithika,Z,1,Z_orient1,49,1,rithika/Z/orient1/tilt_neutral_neutral_1/landmarks_trimmed.json,69,69,18,"[0, 4, 8, 12, 16, 20, 24, 28, 32, 36, 40, 44, 48, 52, 56, 60, 64, 68]","[62.69999998807907, 231.5999999642372, 364.0, 495.7999999523163, 665.0999999642372, 891.8999999761581, 1095.699999988079, 1224.2999999523163, 1357.8999999761581, 1491.7999999523163, 1706.699999988079, 1936.2999999523163, 2125.399999976158, 2368.099999964237, 2565.5, 2693.599999964237, 2838.599999964237, 3024.699999988079]",Z,22,24a8f506c637be3db2a7c3e5b7e6b7938e6a05436682dd7fe297e1cd21cc6332,train
1712,rithika,Z,1,Z_orient1,49,2,rithika/Z/orient1/tilt_neutral_neutral_2/landmarks_trimmed.json,60,60,18,"[0, 3, 6, 10, 13, 17, 20, 24, 27, 31, 34, 38, 41, 45, 48, 52, 55, 59]","[71.30000001192093, 236.69999998807907, 333.39999997615814, 603.1999999880791, 741.5, 968.3000000119209, 1132.800000011921, 1304.199999988079, 1472.199999988079, 1672.0, 1804.300000011921, 2036.5, 2175.800000011921, 2370.300000011921, 2473.899999976158, 2641.399999976158, 2835.5, 3039.599999964237]",Z,22,224fccdd5b1b7715ee362fcbfa6a4bae761da9e5e2d971d5ec4a5bd3b6e5193b,train
1713,rithika,Z,1,Z_orient1,49,1,rithika/Z/orient1/tilt_neutral_toward_1/landmarks_trimmed.json,73,73,18,"[0, 4, 8, 12, 16, 21, 25, 29, 33, 38, 42, 46, 50, 55, 59, 63, 67, 72]","[34.30000001192093, 166.19999998807907, 365.5, 567.5, 694.8999999761581, 864.3000000119209, 997.5, 1165.199999988079, 1498.199999988079, 1729.5, 1867.0999999642372, 2059.800000011921, 2197.399999976158, 2364.099999964237, 2497.800000011921, 2638.899999976158, 2795.800000011921, 2995.399999976158]",Z,22,24b31b30d105747d2b209e0e21af67399a6ec8b1af458d8564875f4f9d889034,train
