row_id,participant,letter,orientationIndex,orientation_class_label,orientation_class_id,clipNumber,source_file,clean_frames_in_json,standardizable_frames,target_frames,selected_source_indices,selected_timestamps,class_label,class_id,split
0,aldebaran,A,1,A_orient1,0,1,aldebaran/A/orient1/tilt_back_away_1/landmarks_trimmed.json,20,20,18,"[0, 1, 2, 3, 4, 5, 6, 7, 8, 10, 11, 12, 13, 14, 15, 16, 17, 19]","[130.09999999403954, 263.3999999910593, 406.69999998807907, 552.5999999940395, 703.3999999910593, 843.1999999880791, 1000.3999999910593, 1167.7999999970198, 1238.0, 1558.0, 1713.3999999910593, 1879.5, 2033.0, 2198.5999999940395, 2356.5999999940395, 2515.7999999970198, 2683.0, 3060.5999999940395]",A,0,excluded
1,aldebaran,A,1,A_orient1,0,1,aldebaran/A/orient1/tilt_back_neutral_1/landmarks_trimmed.json,26,26,18,"[0, 1, 2, 4, 5, 7, 8, 10, 11, 13, 14, 16, 17, 19, 20, 22, 23, 25]","[124.70000000298023, 246.90000000596046, 367.90000000596046, 594.2000000029802, 703.5999999940395, 933.5999999940395, 1047.7999999970198, 1281.2999999970198, 1397.7000000029802, 1641.2000000029802, 1768.2999999970198, 2043.9000000059605, 2165.9000000059605, 2387.5999999940395, 2499.7000000029802, 2720.4000000059605, 2831.2000000029802, 3050.7000000029802]",A,0,excluded
2,aldebaran,A,1,A_orient1,0,2,aldebaran/A/orient1/tilt_back_neutral_2/landmarks_trimmed.json,23,23,18,"[0, 1, 2, 3, 5, 6, 7, 9, 10, 11, 12, 14, 15, 16, 18, 19, 20, 22]","[152.5, 314.59999999403954, 482.3999999910593, 629.2999999970198, 914.1999999880791, 1050.5, 1182.2999999970198, 1444.7999999970198, 1573.0, 1703.8999999910593, 1835.8999999910593, 2086.699999988079, 2206.0999999940395, 2332.5999999940395, 2580.699999988079, 2704.5999999940395, 2823.0999999940395, 3085.699999988079]",A,0,excluded
3,aldebaran,A,1,A_orient1,0,1,aldebaran/A/orient1/tilt_back_toward_1/landmarks_trimmed.json,27,27,18,"[0, 1, 3, 4, 6, 7, 9, 10, 12, 13, 15, 16, 18, 19, 21, 22, 24, 26]","[124.90000000596046, 251.80000001192093, 502.6000000089407, 614.9000000059605, 839.7000000029802, 948.2000000029802, 1171.1000000089407, 1277.0, 1496.0, 1603.5, 1830.800000011921, 1947.7000000029802, 2173.7000000029802, 2283.300000011921, 2511.1000000089407, 2621.5, 2844.9000000059605, 3068.4000000059605]",A,0,excluded
4,aldebaran,A,1,A_orient1,0,1,aldebaran/A/orient1/tilt_forward_away_1/landmarks_trimmed.json,19,19,18,"[0, 1, 2, 3, 4, 5, 6, 7, 8, 9, 10, 11, 12, 13, 14, 15, 16, 18]","[135.70000000298023, 266.29999999701977, 402.5, 540.0, 678.4000000059605, 825.5, 973.4000000059605, 1154.9000000059605, 1316.5, 1471.0, 1631.1000000089407, 1801.9000000059605, 1965.0, 2126.9000000059605, 2289.0, 2452.1000000089407, 2621.7999999970198, 3004.7000000029802]",A,0,excluded
5,aldebaran,A,1,A_orient1,0,1,aldebaran/A/orient1/tilt_forward_neutral_1/landmarks_trimmed.json,19,19,18,"[0, 1, 2, 3, 4, 5, 6, 7, 8, 9, 10, 11, 12, 13, 14, 15, 16, 18]","[155.70000000298023, 310.0, 463.40000000596046, 623.7999999970198, 783.2999999970198, 944.7000000029802, 1101.7999999970198, 1261.0999999940395, 1416.2999999970198, 1570.0, 1723.2999999970198, 1882.0999999940395, 2046.5, 2206.0, 2365.2999999970198, 2531.4000000059605, 2690.7999999970198, 3008.5999999940395]",A,0,excluded
6,aldebaran,A,1,A_orient1,0,2,aldebaran/A/orient1/tilt_forward_neutral_2/landmarks_trimmed.json,26,26,18,"[0, 1, 2, 4, 5, 7, 8, 10, 11, 13, 14, 16, 17, 19, 20, 22, 23, 25]","[136.79999999701977, 268.59999999403954, 405.29999999701977, 645.2000000029802, 755.2999999970198, 975.7000000029802, 1085.9000000059605, 1260.2000000029802, 1373.5, 1599.2000000029802, 1711.0999999940395, 1933.5, 2047.2999999970198, 2271.5, 2384.7000000029802, 2630.0, 2756.9000000059605, 3006.7000000029802]",A,0,excluded
7,aldebaran,A,1,A_orient1,0,1,aldebaran/A/orient1/tilt_forward_toward_1/landmarks_trimmed.json,25,25,18,"[0, 1, 2, 4, 5, 7, 8, 9, 11, 12, 14, 15, 16, 18, 19, 21, 22, 24]","[151.5, 304.59999999403954, 454.59999999403954, 718.3999999910593, 831.0999999940395, 1056.2999999970198, 1159.2999999970198, 1269.0, 1480.5, 1587.5, 1801.5, 1910.0999999940395, 2019.2000000029802, 2273.2999999970198, 2404.0999999940395, 2666.3999999910593, 2786.2000000029802, 3020.0]",A,0,excluded
8,aldebaran,A,1,A_orient1,0,1,aldebaran/A/orient1/tilt_neutral_away_1/landmarks_trimmed.json,25,25,18,"[0, 1, 2, 4, 5, 7, 8, 9, 11, 12, 14, 15, 16, 18, 19, 21, 22, 24]","[131.90000000596046, 257.59999999403954, 387.90000000596046, 665.2999999970198, 795.4000000059605, 1060.5, 1174.5, 1289.0999999940395, 1515.2999999970198, 1624.9000000059605, 1856.2000000029802, 1974.2000000029802, 2101.2000000029802, 2330.5999999940395, 2449.0, 2678.5999999940395, 2791.4000000059605, 3016.0999999940395]",A,0,excluded
9,aldebaran,A,1,A_orient1,0,1,aldebaran/A/orient1/tilt_neutral_neutral_1/landmarks_trimmed.json,26,26,18,"[0, 1, 2, 4, 5, 7, 8, 10, 11, 13, 14, 16, 17, 19, 20, 22, 23, 25]","[116.20000000298023, 232.3999999910593, 341.8999999910593, 564.2000000029802, 675.8999999910593, 897.7999999970198, 1006.7000000029802, 1232.0, 1340.5, 1568.5999999940395, 1683.5999999940395, 1924.0, 2050.0, 2298.2999999970198, 2421.5999999940395, 2674.0999999940395, 2801.0, 3055.2999999970198]",A,0,excluded
10,aldebaran,A,1,A_orient1,0,2,aldebaran/A/orient1/tilt_neutral_neutral_2/landmarks_trimmed.json,25,25,18,"[0, 1, 2, 4, 5, 7, 8, 9, 11, 12, 14, 15, 16, 18, 19, 21, 22, 24]","[114.3999999910593, 228.69999998807907, 346.29999999701977, 581.8999999910593, 699.0999999940395, 937.5999999940395, 1051.7999999970198, 1167.2999999970198, 1399.3999999910593, 1512.0, 1742.699999988079, 1855.0, 1973.0999999940395, 2230.699999988079, 2361.5999999940395, 2635.5, 2776.0, 3067.0]",A,0,excluded
11,aldebaran,A,1,A_orient1,0,1,aldebaran/A/orient1/tilt_neutral_toward_1/landmarks_trimmed.json,27,27,18,"[0, 1, 3, 4, 6, 7, 9, 10, 12, 13, 15, 16, 18, 19, 21, 22, 24, 26]","[125.90000000596046, 243.70000000298023, 487.20000000298023, 620.4000000059605, 874.5999999940395, 990.0999999940395, 1206.9000000059605, 1317.2000000029802, 1533.2000000029802, 1638.7000000029802, 1861.2000000029802, 1968.5999999940395, 2185.4000000059605, 2292.5, 2502.2999999970198, 2610.4000000059605, 2821.4000000059605, 3035.5999999940395]",A,0,excluded
12,aldebaran,A,2,A_orient2,1,1,aldebaran/A/orient2/tilt_back_away_1/landmarks_trimmed.json,37,37,18,"[0, 2, 4, 6, 8, 10, 12, 14, 16, 19, 21, 23, 25, 27, 29, 31, 33, 36]","[98.5, 231.8999999910593, 396.29999999701977, 498.09999999403954, 615.2999999970198, 726.2999999970198, 826.5, 1519.0999999940395, 1725.2999999970198, 1922.5999999940395, 2024.5, 2127.7000000029802, 2331.7999999970198, 2427.0999999940395, 2544.8999999910593, 2740.2000000029802, 2838.5999999940395, 3030.7000000029802]",A,0,excluded
13,aldebaran,A,2,A_orient2,1,1,aldebaran/A/orient2/tilt_back_neutral_1/landmarks_trimmed.json,42,42,18,"[0, 2, 4, 7, 9, 12, 14, 16, 19, 21, 24, 26, 28, 31, 33, 36, 38, 41]","[100.19999998807907, 299.79999999701977, 924.3999999910593, 1077.0999999940395, 1123.199999988079, 1221.5, 1717.0999999940395, 1816.0999999940395, 1998.3999999910593, 2095.8999999910593, 2214.8999999910593, 2311.0, 2409.5999999940395, 2541.7999999970198, 2640.0999999940395, 2739.3999999910593, 2838.8999999910593, 3015.7999999970198]",A,0,excluded
14,aldebaran,A,2,A_orient2,1,2,aldebaran/A/orient2/tilt_back_neutral_2/landmarks_trimmed.json,65,65,18,"[0, 3, 7, 11, 15, 18, 22, 26, 30, 33, 37, 41, 45, 48, 52, 56, 60, 64]","[33.30000001192093, 201.30000001192093, 330.20000000298023, 529.6000000089407, 726.3000000119209, 902.9000000059605, 1024.9000000059605, 1221.300000011921, 1422.2000000029802, 1611.300000011921, 1750.800000011921, 1915.300000011921, 2124.6000000089407, 2244.6000000089407, 2442.300000011921, 2645.2000000029802, 2839.5, 3047.800000011921]",A,0,excluded
15,aldebaran,A,2,A_orient2,1,1,aldebaran/A/orient2/tilt_back_toward_1/landmarks_trimmed.json,39,39,18,"[0, 2, 4, 6, 8, 11, 13, 15, 17, 20, 22, 24, 26, 29, 31, 33, 35, 38]","[97.40000000596046, 198.70000000298023, 297.40000000596046, 504.1000000089407, 595.2999999970198, 903.9000000059605, 1023.7000000029802, 1122.7000000029802, 1221.2999999970198, 1419.2000000029802, 1518.2000000029802, 1808.4000000059605, 1927.6000000089407, 2211.5, 2516.5, 2640.2000000029802, 2739.7000000029802, 3039.0]",A,0,excluded
16,aldebaran,A,2,A_orient2,1,1,aldebaran/A/orient2/tilt_forward_away_1/landmarks_trimmed.json,55,55,18,"[0, 3, 6, 9, 12, 15, 19, 22, 25, 28, 31, 34, 38, 41, 44, 47, 50, 54]","[34.19999998807907, 199.79999999701977, 331.09999999403954, 497.3999999910593, 628.2999999970198, 799.5, 1024.0999999940395, 1216.5999999940395, 1320.5999999940395, 1517.8999999910593, 1651.0999999940395, 1833.0, 2019.5, 2145.5999999940395, 2326.699999988079, 2443.0999999940395, 2723.5999999940395, 3041.3999999910593]",A,0,excluded
17,aldebaran,A,2,A_orient2,1,1,aldebaran/A/orient2/tilt_forward_neutral_1/landmarks_trimmed.json,63,63,18,"[0, 3, 7, 10, 14, 18, 21, 25, 29, 32, 36, 40, 43, 47, 51, 54, 58, 62]","[33.70000000298023, 132.79999999701977, 298.20000000298023, 429.59999999403954, 627.5999999940395, 825.5, 1018.2999999970198, 1200.3999999910593, 1321.7999999970198, 1452.3999999910593, 1651.7000000029802, 1848.7999999970198, 2023.8999999910593, 2221.0, 2425.7000000029802, 2542.0999999940395, 2839.2000000029802, 3049.5999999940395]",A,0,excluded
18,aldebaran,A,2,A_orient2,1,2,aldebaran/A/orient2/tilt_forward_neutral_2/landmarks_trimmed.json,41,41,18,"[0, 2, 4, 7, 9, 11, 14, 16, 18, 21, 23, 25, 28, 30, 32, 35, 37, 40]","[103.5, 218.20000000298023, 323.0, 507.20000000298023, 622.3999999910593, 724.0, 825.3999999910593, 1025.7999999970198, 1225.5, 1452.3999999910593, 1721.5999999940395, 1937.5999999940395, 2046.5999999940395, 2145.5, 2432.7999999970198, 2646.7999999970198, 2842.5, 3027.2000000029802]",A,0,excluded
19,aldebaran,A,2,A_orient2,1,1,aldebaran/A/orient2/tilt_forward_toward_1/landmarks_trimmed.json,40,40,18,"[0, 2, 4, 6, 9, 11, 13, 16, 18, 20, 22, 25, 27, 29, 32, 34, 36, 39]","[103.0, 301.70000000298023, 429.5, 528.2999999970198, 702.2000000029802, 804.2000000029802, 923.7000000029802, 1122.7000000029802, 1327.0, 1419.2000000029802, 1624.6000000089407, 1924.0, 2126.9000000059605, 2238.1000000089407, 2345.2000000029802, 2442.5, 2732.5, 3035.2999999970198]",A,0,excluded
20,aldebaran,A,2,A_orient2,1,1,aldebaran/A/orient2/tilt_neutral_away_1/landmarks_trimmed.json,40,40,18,"[0, 2, 4, 6, 9, 11, 13, 16, 18, 20, 22, 25, 27, 29, 32, 34, 36, 39]","[101.09999999403954, 403.79999999701977, 529.5999999940395, 799.7999999970198, 924.5999999940395, 1122.7999999970198, 1221.2999999970198, 1415.699999988079, 1515.699999988079, 1724.0999999940395, 1816.5, 2112.199999988079, 2232.0999999940395, 2412.5, 2541.5, 2739.2999999970198, 2838.199999988079, 3032.5999999940395]",A,0,excluded
21,aldebaran,A,2,A_orient2,1,1,aldebaran/A/orient2/tilt_neutral_neutral_1/landmarks_trimmed.json,55,55,18,"[0, 3, 6, 9, 12, 15, 19, 22, 25, 28, 31, 34, 38, 41, 44, 47, 50, 54]","[90.6000000089407, 198.30000001192093, 298.80000001192093, 430.30000001192093, 594.2000000029802, 726.7000000029802, 925.8000000119209, 1113.300000011921, 1221.5, 1416.800000011921, 1618.800000011921, 1848.1000000089407, 2046.7000000029802, 2218.800000011921, 2343.6000000089407, 2524.1000000089407, 2739.0, 3040.2000000029802]",A,0,excluded
22,aldebaran,A,2,A_orient2,1,2,aldebaran/A/orient2/tilt_neutral_neutral_2/landmarks_trimmed.json,59,59,18,"[0, 3, 6, 10, 13, 17, 20, 23, 27, 30, 34, 37, 40, 44, 47, 51, 54, 58]","[110.70000000298023, 488.5, 594.9000000059605, 792.0, 924.2000000029802, 1090.7000000029802, 1221.7000000029802, 1320.5, 1519.300000011921, 1693.300000011921, 1893.4000000059605, 2013.9000000059605, 2198.300000011921, 2343.9000000059605, 2508.6000000089407, 2716.6000000089407, 2838.5, 3018.4000000059605]",A,0,excluded
23,aldebaran,A,2,A_orient2,1,1,aldebaran/A/orient2/tilt_neutral_toward_1/landmarks_trimmed.json,37,37,18,"[0, 2, 4, 6, 8, 10, 12, 14, 16, 19, 21, 23, 25, 27, 29, 31, 33, 36]","[103.8999999910593, 198.59999999403954, 297.29999999701977, 499.8999999910593, 704.3999999910593, 828.5, 1024.0, 1300.5999999940395, 1412.0999999940395, 1518.2000000029802, 1720.5, 1915.5999999940395, 2118.2000000029802, 2409.2000000029802, 2508.7999999970198, 2640.2999999970198, 2806.2000000029802, 3026.8999999910593]",A,0,excluded
24,aldebaran,A,3,A_orient3,2,1,aldebaran/A/orient3/tilt_back_away_1/landmarks_trimmed.json,43,43,18,"[0, 2, 4, 7, 9, 12, 14, 17, 19, 22, 24, 27, 29, 32, 34, 37, 39, 42]","[102.20000000298023, 219.20000000298023, 330.70000000298023, 524.5, 623.5999999940395, 727.4000000059605, 928.0, 1129.0, 1331.9000000059605, 1631.7999999970198, 1839.5, 1947.7999999970198, 2047.2000000029802, 2329.7999999970198, 2450.2000000029802, 2749.2999999970198, 2839.0999999940395, 3035.2000000029802]",A,0,excluded
25,aldebaran,A,3,A_orient3,2,1,aldebaran/A/orient3/tilt_back_neutral_1/landmarks_trimmed.json,31,31,18,"[0, 1, 3, 5, 7, 8, 10, 12, 14, 15, 17, 19, 21, 22, 24, 26, 28, 30]","[97.19999998807907, 100.79999999701977, 400.19999998807907, 612.5, 726.0999999940395, 920.6999999880791, 1024.0999999940395, 1317.5, 1427.5999999940395, 1616.199999988079, 1827.5999999940395, 2130.7999999970198, 2327.2999999970198, 2343.5, 2623.2999999970198, 2835.3999999910593, 2924.699999988079, 3047.0999999940395]",A,0,excluded
26,aldebaran,A,3,A_orient3,2,2,aldebaran/A/orient3/tilt_back_neutral_2/landmarks_trimmed.json,34,34,18,"[0, 1, 3, 5, 7, 9, 11, 13, 15, 17, 19, 21, 23, 25, 27, 29, 31, 33]","[104.30000001192093, 209.1000000089407, 331.0, 608.0, 818.9000000059605, 924.1000000089407, 1213.5, 1305.300000011921, 1426.2000000029802, 1725.300000011921, 1926.2000000029802, 2125.2000000029802, 2245.300000011921, 2524.5, 2732.9000000059605, 2823.5, 2920.5, 3042.9000000059605]",A,0,excluded
27,aldebaran,A,3,A_orient3,2,1,aldebaran/A/orient3/tilt_back_toward_1/landmarks_trimmed.json,67,67,18,"[0, 3, 7, 11, 15, 19, 23, 27, 31, 34, 38, 42, 46, 50, 54, 58, 62, 66]","[73.6000000089407, 199.20000000298023, 373.20000000298023, 495.29999999701977, 672.4000000059605, 792.7999999970198, 990.7000000029802, 1191.1000000089407, 1395.7000000029802, 1518.7999999970198, 1716.6000000089407, 1897.6000000089407, 2047.5, 2298.2000000029802, 2442.7000000029802, 2640.7999999970198, 2838.6000000089407, 3035.7999999970198]",A,0,excluded
28,aldebaran,A,3,A_orient3,2,1,aldebaran/A/orient3/tilt_forward_away_1/landmarks_trimmed.json,36,36,18,"[0, 2, 4, 6, 8, 10, 12, 14, 16, 18, 20, 22, 24, 26, 28, 30, 32, 35]","[103.6000000089407, 308.1000000089407, 508.20000000298023, 628.1000000089407, 726.7999999970198, 825.7000000029802, 1024.4000000059605, 1123.5, 1326.2000000029802, 1419.6000000089407, 1626.7999999970198, 1822.7000000029802, 2026.4000000059605, 2219.2000000029802, 2345.2999999970198, 2631.4000000059605, 2730.9000000059605, 3028.0]",A,0,excluded
29,aldebaran,A,3,A_orient3,2,2,aldebaran/A/orient3/tilt_forward_neutral_2/landmarks_trimmed.json,48,48,18,"[0, 2, 5, 8, 11, 13, 16, 19, 22, 24, 27, 30, 33, 35, 38, 41, 44, 47]","[34.29999999701977, 132.3999999910593, 320.09999999403954, 429.8999999910593, 621.0999999940395, 822.2000000029802, 924.7999999970198, 1133.2999999970198, 1335.2000000029802, 1435.3999999910593, 1618.7999999970198, 1749.5, 2040.7000000029802, 2235.2999999970198, 2440.0, 2655.5, 2872.0999999940395, 3147.7000000029802]",A,0,excluded
30,aldebaran,A,3,A_orient3,2,1,aldebaran/A/orient3/tilt_forward_toward_1/landmarks_trimmed.json,38,38,18,"[0, 2, 4, 6, 8, 10, 13, 15, 17, 19, 21, 23, 26, 28, 30, 32, 34, 37]","[100.5, 407.0, 608.2999999970198, 727.0, 826.7000000029802, 1023.2000000029802, 1217.2999999970198, 1315.4000000059605, 1419.0, 1518.4000000059605, 1716.2999999970198, 2016.5, 2223.6000000089407, 2344.2000000029802, 2442.7000000029802, 2641.9000000059605, 2740.2000000029802, 3145.2000000029802]",A,0,excluded
31,aldebaran,A,3,A_orient3,2,1,aldebaran/A/orient3/tilt_neutral_away_1/landmarks_trimmed.json,51,51,18,"[0, 2, 5, 8, 11, 14, 17, 20, 23, 26, 29, 32, 35, 38, 41, 44, 47, 50]","[33.099999994039536, 199.79999999701977, 330.59999999403954, 522.0, 627.8999999910593, 815.0, 924.3999999910593, 1116.2999999970198, 1221.7999999970198, 1414.2000000029802, 1518.7000000029802, 1737.2000000029802, 1947.2000000029802, 2221.3999999910593, 2343.0, 2541.5, 2737.5, 3045.2999999970198]",A,0,excluded
32,aldebaran,A,3,A_orient3,2,1,aldebaran/A/orient3/tilt_neutral_neutral_1/landmarks_trimmed.json,29,29,18,"[0, 1, 3, 4, 6, 8, 9, 11, 13, 14, 16, 18, 19, 21, 23, 24, 26, 28]","[91.70000000298023, 99.3999999910593, 397.3999999910593, 493.8999999910593, 801.7999999970198, 1098.7999999970198, 1122.5, 1411.2000000029802, 1616.0999999940395, 1704.2999999970198, 1829.0, 2126.2000000029802, 2226.0999999940395, 2525.7000000029802, 2725.7999999970198, 2739.5999999940395, 2928.0, 3025.2000000029802]",A,0,excluded
33,aldebaran,A,3,A_orient3,2,2,aldebaran/A/orient3/tilt_neutral_neutral_2/landmarks_trimmed.json,36,36,18,"[0, 2, 4, 6, 8, 10, 12, 14, 16, 18, 20, 22, 24, 26, 28, 30, 32, 35]","[102.20000000298023, 299.6000000089407, 430.0, 529.5, 628.2999999970198, 726.5, 1009.4000000059605, 1126.9000000059605, 1318.9000000059605, 1419.9000000059605, 1722.1000000089407, 1932.7999999970198, 2046.9000000059605, 2331.6000000089407, 2538.6000000089407, 2635.2999999970198, 2744.4000000059605, 3032.7000000029802]",A,0,excluded
34,aldebaran,A,3,A_orient3,2,1,aldebaran/A/orient3/tilt_neutral_toward_1/landmarks_trimmed.json,34,34,18,"[0, 1, 3, 5, 7, 9, 11, 13, 15, 17, 19, 21, 23, 25, 27, 29, 31, 33]","[184.5, 199.0, 404.59999999403954, 600.7999999970198, 799.5999999940395, 1001.7000000029802, 1106.0, 1211.2000000029802, 1416.5, 1512.0999999940395, 1717.2000000029802, 1816.3999999910593, 2120.0999999940395, 2327.7999999970198, 2442.7999999970198, 2726.7000000029802, 2826.3999999910593, 3037.0999999940395]",A,0,excluded
35,aldebaran,B,1,B_orient1,3,1,aldebaran/B/orient1/tilt_back_away_1/landmarks_trimmed.json,36,36,18,"[0, 2, 4, 6, 8, 10, 12, 14, 16, 18, 20, 22, 24, 26, 28, 30, 32, 35]","[90.59999999403954, 299.40000000596046, 397.20000000298023, 698.2000000029802, 792.7000000029802, 1101.7000000029802, 1221.5, 1320.7000000029802, 1419.0999999940395, 1518.2999999970198, 1618.0999999940395, 1717.9000000059605, 2008.2999999970198, 2219.0, 2311.0, 2409.2000000029802, 2716.7000000029802, 3015.0999999940395]",B,1,excluded
36,aldebaran,B,1,B_orient1,3,1,aldebaran/B/orient1/tilt_back_neutral_1/landmarks_trimmed.json,40,40,18,"[0, 2, 4, 6, 9, 11, 13, 16, 18, 20, 22, 25, 27, 29, 32, 34, 36, 39]","[97.90000000596046, 199.90000000596046, 298.0, 585.7999999970198, 803.1000000089407, 892.6000000089407, 1113.2999999970198, 1312.5, 1410.4000000059605, 1599.7000000029802, 1715.4000000059605, 1908.6000000089407, 2130.5, 2417.2000000029802, 2640.2000000029802, 2740.0, 2838.5, 3026.1000000089407]",B,1,excluded
37,aldebaran,B,1,B_orient1,3,2,aldebaran/B/orient1/tilt_back_neutral_2/landmarks_trimmed.json,59,59,18,"[0, 3, 6, 10, 13, 17, 20, 23, 27, 30, 34, 37, 40, 44, 47, 51, 54, 58]","[97.70000000298023, 315.30000001192093, 496.1000000089407, 695.1000000089407, 826.0, 1023.7000000029802, 1180.300000011921, 1298.2000000029802, 1499.9000000059605, 1617.2000000029802, 1815.300000011921, 1999.300000011921, 2112.300000011921, 2316.0, 2442.4000000059605, 2640.9000000059605, 2824.800000011921, 3023.1000000089407]",B,1,excluded
38,aldebaran,B,1,B_orient1,3,1,aldebaran/B/orient1/tilt_back_toward_1/landmarks_trimmed.json,56,56,18,"[0, 3, 6, 9, 12, 16, 19, 22, 25, 29, 32, 35, 38, 42, 45, 48, 51, 55]","[34.29999999701977, 133.0, 392.8999999910593, 490.09999999403954, 592.0, 726.3999999910593, 894.3999999910593, 1024.7999999970198, 1198.5, 1412.699999988079, 1518.7999999970198, 1650.5999999940395, 1819.0, 2022.5999999940395, 2245.0, 2519.5999999940395, 2736.8999999910593, 3040.0]",B,1,excluded
39,aldebaran,B,1,B_orient1,3,1,aldebaran/B/orient1/tilt_forward_away_1/landmarks_trimmed.json,50,50,18,"[0, 2, 5, 8, 11, 14, 17, 20, 23, 25, 28, 31, 34, 37, 40, 43, 46, 49]","[88.59999999403954, 132.3999999910593, 307.5, 430.59999999403954, 606.0999999940395, 726.1999999880791, 910.5999999940395, 1024.8999999910593, 1227.0999999940395, 1320.699999988079, 1526.0999999940395, 1749.5, 1931.7999999970198, 2046.5999999940395, 2235.699999988079, 2343.8999999910593, 2640.2999999970198, 3035.7999999970198]",B,1,excluded
40,aldebaran,B,1,B_orient1,3,1,aldebaran/B/orient1/tilt_forward_neutral_1/landmarks_trimmed.json,63,63,18,"[0, 3, 7, 10, 14, 18, 21, 25, 29, 32, 36, 40, 43, 47, 51, 54, 58, 62]","[33.79999999701977, 198.29999999701977, 404.0, 528.2999999970198, 705.0999999940395, 905.0, 1023.1999999880791, 1221.699999988079, 1419.5999999940395, 1608.0999999940395, 1808.2999999970198, 1947.5, 2111.2999999970198, 2245.2999999970198, 2442.7999999970198, 2629.3999999910593, 2834.8999999910593, 3029.699999988079]",B,1,excluded
41,aldebaran,B,1,B_orient1,3,2,aldebaran/B/orient1/tilt_forward_neutral_2/landmarks_trimmed.json,46,46,18,"[0, 2, 5, 7, 10, 13, 15, 18, 21, 23, 26, 29, 31, 34, 37, 39, 42, 45]","[33.3999999910593, 132.3999999910593, 300.79999999701977, 423.8999999910593, 528.0999999940395, 707.8999999910593, 822.7000000029802, 924.3999999910593, 1123.7999999970198, 1309.3999999910593, 1525.0, 1736.5999999940395, 1830.8999999910593, 1948.8999999910593, 2244.5999999940395, 2344.2000000029802, 2640.8999999910593, 3055.0999999940395]",B,1,excluded
42,aldebaran,B,1,B_orient1,3,1,aldebaran/B/orient1/tilt_forward_toward_1/landmarks_trimmed.json,36,36,18,"[0, 2, 4, 6, 8, 10, 12, 14, 16, 18, 20, 22, 24, 26, 28, 30, 32, 35]","[95.40000000596046, 206.70000000298023, 330.5, 597.7999999970198, 721.2999999970198, 907.5, 1020.7999999970198, 1208.5999999940395, 1321.4000000059605, 1518.2999999970198, 1718.2999999970198, 1848.9000000059605, 1948.2999999970198, 2213.0, 2428.0, 2541.5999999940395, 2640.2000000029802, 3126.2000000029802]",B,1,excluded
43,aldebaran,B,1,B_orient1,3,1,aldebaran/B/orient1/tilt_neutral_away_1/landmarks_trimmed.json,68,68,18,"[0, 3, 7, 11, 15, 19, 23, 27, 31, 35, 39, 43, 47, 51, 55, 59, 63, 67]","[67.1000000089407, 198.90000000596046, 375.40000000596046, 495.20000000298023, 667.5, 827.1000000089407, 985.0, 1123.5, 1320.5, 1519.5, 1717.2000000029802, 1914.2000000029802, 2105.0, 2211.800000011921, 2409.2000000029802, 2607.9000000059605, 2805.5, 3007.2000000029802]",B,1,excluded
44,aldebaran,B,1,B_orient1,3,1,aldebaran/B/orient1/tilt_neutral_neutral_1/landmarks_trimmed.json,57,57,18,"[0, 3, 6, 9, 13, 16, 19, 23, 26, 29, 32, 36, 39, 42, 46, 49, 52, 56]","[33.6000000089407, 202.79999999701977, 330.20000000298023, 505.70000000298023, 722.1000000089407, 906.2000000029802, 1026.0, 1225.7000000029802, 1353.2000000029802, 1533.1000000089407, 1651.6000000089407, 1848.4000000059605, 2052.2000000029802, 2236.0, 2532.2999999970198, 2673.2999999970198, 2856.2000000029802, 3057.7999999970198]",B,1,excluded
45,aldebaran,B,1,B_orient1,3,2,aldebaran/B/orient1/tilt_neutral_neutral_2/landmarks_trimmed.json,67,67,18,"[0, 3, 7, 11, 15, 19, 23, 27, 31, 34, 38, 42, 46, 50, 54, 58, 62, 66]","[33.099999994039536, 206.3999999910593, 401.5, 528.7999999970198, 701.0999999940395, 826.2999999970198, 1006.0999999940395, 1122.3999999910593, 1322.5999999940395, 1453.0, 1650.0, 1848.8999999910593, 2047.8999999910593, 2244.7999999970198, 2441.2000000029802, 2641.7999999970198, 2846.7999999970198, 3047.8999999910593]",B,1,excluded
46,aldebaran,B,1,B_orient1,3,1,aldebaran/B/orient1/tilt_neutral_toward_1/landmarks_trimmed.json,36,36,18,"[0, 2, 4, 6, 8, 10, 12, 14, 16, 18, 20, 22, 24, 26, 28, 30, 32, 35]","[102.5, 202.3999999910593, 304.3999999910593, 405.29999999701977, 507.09999999403954, 627.7999999970198, 726.1999999880791, 1519.699999988079, 1634.199999988079, 1817.5, 1932.0999999940395, 2032.5, 2134.5, 2237.5999999940395, 2336.8999999910593, 2437.2999999970198, 2549.0999999940395, 3046.2999999970198]",B,1,excluded
47,aldebaran,B,2,B_orient2,4,1,aldebaran/B/orient2/tilt_back_away_1/landmarks_trimmed.json,54,54,18,"[0, 3, 6, 9, 12, 15, 18, 21, 24, 28, 31, 34, 37, 40, 43, 46, 49, 53]","[65.79999999701977, 198.09999999403954, 374.59999999403954, 480.79999999701977, 594.7000000029802, 765.3999999910593, 882.7000000029802, 990.7999999970198, 1124.0999999940395, 1287.2000000029802, 1419.2000000029802, 1583.5999999940395, 1716.7000000029802, 1884.8999999910593, 2013.3999999910593, 2112.8999999910593, 2813.0999999940395, 3003.0]",B,1,excluded
48,aldebaran,B,2,B_orient2,4,1,aldebaran/B/orient2/tilt_back_neutral_1/landmarks_trimmed.json,52,52,18,"[0, 3, 6, 9, 12, 15, 18, 21, 24, 27, 30, 33, 36, 39, 42, 45, 48, 51]","[33.5, 201.79999999701977, 331.29999999701977, 518.3999999910593, 627.5, 818.2999999970198, 924.3999999910593, 1121.2999999970198, 1424.699999988079, 1625.8999999910593, 1750.199999988079, 1921.0999999940395, 2047.2999999970198, 2223.0, 2344.5999999940395, 2540.699999988079, 2739.7999999970198, 3039.2999999970198]",B,1,excluded
49,aldebaran,B,2,B_orient2,4,2,aldebaran/B/orient2/tilt_back_neutral_2/landmarks_trimmed.json,66,66,18,"[0, 3, 7, 11, 15, 19, 22, 26, 30, 34, 38, 42, 45, 49, 53, 57, 61, 65]","[66.0, 198.29999999701977, 397.5, 586.2999999970198, 767.2000000029802, 891.5999999940395, 990.2000000029802, 1185.0, 1321.0999999940395, 1519.7000000029802, 1717.0999999940395, 1914.5999999940395, 2110.0999999940395, 2211.5999999940395, 2408.7999999970198, 2610.5, 2813.2000000029802, 3013.2999999970198]",B,1,excluded
50,aldebaran,B,2,B_orient2,4,1,aldebaran/B/orient2/tilt_back_toward_1/landmarks_trimmed.json,34,34,18,"[0, 1, 3, 5, 7, 9, 11, 13, 15, 17, 19, 21, 23, 25, 27, 29, 31, 33]","[187.70000000298023, 198.90000000596046, 395.5, 528.5999999940395, 702.9000000059605, 894.4000000059605, 1097.7999999970198, 1221.2999999970198, 1320.2000000029802, 1519.0999999940395, 1618.7000000029802, 1816.9000000059605, 2014.0, 2219.4000000059605, 2417.5999999940395, 2618.4000000059605, 2811.7999999970198, 3016.7000000029802]",B,1,excluded
51,aldebaran,B,2,B_orient2,4,1,aldebaran/B/orient2/tilt_forward_away_1/landmarks_trimmed.json,55,55,18,"[0, 3, 6, 9, 12, 15, 19, 22, 25, 28, 31, 34, 38, 41, 44, 47, 50, 54]","[93.90000000596046, 198.5, 495.20000000298023, 670.4000000059605, 792.7000000029802, 973.9000000059605, 1123.1000000089407, 1222.0, 1378.300000011921, 1475.4000000059605, 1597.800000011921, 1716.7000000029802, 1892.800000011921, 2409.5, 2597.6000000089407, 2707.0, 2838.7000000029802, 3004.5]",B,1,excluded
52,aldebaran,B,2,B_orient2,4,1,aldebaran/B/orient2/tilt_forward_neutral_1/landmarks_trimmed.json,47,47,18,"[0, 2, 5, 8, 10, 13, 16, 18, 21, 24, 27, 29, 32, 35, 37, 40, 43, 46]","[98.0, 198.5, 490.6000000089407, 690.2000000029802, 790.4000000059605, 927.0, 1191.7999999970198, 1313.0, 1420.1000000089407, 1613.0, 1716.5, 1815.6000000089407, 2012.9000000059605, 2312.1000000089407, 2513.2000000029802, 2715.9000000059605, 2838.2999999970198, 3018.2999999970198]",B,1,excluded
53,aldebaran,B,2,B_orient2,4,2,aldebaran/B/orient2/tilt_forward_neutral_2/landmarks_trimmed.json,59,59,18,"[0, 3, 6, 10, 13, 17, 20, 23, 27, 30, 34, 37, 40, 44, 47, 51, 54, 58]","[34.1000000089407, 198.29999999701977, 331.1000000089407, 585.7000000029802, 703.5, 901.7000000029802, 1023.4000000059605, 1205.7000000029802, 1402.9000000059605, 1519.1000000089407, 1719.5, 1848.9000000059605, 2023.1000000089407, 2245.7000000029802, 2426.4000000059605, 2640.4000000059605, 2835.0, 3030.7999999970198]",B,1,excluded
54,aldebaran,B,2,B_orient2,4,1,aldebaran/B/orient2/tilt_forward_toward_1/landmarks_trimmed.json,69,69,18,"[0, 4, 8, 12, 16, 20, 24, 28, 32, 36, 40, 44, 48, 52, 56, 60, 64, 68]","[33.29999999701977, 231.29999999701977, 429.09999999403954, 618.8999999910593, 798.7000000029802, 957.2999999970198, 1123.2000000029802, 1314.7999999970198, 1419.5, 1615.5999999940395, 1815.7000000029802, 2017.5, 2178.2000000029802, 2344.5999999940395, 2536.0, 2641.0, 2839.0999999940395, 3038.7999999970198]",B,1,excluded
55,aldebaran,B,2,B_orient2,4,1,aldebaran/B/orient2/tilt_neutral_away_1/landmarks_trimmed.json,51,51,18,"[0, 2, 5, 8, 11, 14, 17, 20, 23, 26, 29, 32, 35, 38, 41, 44, 47, 50]","[100.1000000089407, 232.20000000298023, 419.0, 528.9000000059605, 722.3000000119209, 825.2000000029802, 995.8000000119209, 1122.6000000089407, 1300.4000000059605, 1515.7000000029802, 1717.300000011921, 1947.9000000059605, 2120.5, 2245.4000000059605, 2442.5, 2638.9000000059605, 2839.1000000089407, 3038.7000000029802]",B,1,excluded
56,aldebaran,B,2,B_orient2,4,1,aldebaran/B/orient2/tilt_neutral_neutral_1/landmarks_trimmed.json,60,60,18,"[0, 3, 6, 10, 13, 17, 20, 24, 27, 31, 34, 38, 41, 45, 48, 52, 55, 59]","[34.099999994039536, 206.0, 330.09999999403954, 529.8999999910593, 705.8999999910593, 913.2999999970198, 1023.8999999910593, 1327.2999999970198, 1527.5999999940395, 1749.2999999970198, 2027.7999999970198, 2201.199999988079, 2302.699999988079, 2410.0999999940395, 2541.8999999910593, 2702.199999988079, 2819.0, 3001.2999999970198]",B,1,excluded
57,aldebaran,B,2,B_orient2,4,2,aldebaran/B/orient2/tilt_neutral_neutral_2/landmarks_trimmed.json,55,55,18,"[0, 3, 6, 9, 12, 15, 19, 22, 25, 28, 31, 34, 38, 41, 44, 47, 50, 54]","[33.70000000298023, 201.70000000298023, 330.29999999701977, 503.70000000298023, 627.7000000029802, 801.2000000029802, 1020.2999999970198, 1123.1000000089407, 1413.2999999970198, 1518.0, 1726.7999999970198, 1848.7000000029802, 2046.4000000059605, 2241.9000000059605, 2344.0, 2544.2999999970198, 2732.5, 3031.7000000029802]",B,1,excluded
58,aldebaran,B,2,B_orient2,4,1,aldebaran/B/orient2/tilt_neutral_toward_1/landmarks_trimmed.json,51,51,18,"[0, 2, 5, 8, 11, 14, 17, 20, 23, 26, 29, 32, 35, 38, 41, 44, 47, 50]","[98.30000001192093, 280.70000000298023, 399.20000000298023, 528.9000000059605, 707.1000000089407, 826.5, 1014.5, 1123.5, 1405.800000011921, 1519.1000000089407, 1722.5, 1903.2000000029802, 2022.7000000029802, 2244.7000000029802, 2430.2000000029802, 2541.800000011921, 2739.2000000029802, 3045.4000000059605]",B,1,excluded
59,aldebaran,C,1,C_orient1,5,1,aldebaran/C/orient1/tilt_back_away_1/landmarks_trimmed.json,23,23,18,"[0, 1, 2, 3, 5, 6, 7, 9, 10, 11, 12, 14, 15, 16, 18, 19, 20, 22]","[134.69999998807907, 260.39999997615814, 387.69999998807907, 516.7999999821186, 768.5, 893.0999999940395, 1015.0, 1267.3999999761581, 1400.2999999821186, 1530.0999999940395, 1663.199999988079, 1932.0, 2064.899999976158, 2198.899999976158, 2479.399999976158, 2621.699999988079, 2754.899999976158, 3030.899999976158]",C,2,excluded
60,aldebaran,C,1,C_orient1,5,1,aldebaran/C/orient1/tilt_back_neutral_1/landmarks_trimmed.json,27,27,18,"[0, 1, 3, 4, 6, 7, 9, 10, 12, 13, 15, 16, 18, 19, 21, 22, 24, 26]","[134.09999999403954, 258.7999999821186, 482.2999999821186, 600.0, 823.5, 926.1999999880791, 1151.7999999821186, 1273.0, 1486.5999999940395, 1591.4000000059605, 1814.5, 1940.5999999940395, 2204.0, 2258.2999999821186, 2492.5, 2615.9000000059605, 2831.9000000059605, 3059.7999999821186]",C,2,excluded
61,aldebaran,C,1,C_orient1,5,2,aldebaran/C/orient1/tilt_back_neutral_2/landmarks_trimmed.json,24,24,18,"[0, 1, 2, 4, 5, 6, 8, 9, 10, 12, 13, 14, 16, 17, 18, 20, 21, 23]","[116.89999997615814, 236.7999999821186, 374.7999999821186, 638.7999999821186, 763.1999999880791, 889.1999999880791, 1140.2999999821186, 1266.2999999821186, 1394.699999988079, 1657.0999999940395, 1792.0999999940395, 1927.3999999761581, 2198.699999988079, 2336.5, 2472.0, 2732.5999999940395, 2864.699999988079, 3129.2999999821186]",C,2,excluded
62,aldebaran,C,1,C_orient1,5,1,aldebaran/C/orient1/tilt_back_toward_1/landmarks_trimmed.json,31,31,18,"[0, 1, 3, 5, 7, 8, 10, 12, 14, 15, 17, 19, 21, 22, 24, 26, 28, 30]","[107.59999999403954, 209.2000000178814, 409.30000001192093, 620.0, 816.5999999940395, 913.7000000178814, 1109.5, 1259.0999999940395, 1462.800000011921, 1513.5, 1744.9000000059605, 1956.5, 2161.4000000059605, 2262.5999999940395, 2454.4000000059605, 2643.7000000178814, 2832.300000011921, 3027.7000000178814]",C,2,excluded
63,aldebaran,C,1,C_orient1,5,1,aldebaran/C/orient1/tilt_forward_away_1/landmarks_trimmed.json,31,31,18,"[0, 1, 3, 5, 7, 8, 10, 12, 14, 15, 17, 19, 21, 22, 24, 26, 28, 30]","[100.5, 194.39999997615814, 382.7999999821186, 569.1999999880791, 761.7999999821186, 863.5, 1052.2999999821186, 1240.3999999761581, 1435.199999988079, 1536.2999999821186, 1741.0999999940395, 1952.0, 2172.5999999940395, 2283.899999976158, 2497.5999999940395, 2699.2999999821186, 2896.7999999821186, 3099.399999976158]",C,2,excluded
64,aldebaran,C,1,C_orient1,5,1,aldebaran/C/orient1/tilt_forward_neutral_1/landmarks_trimmed.json,29,29,18,"[0, 1, 3, 4, 6, 8, 9, 11, 13, 14, 16, 18, 19, 21, 23, 24, 26, 28]","[98.90000000596046, 194.2000000178814, 386.5, 483.2000000178814, 681.9000000059605, 882.5, 985.5, 1196.7000000178814, 1414.2000000178814, 1524.0, 1748.5999999940395, 1987.2000000178814, 2047.5999999940395, 2290.0, 2543.7000000178814, 2660.300000011921, 2872.800000011921, 3094.0]",C,2,excluded
65,aldebaran,C,1,C_orient1,5,2,aldebaran/C/orient1/tilt_forward_neutral_2/landmarks_trimmed.json,31,31,18,"[0, 1, 3, 5, 7, 8, 10, 12, 14, 15, 17, 19, 21, 22, 24, 26, 28, 30]","[98.69999998807907, 197.19999998807907, 385.0, 571.5999999940395, 764.1999999880791, 858.5, 1052.5999999940395, 1245.4000000059605, 1449.0999999940395, 1556.5999999940395, 1773.4000000059605, 1990.0, 2182.0, 2277.0999999940395, 2465.699999988079, 2655.5, 2849.0, 3034.5]",C,2,excluded
66,aldebaran,C,1,C_orient1,5,1,aldebaran/C/orient1/tilt_forward_toward_1/landmarks_trimmed.json,64,64,18,"[0, 3, 7, 11, 14, 18, 22, 25, 29, 33, 37, 40, 44, 48, 51, 55, 59, 63]","[78.70000000298023, 198.70000000298023, 397.59999999403954, 585.0, 682.5, 825.2000000029802, 990.5999999940395, 1122.2999999970198, 1321.2000000029802, 1518.9000000059605, 1716.9000000059605, 1905.5999999940395, 2046.4000000059605, 2245.7000000029802, 2425.0, 2609.5999999940395, 2827.0, 3025.5999999940395]",C,2,excluded
67,aldebaran,C,1,C_orient1,5,1,aldebaran/C/orient1/tilt_neutral_away_1/landmarks_trimmed.json,27,27,18,"[0, 1, 3, 4, 6, 7, 9, 10, 12, 13, 15, 16, 18, 19, 21, 22, 24, 26]","[104.09999999403954, 204.89999997615814, 399.09999999403954, 501.5, 702.0999999940395, 799.1999999880791, 1000.0, 1100.3999999761581, 1302.2999999821186, 1401.5, 1594.0999999940395, 1697.0999999940395, 1900.699999988079, 2005.199999988079, 2222.0999999940395, 2335.7999999821186, 2568.399999976158, 2793.7999999821186]",C,2,excluded
68,aldebaran,C,1,C_orient1,5,1,aldebaran/C/orient1/tilt_neutral_neutral_1/landmarks_trimmed.json,22,22,18,"[0, 1, 2, 3, 4, 6, 7, 8, 9, 11, 12, 13, 14, 16, 17, 18, 19, 21]","[129.40000000596046, 260.5, 393.80000001192093, 525.0999999940395, 666.1999999880791, 937.8000000119209, 1076.699999988079, 1212.800000011921, 1352.199999988079, 1629.5999999940395, 1773.4000000059605, 1910.300000011921, 2051.0, 2318.0999999940395, 2461.4000000059605, 2605.4000000059605, 2743.5, 3017.4000000059605]",C,2,excluded
69,aldebaran,C,1,C_orient1,5,2,aldebaran/C/orient1/tilt_neutral_neutral_2/landmarks_trimmed.json,24,24,18,"[0, 1, 2, 4, 5, 6, 8, 9, 10, 12, 13, 14, 16, 17, 18, 20, 21, 23]","[117.59999999403954, 235.5, 354.69999998807907, 609.2999999821186, 736.4000000059605, 861.7999999821186, 1105.5, 1228.9000000059605, 1350.5, 1592.5999999940395, 1716.5, 1841.5999999940395, 2095.699999988079, 2222.7999999821186, 2354.9000000059605, 2612.9000000059605, 2745.0999999940395, 3007.5999999940395]",C,2,excluded
70,aldebaran,C,1,C_orient1,5,1,aldebaran/C/orient1/tilt_neutral_toward_1/landmarks_trimmed.json,25,25,18,"[0, 1, 2, 4, 5, 7, 8, 9, 11, 12, 14, 15, 16, 18, 19, 21, 22, 24]","[116.40000000596046, 231.40000000596046, 344.30000001192093, 573.3000000119209, 690.4000000059605, 928.5999999940395, 1050.5, 1170.7000000178814, 1419.5, 1548.300000011921, 1796.7000000178814, 1920.9000000059605, 2052.300000011921, 2320.9000000059605, 2458.0, 2724.5, 2857.0, 3124.300000011921]",C,2,excluded
71,aldebaran,D,1,D_orient1,6,1,aldebaran/D/orient1/tilt_back_away_1/landmarks_trimmed.json,18,18,18,"[0, 1, 2, 3, 4, 5, 6, 7, 8, 9, 10, 11, 12, 13, 14, 15, 16, 17]","[240.19999998807907, 363.30000001192093, 485.09999999403954, 615.4000000059605, 855.6999999880791, 1102.699999988079, 1228.5999999940395, 1721.300000011921, 1849.0, 1981.4000000059605, 2118.5999999940395, 2258.5, 2396.800000011921, 2530.9000000059605, 2668.199999988079, 2806.4000000059605, 2943.0, 3089.699999988079]",D,3,excluded
72,aldebaran,D,1,D_orient1,6,1,aldebaran/D/orient1/tilt_back_neutral_1/landmarks_trimmed.json,25,25,18,"[0, 1, 2, 4, 5, 7, 8, 9, 11, 12, 14, 15, 16, 18, 19, 21, 22, 24]","[126.0, 251.39999997615814, 376.5, 627.8999999761581, 760.6999999880791, 1011.3999999761581, 1140.5, 1266.5999999940395, 1521.5999999940395, 1647.7999999821186, 1897.0, 2019.0999999940395, 2146.0, 2418.5999999940395, 2482.399999976158, 2707.5, 2817.199999988079, 3028.7999999821186]",D,3,excluded
73,aldebaran,D,1,D_orient1,6,2,aldebaran/D/orient1/tilt_back_neutral_2/landmarks_trimmed.json,30,30,18,"[0, 1, 3, 5, 6, 8, 10, 11, 13, 15, 17, 18, 20, 22, 23, 25, 27, 29]","[104.5, 202.19999998807907, 401.39999997615814, 595.0999999940395, 693.0999999940395, 888.8999999761581, 1088.5, 1184.5, 1384.5, 1543.199999988079, 1759.199999988079, 1871.199999988079, 2099.0, 2336.199999988079, 2451.199999988079, 2686.699999988079, 2927.0, 3126.0]",D,3,excluded
74,aldebaran,D,1,D_orient1,6,1,aldebaran/D/orient1/tilt_back_toward_1/landmarks_trimmed.json,24,24,18,"[0, 1, 2, 4, 5, 6, 8, 9, 10, 12, 13, 14, 16, 17, 18, 20, 21, 23]","[133.89999997615814, 197.39999997615814, 325.2999999821186, 583.1999999880791, 715.2999999821186, 843.8999999761581, 1093.0999999940395, 1217.7999999821186, 1344.5999999940395, 1605.0999999940395, 1737.8999999761581, 1872.2999999821186, 2145.699999988079, 2279.7999999821186, 2415.899999976158, 2689.5, 2828.399999976158, 3105.7999999821186]",D,3,excluded
75,aldebaran,D,1,D_orient1,6,1,aldebaran/D/orient1/tilt_forward_away_1/landmarks_trimmed.json,28,28,18,"[0, 1, 3, 4, 6, 7, 9, 11, 12, 14, 15, 17, 19, 20, 22, 23, 25, 27]","[128.0, 193.10000002384186, 445.5, 564.5, 789.1000000238419, 901.4000000059605, 1130.300000011921, 1357.0, 1468.4000000059605, 1712.6000000238419, 1830.800000011921, 2060.800000011921, 2268.9000000059605, 2367.800000011921, 2564.2000000178814, 2661.4000000059605, 2857.5, 3053.2000000178814]",D,3,excluded
76,aldebaran,D,1,D_orient1,6,1,aldebaran/D/orient1/tilt_forward_neutral_1/landmarks_trimmed.json,18,18,18,"[0, 1, 2, 3, 4, 5, 6, 7, 8, 9, 10, 11, 12, 13, 14, 15, 16, 17]","[121.19999998807907, 241.5, 365.09999999403954, 493.59999999403954, 621.6999999880791, 754.4000000059605, 884.5, 1017.7999999821186, 1154.4000000059605, 1296.5999999940395, 1437.5, 1573.5, 1706.7999999821186, 1836.0, 1956.5999999940395, 2077.5, 2199.5999999940395, 2320.0999999940395]",D,3,excluded
77,aldebaran,D,1,D_orient1,6,2,aldebaran/D/orient1/tilt_forward_neutral_2/landmarks_trimmed.json,29,29,18,"[0, 1, 3, 4, 6, 8, 9, 11, 13, 14, 16, 18, 19, 21, 23, 24, 26, 28]","[97.59999999403954, 193.30000001192093, 383.40000000596046, 483.5, 678.0999999940395, 872.8000000119209, 969.4000000059605, 1166.2000000178814, 1363.300000011921, 1467.0, 1680.300000011921, 1902.300000011921, 2025.9000000059605, 2267.0999999940395, 2500.0, 2607.4000000059605, 2811.5999999940395, 3017.4000000059605]",D,3,excluded
78,aldebaran,D,1,D_orient1,6,1,aldebaran/D/orient1/tilt_forward_toward_1/landmarks_trimmed.json,24,24,18,"[0, 1, 2, 4, 5, 6, 8, 9, 10, 12, 13, 14, 16, 17, 18, 20, 21, 23]","[132.59999999403954, 258.90000000596046, 385.5, 635.2000000178814, 757.7000000178814, 883.5999999940395, 1137.300000011921, 1266.5, 1393.2000000178814, 1650.300000011921, 1783.5, 1910.0999999940395, 2173.5999999940395, 2309.7000000178814, 2446.5, 2727.4000000059605, 2865.2000000178814, 3126.9000000059605]",D,3,excluded
79,aldebaran,D,1,D_orient1,6,1,aldebaran/D/orient1/tilt_neutral_away_1/landmarks_trimmed.json,28,28,18,"[0, 1, 3, 4, 6, 7, 9, 11, 12, 14, 15, 17, 19, 20, 22, 23, 25, 27]","[107.2000000178814, 208.7000000178814, 416.30000001192093, 519.6000000238419, 672.0, 789.9000000059605, 1006.7000000178814, 1207.2000000178814, 1312.1000000238419, 1529.2000000178814, 1641.6000000238419, 1874.0, 2110.4000000059605, 2231.7000000178814, 2483.2000000178814, 2609.2000000178814, 2864.5, 3117.4000000059605]",D,3,excluded
80,aldebaran,D,1,D_orient1,6,1,aldebaran/D/orient1/tilt_neutral_neutral_1/landmarks_trimmed.json,27,27,18,"[0, 1, 3, 4, 6, 7, 9, 10, 12, 13, 15, 16, 18, 19, 21, 22, 24, 26]","[101.59999999403954, 197.19999998807907, 394.5, 492.2999999821186, 689.9000000059605, 794.5, 1007.1999999880791, 1116.4000000059605, 1335.9000000059605, 1451.699999988079, 1686.7999999821186, 1801.199999988079, 2040.2999999821186, 2168.199999988079, 2412.9000000059605, 2541.4000000059605, 2793.0999999940395, 3054.699999988079]",D,3,excluded
81,aldebaran,D,1,D_orient1,6,2,aldebaran/D/orient1/tilt_neutral_neutral_2/landmarks_trimmed.json,30,30,18,"[0, 1, 3, 5, 6, 8, 10, 11, 13, 15, 17, 18, 20, 22, 23, 25, 27, 29]","[99.19999998807907, 199.09999999403954, 401.69999998807907, 600.8000000119209, 700.3000000119209, 894.0, 1088.0, 1197.199999988079, 1397.0, 1597.4000000059605, 1796.199999988079, 1894.0999999940395, 2086.5, 2281.5999999940395, 2380.800000011921, 2585.9000000059605, 2803.300000011921, 3018.4000000059605]",D,3,excluded
82,aldebaran,D,1,D_orient1,6,1,aldebaran/D/orient1/tilt_neutral_toward_1/landmarks_trimmed.json,28,28,18,"[0, 1, 3, 4, 6, 7, 9, 11, 12, 14, 15, 17, 19, 20, 22, 23, 25, 27]","[107.5, 212.0, 423.59999999403954, 523.4000000059605, 729.1999999880791, 831.8000000119209, 1034.699999988079, 1232.699999988079, 1338.300000011921, 1546.800000011921, 1651.699999988079, 1870.4000000059605, 2105.4000000059605, 2221.4000000059605, 2464.199999988079, 2583.199999988079, 2837.5999999940395, 3087.699999988079]",D,3,excluded
83,aldebaran,D,2,D_orient2,7,1,aldebaran/D/orient2/tilt_back_away_1/landmarks_trimmed.json,25,25,18,"[0, 1, 2, 4, 5, 7, 8, 9, 11, 12, 14, 15, 16, 18, 19, 21, 22, 24]","[117.7999999821186, 237.5, 359.0, 606.5999999940395, 734.1999999880791, 989.9000000059605, 1116.7999999821186, 1244.9000000059605, 1495.5999999940395, 1610.9000000059605, 1853.5, 1972.9000000059605, 2093.9000000059605, 2333.699999988079, 2449.5999999940395, 2693.2999999821186, 2814.5999999940395, 3063.5]",D,3,excluded
84,aldebaran,D,2,D_orient2,7,1,aldebaran/D/orient2/tilt_back_neutral_1/landmarks_trimmed.json,24,24,18,"[0, 1, 2, 4, 5, 6, 8, 9, 10, 12, 13, 14, 16, 17, 18, 20, 21, 23]","[96.89999997615814, 188.5, 378.7999999821186, 581.2999999821186, 690.5, 798.0, 1019.5, 1246.699999988079, 1361.5999999940395, 1596.7999999821186, 1716.3999999761581, 1838.5999999940395, 2200.399999976158, 2323.399999976158, 2447.199999988079, 2707.5999999940395, 2835.2999999821186, 3093.0999999940395]",D,3,excluded
85,aldebaran,D,2,D_orient2,7,2,aldebaran/D/orient2/tilt_back_neutral_2/landmarks_trimmed.json,26,26,18,"[0, 1, 2, 4, 5, 7, 8, 10, 11, 13, 14, 16, 17, 19, 20, 22, 23, 25]","[99.5, 197.5, 297.2000000178814, 496.0, 594.3000000119209, 791.1000000238419, 888.5, 1094.0, 1196.2000000178814, 1412.2000000178814, 1521.4000000059605, 2082.600000023842, 2186.600000023842, 2386.100000023842, 2485.7000000178814, 2680.7000000178814, 2872.5, 3075.300000011921]",D,3,excluded
86,aldebaran,D,2,D_orient2,7,1,aldebaran/D/orient2/tilt_forward_away_1/landmarks_trimmed.json,27,27,18,"[0, 1, 3, 4, 6, 7, 9, 10, 12, 13, 15, 16, 18, 19, 21, 22, 24, 26]","[285.69999998807907, 383.0, 577.6999999880791, 681.0999999940395, 877.0, 978.1999999880791, 1174.5, 1269.699999988079, 1468.4000000059605, 1565.5999999940395, 1761.9000000059605, 1858.5, 2057.5999999940395, 2156.5999999940395, 2366.5999999940395, 2579.300000011921, 2803.5999999940395, 3033.300000011921]",D,3,excluded
87,aldebaran,D,2,D_orient2,7,1,aldebaran/D/orient2/tilt_forward_toward_1/landmarks_trimmed.json,19,19,18,"[0, 1, 2, 3, 4, 5, 6, 7, 8, 9, 10, 11, 12, 13, 14, 15, 16, 18]","[105.90000000596046, 212.90000000596046, 320.69999998807907, 422.7999999821186, 526.7999999821186, 624.5999999940395, 1141.9000000059605, 1254.4000000059605, 1481.5, 1601.0, 1722.5, 1843.9000000059605, 1965.4000000059605, 2088.4000000059605, 2212.0999999940395, 2335.9000000059605, 2454.9000000059605, 2701.5]",D,3,excluded
88,aldebaran,D,2,D_orient2,7,1,aldebaran/D/orient2/tilt_neutral_away_1/landmarks_trimmed.json,27,27,18,"[0, 1, 3, 4, 6, 7, 9, 10, 12, 13, 15, 16, 18, 19, 21, 22, 24, 26]","[102.40000000596046, 197.5, 408.90000000596046, 506.5, 699.5999999940395, 799.5999999940395, 1000.5999999940395, 1103.699999988079, 1317.4000000059605, 1427.300000011921, 1652.0999999940395, 1767.800000011921, 2111.5999999940395, 2236.0, 2480.199999988079, 2609.300000011921, 2863.199999988079, 3127.4000000059605]",D,3,excluded
89,aldebaran,D,2,D_orient2,7,1,aldebaran/D/orient2/tilt_neutral_neutral_1/landmarks_trimmed.json,22,22,18,"[0, 1, 2, 3, 4, 6, 7, 8, 9, 11, 12, 13, 14, 16, 17, 18, 19, 21]","[97.7000000178814, 613.5, 796.4000000059605, 890.6000000238419, 991.3000000119209, 1187.5, 1286.300000011921, 1398.7000000178814, 1500.9000000059605, 1893.7000000178814, 1993.800000011921, 2093.0, 2284.800000011921, 2491.0, 2592.0, 2698.4000000059605, 2805.0, 3028.600000023842]",D,3,excluded
90,aldebaran,D,2,D_orient2,7,1,aldebaran/D/orient2/tilt_neutral_toward_1/landmarks_trimmed.json,30,30,18,"[0, 1, 3, 5, 6, 8, 10, 11, 13, 15, 17, 18, 20, 22, 23, 25, 27, 29]","[98.0, 196.09999999403954, 395.7999999821186, 591.1999999880791, 690.1999999880791, 884.6999999880791, 1083.2999999821186, 1182.5999999940395, 1380.7999999821186, 1575.0, 1724.5, 1831.699999988079, 2044.3999999761581, 2255.5999999940395, 2359.199999988079, 2573.0, 2793.7999999821186, 3001.199999988079]",D,3,excluded
91,aldebaran,E,1,E_orient1,8,1,aldebaran/E/orient1/tilt_back_away_1/landmarks_trimmed.json,29,29,18,"[0, 1, 3, 4, 6, 8, 9, 11, 13, 14, 16, 18, 19, 21, 23, 24, 26, 28]","[115.2000000178814, 232.59999999403954, 462.80000001192093, 566.0999999940395, 767.0999999940395, 965.0, 1062.7000000178814, 1261.7000000178814, 1456.5, 1555.0, 1750.2000000178814, 1952.300000011921, 2053.9000000059605, 2270.4000000059605, 2495.0, 2611.9000000059605, 2851.300000011921, 3084.9000000059605]",E,4,excluded
92,aldebaran,E,1,E_orient1,8,1,aldebaran/E/orient1/tilt_back_neutral_1/landmarks_trimmed.json,31,31,18,"[0, 1, 3, 5, 7, 8, 10, 12, 14, 15, 17, 19, 21, 22, 24, 26, 28, 30]","[98.59999999403954, 195.89999997615814, 389.19999998807907, 585.6999999880791, 782.0, 881.5, 1077.8999999761581, 1273.2999999821186, 1467.7999999821186, 1565.199999988079, 1760.0999999940395, 1959.2999999821186, 2160.0999999940395, 2261.699999988079, 2474.0999999940395, 2696.399999976158, 2896.199999988079, 3092.2999999821186]",E,4,excluded
93,aldebaran,E,1,E_orient1,8,2,aldebaran/E/orient1/tilt_back_neutral_2/landmarks_trimmed.json,24,24,18,"[0, 1, 2, 4, 5, 6, 8, 9, 10, 12, 13, 14, 16, 17, 18, 20, 21, 23]","[114.09999999403954, 227.69999998807907, 348.59999999403954, 591.3999999761581, 711.1999999880791, 837.5, 1093.2999999821186, 1223.699999988079, 1342.5999999940395, 1586.7999999821186, 1713.199999988079, 1838.199999988079, 2099.399999976158, 2229.899999976158, 2359.5, 2612.2999999821186, 2742.5, 3012.399999976158]",E,4,excluded
94,aldebaran,E,1,E_orient1,8,1,aldebaran/E/orient1/tilt_back_toward_1/landmarks_trimmed.json,27,27,18,"[0, 1, 3, 4, 6, 7, 9, 10, 12, 13, 15, 16, 18, 19, 21, 22, 24, 26]","[112.40000000596046, 213.5, 416.30000001192093, 516.8000000119209, 714.0999999940395, 813.4000000059605, 1011.9000000059605, 1116.0, 1336.199999988079, 1446.9000000059605, 1670.5, 1786.5999999940395, 2028.0, 2147.4000000059605, 2395.4000000059605, 2522.199999988079, 2770.800000011921, 3023.300000011921]",E,4,excluded
95,aldebaran,E,1,E_orient1,8,1,aldebaran/E/orient1/tilt_forward_away_1/landmarks_trimmed.json,30,30,18,"[0, 1, 3, 5, 6, 8, 10, 11, 13, 15, 17, 18, 20, 22, 23, 25, 27, 29]","[102.19999998807907, 206.5, 411.69999998807907, 616.0999999940395, 718.0999999940395, 920.1999999880791, 1128.800000011921, 1243.800000011921, 1469.0999999940395, 1687.4000000059605, 1907.5, 2014.5, 2207.5999999940395, 2406.4000000059605, 2505.4000000059605, 2701.5, 2897.5999999940395, 3095.5]",E,4,excluded
96,aldebaran,E,1,E_orient1,8,1,aldebaran/E/orient1/tilt_forward_neutral_1/landmarks_trimmed.json,29,29,18,"[0, 1, 3, 4, 6, 8, 9, 11, 13, 14, 16, 18, 19, 21, 23, 24, 26, 28]","[115.59999999403954, 231.5, 446.09999999403954, 549.9000000059605, 752.5999999940395, 954.0, 1055.4000000059605, 1248.2000000178814, 1442.0, 1539.9000000059605, 1733.5999999940395, 1929.4000000059605, 2032.2000000178814, 2243.0999999940395, 2464.5, 2578.4000000059605, 2819.300000011921, 3083.9000000059605]",E,4,excluded
97,aldebaran,E,1,E_orient1,8,2,aldebaran/E/orient1/tilt_forward_neutral_2/landmarks_trimmed.json,27,27,18,"[0, 1, 3, 4, 6, 7, 9, 10, 12, 13, 15, 16, 18, 19, 21, 22, 24, 26]","[119.80000001192093, 230.59999999403954, 442.30000001192093, 539.0999999940395, 732.5999999940395, 829.0999999940395, 1042.199999988079, 1152.199999988079, 1391.0999999940395, 1501.699999988079, 1735.5999999940395, 1852.9000000059605, 2095.199999988079, 2216.699999988079, 2463.4000000059605, 2591.0, 2838.9000000059605, 3119.800000011921]",E,4,excluded
98,aldebaran,E,1,E_orient1,8,1,aldebaran/E/orient1/tilt_forward_toward_1/landmarks_trimmed.json,28,28,18,"[0, 1, 3, 4, 6, 7, 9, 11, 12, 14, 15, 17, 19, 20, 22, 23, 25, 27]","[111.89999997615814, 222.19999998807907, 455.69999998807907, 578.0, 824.0, 967.3999999761581, 1211.3999999761581, 1454.7999999821186, 1562.2999999821186, 1770.7999999821186, 1873.0, 2071.0, 2261.5999999940395, 2356.699999988079, 2551.2999999821186, 2654.5, 2847.699999988079, 3048.399999976158]",E,4,excluded
99,aldebaran,E,1,E_orient1,8,1,aldebaran/E/orient1/tilt_neutral_away_1/landmarks_trimmed.json,24,24,18,"[0, 1, 2, 4, 5, 6, 8, 9, 10, 12, 13, 14, 16, 17, 18, 20, 21, 23]","[120.09999999403954, 238.0, 354.09999999403954, 604.9000000059605, 731.1999999880791, 856.6999999880791, 1110.9000000059605, 1238.300000011921, 1367.800000011921, 1634.9000000059605, 1763.800000011921, 1894.199999988079, 2148.9000000059605, 2276.5, 2405.800000011921, 2664.300000011921, 2798.0, 3062.699999988079]",E,4,excluded
100,aldebaran,E,1,E_orient1,8,1,aldebaran/E/orient1/tilt_neutral_neutral_1/landmarks_trimmed.json,23,23,18,"[0, 1, 2, 3, 5, 6, 7, 9, 10, 11, 12, 14, 15, 16, 18, 19, 20, 22]","[118.7999999821186, 253.7999999821186, 427.09999999403954, 561.1999999880791, 818.9000000059605, 942.7999999821186, 1073.5, 1330.699999988079, 1458.5999999940395, 1588.699999988079, 1720.0999999940395, 1990.0, 2123.699999988079, 2261.4000000059605, 2537.199999988079, 2675.7999999821186, 2818.2999999821186, 3108.2999999821186]",E,4,excluded
101,aldebaran,E,1,E_orient1,8,2,aldebaran/E/orient1/tilt_neutral_neutral_2/landmarks_trimmed.json,28,28,18,"[0, 1, 3, 4, 6, 7, 9, 11, 12, 14, 15, 17, 19, 20, 22, 23, 25, 27]","[124.0, 251.59999999403954, 533.7999999821186, 655.1999999880791, 882.8999999761581, 1007.6999999880791, 1234.0999999940395, 1432.8999999761581, 1530.5999999940395, 1725.5, 1820.7999999821186, 2025.2999999821186, 2240.899999976158, 2373.0999999940395, 2583.7999999821186, 2685.399999976158, 2880.5999999940395, 3079.899999976158]",E,4,excluded
102,aldebaran,E,1,E_orient1,8,1,aldebaran/E/orient1/tilt_neutral_toward_1/landmarks_trimmed.json,29,29,18,"[0, 1, 3, 4, 6, 8, 9, 11, 13, 14, 16, 18, 19, 21, 23, 24, 26, 28]","[110.59999999403954, 219.89999997615814, 444.39999997615814, 563.6999999880791, 805.1999999880791, 1027.3999999761581, 1125.3999999761581, 1329.0, 1540.699999988079, 1644.8999999761581, 1857.0999999940395, 2052.399999976158, 2154.399999976158, 2356.0999999940395, 2552.699999988079, 2647.899999976158, 2845.699999988079, 3040.899999976158]",E,4,excluded
103,aldebaran,E,2,E_orient2,9,1,aldebaran/E/orient2/tilt_back_neutral_1/landmarks_trimmed.json,28,28,18,"[0, 1, 3, 4, 6, 7, 9, 11, 12, 14, 15, 17, 19, 20, 22, 23, 25, 27]","[119.2000000178814, 242.40000000596046, 495.10000002384186, 617.6000000238419, 907.9000000059605, 1042.7000000178814, 1265.0, 1458.1000000238419, 1555.4000000059605, 1752.2000000178814, 1849.9000000059605, 2045.1000000238419, 2238.4000000059605, 2339.2000000178814, 2536.7000000178814, 2640.2000000178814, 2861.300000011921, 3084.100000023842]",E,4,excluded
104,aldebaran,E,2,E_orient2,9,2,aldebaran/E/orient2/tilt_back_neutral_2/landmarks_trimmed.json,31,31,18,"[0, 1, 3, 5, 7, 8, 10, 12, 14, 15, 17, 19, 21, 22, 24, 26, 28, 30]","[97.19999998807907, 198.0, 393.90000000596046, 587.7999999821186, 786.6999999880791, 886.5, 1082.2999999821186, 1274.4000000059605, 1472.5, 1571.5999999940395, 1768.7999999821186, 1966.2999999821186, 2166.5999999940395, 2265.5999999940395, 2461.2999999821186, 2661.2999999821186, 2855.0999999940395, 3047.5999999940395]",E,4,excluded
105,aldebaran,E,2,E_orient2,9,1,aldebaran/E/orient2/tilt_back_toward_1/landmarks_trimmed.json,29,29,18,"[0, 1, 3, 4, 6, 8, 9, 11, 13, 14, 16, 18, 19, 21, 23, 24, 26, 28]","[125.80000001192093, 246.2000000178814, 459.60000002384186, 560.6000000238419, 757.2000000178814, 952.9000000059605, 1055.7000000178814, 1248.300000011921, 1447.300000011921, 1546.1000000238419, 1740.2000000178814, 1940.300000011921, 2044.9000000059605, 2260.0, 2486.0, 2601.7000000178814, 2836.7000000178814, 3087.800000011921]",E,4,excluded
106,aldebaran,E,2,E_orient2,9,1,aldebaran/E/orient2/tilt_forward_away_1/landmarks_trimmed.json,27,27,18,"[0, 1, 3, 4, 6, 7, 9, 10, 12, 13, 15, 16, 18, 19, 21, 22, 24, 26]","[119.69999998807907, 237.09999999403954, 488.0, 613.8000000119209, 872.9000000059605, 1003.0, 1264.5999999940395, 1398.4000000059605, 1674.0999999940395, 1776.0999999940395, 1971.199999988079, 2070.5999999940395, 2260.9000000059605, 2356.0999999940395, 2552.5, 2648.800000011921, 2846.0999999940395, 3038.199999988079]",E,4,excluded
107,aldebaran,E,2,E_orient2,9,1,aldebaran/E/orient2/tilt_forward_neutral_1/landmarks_trimmed.json,24,24,18,"[0, 1, 2, 4, 5, 6, 8, 9, 10, 12, 13, 14, 16, 17, 18, 20, 21, 23]","[122.2999999821186, 247.69999998807907, 371.2999999821186, 618.6999999880791, 740.2999999821186, 863.2999999821186, 1118.2999999821186, 1244.0999999940395, 1371.7999999821186, 1628.699999988079, 1757.5999999940395, 1888.199999988079, 2148.899999976158, 2287.2999999821186, 2420.199999988079, 2698.2999999821186, 2847.5999999940395, 3111.2999999821186]",E,4,excluded
108,aldebaran,E,2,E_orient2,9,2,aldebaran/E/orient2/tilt_forward_neutral_2/landmarks_trimmed.json,30,30,18,"[0, 1, 3, 5, 6, 8, 10, 11, 13, 15, 17, 18, 20, 22, 23, 25, 27, 29]","[98.69999998807907, 201.0, 401.19999998807907, 601.5, 703.0999999940395, 911.0, 1130.2999999821186, 1238.5999999940395, 1457.699999988079, 1689.0999999940395, 1921.7999999821186, 2022.199999988079, 2215.0999999940395, 2411.199999988079, 2508.0999999940395, 2702.199999988079, 2895.2999999821186, 3092.699999988079]",E,4,excluded
109,aldebaran,E,2,E_orient2,9,1,aldebaran/E/orient2/tilt_forward_toward_1/landmarks_trimmed.json,24,24,18,"[0, 1, 2, 4, 5, 6, 8, 9, 10, 12, 13, 14, 16, 17, 18, 20, 21, 23]","[125.0, 248.90000000596046, 375.60000002384186, 624.9000000059605, 750.1000000238419, 874.8000000119209, 1129.1000000238419, 1258.300000011921, 1387.300000011921, 1647.6000000238419, 1774.7000000178814, 1907.800000011921, 2170.2000000178814, 2298.600000023842, 2426.0, 2696.300000011921, 2830.7000000178814, 3105.800000011921]",E,4,excluded
110,aldebaran,E,2,E_orient2,9,1,aldebaran/E/orient2/tilt_neutral_away_1/landmarks_trimmed.json,24,24,18,"[0, 1, 2, 4, 5, 6, 8, 9, 10, 12, 13, 14, 16, 17, 18, 20, 21, 23]","[128.09999999403954, 254.5, 376.0, 629.5, 760.0999999940395, 890.0999999940395, 1137.5, 1267.699999988079, 1393.0999999940395, 1640.699999988079, 1762.2999999821186, 1887.7999999821186, 2137.0, 2259.5999999940395, 2385.7999999821186, 2633.5999999940395, 2757.0999999940395, 3011.7999999821186]",E,4,excluded
111,aldebaran,E,2,E_orient2,9,1,aldebaran/E/orient2/tilt_neutral_neutral_1/landmarks_trimmed.json,24,24,18,"[0, 1, 2, 4, 5, 6, 8, 9, 10, 12, 13, 14, 16, 17, 18, 20, 21, 23]","[123.40000000596046, 243.09999999403954, 367.69999998807907, 620.1999999880791, 746.5, 877.0, 1134.5999999940395, 1261.2999999821186, 1392.0, 1653.699999988079, 1780.2999999821186, 1908.699999988079, 2174.2999999821186, 2307.9000000059605, 2442.0, 2700.7999999821186, 2834.0999999940395, 3107.0]",E,4,excluded
112,aldebaran,E,2,E_orient2,9,2,aldebaran/E/orient2/tilt_neutral_neutral_2/landmarks_trimmed.json,24,24,18,"[0, 1, 2, 4, 5, 6, 8, 9, 10, 12, 13, 14, 16, 17, 18, 20, 21, 23]","[119.90000000596046, 239.5, 358.90000000596046, 609.8000000119209, 731.2000000178814, 855.2000000178814, 1108.2000000178814, 1236.2000000178814, 1363.2000000178814, 1623.300000011921, 1755.9000000059605, 1885.9000000059605, 2156.2000000178814, 2289.9000000059605, 2424.300000011921, 2692.7000000178814, 2830.0, 3104.2000000178814]",E,4,excluded
113,aldebaran,E,2,E_orient2,9,1,aldebaran/E/orient2/tilt_neutral_toward_1/landmarks_trimmed.json,24,24,18,"[0, 1, 2, 4, 5, 6, 8, 9, 10, 12, 13, 14, 16, 17, 18, 20, 21, 23]","[119.0, 239.7999999821186, 359.09999999403954, 608.5999999940395, 732.1999999880791, 856.8999999761581, 1107.699999988079, 1229.699999988079, 1360.5999999940395, 1614.7999999821186, 1743.5, 1872.7999999821186, 2131.199999988079, 2259.0, 2391.899999976158, 2658.0, 2784.899999976158, 3059.899999976158]",E,4,excluded
114,alix,O,3,O_orient3,30,1,alix/O/orient3/tilt_forward_toward_1/landmarks_trimmed.json,18,18,18,"[0, 1, 2, 3, 4, 5, 6, 7, 8, 9, 10, 11, 12, 13, 14, 15, 16, 17]","[173.5, 343.89999997615814, 516.3999999761581, 698.0, 866.5999999940395, 1050.5999999940395, 1229.0999999940395, 1405.0, 1577.5999999940395, 1757.7999999821186, 1929.0, 2099.7999999821186, 2274.0999999940395, 2443.399999976158, 2606.199999988079, 2770.2999999821186, 2929.899999976158, 3085.7999999821186]",O,12,excluded
115,alix,P,2,P_orient2,32,1,alix/P/orient2/tilt_forward_away_1/landmarks_trimmed.json,20,20,18,"[0, 1, 2, 3, 4, 5, 6, 7, 8, 10, 11, 12, 13, 14, 15, 16, 17, 19]","[160.19999998807907, 310.89999997615814, 464.19999998807907, 620.2999999821186, 772.7999999821186, 925.7999999821186, 1080.5, 1233.7999999821186, 1390.0, 1713.2999999821186, 1869.199999988079, 2031.2999999821186, 2189.5999999940395, 2350.0, 2502.5999999940395, 2660.7999999821186, 2825.0, 3150.2999999821186]",P,13,excluded
116,alix,P,2,P_orient2,32,1,alix/P/orient2/tilt_forward_neutral_1/landmarks_trimmed.json,20,20,18,"[0, 1, 2, 3, 4, 5, 6, 7, 8, 10, 11, 12, 13, 14, 15, 16, 17, 19]","[151.09999999403954, 302.5, 456.7000000178814, 611.7000000178814, 769.0, 922.8000000119209, 1076.5, 1234.0, 1391.5, 1696.5999999940395, 1850.800000011921, 2009.0, 2167.2000000178814, 2319.0, 2473.7000000178814, 2622.9000000059605, 2788.4000000059605, 3101.4000000059605]",P,13,excluded
117,alix,P,2,P_orient2,32,2,alix/P/orient2/tilt_forward_neutral_2/landmarks_trimmed.json,23,23,18,"[0, 1, 2, 3, 5, 6, 7, 9, 10, 11, 12, 14, 15, 16, 18, 19, 20, 22]","[149.7999999821186, 311.7999999821186, 465.69999998807907, 621.1999999880791, 927.8999999761581, 1082.7999999821186, 1210.0, 1522.0, 1670.3999999761581, 1828.0, 1950.699999988079, 2185.899999976158, 2304.899999976158, 2425.899999976158, 2609.5, 2724.2999999821186, 2841.7999999821186, 3079.699999988079]",P,13,excluded
118,alix,P,2,P_orient2,32,1,alix/P/orient2/tilt_forward_toward_1/landmarks_trimmed.json,18,18,18,"[0, 1, 2, 3, 4, 5, 6, 7, 8, 9, 10, 11, 12, 13, 14, 15, 16, 17]","[185.5, 357.30000001192093, 537.2000000178814, 718.9000000059605, 888.6000000238419, 1066.1000000238419, 1242.6000000238419, 1413.5, 1583.0, 1756.4000000059605, 1929.800000011921, 2102.9000000059605, 2278.0, 2454.5, 2633.2000000178814, 2803.800000011921, 2982.100000023842, 3155.9000000059605]",P,13,excluded
119,alix,P,2,P_orient2,32,1,alix/P/orient2/tilt_neutral_away_1/landmarks_trimmed.json,19,19,18,"[0, 1, 2, 3, 4, 5, 6, 7, 8, 9, 10, 11, 12, 13, 14, 15, 16, 18]","[168.40000000596046, 335.69999998807907, 500.19999998807907, 668.5999999940395, 825.3000000119209, 983.0, 1145.0, 1305.9000000059605, 1461.9000000059605, 1617.699999988079, 1780.199999988079, 1940.800000011921, 2111.9000000059605, 2279.300000011921, 2441.199999988079, 2614.199999988079, 2780.800000011921, 3115.699999988079]",P,13,excluded
120,alix,P,2,P_orient2,32,2,alix/P/orient2/tilt_neutral_neutral_2/landmarks_trimmed.json,19,19,18,"[0, 1, 2, 3, 4, 5, 6, 7, 8, 9, 10, 11, 12, 13, 14, 15, 16, 18]","[170.2999999821186, 335.19999998807907, 501.0, 657.1999999880791, 825.0, 988.0, 1143.5999999940395, 1306.699999988079, 1474.5, 1633.9000000059605, 1803.699999988079, 1964.5999999940395, 2125.699999988079, 2289.5999999940395, 2453.699999988079, 2621.5999999940395, 2789.199999988079, 3113.199999988079]",P,13,excluded
121,alix,P,2,P_orient2,32,1,alix/P/orient2/tilt_neutral_toward_1/landmarks_trimmed.json,20,20,18,"[0, 1, 2, 3, 4, 5, 6, 7, 8, 10, 11, 12, 13, 14, 15, 16, 17, 19]","[160.80000001192093, 313.2000000178814, 470.7000000178814, 624.2000000178814, 785.8000000119209, 942.8000000119209, 1103.300000011921, 1256.2000000178814, 1412.0, 1714.800000011921, 1871.5999999940395, 2028.5, 2193.0999999940395, 2348.4000000059605, 2505.0, 2659.5999999940395, 2816.800000011921, 3130.300000011921]",P,13,excluded
122,alix,Q,1,Q_orient1,33,1,alix/Q/orient1/tilt_forward_away_1/landmarks_trimmed.json,20,20,18,"[0, 1, 2, 3, 4, 5, 6, 7, 8, 10, 11, 12, 13, 14, 15, 16, 17, 19]","[154.5, 310.7000000178814, 462.40000000596046, 617.0, 773.9000000059605, 926.9000000059605, 1004.9000000059605, 1157.9000000059605, 1316.800000011921, 1620.0, 1769.5, 1923.800000011921, 2075.5, 2235.0999999940395, 2387.0999999940395, 2543.5999999940395, 2693.4000000059605, 3005.0]",Q,14,excluded
123,alix,Q,1,Q_orient1,33,1,alix/Q/orient1/tilt_forward_neutral_1/landmarks_trimmed.json,20,20,18,"[0, 1, 2, 3, 4, 5, 6, 7, 8, 10, 11, 12, 13, 14, 15, 16, 17, 19]","[152.09999999403954, 310.7999999821186, 463.59999999403954, 623.6999999880791, 779.6999999880791, 934.6999999880791, 1083.2999999821186, 1239.8999999761581, 1393.0, 1699.7999999821186, 1861.7999999821186, 1938.7999999821186, 2096.0, 2251.5, 2409.199999988079, 2567.699999988079, 2729.5999999940395, 3040.699999988079]",Q,14,excluded
124,alix,Q,1,Q_orient1,33,1,alix/Q/orient1/tilt_forward_toward_1/landmarks_trimmed.json,20,20,18,"[0, 1, 2, 3, 4, 5, 6, 7, 8, 10, 11, 12, 13, 14, 15, 16, 17, 19]","[154.19999998807907, 313.5, 467.0, 618.8000000119209, 774.1999999880791, 927.8000000119209, 1083.5, 1235.9000000059605, 1389.4000000059605, 1693.9000000059605, 1852.300000011921, 2004.9000000059605, 2157.9000000059605, 2318.199999988079, 2476.699999988079, 2630.4000000059605, 2789.699999988079, 3098.199999988079]",Q,14,excluded
125,alix,Q,1,Q_orient1,33,1,alix/Q/orient1/tilt_neutral_away_1/landmarks_trimmed.json,19,19,18,"[0, 1, 2, 3, 4, 5, 6, 7, 8, 9, 10, 11, 12, 13, 14, 15, 16, 18]","[155.90000000596046, 314.2999999821186, 468.59999999403954, 620.2999999821186, 777.9000000059605, 927.2999999821186, 1086.0, 1237.7999999821186, 1411.9000000059605, 1587.0999999940395, 1738.9000000059605, 1897.5999999940395, 2059.4000000059605, 2212.699999988079, 2515.5999999940395, 2675.0, 2835.0, 3156.0]",Q,14,excluded
126,alix,Q,1,Q_orient1,33,1,alix/Q/orient1/tilt_neutral_neutral_1/landmarks_trimmed.json,18,18,18,"[0, 1, 2, 3, 4, 5, 6, 7, 8, 9, 10, 11, 12, 13, 14, 15, 16, 17]","[159.5, 315.0, 468.30000001192093, 617.8000000119209, 776.3000000119209, 929.0999999940395, 1090.5, 1244.9000000059605, 1391.5999999940395, 1547.5999999940395, 1700.699999988079, 1851.0999999940395, 2042.0, 2246.9000000059605, 2489.0, 2665.0, 2832.300000011921, 3134.5999999940395]",Q,14,excluded
127,alix,Q,1,Q_orient1,33,2,alix/Q/orient1/tilt_neutral_neutral_2/landmarks_trimmed.json,20,20,18,"[0, 1, 2, 3, 4, 5, 6, 7, 8, 10, 11, 12, 13, 14, 15, 16, 17, 19]","[149.30000001192093, 304.60000002384186, 459.60000002384186, 616.2000000178814, 768.1000000238419, 936.4000000059605, 1101.300000011921, 1265.6000000238419, 1420.6000000238419, 1735.300000011921, 1895.4000000059605, 2054.7000000178814, 2205.800000011921, 2366.100000023842, 2520.100000023842, 2674.2000000178814, 2831.7000000178814, 3138.300000011921]",Q,14,excluded
128,alix,Q,1,Q_orient1,33,1,alix/Q/orient1/tilt_neutral_toward_1/landmarks_trimmed.json,18,18,18,"[0, 1, 2, 3, 4, 5, 6, 7, 8, 9, 10, 11, 12, 13, 14, 15, 16, 17]","[470.2999999821186, 623.8999999761581, 707.5999999940395, 872.7999999821186, 1024.699999988079, 1191.0999999940395, 1356.0, 1511.3999999761581, 1670.3999999761581, 1747.699999988079, 1901.3999999761581, 2063.5999999940395, 2222.2999999821186, 2388.7999999821186, 2547.399999976158, 2710.5999999940395, 2871.199999988079, 3034.2999999821186]",Q,14,excluded
129,alix,S,1,S_orient1,37,1,alix/S/orient1/tilt_forward_toward_1/landmarks_trimmed.json,20,20,18,"[0, 1, 2, 3, 4, 5, 6, 7, 8, 10, 11, 12, 13, 14, 15, 16, 17, 19]","[133.5, 398.59999999403954, 663.2000000178814, 803.0, 936.2000000178814, 1075.2000000178814, 1218.300000011921, 1351.5999999940395, 1488.5, 1752.5999999940395, 1889.800000011921, 2023.0999999940395, 2164.7000000178814, 2300.5999999940395, 2437.0999999940395, 2576.0, 2712.800000011921, 2976.9000000059605]",S,16,excluded
130,alix,S,1,S_orient1,37,1,alix/S/orient1/tilt_neutral_away_1/landmarks_trimmed.json,18,18,18,"[0, 1, 2, 3, 4, 5, 6, 7, 8, 9, 10, 11, 12, 13, 14, 15, 16, 17]","[169.0, 335.40000000596046, 504.59999999403954, 668.5, 841.9000000059605, 1013.2000000178814, 1179.2000000178814, 1341.0, 1511.4000000059605, 1686.9000000059605, 1856.800000011921, 2025.5999999940395, 2364.4000000059605, 2537.0999999940395, 2701.7000000178814, 2787.9000000059605, 2958.0, 3117.5]",S,16,excluded
131,alix,T,1,T_orient1,38,1,alix/T/orient1/tilt_back_toward_1/landmarks_trimmed.json,19,19,18,"[0, 1, 2, 3, 4, 5, 6, 7, 8, 9, 10, 11, 12, 13, 14, 15, 16, 18]","[198.0, 375.39999997615814, 557.0999999642372, 740.6999999880791, 830.3000000119209, 1008.3000000119209, 1184.5999999642372, 1359.300000011921, 1540.800000011921, 1719.800000011921, 1903.199999988079, 2080.399999976158, 2172.5, 2259.800000011921, 2436.099999964237, 2614.5, 2789.699999988079, 3142.800000011921]",T,17,excluded
132,alix,T,1,T_orient1,38,1,alix/T/orient1/tilt_forward_toward_1/landmarks_trimmed.json,18,18,18,"[0, 1, 2, 3, 4, 5, 6, 7, 8, 9, 10, 11, 12, 13, 14, 15, 16, 17]","[170.90000000596046, 347.90000000596046, 532.9000000059605, 706.9000000059605, 882.4000000059605, 1063.7000000178814, 1233.2000000178814, 1402.300000011921, 1575.1000000238419, 1754.2000000178814, 1924.9000000059605, 2107.9000000059605, 2284.2000000178814, 2450.300000011921, 2619.4000000059605, 2791.0, 2957.5, 3134.800000011921]",T,17,excluded
133,angel,A,1,A_orient1,0,1,angel/A/orient1/tilt_back_away_1/landmarks_trimmed.json,33,33,18,"[0, 1, 3, 5, 7, 9, 11, 13, 15, 16, 18, 20, 22, 24, 26, 28, 30, 32]","[98.30000001192093, 202.10000002384186, 386.5, 591.3000000119209, 793.5, 942.1999999880791, 1124.699999988079, 1317.300000011921, 1461.4000000357628, 1550.4000000357628, 1748.0, 1945.199999988079, 2135.600000023842, 2326.699999988079, 2512.0, 2693.100000023842, 2884.100000023842, 3080.100000023842]",A,0,train
134,angel,A,1,A_orient1,0,1,angel/A/orient1/tilt_back_neutral_1/landmarks_trimmed.json,30,30,18,"[0, 1, 3, 5, 6, 8, 10, 11, 13, 15, 17, 18, 20, 22, 23, 25, 27, 29]","[95.40000003576279, 194.0, 410.80000001192093, 603.9000000357628, 698.2000000476837, 885.1000000238419, 1086.0, 1184.2000000476837, 1369.1000000238419, 1656.800000011921, 1857.6000000238419, 1958.7000000476837, 2143.800000011921, 2337.400000035763, 2427.600000023842, 2626.5, 2821.900000035763, 3026.400000035763]",A,0,validation
135,angel,A,1,A_orient1,0,2,angel/A/orient1/tilt_back_neutral_2/landmarks_trimmed.json,30,30,18,"[0, 1, 3, 5, 6, 8, 10, 11, 13, 15, 17, 18, 20, 22, 23, 25, 27, 29]","[93.5, 183.0, 374.10000002384186, 568.2000000476837, 666.1000000238419, 889.9000000357628, 1107.4000000357628, 1211.1000000238419, 1421.7000000476837, 1612.800000011921, 1809.9000000357628, 1904.9000000357628, 2110.5, 2320.7000000476837, 2413.600000023842, 2614.5, 2813.600000023842, 3007.5]",A,0,train
136,angel,A,1,A_orient1,0,1,angel/A/orient1/tilt_back_toward_1/landmarks_trimmed.json,26,26,18,"[0, 1, 2, 4, 5, 7, 8, 10, 11, 13, 14, 16, 17, 19, 20, 22, 23, 25]","[300.60000002384186, 397.2000000476837, 489.5, 671.3000000119209, 763.2000000476837, 955.6000000238419, 1049.4000000357628, 1234.1000000238419, 1326.6000000238419, 1521.300000011921, 1624.300000011921, 1825.4000000357628, 1918.0, 2403.900000035763, 2494.800000011921, 2697.900000035763, 2802.900000035763, 3082.5]",A,0,train
137,angel,A,1,A_orient1,0,1,angel/A/orient1/tilt_forward_away_1/landmarks_trimmed.json,31,31,18,"[0, 1, 3, 5, 7, 8, 10, 12, 14, 15, 17, 19, 21, 22, 24, 26, 28, 30]","[92.59999996423721, 183.5999999642372, 374.7999999523163, 561.5, 772.8999999761581, 875.0, 1083.199999988079, 1281.5, 1463.8999999761581, 1558.8999999761581, 1744.7999999523163, 1957.3999999761581, 2154.0, 2256.099999964237, 2455.399999976158, 2669.199999988079, 2884.899999976158, 3080.899999976158]",A,0,train
138,angel,A,1,A_orient1,0,1,angel/A/orient1/tilt_forward_neutral_1/landmarks_trimmed.json,32,32,18,"[0, 1, 3, 5, 7, 9, 10, 12, 14, 16, 18, 20, 21, 23, 25, 27, 29, 31]","[92.30000001192093, 186.89999997615814, 383.89999997615814, 571.3999999761581, 756.0999999642372, 943.0999999642372, 1035.3999999761581, 1221.699999988079, 1414.3999999761581, 1603.3999999761581, 1799.800000011921, 2013.699999988079, 2117.800000011921, 2311.800000011921, 2494.800000011921, 2683.599999964237, 2881.800000011921, 3072.800000011921]",A,0,validation
139,angel,A,1,A_orient1,0,2,angel/A/orient1/tilt_forward_neutral_2/landmarks_trimmed.json,31,31,18,"[0, 1, 3, 5, 7, 8, 10, 12, 14, 15, 17, 19, 21, 22, 24, 26, 28, 30]","[95.80000001192093, 190.60000002384186, 375.4000000357628, 579.9000000357628, 765.6999999880791, 862.3000000119209, 1057.4000000357628, 1242.800000011921, 1434.699999988079, 1535.1000000238419, 1722.4000000357628, 1925.6000000238419, 2125.800000011921, 2222.400000035763, 2428.900000035763, 2622.699999988079, 2816.100000023842, 3003.800000011921]",A,0,train
140,angel,A,1,A_orient1,0,1,angel/A/orient1/tilt_forward_toward_1/landmarks_trimmed.json,32,32,18,"[0, 1, 3, 5, 7, 9, 10, 12, 14, 16, 18, 20, 21, 23, 25, 27, 29, 31]","[98.80000001192093, 203.5, 386.5, 587.3000000119209, 731.3000000119209, 932.9000000357628, 1025.800000011921, 1218.9000000357628, 1416.199999988079, 1621.0, 1834.5, 2028.9000000357628, 2122.699999988079, 2311.100000023842, 2511.5, 2696.699999988079, 2883.300000011921, 3084.199999988079]",A,0,train
141,angel,A,1,A_orient1,0,1,angel/A/orient1/tilt_neutral_away_1/landmarks_trimmed.json,31,31,18,"[0, 1, 3, 5, 7, 8, 10, 12, 14, 15, 17, 19, 21, 22, 24, 26, 28, 30]","[98.09999996423721, 188.0999999642372, 392.39999997615814, 594.0, 788.6999999880791, 893.5999999642372, 1078.0999999642372, 1270.0, 1472.3999999761581, 1573.3999999761581, 1776.2999999523163, 1973.5, 2172.2999999523163, 2267.7999999523163, 2458.899999976158, 2657.599999964237, 2860.199999988079, 3058.2999999523163]",A,0,train
142,angel,A,1,A_orient1,0,1,angel/A/orient1/tilt_neutral_neutral_1/landmarks_trimmed.json,33,33,18,"[0, 1, 3, 5, 7, 9, 11, 13, 15, 16, 18, 20, 22, 24, 26, 28, 30, 32]","[102.39999997615814, 196.0999999642372, 332.80000001192093, 535.5999999642372, 738.3999999761581, 938.3000000119209, 1132.0, 1341.300000011921, 1541.199999988079, 1637.5, 1823.699999988079, 2010.5, 2218.399999976158, 2409.199999988079, 2597.300000011921, 2734.800000011921, 2851.399999976158, 3045.800000011921]",A,0,train
143,angel,A,1,A_orient1,0,2,angel/A/orient1/tilt_neutral_neutral_2/landmarks_trimmed.json,31,31,18,"[0, 1, 3, 5, 7, 8, 10, 12, 14, 15, 17, 19, 21, 22, 24, 26, 28, 30]","[101.80000001192093, 198.4000000357628, 405.60000002384186, 597.5, 791.6000000238419, 887.1000000238419, 1099.300000011921, 1303.4000000357628, 1493.300000011921, 1587.699999988079, 1775.1000000238419, 1991.199999988079, 2183.0, 2285.600000023842, 2480.900000035763, 2685.300000011921, 2888.600000023842, 3079.800000011921]",A,0,train
144,angel,A,1,A_orient1,0,1,angel/A/orient1/tilt_neutral_toward_1/landmarks_trimmed.json,24,24,18,"[0, 1, 2, 4, 5, 6, 8, 9, 10, 12, 13, 14, 16, 17, 18, 20, 21, 23]","[756.2000000476837, 855.4000000357628, 960.5, 1101.9000000357628, 1207.4000000357628, 1318.6000000238419, 1517.7000000476837, 1627.1000000238419, 1735.2000000476837, 1933.800000011921, 2034.9000000357628, 2136.600000023842, 2342.7000000476837, 2445.0, 2545.2000000476837, 2747.900000035763, 2838.2000000476837, 3037.100000023842]",A,0,validation
145,angel,A,2,A_orient2,1,1,angel/A/orient2/tilt_back_away_1/landmarks_trimmed.json,27,27,18,"[0, 1, 3, 4, 6, 7, 9, 10, 12, 13, 15, 16, 18, 19, 21, 22, 24, 26]","[120.80000001192093, 233.89999997615814, 461.5, 575.6999999880791, 812.1999999880791, 919.3999999761581, 1131.8999999761581, 1240.5999999642372, 1507.800000011921, 1615.5, 1830.5999999642372, 1934.0, 2166.899999976158, 2287.300000011921, 2510.300000011921, 2614.099999964237, 2830.300000011921, 3065.899999976158]",A,0,train
146,angel,A,2,A_orient2,1,1,angel/A/orient2/tilt_back_neutral_1/landmarks_trimmed.json,19,19,18,"[0, 1, 2, 3, 4, 5, 6, 7, 8, 9, 10, 11, 12, 13, 14, 15, 16, 18]","[127.80000001192093, 246.80000001192093, 370.89999997615814, 482.39999997615814, 587.5, 694.5, 810.3999999761581, 915.6000000238419, 1024.800000011921, 1140.0, 1250.199999988079, 1580.6000000238419, 2140.600000023842, 2360.199999988079, 2598.600000023842, 2723.0, 2835.899999976158, 3077.600000023842]",A,0,train
147,angel,A,2,A_orient2,1,2,angel/A/orient2/tilt_back_neutral_2/landmarks_trimmed.json,28,28,18,"[0, 1, 3, 4, 6, 7, 9, 11, 12, 14, 15, 17, 19, 20, 22, 23, 25, 27]","[106.69999998807907, 213.5, 449.0, 570.5, 814.0, 939.5, 1134.0, 1360.800000011921, 1469.0, 1633.300000011921, 1749.8999999761581, 1989.300000011921, 2203.800000011921, 2300.199999988079, 2506.600000023842, 2625.800000011921, 2847.899999976158, 3047.0]",A,0,train
148,angel,A,2,A_orient2,1,1,angel/A/orient2/tilt_back_toward_1/landmarks_trimmed.json,28,28,18,"[0, 1, 3, 4, 6, 7, 9, 11, 12, 14, 15, 17, 19, 20, 22, 23, 25, 27]","[112.79999995231628, 221.19999998807907, 424.5, 557.5999999642372, 772.6999999880791, 875.0999999642372, 1086.5999999642372, 1294.5, 1406.8999999761581, 1637.0999999642372, 1759.8999999761581, 1979.7999999523163, 2192.0, 2298.199999988079, 2527.0, 2642.5, 2862.099999964237, 3076.099999964237]",A,0,train
149,angel,A,2,A_orient2,1,1,angel/A/orient2/tilt_forward_neutral_1/landmarks_trimmed.json,31,31,18,"[0, 1, 3, 5, 7, 8, 10, 12, 14, 15, 17, 19, 21, 22, 24, 26, 28, 30]","[93.60000002384186, 190.60000002384186, 394.4000000357628, 612.4000000357628, 801.9000000357628, 908.8000000119209, 1096.800000011921, 1288.6000000238419, 1487.4000000357628, 1584.0, 1780.800000011921, 1981.800000011921, 2179.0, 2284.5, 2495.199999988079, 2704.100000023842, 2863.699999988079, 3079.800000011921]",A,0,train
150,angel,A,2,A_orient2,1,2,angel/A/orient2/tilt_forward_neutral_2/landmarks_trimmed.json,22,22,18,"[0, 1, 2, 3, 4, 6, 7, 8, 9, 11, 12, 13, 14, 16, 17, 18, 19, 21]","[125.0, 246.79999995231628, 366.19999998807907, 479.39999997615814, 589.0999999642372, 842.5999999642372, 959.1999999880791, 1088.3999999761581, 1203.8999999761581, 1428.199999988079, 1650.7999999523163, 1794.0999999642372, 1905.2999999523163, 2130.099999964237, 2246.599999964237, 2376.0, 2582.7999999523163, 3049.599999964237]",A,0,train
151,angel,A,2,A_orient2,1,1,angel/A/orient2/tilt_forward_toward_1/landmarks_trimmed.json,22,22,18,"[0, 1, 2, 3, 4, 6, 7, 8, 9, 11, 12, 13, 14, 16, 17, 18, 19, 21]","[95.0, 185.5999999642372, 283.39999997615814, 377.19999998807907, 476.80000001192093, 663.8999999761581, 762.8000000119209, 854.8000000119209, 944.0999999642372, 1127.8999999761581, 1223.0999999642372, 1310.3999999761581, 1410.5, 1597.5999999642372, 1684.5999999642372, 1786.699999988079, 1882.300000011921, 2247.599999964237]",A,0,train
152,angel,A,2,A_orient2,1,1,angel/A/orient2/tilt_neutral_away_1/landmarks_trimmed.json,27,27,18,"[0, 1, 3, 4, 6, 7, 9, 10, 12, 13, 15, 16, 18, 19, 21, 22, 24, 26]","[95.90000003576279, 217.5, 425.69999998807907, 532.6999999880791, 761.6999999880791, 873.5, 1093.300000011921, 1211.9000000357628, 1431.199999988079, 1549.6000000238419, 1757.699999988079, 1872.699999988079, 2104.100000023842, 2230.800000011921, 2459.100000023842, 2577.0, 2806.400000035763, 3021.600000023842]",A,0,train
153,angel,A,2,A_orient2,1,1,angel/A/orient2/tilt_neutral_neutral_1/landmarks_trimmed.json,27,27,18,"[0, 1, 3, 4, 6, 7, 9, 10, 12, 13, 15, 16, 18, 19, 21, 22, 24, 26]","[120.89999997615814, 248.80000001192093, 464.89999997615814, 575.6000000238419, 789.3000000119209, 904.6000000238419, 1137.3999999761581, 1241.1000000238419, 1462.0, 1580.1000000238419, 1793.199999988079, 1904.300000011921, 2126.899999976158, 2240.800000011921, 2491.600000023842, 2622.800000011921, 2839.199999988079, 3052.5]",A,0,train
154,angel,A,2,A_orient2,1,2,angel/A/orient2/tilt_neutral_neutral_2/landmarks_trimmed.json,27,27,18,"[0, 1, 3, 4, 6, 7, 9, 10, 12, 13, 15, 16, 18, 19, 21, 22, 24, 26]","[120.80000001192093, 242.89999997615814, 453.5, 568.5, 799.6999999880791, 910.1999999880791, 1120.3999999761581, 1224.800000011921, 1441.800000011921, 1552.6000000238419, 1782.699999988079, 1897.800000011921, 2139.800000011921, 2252.0, 2485.800000011921, 2596.899999976158, 2840.300000011921, 3075.800000011921]",A,0,train
155,angel,A,2,A_orient2,1,1,angel/A/orient2/tilt_neutral_toward_1/landmarks_trimmed.json,28,28,18,"[0, 1, 3, 4, 6, 7, 9, 11, 12, 14, 15, 17, 19, 20, 22, 23, 25, 27]","[103.09999996423721, 214.30000001192093, 435.89999997615814, 555.6999999880791, 776.3000000119209, 888.8999999761581, 1089.699999988079, 1296.800000011921, 1400.0, 1629.800000011921, 1742.5999999642372, 1973.300000011921, 2180.899999976158, 2281.800000011921, 2491.899999976158, 2602.0, 2837.300000011921, 3057.699999988079]",A,0,train
156,angel,A,3,A_orient3,2,1,angel/A/orient3/tilt_back_away_1/landmarks_trimmed.json,28,28,18,"[0, 1, 3, 4, 6, 7, 9, 11, 12, 14, 15, 17, 19, 20, 22, 23, 25, 27]","[108.30000001192093, 227.5, 448.5999999642372, 553.0, 780.8999999761581, 892.0999999642372, 1126.5999999642372, 1345.3999999761581, 1446.3999999761581, 1666.5999999642372, 1783.5, 2014.8999999761581, 2247.199999988079, 2365.5, 2568.099999964237, 2669.899999976158, 2885.0, 3092.899999976158]",A,0,validation
157,angel,A,3,A_orient3,2,1,angel/A/orient3/tilt_back_neutral_1/landmarks_trimmed.json,26,26,18,"[0, 1, 2, 4, 5, 7, 8, 10, 11, 13, 14, 16, 17, 19, 20, 22, 23, 25]","[120.39999997615814, 236.69999998807907, 355.80000001192093, 568.3000000119209, 686.6999999880791, 904.6999999880791, 1012.3000000119209, 1255.300000011921, 1372.5999999642372, 1594.3999999761581, 1703.199999988079, 1928.0, 2038.800000011921, 2252.099999964237, 2351.5, 2568.899999976158, 2671.099999964237, 2893.899999976158]",A,0,train
158,angel,A,3,A_orient3,2,1,angel/A/orient3/tilt_back_toward_1/landmarks_trimmed.json,27,27,18,"[0, 1, 3, 4, 6, 7, 9, 10, 12, 13, 15, 16, 18, 19, 21, 22, 24, 26]","[216.30000001192093, 333.0, 566.2000000476837, 681.1000000238419, 900.2000000476837, 1000.7000000476837, 1219.7000000476837, 1338.0, 1563.0, 1704.300000011921, 1861.2000000476837, 1973.1000000238419, 2202.100000023842, 2317.7000000476837, 2523.900000035763, 2635.900000035763, 2854.100000023842, 3082.0]",A,0,train
159,angel,A,3,A_orient3,2,1,angel/A/orient3/tilt_forward_away_1/landmarks_trimmed.json,31,31,18,"[0, 1, 3, 5, 7, 8, 10, 12, 14, 15, 17, 19, 21, 22, 24, 26, 28, 30]","[117.19999998807907, 223.39999997615814, 463.89999997615814, 672.8999999761581, 888.1999999880791, 999.1999999880791, 1057.0, 1196.3999999761581, 1254.1000000238419, 1357.800000011921, 1577.8999999761581, 1807.300000011921, 2015.5, 2119.100000023842, 2337.199999988079, 2570.0, 2817.300000011921, 3038.699999988079]",A,0,train
160,angel,A,3,A_orient3,2,1,angel/A/orient3/tilt_forward_neutral_1/landmarks_trimmed.json,30,30,18,"[0, 1, 3, 5, 6, 8, 10, 11, 13, 15, 17, 18, 20, 22, 23, 25, 27, 29]","[104.30000001192093, 153.9000000357628, 338.2000000476837, 547.5, 654.5, 872.5, 924.2000000476837, 1037.800000011921, 1242.0, 1449.9000000357628, 1684.5, 1798.800000011921, 2037.7000000476837, 2270.600000023842, 2391.400000035763, 2615.600000023842, 2827.300000011921, 3042.900000035763]",A,0,train
161,angel,A,3,A_orient3,2,2,angel/A/orient3/tilt_forward_neutral_2/landmarks_trimmed.json,28,28,18,"[0, 1, 3, 4, 6, 7, 9, 11, 12, 14, 15, 17, 19, 20, 22, 23, 25, 27]","[102.59999996423721, 205.30000001192093, 409.5999999642372, 518.0, 744.5, 862.5, 1091.3999999761581, 1305.0999999642372, 1409.0, 1640.0, 1755.800000011921, 1983.0999999642372, 2222.599999964237, 2337.300000011921, 2544.099999964237, 2649.399999976158, 2854.199999988079, 3057.599999964237]",A,0,train
162,angel,A,3,A_orient3,2,1,angel/A/orient3/tilt_forward_toward_1/landmarks_trimmed.json,24,24,18,"[0, 1, 2, 4, 5, 6, 8, 9, 10, 12, 13, 14, 16, 17, 18, 20, 21, 23]","[118.10000002384186, 381.4000000357628, 490.30000001192093, 916.5, 1029.4000000357628, 1141.0, 1345.5, 1458.6000000238419, 1562.1000000238419, 1766.300000011921, 1877.300000011921, 1992.0, 2225.800000011921, 2334.7000000476837, 2450.900000035763, 2666.0, 2776.5, 3007.100000023842]",A,0,validation
163,angel,A,3,A_orient3,2,1,angel/A/orient3/tilt_neutral_away_1/landmarks_trimmed.json,28,28,18,"[0, 1, 3, 4, 6, 7, 9, 11, 12, 14, 15, 17, 19, 20, 22, 23, 25, 27]","[108.60000002384186, 210.10000002384186, 445.30000001192093, 546.3000000119209, 745.5, 846.4000000357628, 1051.9000000357628, 1280.7000000476837, 1386.300000011921, 1589.9000000357628, 1715.800000011921, 1972.4000000357628, 2211.900000035763, 2322.800000011921, 2527.2000000476837, 2574.2000000476837, 2785.100000023842, 3002.600000023842]",A,0,train
164,angel,A,3,A_orient3,2,1,angel/A/orient3/tilt_neutral_neutral_1/landmarks_trimmed.json,21,21,18,"[0, 1, 2, 3, 4, 5, 7, 8, 9, 10, 11, 12, 14, 15, 16, 17, 18, 20]","[98.39999997615814, 218.5999999642372, 337.19999998807907, 456.80000001192093, 569.1999999880791, 685.0999999642372, 921.1999999880791, 1038.199999988079, 1146.800000011921, 1250.3999999761581, 1350.300000011921, 1452.800000011921, 1678.800000011921, 1788.300000011921, 1891.5999999642372, 1996.5999999642372, 2211.800000011921, 2715.300000011921]",A,0,train
165,angel,A,3,A_orient3,2,2,angel/A/orient3/tilt_neutral_neutral_2/landmarks_trimmed.json,28,28,18,"[0, 1, 3, 4, 6, 7, 9, 11, 12, 14, 15, 17, 19, 20, 22, 23, 25, 27]","[111.60000002384186, 217.89999997615814, 420.19999998807907, 518.8000000119209, 742.5, 862.8999999761581, 1069.5, 1299.3999999761581, 1418.5, 1637.699999988079, 1733.0, 1957.300000011921, 2171.600000023842, 2281.300000011921, 2510.800000011921, 2624.300000011921, 2829.800000011921, 3049.800000011921]",A,0,train
166,angel,A,3,A_orient3,2,1,angel/A/orient3/tilt_neutral_toward_1/landmarks_trimmed.json,28,28,18,"[0, 1, 3, 4, 6, 7, 9, 11, 12, 14, 15, 17, 19, 20, 22, 23, 25, 27]","[107.69999998807907, 212.30000001192093, 424.39999997615814, 527.8999999761581, 752.0999999642372, 868.8999999761581, 1091.5999999642372, 1319.0, 1421.199999988079, 1652.8999999761581, 1767.0999999642372, 1979.5, 2215.800000011921, 2331.0, 2555.300000011921, 2655.0, 2873.300000011921, 3092.599999964237]",A,0,train
167,angel,B,1,B_orient1,3,1,angel/B/orient1/tilt_back_away_1/landmarks_trimmed.json,28,28,18,"[0, 1, 3, 4, 6, 7, 9, 11, 12, 14, 15, 17, 19, 20, 22, 23, 25, 27]","[111.09999996423721, 223.19999998807907, 454.5999999642372, 565.5, 770.7999999523163, 877.5, 1097.699999988079, 1321.5, 1431.3999999761581, 1661.0999999642372, 1776.7999999523163, 1981.8999999761581, 2201.599999964237, 2304.5, 2528.699999988079, 2638.7999999523163, 2862.399999976158, 3087.2999999523163]",B,1,train
168,angel,B,1,B_orient1,3,2,angel/B/orient1/tilt_back_neutral_2/landmarks_trimmed.json,27,27,18,"[0, 1, 3, 4, 6, 7, 9, 10, 12, 13, 15, 16, 18, 19, 21, 22, 24, 26]","[112.30000001192093, 222.5, 423.80000001192093, 530.5, 770.0999999642372, 882.6999999880791, 1086.300000011921, 1199.800000011921, 1429.8999999761581, 1543.8999999761581, 1763.0, 1873.3999999761581, 2127.0, 2245.5, 2492.599999964237, 2614.399999976158, 2856.300000011921, 3079.399999976158]",B,1,validation
169,angel,B,1,B_orient1,3,1,angel/B/orient1/tilt_back_toward_1/landmarks_trimmed.json,27,27,18,"[0, 1, 3, 4, 6, 7, 9, 10, 12, 13, 15, 16, 18, 19, 21, 22, 24, 26]","[108.90000003576279, 223.10000002384186, 462.0, 589.1000000238419, 823.8000000119209, 929.0, 1154.7000000476837, 1263.800000011921, 1490.7000000476837, 1610.300000011921, 1838.800000011921, 1948.9000000357628, 2176.100000023842, 2306.7000000476837, 2532.900000035763, 2645.800000011921, 2877.900000035763, 3102.2000000476837]",B,1,train
170,angel,B,1,B_orient1,3,1,angel/B/orient1/tilt_forward_away_1/landmarks_trimmed.json,28,28,18,"[0, 1, 3, 4, 6, 7, 9, 11, 12, 14, 15, 17, 19, 20, 22, 23, 25, 27]","[103.19999998807907, 223.10000002384186, 383.89999997615814, 496.89999997615814, 717.1999999880791, 816.8999999761581, 1032.1000000238419, 1249.0, 1348.8999999761581, 1573.699999988079, 1688.3999999761581, 1920.1000000238419, 2127.0, 2227.899999976158, 2456.899999976158, 2568.399999976158, 2800.399999976158, 3053.5]",B,1,train
171,angel,B,1,B_orient1,3,1,angel/B/orient1/tilt_forward_neutral_1/landmarks_trimmed.json,28,28,18,"[0, 1, 3, 4, 6, 7, 9, 11, 12, 14, 15, 17, 19, 20, 22, 23, 25, 27]","[115.19999998807907, 224.30000001192093, 441.69999998807907, 553.0, 775.8000000119209, 881.3999999761581, 1100.5999999642372, 1315.8999999761581, 1415.5, 1649.3999999761581, 1753.8999999761581, 1958.800000011921, 2164.5, 2274.5, 2504.300000011921, 2627.099999964237, 2858.0, 3075.699999988079]",B,1,train
172,angel,B,1,B_orient1,3,2,angel/B/orient1/tilt_forward_neutral_2/landmarks_trimmed.json,27,27,18,"[0, 1, 3, 4, 6, 7, 9, 10, 12, 13, 15, 16, 18, 19, 21, 22, 24, 26]","[115.20000004768372, 226.9000000357628, 455.80000001192093, 564.9000000357628, 772.9000000357628, 883.4000000357628, 1110.7000000476837, 1224.800000011921, 1456.300000011921, 1560.800000011921, 1777.5, 1897.4000000357628, 2101.100000023842, 2208.100000023842, 2438.800000011921, 2548.300000011921, 2777.5, 3023.300000011921]",B,1,train
173,angel,B,1,B_orient1,3,1,angel/B/orient1/tilt_forward_toward_1/landmarks_trimmed.json,32,32,18,"[0, 1, 3, 5, 7, 9, 10, 12, 14, 16, 18, 20, 21, 23, 25, 27, 29, 31]","[104.80000001192093, 211.60000002384186, 428.80000001192093, 495.30000001192093, 734.2000000476837, 963.7000000476837, 1064.5, 1210.5, 1254.1000000238419, 1476.6000000238419, 1679.0, 1895.800000011921, 2001.5, 2228.100000023842, 2463.400000035763, 2670.100000023842, 2876.5, 3082.2000000476837]",B,1,train
174,angel,B,1,B_orient1,3,1,angel/B/orient1/tilt_neutral_away_1/landmarks_trimmed.json,25,25,18,"[0, 1, 2, 4, 5, 7, 8, 9, 11, 12, 14, 15, 16, 18, 19, 21, 22, 24]","[105.79999995231628, 237.0999999642372, 354.2999999523163, 584.3999999761581, 712.2999999523163, 970.6999999880791, 1104.0999999642372, 1245.2999999523163, 1537.199999988079, 1672.8999999761581, 1916.2999999523163, 2040.7999999523163, 2167.899999976158, 2409.899999976158, 2519.199999988079, 2735.399999976158, 2856.7999999523163, 3104.2999999523163]",B,1,train
175,angel,B,1,B_orient1,3,1,angel/B/orient1/tilt_neutral_neutral_1/landmarks_trimmed.json,26,26,18,"[0, 1, 2, 4, 5, 7, 8, 10, 11, 13, 14, 16, 17, 19, 20, 22, 23, 25]","[133.39999997615814, 259.2999999523163, 369.7999999523163, 495.69999998807907, 631.1999999880791, 865.0999999642372, 988.2999999523163, 1230.0999999642372, 1359.7999999523163, 1608.5, 1721.199999988079, 1947.699999988079, 2067.2999999523163, 2331.0, 2455.599999964237, 2702.599999964237, 2820.399999976158, 3042.599999964237]",B,1,validation
176,angel,B,1,B_orient1,3,2,angel/B/orient1/tilt_neutral_neutral_2/landmarks_trimmed.json,26,26,18,"[0, 1, 2, 4, 5, 7, 8, 10, 11, 13, 14, 16, 17, 19, 20, 22, 23, 25]","[109.80000001192093, 229.19999998807907, 353.0, 578.5999999642372, 686.3000000119209, 923.6999999880791, 1062.0, 1291.0, 1404.699999988079, 1654.0, 1775.5999999642372, 2005.699999988079, 2119.399999976158, 2343.300000011921, 2464.099999964237, 2704.199999988079, 2814.099999964237, 3083.0]",B,1,train
177,angel,B,1,B_orient1,3,1,angel/B/orient1/tilt_neutral_toward_1/landmarks_trimmed.json,26,26,18,"[0, 1, 2, 4, 5, 7, 8, 10, 11, 13, 14, 16, 17, 19, 20, 22, 23, 25]","[107.60000002384186, 230.69999998807907, 354.69999998807907, 586.0, 718.3000000119209, 951.5, 1079.0, 1303.300000011921, 1415.300000011921, 1668.6000000238419, 1790.300000011921, 2026.9000000357628, 2145.600000023842, 2368.900000035763, 2502.5, 2734.900000035763, 2844.100000023842, 3074.699999988079]",B,1,train
178,angel,B,2,B_orient2,4,1,angel/B/orient2/tilt_back_away_1/landmarks_trimmed.json,28,28,18,"[0, 1, 3, 4, 6, 7, 9, 11, 12, 14, 15, 17, 19, 20, 22, 23, 25, 27]","[95.69999998807907, 198.69999998807907, 411.19999998807907, 524.6999999880791, 714.3000000119209, 807.0999999642372, 1026.800000011921, 1233.0999999642372, 1338.699999988079, 1547.3999999761581, 1648.800000011921, 1848.0999999642372, 2032.3999999761581, 2125.399999976158, 2389.0, 2523.699999988079, 2800.399999976158, 3251.899999976158]",B,1,train
179,angel,B,2,B_orient2,4,1,angel/B/orient2/tilt_back_neutral_1/landmarks_trimmed.json,30,30,18,"[0, 1, 3, 5, 6, 8, 10, 11, 13, 15, 17, 18, 20, 22, 23, 25, 27, 29]","[100.69999998807907, 204.69999998807907, 418.80000001192093, 632.6999999880791, 731.3000000119209, 917.1000000238419, 1113.300000011921, 1221.6000000238419, 1450.300000011921, 1669.0, 1864.800000011921, 1961.6000000238419, 2188.100000023842, 2374.699999988079, 2472.199999988079, 2665.0, 2875.399999976158, 3080.600000023842]",B,1,train
180,angel,B,2,B_orient2,4,2,angel/B/orient2/tilt_back_neutral_2/landmarks_trimmed.json,31,31,18,"[0, 1, 3, 5, 7, 8, 10, 12, 14, 15, 17, 19, 21, 22, 24, 26, 28, 30]","[104.10000002384186, 210.0, 423.19999998807907, 604.8999999761581, 813.3000000119209, 915.8999999761581, 1137.5, 1356.199999988079, 1564.300000011921, 1664.699999988079, 1877.6000000238419, 2073.899999976158, 2284.699999988079, 2385.800000011921, 2579.300000011921, 2787.5, 2931.800000011921, 3083.5]",B,1,train
181,angel,B,2,B_orient2,4,1,angel/B/orient2/tilt_back_toward_1/landmarks_trimmed.json,27,27,18,"[0, 1, 3, 4, 6, 7, 9, 10, 12, 13, 15, 16, 18, 19, 21, 22, 24, 26]","[196.30000001192093, 297.10000002384186, 592.9000000357628, 694.8000000119209, 898.4000000357628, 1007.9000000357628, 1201.5, 1312.699999988079, 1512.0, 1612.9000000357628, 1917.6000000238419, 2012.9000000357628, 2224.100000023842, 2341.5, 2533.400000035763, 2623.900000035763, 2810.800000011921, 3265.199999988079]",B,1,train
182,angel,B,2,B_orient2,4,1,angel/B/orient2/tilt_forward_away_1/landmarks_trimmed.json,28,28,18,"[0, 1, 3, 4, 6, 7, 9, 11, 12, 14, 15, 17, 19, 20, 22, 23, 25, 27]","[109.39999997615814, 213.19999998807907, 431.69999998807907, 535.8999999761581, 757.8000000119209, 876.1000000238419, 1111.6000000238419, 1338.199999988079, 1442.699999988079, 1652.699999988079, 1760.300000011921, 1991.8999999761581, 2210.600000023842, 2312.899999976158, 2524.0, 2643.199999988079, 2876.399999976158, 3107.0]",B,1,train
183,angel,B,2,B_orient2,4,1,angel/B/orient2/tilt_forward_neutral_1/landmarks_trimmed.json,28,28,18,"[0, 1, 3, 4, 6, 7, 9, 11, 12, 14, 15, 17, 19, 20, 22, 23, 25, 27]","[126.39999997615814, 238.0999999642372, 458.80000001192093, 558.1999999880791, 792.5, 892.3999999761581, 1105.0, 1310.0, 1417.199999988079, 1647.0, 1753.0999999642372, 1966.199999988079, 2174.800000011921, 2276.599999964237, 2512.199999988079, 2645.800000011921, 2884.899999976158, 3105.5]",B,1,train
184,angel,B,2,B_orient2,4,2,angel/B/orient2/tilt_forward_neutral_2/landmarks_trimmed.json,27,27,18,"[0, 1, 3, 4, 6, 7, 9, 10, 12, 13, 15, 16, 18, 19, 21, 22, 24, 26]","[103.40000003576279, 213.30000001192093, 428.30000001192093, 556.5, 795.7000000476837, 903.3000000119209, 1128.7000000476837, 1242.800000011921, 1482.5, 1587.5, 1820.5, 1943.2000000476837, 2202.2000000476837, 2309.5, 2522.300000011921, 2631.5, 2838.100000023842, 3043.900000035763]",B,1,train
185,angel,B,2,B_orient2,4,1,angel/B/orient2/tilt_forward_toward_1/landmarks_trimmed.json,27,27,18,"[0, 1, 3, 4, 6, 7, 9, 10, 12, 13, 15, 16, 18, 19, 21, 22, 24, 26]","[117.60000002384186, 232.19999998807907, 464.69999998807907, 584.1000000238419, 813.8999999761581, 940.5, 1178.6000000238419, 1289.3999999761581, 1496.3999999761581, 1617.699999988079, 1827.6000000238419, 1937.6000000238419, 2145.199999988079, 2243.300000011921, 2462.699999988079, 2581.899999976158, 2801.5, 3013.300000011921]",B,1,train
186,angel,B,2,B_orient2,4,1,angel/B/orient2/tilt_neutral_away_1/landmarks_trimmed.json,30,30,18,"[0, 1, 3, 5, 6, 8, 10, 11, 13, 15, 17, 18, 20, 22, 23, 25, 27, 29]","[104.40000003576279, 198.4000000357628, 395.9000000357628, 581.1000000238419, 688.6000000238419, 888.5, 1117.1000000238419, 1230.0, 1443.4000000357628, 1635.800000011921, 1846.5, 1954.0, 2163.600000023842, 2355.5, 2462.0, 2661.0, 2890.900000035763, 3099.400000035763]",B,1,train
187,angel,B,2,B_orient2,4,1,angel/B/orient2/tilt_neutral_neutral_1/landmarks_trimmed.json,28,28,18,"[0, 1, 3, 4, 6, 7, 9, 11, 12, 14, 15, 17, 19, 20, 22, 23, 25, 27]","[124.30000001192093, 241.69999998807907, 461.69999998807907, 563.6999999880791, 758.9000000357628, 859.3000000119209, 1076.0, 1319.699999988079, 1436.0, 1652.6000000238419, 1756.6000000238419, 2008.199999988079, 2214.300000011921, 2319.600000023842, 2559.300000011921, 2664.800000011921, 2876.800000011921, 3090.400000035763]",B,1,validation
188,angel,B,2,B_orient2,4,2,angel/B/orient2/tilt_neutral_neutral_2/landmarks_trimmed.json,31,31,18,"[0, 1, 3, 5, 7, 8, 10, 12, 14, 15, 17, 19, 21, 22, 24, 26, 28, 30]","[92.30000001192093, 182.30000001192093, 365.39999997615814, 549.8000000119209, 751.5999999642372, 858.5999999642372, 1054.3999999761581, 1236.699999988079, 1437.8999999761581, 1539.0, 1759.199999988079, 1981.8999999761581, 2187.800000011921, 2284.099999964237, 2484.899999976158, 2681.199999988079, 2876.599999964237, 3080.899999976158]",B,1,train
189,angel,B,2,B_orient2,4,1,angel/B/orient2/tilt_neutral_toward_1/landmarks_trimmed.json,28,28,18,"[0, 1, 3, 4, 6, 7, 9, 11, 12, 14, 15, 17, 19, 20, 22, 23, 25, 27]","[102.0, 207.5999999642372, 423.2999999523163, 539.0, 767.5999999642372, 878.6999999880791, 1103.2999999523163, 1309.199999988079, 1415.199999988079, 1634.7999999523163, 1737.3999999761581, 1942.8999999761581, 2174.7999999523163, 2285.599999964237, 2492.0, 2596.5, 2833.5, 3064.399999976158]",B,1,train
190,angel,C,1,C_orient1,5,1,angel/C/orient1/tilt_back_away_1/landmarks_trimmed.json,31,31,18,"[0, 1, 3, 5, 7, 8, 10, 12, 14, 15, 17, 19, 21, 22, 24, 26, 28, 30]","[98.0, 193.69999998807907, 398.80000001192093, 595.6000000238419, 792.1999999880791, 892.8999999761581, 1091.5, 1284.3999999761581, 1494.5, 1581.300000011921, 1772.6000000238419, 1975.0, 2171.100000023842, 2268.199999988079, 2464.600000023842, 2645.600000023842, 2833.0, 3030.800000011921]",C,2,train
191,angel,C,1,C_orient1,5,1,angel/C/orient1/tilt_back_neutral_1/landmarks_trimmed.json,41,41,18,"[0, 2, 4, 7, 9, 11, 14, 16, 18, 21, 23, 25, 28, 30, 32, 35, 37, 40]","[70.19999998807907, 203.9000000357628, 348.69999998807907, 575.5, 723.6000000238419, 868.8000000119209, 1110.800000011921, 1261.0, 1405.699999988079, 1629.0, 1777.199999988079, 1933.300000011921, 2155.699999988079, 2308.600000023842, 2459.400000035763, 2691.0, 2846.600000023842, 3031.400000035763]",C,2,train
192,angel,C,1,C_orient1,5,2,angel/C/orient1/tilt_back_neutral_2/landmarks_trimmed.json,41,41,18,"[0, 2, 4, 7, 9, 11, 14, 16, 18, 21, 23, 25, 28, 30, 32, 35, 37, 40]","[78.69999998807907, 222.5999999642372, 372.89999997615814, 600.3999999761581, 750.0, 905.3999999761581, 1143.7999999523163, 1301.3999999761581, 1443.2999999523163, 1668.8999999761581, 1826.699999988079, 1974.8999999761581, 2183.699999988079, 2328.0, 2445.7999999523163, 2695.7999999523163, 2838.199999988079, 3064.5]",C,2,validation
193,angel,C,1,C_orient1,5,1,angel/C/orient1/tilt_back_toward_1/landmarks_trimmed.json,36,36,18,"[0, 2, 4, 6, 8, 10, 12, 14, 16, 18, 20, 22, 24, 26, 28, 30, 32, 35]","[74.30000001192093, 219.80000001192093, 398.89999997615814, 585.3999999761581, 774.8999999761581, 980.8999999761581, 1184.699999988079, 1329.5, 1512.699999988079, 1660.800000011921, 1801.800000011921, 1946.699999988079, 2084.099999964237, 2265.699999988079, 2431.099999964237, 2595.699999988079, 2763.800000011921, 3004.099999964237]",C,2,validation
194,angel,C,1,C_orient1,5,1,angel/C/orient1/tilt_forward_away_1/landmarks_trimmed.json,33,33,18,"[0, 1, 3, 5, 7, 9, 11, 13, 15, 16, 18, 20, 22, 24, 26, 28, 30, 32]","[80.40000003576279, 181.0, 364.30000001192093, 551.8000000119209, 749.0, 954.9000000357628, 1139.9000000357628, 1324.199999988079, 1519.4000000357628, 1609.300000011921, 1800.300000011921, 1984.9000000357628, 2174.400000035763, 2357.300000011921, 2535.5, 2721.100000023842, 2905.600000023842, 3094.199999988079]",C,2,train
195,angel,C,1,C_orient1,5,1,angel/C/orient1/tilt_forward_neutral_1/landmarks_trimmed.json,32,32,18,"[0, 1, 3, 5, 7, 9, 10, 12, 14, 16, 18, 20, 21, 23, 25, 27, 29, 31]","[96.19999998807907, 200.10000002384186, 402.80000001192093, 605.4000000357628, 803.0, 1003.0, 1102.300000011921, 1297.300000011921, 1432.300000011921, 1638.1000000238419, 1823.300000011921, 2015.5, 2117.699999988079, 2310.199999988079, 2490.699999988079, 2684.900000035763, 2874.5, 3065.5]",C,2,train
196,angel,C,1,C_orient1,5,2,angel/C/orient1/tilt_forward_neutral_2/landmarks_trimmed.json,31,31,18,"[0, 1, 3, 5, 7, 8, 10, 12, 14, 15, 17, 19, 21, 22, 24, 26, 28, 30]","[97.80000001192093, 195.0999999642372, 379.89999997615814, 574.6999999880791, 778.1999999880791, 880.5999999642372, 1067.5999999642372, 1262.699999988079, 1468.5999999642372, 1580.5, 1765.300000011921, 1956.3999999761581, 2153.599999964237, 2255.800000011921, 2461.699999988079, 2669.300000011921, 2868.599999964237, 3073.399999976158]",C,2,train
197,angel,C,1,C_orient1,5,1,angel/C/orient1/tilt_forward_toward_1/landmarks_trimmed.json,32,32,18,"[0, 1, 3, 5, 7, 9, 10, 12, 14, 16, 18, 20, 21, 23, 25, 27, 29, 31]","[91.0, 181.30000001192093, 386.9000000357628, 574.9000000357628, 776.6000000238419, 971.1000000238419, 1062.6000000238419, 1264.4000000357628, 1465.6000000238419, 1665.300000011921, 1848.9000000357628, 2036.9000000357628, 2125.0, 2316.400000035763, 2493.7000000476837, 2686.0, 2882.100000023842, 3072.800000011921]",C,2,train
198,angel,C,1,C_orient1,5,1,angel/C/orient1/tilt_neutral_away_1/landmarks_trimmed.json,33,33,18,"[0, 1, 3, 5, 7, 9, 11, 13, 15, 16, 18, 20, 22, 24, 26, 28, 30, 32]","[90.30000001192093, 190.10000002384186, 396.2000000476837, 593.0, 795.4000000357628, 1002.8000000119209, 1200.4000000357628, 1389.9000000357628, 1574.1000000238419, 1672.800000011921, 1873.9000000357628, 2077.900000035763, 2234.7000000476837, 2422.2000000476837, 2595.800000011921, 2740.5, 2897.600000023842, 3099.5]",C,2,train
199,angel,C,1,C_orient1,5,1,angel/C/orient1/tilt_neutral_neutral_1/landmarks_trimmed.json,32,32,18,"[0, 1, 3, 5, 7, 9, 10, 12, 14, 16, 18, 20, 21, 23, 25, 27, 29, 31]","[87.80000001192093, 183.80000001192093, 384.0, 582.4000000357628, 766.8000000119209, 969.9000000357628, 1066.6000000238419, 1258.5, 1436.800000011921, 1639.2000000476837, 1840.0, 2023.5, 2119.900000035763, 2297.5, 2485.2000000476837, 2680.300000011921, 2816.0, 3025.600000023842]",C,2,train
200,angel,C,1,C_orient1,5,2,angel/C/orient1/tilt_neutral_neutral_2/landmarks_trimmed.json,32,32,18,"[0, 1, 3, 5, 7, 9, 10, 12, 14, 16, 18, 20, 21, 23, 25, 27, 29, 31]","[96.19999998807907, 183.39999997615814, 367.5, 565.5, 753.0, 933.8000000119209, 1026.8999999761581, 1165.1000000238419, 1352.199999988079, 1540.0, 1729.3999999761581, 1933.6000000238419, 2040.5, 2236.5, 2442.199999988079, 2626.899999976158, 2832.899999976158, 3021.100000023842]",C,2,train
201,angel,C,1,C_orient1,5,1,angel/C/orient1/tilt_neutral_toward_1/landmarks_trimmed.json,25,25,18,"[0, 1, 2, 4, 5, 7, 8, 9, 11, 12, 14, 15, 16, 18, 19, 21, 22, 24]","[73.69999998807907, 148.69999998807907, 483.39999997615814, 664.6999999880791, 1027.0, 1215.8999999761581, 1316.5, 1421.699999988079, 1691.8999999761581, 1791.8999999761581, 1978.800000011921, 2090.300000011921, 2193.5, 2413.699999988079, 2514.199999988079, 2710.300000011921, 2819.899999976158, 3018.300000011921]",C,2,train
202,angel,D,1,D_orient1,6,1,angel/D/orient1/tilt_back_away_1/landmarks_trimmed.json,28,28,18,"[0, 1, 3, 4, 6, 7, 9, 11, 12, 14, 15, 17, 19, 20, 22, 23, 25, 27]","[103.30000001192093, 207.10000002384186, 418.19999998807907, 621.6999999880791, 925.3000000119209, 1019.5, 1210.9000000357628, 1420.6000000238419, 1525.6000000238419, 1729.6000000238419, 1839.4000000357628, 2029.800000011921, 2224.600000023842, 2325.5, 2529.400000035763, 2621.400000035763, 2830.5, 3039.400000035763]",D,3,train
203,angel,D,1,D_orient1,6,1,angel/D/orient1/tilt_back_neutral_1/landmarks_trimmed.json,31,31,18,"[0, 1, 3, 5, 7, 8, 10, 12, 14, 15, 17, 19, 21, 22, 24, 26, 28, 30]","[98.89999997615814, 202.89999997615814, 391.89999997615814, 623.6000000238419, 841.0, 943.3000000119209, 1161.5, 1365.199999988079, 1567.199999988079, 1663.3999999761581, 1845.699999988079, 2038.6000000238419, 2221.699999988079, 2317.199999988079, 2518.199999988079, 2703.100000023842, 2893.199999988079, 3097.100000023842]",D,3,train
204,angel,D,1,D_orient1,6,2,angel/D/orient1/tilt_back_neutral_2/landmarks_trimmed.json,22,22,18,"[0, 1, 2, 3, 4, 6, 7, 8, 9, 11, 12, 13, 14, 16, 17, 18, 19, 21]","[204.89999997615814, 308.89999997615814, 412.39999997615814, 516.0, 616.8999999761581, 1195.6000000238419, 1291.5, 1392.300000011921, 1593.1000000238419, 1801.0, 1900.8999999761581, 2098.300000011921, 2196.5, 2567.600000023842, 2662.300000011921, 2755.5, 2848.5, 3047.0]",D,3,train
205,angel,D,1,D_orient1,6,1,angel/D/orient1/tilt_back_toward_1/landmarks_trimmed.json,30,30,18,"[0, 1, 3, 5, 6, 8, 10, 11, 13, 15, 17, 18, 20, 22, 23, 25, 27, 29]","[100.89999997615814, 207.19999998807907, 417.5, 616.8000000119209, 714.3000000119209, 914.3999999761581, 1109.5, 1202.8999999761581, 1415.300000011921, 1619.300000011921, 1831.8999999761581, 1936.0999999642372, 2157.0, 2367.599999964237, 2469.800000011921, 2659.800000011921, 2850.399999976158, 3056.899999976158]",D,3,train
206,angel,D,1,D_orient1,6,1,angel/D/orient1/tilt_forward_away_1/landmarks_trimmed.json,32,32,18,"[0, 1, 3, 5, 7, 9, 10, 12, 14, 16, 18, 20, 21, 23, 25, 27, 29, 31]","[100.09999996423721, 195.19999998807907, 386.39999997615814, 575.8999999761581, 760.5999999642372, 955.5999999642372, 1058.199999988079, 1264.199999988079, 1468.3999999761581, 1668.2999999523163, 1852.699999988079, 2038.199999988079, 2134.699999988079, 2323.7999999523163, 2513.7999999523163, 2696.699999988079, 2888.7999999523163, 3083.899999976158]",D,3,train
207,angel,D,1,D_orient1,6,1,angel/D/orient1/tilt_forward_neutral_1/landmarks_trimmed.json,34,34,18,"[0, 1, 3, 5, 7, 9, 11, 13, 15, 17, 19, 21, 23, 25, 27, 29, 31, 33]","[103.69999998807907, 191.19999998807907, 373.80000001192093, 566.1999999880791, 753.6999999880791, 950.8000000119209, 1134.800000011921, 1189.0, 1382.199999988079, 1580.3999999761581, 1781.0, 1965.699999988079, 2146.699999988079, 2334.399999976158, 2516.899999976158, 2713.0, 2907.899999976158, 3088.399999976158]",D,3,train
208,angel,D,1,D_orient1,6,2,angel/D/orient1/tilt_forward_neutral_2/landmarks_trimmed.json,31,31,18,"[0, 1, 3, 5, 7, 8, 10, 12, 14, 15, 17, 19, 21, 22, 24, 26, 28, 30]","[90.09999996423721, 196.5, 390.0, 581.8999999761581, 773.3000000119209, 872.5999999642372, 1061.300000011921, 1260.300000011921, 1439.800000011921, 1546.0, 1740.8999999761581, 1934.800000011921, 2123.399999976158, 2224.300000011921, 2430.199999988079, 2639.899999976158, 2827.5, 3034.699999988079]",D,3,train
209,angel,D,1,D_orient1,6,1,angel/D/orient1/tilt_forward_toward_1/landmarks_trimmed.json,32,32,18,"[0, 1, 3, 5, 7, 9, 10, 12, 14, 16, 18, 20, 21, 23, 25, 27, 29, 31]","[100.69999998807907, 196.69999998807907, 380.89999997615814, 564.1999999880791, 756.3000000119209, 964.3000000119209, 1063.3999999761581, 1261.8999999761581, 1455.199999988079, 1650.8999999761581, 1827.699999988079, 2028.5, 2130.0, 2326.699999988079, 2523.300000011921, 2707.800000011921, 2887.899999976158, 3070.399999976158]",D,3,train
210,angel,D,1,D_orient1,6,1,angel/D/orient1/tilt_neutral_away_1/landmarks_trimmed.json,32,32,18,"[0, 1, 3, 5, 7, 9, 10, 12, 14, 16, 18, 20, 21, 23, 25, 27, 29, 31]","[101.60000002384186, 194.19999998807907, 377.60000002384186, 559.1000000238419, 749.3000000119209, 940.0, 1031.300000011921, 1217.1000000238419, 1412.1000000238419, 1616.9000000357628, 1795.0, 2001.4000000357628, 2095.0, 2284.199999988079, 2472.800000011921, 2656.300000011921, 2843.100000023842, 3025.300000011921]",D,3,train
211,angel,D,1,D_orient1,6,1,angel/D/orient1/tilt_neutral_neutral_1/landmarks_trimmed.json,30,30,18,"[0, 1, 3, 5, 6, 8, 10, 11, 13, 15, 17, 18, 20, 22, 23, 25, 27, 29]","[90.90000003576279, 179.4000000357628, 392.60000002384186, 601.4000000357628, 712.8000000119209, 930.8000000119209, 1125.5, 1214.800000011921, 1414.199999988079, 1627.6000000238419, 1836.9000000357628, 1953.199999988079, 2144.5, 2360.199999988079, 2460.900000035763, 2647.5, 2848.900000035763, 3046.199999988079]",D,3,train
212,angel,D,1,D_orient1,6,2,angel/D/orient1/tilt_neutral_neutral_2/landmarks_trimmed.json,30,30,18,"[0, 1, 3, 5, 6, 8, 10, 11, 13, 15, 17, 18, 20, 22, 23, 25, 27, 29]","[98.0, 203.30000001192093, 408.60000002384186, 598.6000000238419, 707.6000000238419, 921.8000000119209, 1128.699999988079, 1224.0, 1410.5, 1626.199999988079, 1832.8999999761581, 1936.199999988079, 2089.100000023842, 2299.399999976158, 2397.800000011921, 2604.300000011921, 2808.5, 3014.100000023842]",D,3,train
213,angel,D,1,D_orient1,6,1,angel/D/orient1/tilt_neutral_toward_1/landmarks_trimmed.json,30,30,18,"[0, 1, 3, 5, 6, 8, 10, 11, 13, 15, 17, 18, 20, 22, 23, 25, 27, 29]","[101.79999995231628, 203.5999999642372, 413.89999997615814, 620.3999999761581, 721.5, 908.2999999523163, 1091.5999999642372, 1190.5, 1408.5999999642372, 1625.5999999642372, 1839.199999988079, 1953.2999999523163, 2154.7999999523163, 2365.899999976158, 2468.699999988079, 2652.899999976158, 2858.099999964237, 3039.699999988079]",D,3,validation
214,angel,D,2,D_orient2,7,1,angel/D/orient2/tilt_back_away_1/landmarks_trimmed.json,31,31,18,"[0, 1, 3, 5, 7, 8, 10, 12, 14, 15, 17, 19, 21, 22, 24, 26, 28, 30]","[92.60000002384186, 181.89999997615814, 371.10000002384186, 576.5, 779.6000000238419, 871.3999999761581, 1065.800000011921, 1262.3999999761581, 1443.699999988079, 1543.8999999761581, 1732.8999999761581, 1943.5, 2149.0, 2253.800000011921, 2440.5, 2625.0, 2817.800000011921, 3028.300000011921]",D,3,train
215,angel,D,2,D_orient2,7,1,angel/D/orient2/tilt_back_neutral_1/landmarks_trimmed.json,30,30,18,"[0, 1, 3, 5, 6, 8, 10, 11, 13, 15, 17, 18, 20, 22, 23, 25, 27, 29]","[105.5, 195.5999999642372, 391.5999999642372, 598.8999999761581, 707.0999999642372, 909.6999999880791, 1095.0999999642372, 1195.7999999523163, 1398.0999999642372, 1608.7999999523163, 1820.699999988079, 1926.5, 2125.0, 2326.199999988079, 2423.0, 2625.699999988079, 2838.899999976158, 3052.899999976158]",D,3,validation
216,angel,D,2,D_orient2,7,2,angel/D/orient2/tilt_back_neutral_2/landmarks_trimmed.json,29,29,18,"[0, 1, 3, 4, 6, 8, 9, 11, 13, 14, 16, 18, 19, 21, 23, 24, 26, 28]","[94.09999996423721, 200.69999998807907, 408.80000001192093, 519.5999999642372, 724.6999999880791, 921.0, 1011.8999999761581, 1202.699999988079, 1407.699999988079, 1511.3999999761581, 1721.0999999642372, 1929.3999999761581, 2040.199999988079, 2252.199999988079, 2476.5, 2596.099999964237, 2813.800000011921, 3027.399999976158]",D,3,validation
217,angel,D,2,D_orient2,7,1,angel/D/orient2/tilt_back_toward_1/landmarks_trimmed.json,32,32,18,"[0, 1, 3, 5, 7, 9, 10, 12, 14, 16, 18, 20, 21, 23, 25, 27, 29, 31]","[102.19999998807907, 204.5, 404.0, 608.6999999880791, 660.5, 863.5, 965.8000000119209, 1147.0, 1341.5, 1555.8999999761581, 1763.3999999761581, 1968.699999988079, 2062.699999988079, 2255.800000011921, 2455.300000011921, 2660.699999988079, 2868.0, 3079.099999964237]",D,3,train
218,angel,D,2,D_orient2,7,1,angel/D/orient2/tilt_forward_away_1/landmarks_trimmed.json,30,30,18,"[0, 1, 3, 5, 6, 8, 10, 11, 13, 15, 17, 18, 20, 22, 23, 25, 27, 29]","[90.40000003576279, 182.69999998807907, 390.19999998807907, 596.5, 700.3000000119209, 910.6000000238419, 1113.6000000238419, 1215.699999988079, 1423.300000011921, 1629.0, 1818.6000000238419, 1922.1000000238419, 2122.0, 2323.0, 2430.0, 2633.699999988079, 2824.900000035763, 3026.900000035763]",D,3,train
219,angel,D,2,D_orient2,7,1,angel/D/orient2/tilt_forward_neutral_1/landmarks_trimmed.json,31,31,18,"[0, 1, 3, 5, 7, 8, 10, 12, 14, 15, 17, 19, 21, 22, 24, 26, 28, 30]","[102.40000003576279, 204.0, 394.2000000476837, 592.7000000476837, 799.5, 907.1000000238419, 1097.1000000238419, 1280.300000011921, 1472.5, 1569.2000000476837, 1754.9000000357628, 1940.1000000238419, 2140.800000011921, 2234.300000011921, 2432.5, 2629.300000011921, 2829.5, 3022.800000011921]",D,3,train
220,angel,D,2,D_orient2,7,2,angel/D/orient2/tilt_forward_neutral_2/landmarks_trimmed.json,31,31,18,"[0, 1, 3, 5, 7, 8, 10, 12, 14, 15, 17, 19, 21, 22, 24, 26, 28, 30]","[98.5, 189.0, 387.39999997615814, 576.2999999523163, 783.6999999880791, 880.7999999523163, 1072.5, 1275.0, 1466.5, 1559.199999988079, 1751.5, 1955.0, 2154.099999964237, 2256.199999988079, 2462.2999999523163, 2647.2999999523163, 2834.0, 3018.5]",D,3,validation
221,angel,D,2,D_orient2,7,1,angel/D/orient2/tilt_forward_toward_1/landmarks_trimmed.json,31,31,18,"[0, 1, 3, 5, 7, 8, 10, 12, 14, 15, 17, 19, 21, 22, 24, 26, 28, 30]","[89.30000001192093, 184.30000001192093, 366.60000002384186, 566.1999999880791, 775.6999999880791, 868.9000000357628, 1053.9000000357628, 1252.0, 1451.0, 1545.300000011921, 1733.1000000238419, 1924.300000011921, 2105.100000023842, 2194.699999988079, 2389.800000011921, 2600.300000011921, 2819.800000011921, 3015.900000035763]",D,3,train
222,angel,D,2,D_orient2,7,1,angel/D/orient2/tilt_neutral_away_1/landmarks_trimmed.json,31,31,18,"[0, 1, 3, 5, 7, 8, 10, 12, 14, 15, 17, 19, 21, 22, 24, 26, 28, 30]","[101.59999996423721, 202.5999999642372, 382.5, 568.8999999761581, 776.0, 876.5, 1086.699999988079, 1293.0999999642372, 1493.5999999642372, 1594.199999988079, 1793.3999999761581, 1979.699999988079, 2186.199999988079, 2289.699999988079, 2491.0, 2698.099999964237, 2897.300000011921, 3094.899999976158]",D,3,train
223,angel,D,2,D_orient2,7,1,angel/D/orient2/tilt_neutral_neutral_1/landmarks_trimmed.json,31,31,18,"[0, 1, 3, 5, 7, 8, 10, 12, 14, 15, 17, 19, 21, 22, 24, 26, 28, 30]","[105.59999996423721, 211.0999999642372, 400.39999997615814, 582.8000000119209, 788.0, 891.5, 1086.199999988079, 1276.5, 1467.300000011921, 1567.199999988079, 1758.199999988079, 1961.300000011921, 2163.0, 2266.199999988079, 2470.800000011921, 2681.800000011921, 2891.699999988079, 3080.399999976158]",D,3,train
224,angel,D,2,D_orient2,7,2,angel/D/orient2/tilt_neutral_neutral_2/landmarks_trimmed.json,29,29,18,"[0, 1, 3, 4, 6, 8, 9, 11, 13, 14, 16, 18, 19, 21, 23, 24, 26, 28]","[100.5, 218.69999998807907, 438.60000002384186, 548.3000000119209, 749.1000000238419, 972.1000000238419, 1075.8999999761581, 1259.0, 1452.0, 1566.1000000238419, 1775.1000000238419, 1989.199999988079, 2085.899999976158, 2279.199999988079, 2486.600000023842, 2594.100000023842, 2803.100000023842, 3010.5]",D,3,train
225,angel,D,2,D_orient2,7,1,angel/D/orient2/tilt_neutral_toward_1/landmarks_trimmed.json,30,30,18,"[0, 1, 3, 5, 6, 8, 10, 11, 13, 15, 17, 18, 20, 22, 23, 25, 27, 29]","[103.10000002384186, 211.80000001192093, 403.5, 612.0, 708.6000000238419, 917.6999999880791, 1107.0, 1202.1000000238419, 1418.6000000238419, 1620.0, 1806.300000011921, 1909.199999988079, 2119.699999988079, 2330.399999976158, 2435.699999988079, 2646.800000011921, 2852.100000023842, 3042.5]",D,3,train
226,angel,E,1,E_orient1,8,1,angel/E/orient1/tilt_back_away_1/landmarks_trimmed.json,30,30,18,"[0, 1, 3, 5, 6, 8, 10, 11, 13, 15, 17, 18, 20, 22, 23, 25, 27, 29]","[100.19999998807907, 206.29999995231628, 413.5, 625.0, 726.3999999761581, 927.5, 1125.0999999642372, 1225.3999999761581, 1423.3999999761581, 1609.7999999523163, 1811.7999999523163, 1913.5999999642372, 2125.199999988079, 2329.0, 2430.199999988079, 2620.199999988079, 2819.599999964237, 3031.699999988079]",E,4,train
227,angel,E,1,E_orient1,8,1,angel/E/orient1/tilt_back_neutral_1/landmarks_trimmed.json,29,29,18,"[0, 1, 3, 4, 6, 8, 9, 11, 13, 14, 16, 18, 19, 21, 23, 24, 26, 28]","[101.10000002384186, 195.0, 402.30000001192093, 496.60000002384186, 876.1000000238419, 1060.4000000357628, 1155.1000000238419, 1352.4000000357628, 1553.9000000357628, 1654.0, 1847.6000000238419, 2037.699999988079, 2140.5, 2345.900000035763, 2551.900000035763, 2640.5, 2831.600000023842, 3018.699999988079]",E,4,train
228,angel,E,1,E_orient1,8,2,angel/E/orient1/tilt_back_neutral_2/landmarks_trimmed.json,32,32,18,"[0, 1, 3, 5, 7, 9, 10, 12, 14, 16, 18, 20, 21, 23, 25, 27, 29, 31]","[95.80000001192093, 189.5, 368.4000000357628, 563.6999999880791, 751.6000000238419, 941.5, 1040.800000011921, 1244.1000000238419, 1447.0, 1633.199999988079, 1826.1000000238419, 2010.1000000238419, 2099.5, 2299.600000023842, 2499.900000035763, 2650.699999988079, 2836.699999988079, 3018.400000035763]",E,4,validation
229,angel,E,1,E_orient1,8,1,angel/E/orient1/tilt_back_toward_1/landmarks_trimmed.json,23,23,18,"[0, 1, 2, 3, 5, 6, 7, 9, 10, 11, 12, 14, 15, 16, 18, 19, 20, 22]","[102.70000004768372, 206.4000000357628, 311.4000000357628, 417.7000000476837, 629.9000000357628, 728.6000000238419, 826.5, 1033.1000000238419, 1133.6000000238419, 1234.7000000476837, 1341.6000000238419, 1547.6000000238419, 1652.7000000476837, 1757.5, 2064.100000023842, 2160.7000000476837, 2252.400000035763, 2456.2000000476837]",E,4,train
230,angel,E,1,E_orient1,8,1,angel/E/orient1/tilt_forward_away_1/landmarks_trimmed.json,30,30,18,"[0, 1, 3, 5, 6, 8, 10, 11, 13, 15, 17, 18, 20, 22, 23, 25, 27, 29]","[117.80000001192093, 228.39999997615814, 445.39999997615814, 643.3000000119209, 738.1999999880791, 927.8000000119209, 1110.0, 1209.699999988079, 1388.3999999761581, 1594.699999988079, 1800.300000011921, 1904.699999988079, 2110.199999988079, 2314.0, 2415.100000023842, 2621.600000023842, 2805.0, 3007.0]",E,4,train
231,angel,E,1,E_orient1,8,1,angel/E/orient1/tilt_forward_neutral_1/landmarks_trimmed.json,30,30,18,"[0, 1, 3, 5, 6, 8, 10, 11, 13, 15, 17, 18, 20, 22, 23, 25, 27, 29]","[103.40000003576279, 199.10000002384186, 395.10000002384186, 601.1000000238419, 693.9000000357628, 889.9000000357628, 1093.7000000476837, 1181.300000011921, 1386.6000000238419, 1618.7000000476837, 1839.7000000476837, 1943.7000000476837, 2151.900000035763, 2369.100000023842, 2470.600000023842, 2661.100000023842, 2876.400000035763, 3074.0]",E,4,validation
232,angel,E,1,E_orient1,8,2,angel/E/orient1/tilt_forward_neutral_2/landmarks_trimmed.json,30,30,18,"[0, 1, 3, 5, 6, 8, 10, 11, 13, 15, 17, 18, 20, 22, 23, 25, 27, 29]","[93.29999995231628, 183.39999997615814, 384.5999999642372, 578.6999999880791, 674.8999999761581, 880.2999999523163, 1083.2999999523163, 1194.5999999642372, 1400.7999999523163, 1616.5999999642372, 1823.2999999523163, 1915.8999999761581, 2074.399999976158, 2294.199999988079, 2403.0, 2598.2999999523163, 2800.399999976158, 3001.599999964237]",E,4,train
233,angel,E,1,E_orient1,8,1,angel/E/orient1/tilt_forward_toward_1/landmarks_trimmed.json,30,30,18,"[0, 1, 3, 5, 6, 8, 10, 11, 13, 15, 17, 18, 20, 22, 23, 25, 27, 29]","[104.30000001192093, 205.70000004768372, 413.80000001192093, 629.2000000476837, 731.0, 927.0, 1117.5, 1207.0, 1410.9000000357628, 1621.2000000476837, 1853.0, 1966.7000000476837, 2172.5, 2361.2000000476837, 2454.2000000476837, 2660.5, 2860.800000011921, 3064.5]",E,4,train
234,angel,E,1,E_orient1,8,1,angel/E/orient1/tilt_neutral_away_1/landmarks_trimmed.json,30,30,18,"[0, 1, 3, 5, 6, 8, 10, 11, 13, 15, 17, 18, 20, 22, 23, 25, 27, 29]","[98.79999995231628, 198.0999999642372, 405.89999997615814, 609.3999999761581, 711.6999999880791, 901.0999999642372, 1086.7999999523163, 1188.0, 1396.3999999761581, 1607.7999999523163, 1810.5, 1915.699999988079, 2097.5, 2294.199999988079, 2382.2999999523163, 2590.2999999523163, 2795.7999999523163, 3000.5]",E,4,train
235,angel,E,1,E_orient1,8,1,angel/E/orient1/tilt_neutral_neutral_1/landmarks_trimmed.json,30,30,18,"[0, 1, 3, 5, 6, 8, 10, 11, 13, 15, 17, 18, 20, 22, 23, 25, 27, 29]","[117.20000004768372, 218.10000002384186, 420.4000000357628, 629.4000000357628, 731.1000000238419, 935.6000000238419, 1141.800000011921, 1248.5, 1454.1000000238419, 1658.4000000357628, 1854.0, 1950.2000000476837, 2167.2000000476837, 2364.300000011921, 2457.400000035763, 2646.2000000476837, 2856.0, 3062.300000011921]",E,4,train
236,angel,E,1,E_orient1,8,2,angel/E/orient1/tilt_neutral_neutral_2/landmarks_trimmed.json,31,31,18,"[0, 1, 3, 5, 7, 8, 10, 12, 14, 15, 17, 19, 21, 22, 24, 26, 28, 30]","[102.19999998807907, 198.79999995231628, 389.2999999523163, 597.8999999761581, 796.8999999761581, 885.7999999523163, 1086.8999999761581, 1288.5, 1489.8999999761581, 1594.3999999761581, 1777.199999988079, 1987.8999999761581, 2190.899999976158, 2281.199999988079, 2470.7999999523163, 2678.399999976158, 2873.199999988079, 3071.2999999523163]",E,4,train
237,angel,E,1,E_orient1,8,1,angel/E/orient1/tilt_neutral_toward_1/landmarks_trimmed.json,31,31,18,"[0, 1, 3, 5, 7, 8, 10, 12, 14, 15, 17, 19, 21, 22, 24, 26, 28, 30]","[93.60000002384186, 197.19999998807907, 402.69999998807907, 613.1000000238419, 823.8000000119209, 928.8999999761581, 1132.6000000238419, 1328.5, 1510.1000000238419, 1606.5, 1790.800000011921, 1973.300000011921, 2174.600000023842, 2275.800000011921, 2485.899999976158, 2685.100000023842, 2874.399999976158, 3068.800000011921]",E,4,train
238,angel,E,2,E_orient2,9,1,angel/E/orient2/tilt_back_away_1/landmarks_trimmed.json,32,32,18,"[0, 1, 3, 5, 7, 9, 10, 12, 14, 16, 18, 20, 21, 23, 25, 27, 29, 31]","[86.20000004768372, 182.9000000357628, 381.60000002384186, 583.7000000476837, 779.3000000119209, 973.2000000476837, 1058.300000011921, 1248.800000011921, 1446.4000000357628, 1644.6000000238419, 1847.7000000476837, 2050.7000000476837, 2137.0, 2310.7000000476837, 2480.2000000476837, 2656.100000023842, 2849.5, 3032.400000035763]",E,4,train
239,angel,E,2,E_orient2,9,1,angel/E/orient2/tilt_back_neutral_1/landmarks_trimmed.json,33,33,18,"[0, 1, 3, 5, 7, 9, 11, 13, 15, 16, 18, 20, 22, 24, 26, 28, 30, 32]","[99.39999997615814, 196.69999998807907, 393.0999999642372, 523.1999999880791, 626.8999999761581, 823.8000000119209, 1017.5, 1211.3999999761581, 1401.699999988079, 1498.0, 1693.3999999761581, 1884.300000011921, 2073.399999976158, 2254.399999976158, 2427.5, 2614.0, 2809.0, 3022.0]",E,4,train
240,angel,E,2,E_orient2,9,2,angel/E/orient2/tilt_back_neutral_2/landmarks_trimmed.json,33,33,18,"[0, 1, 3, 5, 7, 9, 11, 13, 15, 16, 18, 20, 22, 24, 26, 28, 30, 32]","[88.60000002384186, 176.19999998807907, 358.80000001192093, 533.3999999761581, 728.1999999880791, 910.8000000119209, 1111.0, 1302.6000000238419, 1481.6000000238419, 1486.6000000238419, 1680.3999999761581, 1883.6000000238419, 2071.399999976158, 2259.199999988079, 2452.399999976158, 2651.5, 2842.699999988079, 3017.899999976158]",E,4,validation
241,angel,E,2,E_orient2,9,1,angel/E/orient2/tilt_back_toward_1/landmarks_trimmed.json,36,36,18,"[0, 2, 4, 6, 8, 10, 12, 14, 16, 18, 20, 22, 24, 26, 28, 30, 32, 35]","[97.0, 280.9000000357628, 455.2000000476837, 629.5, 805.7000000476837, 979.3000000119209, 1153.800000011921, 1328.800000011921, 1527.6000000238419, 1717.0, 1892.6000000238419, 2065.5, 2243.5, 2371.800000011921, 2410.7000000476837, 2610.100000023842, 2794.600000023842, 3060.0]",E,4,train
242,angel,E,2,E_orient2,9,1,angel/E/orient2/tilt_forward_away_1/landmarks_trimmed.json,29,29,18,"[0, 1, 3, 4, 6, 8, 9, 11, 13, 14, 16, 18, 19, 21, 23, 24, 26, 28]","[89.5, 190.10000002384186, 379.80000001192093, 475.60000002384186, 678.7000000476837, 1001.7000000476837, 1104.800000011921, 1307.6000000238419, 1510.1000000238419, 1614.6000000238419, 1815.7000000476837, 2019.300000011921, 2121.400000035763, 2338.400000035763, 2527.400000035763, 2617.0, 2817.5, 3026.100000023842]",E,4,train
243,angel,E,2,E_orient2,9,1,angel/E/orient2/tilt_forward_neutral_1/landmarks_trimmed.json,31,31,18,"[0, 1, 3, 5, 7, 8, 10, 12, 14, 15, 17, 19, 21, 22, 24, 26, 28, 30]","[101.30000001192093, 193.9000000357628, 388.5, 582.7000000476837, 775.2000000476837, 871.1000000238419, 1061.1000000238419, 1253.300000011921, 1452.7000000476837, 1550.9000000357628, 1746.300000011921, 1942.300000011921, 2148.600000023842, 2242.0, 2436.7000000476837, 2625.7000000476837, 2825.800000011921, 3048.100000023842]",E,4,train
244,angel,E,2,E_orient2,9,2,angel/E/orient2/tilt_forward_neutral_2/landmarks_trimmed.json,31,31,18,"[0, 1, 3, 5, 7, 8, 10, 12, 14, 15, 17, 19, 21, 22, 24, 26, 28, 30]","[104.30000001192093, 219.19999998807907, 419.60000002384186, 609.1999999880791, 793.5, 883.8000000119209, 1069.3999999761581, 1269.800000011921, 1469.800000011921, 1571.800000011921, 1764.699999988079, 1965.1000000238419, 2156.899999976158, 2255.300000011921, 2448.800000011921, 2644.899999976158, 2837.5, 3033.5]",E,4,train
245,angel,E,2,E_orient2,9,1,angel/E/orient2/tilt_forward_toward_1/landmarks_trimmed.json,31,31,18,"[0, 1, 3, 5, 7, 8, 10, 12, 14, 15, 17, 19, 21, 22, 24, 26, 28, 30]","[93.89999997615814, 193.69999998807907, 405.5, 596.1999999880791, 779.0999999642372, 880.5999999642372, 1086.7999999523163, 1290.5, 1495.0, 1600.7999999523163, 1803.5999999642372, 1990.8999999761581, 2194.099999964237, 2294.399999976158, 2497.2999999523163, 2688.399999976158, 2886.5, 3081.199999988079]",E,4,train
246,angel,E,2,E_orient2,9,1,angel/E/orient2/tilt_neutral_away_1/landmarks_trimmed.json,33,33,18,"[0, 1, 3, 5, 7, 9, 11, 13, 15, 16, 18, 20, 22, 24, 26, 28, 30, 32]","[92.69999998807907, 181.89999997615814, 367.89999997615814, 556.6999999880791, 737.3999999761581, 920.0999999642372, 1097.3999999761581, 1226.699999988079, 1402.8999999761581, 1488.5, 1666.5, 1856.0999999642372, 2051.5, 2242.599999964237, 2428.599999964237, 2610.399999976158, 2797.899999976158, 3024.800000011921]",E,4,train
247,angel,E,2,E_orient2,9,1,angel/E/orient2/tilt_neutral_neutral_1/landmarks_trimmed.json,30,30,18,"[0, 1, 3, 5, 6, 8, 10, 11, 13, 15, 17, 18, 20, 22, 23, 25, 27, 29]","[90.60000002384186, 184.60000002384186, 384.60000002384186, 586.1000000238419, 693.0, 896.8000000119209, 1096.300000011921, 1192.800000011921, 1400.3999999761581, 1601.1000000238419, 1802.300000011921, 1904.699999988079, 2103.100000023842, 2290.800000011921, 2396.399999976158, 2609.199999988079, 2809.5, 3015.800000011921]",E,4,train
248,angel,E,2,E_orient2,9,2,angel/E/orient2/tilt_neutral_neutral_2/landmarks_trimmed.json,32,32,18,"[0, 1, 3, 5, 7, 9, 10, 12, 14, 16, 18, 20, 21, 23, 25, 27, 29, 31]","[84.40000003576279, 170.4000000357628, 365.0, 557.3000000119209, 741.3000000119209, 936.0, 1034.6000000238419, 1228.300000011921, 1415.2000000476837, 1596.1000000238419, 1779.9000000357628, 1978.2000000476837, 2079.2000000476837, 2254.2000000476837, 2430.0, 2628.300000011921, 2815.600000023842, 3006.5]",E,4,train
249,angel,E,2,E_orient2,9,1,angel/E/orient2/tilt_neutral_toward_1/landmarks_trimmed.json,33,33,18,"[0, 1, 3, 5, 7, 9, 11, 13, 15, 16, 18, 20, 22, 24, 26, 28, 30, 32]","[92.5, 191.19999998807907, 371.10000002384186, 556.9000000357628, 748.0, 930.1999999880791, 1114.199999988079, 1310.0, 1496.699999988079, 1588.5, 1776.4000000357628, 1951.5, 2143.800000011921, 2328.900000035763, 2518.0, 2711.199999988079, 2891.0, 3078.600000023842]",E,4,train
250,angel,E,3,E_orient3,10,1,angel/E/orient3/tilt_back_away_1/landmarks_trimmed.json,30,30,18,"[0, 1, 3, 5, 6, 8, 10, 11, 13, 15, 17, 18, 20, 22, 23, 25, 27, 29]","[89.5, 177.0, 471.30000001192093, 658.7000000476837, 751.8000000119209, 959.8000000119209, 1157.1000000238419, 1260.1000000238419, 1461.300000011921, 1644.2000000476837, 1840.7000000476837, 1943.4000000357628, 2147.900000035763, 2347.0, 2445.100000023842, 2648.0, 2827.5, 3027.800000011921]",E,4,train
251,angel,E,3,E_orient3,10,1,angel/E/orient3/tilt_back_neutral_1/landmarks_trimmed.json,31,31,18,"[0, 1, 3, 5, 7, 8, 10, 12, 14, 15, 17, 19, 21, 22, 24, 26, 28, 30]","[91.19999998807907, 180.60000002384186, 378.5, 561.4000000357628, 770.5, 873.6999999880791, 1075.6000000238419, 1286.300000011921, 1475.9000000357628, 1568.800000011921, 1764.6000000238419, 1967.1000000238419, 2167.400000035763, 2273.0, 2504.800000011921, 2699.199999988079, 2877.800000011921, 3077.199999988079]",E,4,train
252,angel,E,3,E_orient3,10,2,angel/E/orient3/tilt_back_neutral_2/landmarks_trimmed.json,28,28,18,"[0, 1, 3, 4, 6, 7, 9, 11, 12, 14, 15, 17, 19, 20, 22, 23, 25, 27]","[101.10000002384186, 202.69999998807907, 405.10000002384186, 514.8000000119209, 721.5, 821.3000000119209, 1012.8999999761581, 1221.1000000238419, 1329.3999999761581, 1514.300000011921, 1612.300000011921, 1803.0, 2298.399999976158, 2389.699999988079, 2580.699999988079, 2681.899999976158, 2890.100000023842, 3074.100000023842]",E,4,train
253,angel,E,3,E_orient3,10,1,angel/E/orient3/tilt_back_toward_1/landmarks_trimmed.json,25,25,18,"[0, 1, 2, 4, 5, 7, 8, 9, 11, 12, 14, 15, 16, 18, 19, 21, 22, 24]","[34.40000003576279, 137.69999998807907, 229.60000002384186, 604.6999999880791, 694.1000000238419, 792.6000000238419, 901.9000000357628, 995.4000000357628, 1172.6000000238419, 1264.4000000357628, 1534.5, 1632.1000000238419, 1732.4000000357628, 2034.6000000238419, 2134.900000035763, 2339.400000035763, 2439.600000023842, 2939.600000023842]",E,4,train
254,angel,E,3,E_orient3,10,1,angel/E/orient3/tilt_forward_away_1/landmarks_trimmed.json,31,31,18,"[0, 1, 3, 5, 7, 8, 10, 12, 14, 15, 17, 19, 21, 22, 24, 26, 28, 30]","[116.60000002384186, 244.0, 465.0, 651.0, 836.9000000357628, 932.4000000357628, 1112.4000000357628, 1308.5, 1493.6000000238419, 1580.6000000238419, 1772.800000011921, 1950.0, 2150.5, 2251.600000023842, 2430.5, 2616.800000011921, 2822.2000000476837, 3003.7000000476837]",E,4,train
255,angel,E,3,E_orient3,10,1,angel/E/orient3/tilt_forward_neutral_1/landmarks_trimmed.json,32,32,18,"[0, 1, 3, 5, 7, 9, 10, 12, 14, 16, 18, 20, 21, 23, 25, 27, 29, 31]","[95.59999996423721, 191.19999998807907, 372.0, 563.1999999880791, 759.8999999761581, 947.3999999761581, 1035.5999999642372, 1227.7999999523163, 1416.0, 1598.5999999642372, 1789.699999988079, 1988.8999999761581, 2089.0, 2269.2999999523163, 2452.599999964237, 2633.699999988079, 2826.5, 3021.599999964237]",E,4,validation
256,angel,E,3,E_orient3,10,2,angel/E/orient3/tilt_forward_neutral_2/landmarks_trimmed.json,33,33,18,"[0, 1, 3, 5, 7, 9, 11, 13, 15, 16, 18, 20, 22, 24, 26, 28, 30, 32]","[91.5, 182.79999995231628, 363.0, 550.8999999761581, 722.2999999523163, 894.6999999880791, 1071.2999999523163, 1262.199999988079, 1439.0, 1534.5999999642372, 1730.5999999642372, 1906.699999988079, 2096.2999999523163, 2295.099999964237, 2477.099999964237, 2654.899999976158, 2831.599999964237, 3022.7999999523163]",E,4,train
257,angel,E,3,E_orient3,10,1,angel/E/orient3/tilt_forward_toward_1/landmarks_trimmed.json,32,32,18,"[0, 1, 3, 5, 7, 9, 10, 12, 14, 16, 18, 20, 21, 23, 25, 27, 29, 31]","[100.40000003576279, 203.0, 395.10000002384186, 592.3000000119209, 789.8000000119209, 973.5, 1062.199999988079, 1242.0, 1422.5, 1600.6000000238419, 1786.300000011921, 1966.699999988079, 2061.800000011921, 2257.199999988079, 2438.0, 2634.400000035763, 2822.400000035763, 3005.199999988079]",E,4,validation
258,angel,E,3,E_orient3,10,1,angel/E/orient3/tilt_neutral_away_1/landmarks_trimmed.json,30,30,18,"[0, 1, 3, 5, 6, 8, 10, 11, 13, 15, 17, 18, 20, 22, 23, 25, 27, 29]","[95.10000002384186, 198.60000002384186, 401.39999997615814, 621.0, 721.0, 933.8000000119209, 1132.300000011921, 1232.1000000238419, 1430.3999999761581, 1630.699999988079, 1836.1000000238419, 1950.699999988079, 2142.600000023842, 2332.5, 2433.899999976158, 2637.100000023842, 2823.699999988079, 3016.399999976158]",E,4,train
259,angel,E,3,E_orient3,10,1,angel/E/orient3/tilt_neutral_neutral_1/landmarks_trimmed.json,34,34,18,"[0, 1, 3, 5, 7, 9, 11, 13, 15, 17, 19, 21, 23, 25, 27, 29, 31, 33]","[118.69999998807907, 243.5, 298.5, 434.5, 641.6000000238419, 840.3999999761581, 1029.699999988079, 1240.0, 1443.0, 1646.0, 1834.5, 1974.3999999761581, 2080.399999976158, 2268.699999988079, 2470.0, 2688.800000011921, 2891.600000023842, 3098.0]",E,4,train
260,angel,E,3,E_orient3,10,2,angel/E/orient3/tilt_neutral_neutral_2/landmarks_trimmed.json,30,30,18,"[0, 1, 3, 5, 6, 8, 10, 11, 13, 15, 17, 18, 20, 22, 23, 25, 27, 29]","[104.80000001192093, 213.80000001192093, 403.60000002384186, 608.3999999761581, 708.3000000119209, 917.6999999880791, 1123.3999999761581, 1224.800000011921, 1429.800000011921, 1629.6000000238419, 1818.0, 1923.0, 2127.800000011921, 2331.800000011921, 2430.800000011921, 2654.399999976158, 2848.600000023842, 3033.600000023842]",E,4,train
261,angel,F,1,F_orient1,11,1,angel/F/orient1/tilt_back_away_1/landmarks_trimmed.json,31,31,18,"[0, 1, 3, 5, 7, 8, 10, 12, 14, 15, 17, 19, 21, 22, 24, 26, 28, 30]","[104.80000001192093, 196.19999998807907, 385.30000001192093, 575.0, 774.5, 881.1999999880791, 1095.8999999761581, 1303.8999999761581, 1507.699999988079, 1607.5999999642372, 1811.3999999761581, 1999.8999999761581, 2194.0, 2294.899999976158, 2499.099999964237, 2699.300000011921, 2897.899999976158, 3090.599999964237]",F,5,train
262,angel,F,1,F_orient1,11,1,angel/F/orient1/tilt_back_neutral_1/landmarks_trimmed.json,31,31,18,"[0, 1, 3, 5, 7, 8, 10, 12, 14, 15, 17, 19, 21, 22, 24, 26, 28, 30]","[96.09999996423721, 189.5999999642372, 381.2999999523163, 586.7999999523163, 787.6999999880791, 893.6999999880791, 1102.5999999642372, 1316.2999999523163, 1523.5999999642372, 1618.199999988079, 1800.0999999642372, 1985.0999999642372, 2174.599999964237, 2275.199999988079, 2462.0, 2668.2999999523163, 2873.199999988079, 3063.099999964237]",F,5,train
263,angel,F,1,F_orient1,11,2,angel/F/orient1/tilt_back_neutral_2/landmarks_trimmed.json,31,31,18,"[0, 1, 3, 5, 7, 8, 10, 12, 14, 15, 17, 19, 21, 22, 24, 26, 28, 30]","[102.69999998807907, 213.60000002384186, 401.9000000357628, 584.6999999880791, 776.9000000357628, 880.1000000238419, 1083.199999988079, 1287.300000011921, 1493.5, 1594.6000000238419, 1795.6000000238419, 1982.9000000357628, 2173.5, 2272.800000011921, 2474.300000011921, 2661.5, 2857.199999988079, 3046.0]",F,5,train
264,angel,F,1,F_orient1,11,1,angel/F/orient1/tilt_back_toward_1/landmarks_trimmed.json,32,32,18,"[0, 1, 3, 5, 7, 9, 10, 12, 14, 16, 18, 20, 21, 23, 25, 27, 29, 31]","[94.09999996423721, 186.5, 372.2999999523163, 576.1999999880791, 791.5999999642372, 993.5999999642372, 1085.2999999523163, 1273.5, 1456.5999999642372, 1660.8999999761581, 1862.5999999642372, 2048.2999999523163, 2134.099999964237, 2326.099999964237, 2503.599999964237, 2686.599999964237, 2886.199999988079, 3091.899999976158]",F,5,train
265,angel,F,1,F_orient1,11,1,angel/F/orient1/tilt_forward_away_1/landmarks_trimmed.json,32,32,18,"[0, 1, 3, 5, 7, 9, 10, 12, 14, 16, 18, 20, 21, 23, 25, 27, 29, 31]","[91.80000001192093, 188.39999997615814, 376.69999998807907, 572.0, 776.3999999761581, 955.8999999761581, 1053.5, 1246.300000011921, 1431.1000000238419, 1608.199999988079, 1803.800000011921, 2003.3999999761581, 2096.800000011921, 2278.399999976158, 2462.100000023842, 2655.0, 2845.699999988079, 3044.600000023842]",F,5,validation
266,angel,F,1,F_orient1,11,1,angel/F/orient1/tilt_forward_neutral_1/landmarks_trimmed.json,31,31,18,"[0, 1, 3, 5, 7, 8, 10, 12, 14, 15, 17, 19, 21, 22, 24, 26, 28, 30]","[94.20000004768372, 186.9000000357628, 369.9000000357628, 577.7000000476837, 782.0, 880.4000000357628, 1069.2000000476837, 1276.6000000238419, 1485.5, 1588.4000000357628, 1793.6000000238419, 1978.6000000238419, 2178.900000035763, 2276.800000011921, 2462.2000000476837, 2656.7000000476837, 2855.100000023842, 3063.800000011921]",F,5,train
267,angel,F,1,F_orient1,11,2,angel/F/orient1/tilt_forward_neutral_2/landmarks_trimmed.json,30,30,18,"[0, 1, 3, 5, 6, 8, 10, 11, 13, 15, 17, 18, 20, 22, 23, 25, 27, 29]","[97.09999996423721, 205.5999999642372, 407.5999999642372, 617.0, 716.2999999523163, 898.6999999880791, 1096.699999988079, 1195.3999999761581, 1401.699999988079, 1600.699999988079, 1802.0, 1896.8999999761581, 2077.399999976158, 2283.5, 2380.899999976158, 2580.399999976158, 2785.2999999523163, 3000.899999976158]",F,5,train
268,angel,F,1,F_orient1,11,1,angel/F/orient1/tilt_forward_toward_1/landmarks_trimmed.json,31,31,18,"[0, 1, 3, 5, 7, 8, 10, 12, 14, 15, 17, 19, 21, 22, 24, 26, 28, 30]","[94.60000002384186, 194.10000002384186, 390.30000001192093, 577.0, 765.6999999880791, 856.3000000119209, 1049.9000000357628, 1234.699999988079, 1425.4000000357628, 1515.300000011921, 1707.0, 1914.300000011921, 2101.300000011921, 2191.100000023842, 2392.400000035763, 2597.199999988079, 2804.0, 3008.800000011921]",F,5,train
269,angel,F,1,F_orient1,11,1,angel/F/orient1/tilt_neutral_away_1/landmarks_trimmed.json,31,31,18,"[0, 1, 3, 5, 7, 8, 10, 12, 14, 15, 17, 19, 21, 22, 24, 26, 28, 30]","[100.89999997615814, 208.69999998807907, 423.89999997615814, 631.3999999761581, 817.6999999880791, 915.3999999761581, 1124.699999988079, 1311.1000000238419, 1500.199999988079, 1599.1000000238419, 1791.800000011921, 1973.6000000238419, 2159.0, 2247.5, 2448.100000023842, 2647.399999976158, 2835.699999988079, 3024.199999988079]",F,5,train
270,angel,F,1,F_orient1,11,1,angel/F/orient1/tilt_neutral_neutral_1/landmarks_trimmed.json,30,30,18,"[0, 1, 3, 5, 6, 8, 10, 11, 13, 15, 17, 18, 20, 22, 23, 25, 27, 29]","[100.60000002384186, 196.5, 376.10000002384186, 561.0, 665.0, 865.6000000238419, 1054.6000000238419, 1144.7000000476837, 1339.4000000357628, 1528.0, 1739.6000000238419, 1846.6000000238419, 2072.5, 2293.800000011921, 2424.5, 2631.100000023842, 2850.2000000476837, 3065.7000000476837]",F,5,train
271,angel,F,1,F_orient1,11,2,angel/F/orient1/tilt_neutral_neutral_2/landmarks_trimmed.json,32,32,18,"[0, 1, 3, 5, 7, 9, 10, 12, 14, 16, 18, 20, 21, 23, 25, 27, 29, 31]","[102.30000001192093, 197.4000000357628, 392.9000000357628, 577.4000000357628, 769.3000000119209, 949.3000000119209, 1053.5, 1250.2000000476837, 1438.800000011921, 1645.0, 1845.2000000476837, 2035.800000011921, 2125.7000000476837, 2319.2000000476837, 2506.600000023842, 2685.900000035763, 2868.2000000476837, 3063.900000035763]",F,5,train
272,angel,F,1,F_orient1,11,1,angel/F/orient1/tilt_neutral_toward_1/landmarks_trimmed.json,31,31,18,"[0, 1, 3, 5, 7, 8, 10, 12, 14, 15, 17, 19, 21, 22, 24, 26, 28, 30]","[99.10000002384186, 197.10000002384186, 393.10000002384186, 609.3000000119209, 790.5, 878.2000000476837, 1078.4000000357628, 1267.800000011921, 1465.300000011921, 1557.4000000357628, 1742.0, 1928.4000000357628, 2113.100000023842, 2203.100000023842, 2390.300000011921, 2595.300000011921, 2801.300000011921, 3009.0]",F,5,train
273,angel,F,2,F_orient2,12,1,angel/F/orient2/tilt_back_away_1/landmarks_trimmed.json,26,26,18,"[0, 1, 2, 4, 5, 7, 8, 10, 11, 13, 14, 16, 17, 19, 20, 22, 23, 25]","[111.79999995231628, 229.29999995231628, 346.7999999523163, 586.1999999880791, 700.8999999761581, 930.3999999761581, 1057.3999999761581, 1295.2999999523163, 1416.3999999761581, 1666.199999988079, 1783.0999999642372, 2016.5, 2127.099999964237, 2359.099999964237, 2479.399999976158, 2721.199999988079, 2853.7999999523163, 3098.199999988079]",F,5,train
274,angel,F,2,F_orient2,12,1,angel/F/orient2/tilt_back_neutral_1/landmarks_trimmed.json,27,27,18,"[0, 1, 3, 4, 6, 7, 9, 10, 12, 13, 15, 16, 18, 19, 21, 22, 24, 26]","[114.0, 226.89999997615814, 464.80000001192093, 575.5, 820.3999999761581, 944.3000000119209, 1168.699999988079, 1283.5999999642372, 1520.0, 1645.0999999642372, 1864.0, 1998.199999988079, 2193.399999976158, 2297.300000011921, 2533.300000011921, 2649.399999976158, 2877.599999964237, 3107.399999976158]",F,5,validation
275,angel,F,2,F_orient2,12,2,angel/F/orient2/tilt_back_neutral_2/landmarks_trimmed.json,26,26,18,"[0, 1, 2, 4, 5, 7, 8, 10, 11, 13, 14, 16, 17, 19, 20, 22, 23, 25]","[127.0, 241.79999995231628, 364.5, 593.1999999880791, 710.8999999761581, 952.3999999761581, 1072.7999999523163, 1306.3999999761581, 1418.5999999642372, 1636.5, 1759.0, 2009.5999999642372, 2134.099999964237, 2369.0, 2484.699999988079, 2712.7999999523163, 2823.199999988079, 3047.2999999523163]",F,5,train
276,angel,F,2,F_orient2,12,1,angel/F/orient2/tilt_back_toward_1/landmarks_trimmed.json,26,26,18,"[0, 1, 2, 4, 5, 7, 8, 10, 11, 13, 14, 16, 17, 19, 20, 22, 23, 25]","[113.09999996423721, 230.5999999642372, 354.5999999642372, 583.2999999523163, 706.0999999642372, 953.5, 1075.8999999761581, 1294.0999999642372, 1414.0999999642372, 1657.7999999523163, 1769.0999999642372, 2009.5999999642372, 2128.0, 2357.5, 2474.7999999523163, 2697.399999976158, 2815.7999999523163, 3065.399999976158]",F,5,validation
277,angel,F,2,F_orient2,12,1,angel/F/orient2/tilt_forward_away_1/landmarks_trimmed.json,26,26,18,"[0, 1, 2, 4, 5, 7, 8, 10, 11, 13, 14, 16, 17, 19, 20, 22, 23, 25]","[107.89999997615814, 220.0999999642372, 330.19999998807907, 567.0999999642372, 679.8999999761581, 923.7999999523163, 1044.0, 1291.5999999642372, 1407.7999999523163, 1639.5999999642372, 1753.699999988079, 1971.5999999642372, 2088.599999964237, 2327.699999988079, 2455.7999999523163, 2698.899999976158, 2819.2999999523163, 3049.899999976158]",F,5,train
278,angel,F,2,F_orient2,12,1,angel/F/orient2/tilt_forward_neutral_1/landmarks_trimmed.json,26,26,18,"[0, 1, 2, 4, 5, 7, 8, 10, 11, 13, 14, 16, 17, 19, 20, 22, 23, 25]","[112.59999996423721, 235.0999999642372, 352.80000001192093, 599.1999999880791, 720.0999999642372, 952.6999999880791, 1058.5, 1288.5999999642372, 1413.8999999761581, 1640.5999999642372, 1752.0, 1989.199999988079, 2122.699999988079, 2358.399999976158, 2479.0, 2713.0, 2841.399999976158, 3078.699999988079]",F,5,train
279,angel,F,2,F_orient2,12,2,angel/F/orient2/tilt_forward_neutral_2/landmarks_trimmed.json,20,20,18,"[0, 1, 2, 3, 4, 5, 6, 7, 8, 10, 11, 12, 13, 14, 15, 16, 17, 19]","[125.0, 238.69999998807907, 363.19999998807907, 478.89999997615814, 715.5, 824.3999999761581, 1060.0999999642372, 1297.699999988079, 1422.2999999523163, 1673.5999999642372, 1785.8999999761581, 1900.8999999761581, 2012.0999999642372, 2119.2999999523163, 2231.099999964237, 2346.0, 2454.699999988079, 2923.0]",F,5,validation
280,angel,F,2,F_orient2,12,1,angel/F/orient2/tilt_forward_toward_1/landmarks_trimmed.json,23,23,18,"[0, 1, 2, 3, 5, 6, 7, 9, 10, 11, 12, 14, 15, 16, 18, 19, 20, 22]","[122.90000003576279, 249.30000001192093, 415.60000002384186, 598.1000000238419, 903.0, 1064.6000000238419, 1228.6000000238419, 1532.300000011921, 1663.0, 1778.0, 1898.800000011921, 2126.0, 2239.699999988079, 2351.600000023842, 2600.699999988079, 2722.600000023842, 2852.900000035763, 3103.800000011921]",F,5,train
281,angel,F,2,F_orient2,12,1,angel/F/orient2/tilt_neutral_away_1/landmarks_trimmed.json,23,23,18,"[0, 1, 2, 3, 5, 6, 7, 9, 10, 11, 12, 14, 15, 16, 18, 19, 20, 22]","[111.20000004768372, 225.0, 343.0, 467.9000000357628, 691.1000000238419, 806.1000000238419, 924.7000000476837, 1160.1000000238419, 1271.6000000238419, 1385.2000000476837, 1509.6000000238419, 1737.0, 1849.5, 1962.2000000476837, 2315.0, 2540.900000035763, 2667.2000000476837, 3024.800000011921]",F,5,train
282,angel,F,2,F_orient2,12,1,angel/F/orient2/tilt_neutral_neutral_1/landmarks_trimmed.json,22,22,18,"[0, 1, 2, 3, 4, 6, 7, 8, 9, 11, 12, 13, 14, 16, 17, 18, 19, 21]","[127.90000003576279, 248.19999998807907, 371.80000001192093, 492.10000002384186, 610.1999999880791, 836.6000000238419, 942.3000000119209, 1057.699999988079, 1177.4000000357628, 1406.199999988079, 1530.0, 1650.699999988079, 1761.5, 1994.6000000238419, 2112.600000023842, 2225.300000011921, 2448.100000023842, 2909.100000023842]",F,5,train
283,angel,F,2,F_orient2,12,2,angel/F/orient2/tilt_neutral_neutral_2/landmarks_trimmed.json,26,26,18,"[0, 1, 2, 4, 5, 7, 8, 10, 11, 13, 14, 16, 17, 19, 20, 22, 23, 25]","[126.5, 243.30000001192093, 365.10000002384186, 590.6000000238419, 704.6999999880791, 928.8999999761581, 1042.0, 1287.0, 1406.5, 1639.5, 1755.300000011921, 1976.699999988079, 2083.899999976158, 2316.5, 2463.0, 2714.100000023842, 2827.100000023842, 3062.699999988079]",F,5,train
284,angel,F,2,F_orient2,12,1,angel/F/orient2/tilt_neutral_toward_1/landmarks_trimmed.json,26,26,18,"[0, 1, 2, 4, 5, 7, 8, 10, 11, 13, 14, 16, 17, 19, 20, 22, 23, 25]","[122.39999997615814, 248.19999998807907, 373.69999998807907, 627.3000000119209, 731.6000000238419, 968.1999999880791, 1080.0, 1309.6000000238419, 1430.3999999761581, 1667.1000000238419, 1796.6000000238419, 2027.1000000238419, 2143.899999976158, 2375.899999976158, 2491.300000011921, 2722.199999988079, 2850.0, 3090.0]",F,5,train
285,angel,G,1,G_orient1,13,1,angel/G/orient1/tilt_back_away_1/landmarks_trimmed.json,25,25,18,"[0, 1, 2, 4, 5, 7, 8, 9, 11, 12, 14, 15, 16, 18, 19, 21, 22, 24]","[125.30000001192093, 237.30000001192093, 349.0, 583.2000000476837, 700.9000000357628, 931.7000000476837, 1049.800000011921, 1180.5, 1410.9000000357628, 1527.2000000476837, 1747.0, 1866.4000000357628, 1977.1000000238419, 2205.600000023842, 2326.5, 2567.5, 2795.800000011921, 3026.900000035763]",G,6,train
286,angel,G,1,G_orient1,13,1,angel/G/orient1/tilt_back_neutral_1/landmarks_trimmed.json,25,25,18,"[0, 1, 2, 4, 5, 7, 8, 9, 11, 12, 14, 15, 16, 18, 19, 21, 22, 24]","[126.39999997615814, 256.19999998807907, 380.19999998807907, 611.0, 727.6000000238419, 964.8999999761581, 1089.800000011921, 1207.8999999761581, 1457.199999988079, 1564.1000000238419, 1791.1000000238419, 1905.8999999761581, 2027.8999999761581, 2262.699999988079, 2393.800000011921, 2645.300000011921, 2772.899999976158, 3027.0]",G,6,train
287,angel,G,1,G_orient1,13,2,angel/G/orient1/tilt_back_neutral_2/landmarks_trimmed.json,26,26,18,"[0, 1, 2, 4, 5, 7, 8, 10, 11, 13, 14, 16, 17, 19, 20, 22, 23, 25]","[125.89999997615814, 235.5, 349.89999997615814, 584.6999999880791, 688.0, 928.6000000238419, 1047.0, 1289.6000000238419, 1404.5, 1634.699999988079, 1753.5, 1979.0, 2096.600000023842, 2336.5, 2450.199999988079, 2692.800000011921, 2810.600000023842, 3055.100000023842]",G,6,train
288,angel,G,1,G_orient1,13,1,angel/G/orient1/tilt_back_toward_1/landmarks_trimmed.json,26,26,18,"[0, 1, 2, 4, 5, 7, 8, 10, 11, 13, 14, 16, 17, 19, 20, 22, 23, 25]","[117.19999998807907, 237.60000002384186, 361.39999997615814, 598.3000000119209, 726.3999999761581, 960.1999999880791, 1074.3999999761581, 1312.300000011921, 1433.300000011921, 1675.5, 1792.1000000238419, 2024.800000011921, 2136.100000023842, 2375.699999988079, 2489.399999976158, 2720.100000023842, 2837.800000011921, 3064.899999976158]",G,6,train
289,angel,G,1,G_orient1,13,1,angel/G/orient1/tilt_forward_away_1/landmarks_trimmed.json,27,27,18,"[0, 1, 3, 4, 6, 7, 9, 10, 12, 13, 15, 16, 18, 19, 21, 22, 24, 26]","[105.69999998807907, 204.79999995231628, 404.39999997615814, 505.19999998807907, 757.5, 874.0, 1099.8999999761581, 1218.3999999761581, 1457.8999999761581, 1517.8999999761581, 1743.3999999761581, 1862.199999988079, 2107.599999964237, 2228.7999999523163, 2465.399999976158, 2580.699999988079, 2821.699999988079, 3045.699999988079]",G,6,validation
290,angel,G,1,G_orient1,13,1,angel/G/orient1/tilt_forward_neutral_1/landmarks_trimmed.json,25,25,18,"[0, 1, 2, 4, 5, 7, 8, 9, 11, 12, 14, 15, 16, 18, 19, 21, 22, 24]","[114.5, 226.30000001192093, 337.89999997615814, 575.8000000119209, 685.8999999761581, 917.1999999880791, 1026.6000000238419, 1136.199999988079, 1382.0, 1497.6000000238419, 1733.199999988079, 1851.199999988079, 1965.699999988079, 2196.5, 2323.199999988079, 2571.0, 2701.800000011921, 3028.899999976158]",G,6,validation
291,angel,G,1,G_orient1,13,2,angel/G/orient1/tilt_forward_neutral_2/landmarks_trimmed.json,26,26,18,"[0, 1, 2, 4, 5, 7, 8, 10, 11, 13, 14, 16, 17, 19, 20, 22, 23, 25]","[130.69999998807907, 255.10000002384186, 373.30000001192093, 616.1000000238419, 733.6000000238419, 972.8000000119209, 1092.1000000238419, 1328.199999988079, 1436.300000011921, 1670.300000011921, 1782.699999988079, 2006.199999988079, 2124.300000011921, 2352.300000011921, 2475.600000023842, 2704.800000011921, 2824.699999988079, 3068.899999976158]",G,6,train
292,angel,G,1,G_orient1,13,1,angel/G/orient1/tilt_forward_toward_1/landmarks_trimmed.json,27,27,18,"[0, 1, 3, 4, 6, 7, 9, 10, 12, 13, 15, 16, 18, 19, 21, 22, 24, 26]","[101.70000004768372, 204.0, 401.4000000357628, 514.8000000119209, 744.3000000119209, 863.7000000476837, 1085.5, 1205.6000000238419, 1434.2000000476837, 1551.300000011921, 1782.4000000357628, 1903.4000000357628, 2138.800000011921, 2254.900000035763, 2487.400000035763, 2608.400000035763, 2840.300000011921, 3090.600000023842]",G,6,train
293,angel,G,1,G_orient1,13,1,angel/G/orient1/tilt_neutral_away_1/landmarks_trimmed.json,27,27,18,"[0, 1, 3, 4, 6, 7, 9, 10, 12, 13, 15, 16, 18, 19, 21, 22, 24, 26]","[118.5, 239.80000001192093, 363.5, 461.9000000357628, 677.5, 790.1000000238419, 1020.0, 1138.1000000238419, 1373.300000011921, 1480.5, 1715.300000011921, 1824.7000000476837, 2054.600000023842, 2175.2000000476837, 2403.7000000476837, 2524.600000023842, 2775.2000000476837, 3008.0]",G,6,train
294,angel,G,1,G_orient1,13,1,angel/G/orient1/tilt_neutral_neutral_1/landmarks_trimmed.json,25,25,18,"[0, 1, 2, 4, 5, 7, 8, 9, 11, 12, 14, 15, 16, 18, 19, 21, 22, 24]","[116.5, 237.29999995231628, 360.69999998807907, 601.8999999761581, 717.8999999761581, 951.7999999523163, 1073.8999999761581, 1197.0999999642372, 1450.0999999642372, 1568.0, 1801.0, 1921.699999988079, 2040.0, 2306.399999976158, 2429.899999976158, 2654.699999988079, 2769.0, 3006.099999964237]",G,6,train
295,angel,G,1,G_orient1,13,2,angel/G/orient1/tilt_neutral_neutral_2/landmarks_trimmed.json,27,27,18,"[0, 1, 3, 4, 6, 7, 9, 10, 12, 13, 15, 16, 18, 19, 21, 22, 24, 26]","[115.10000002384186, 226.4000000357628, 455.4000000357628, 573.3000000119209, 749.1000000238419, 871.6000000238419, 1113.800000011921, 1234.0, 1468.300000011921, 1589.9000000357628, 1814.9000000357628, 1940.199999988079, 2178.800000011921, 2297.0, 2517.100000023842, 2632.199999988079, 2858.699999988079, 3093.300000011921]",G,6,train
296,angel,G,1,G_orient1,13,1,angel/G/orient1/tilt_neutral_toward_1/landmarks_trimmed.json,25,25,18,"[0, 1, 2, 4, 5, 7, 8, 9, 11, 12, 14, 15, 16, 18, 19, 21, 22, 24]","[116.30000001192093, 230.19999998807907, 350.80000001192093, 585.6999999880791, 703.0, 931.3000000119209, 1068.199999988079, 1184.800000011921, 1419.1000000238419, 1668.800000011921, 1907.6000000238419, 2027.300000011921, 2147.600000023842, 2380.399999976158, 2491.699999988079, 2708.300000011921, 2820.699999988079, 3064.399999976158]",G,6,train
297,angel,I,1,I_orient1,14,1,angel/I/orient1/tilt_back_away_1/landmarks_trimmed.json,26,26,18,"[0, 1, 2, 4, 5, 7, 8, 10, 11, 13, 14, 16, 17, 19, 20, 22, 23, 25]","[115.39999997615814, 238.80000001192093, 341.5, 590.0999999642372, 716.8000000119209, 956.6999999880791, 1071.8999999761581, 1318.699999988079, 1435.199999988079, 1674.199999988079, 1784.5999999642372, 2019.8999999761581, 2140.300000011921, 2390.399999976158, 2554.199999988079, 2761.399999976158, 2858.699999988079, 3085.099999964237]",I,7,validation
298,angel,I,1,I_orient1,14,1,angel/I/orient1/tilt_back_neutral_1/landmarks_trimmed.json,22,22,18,"[0, 1, 2, 3, 4, 6, 7, 8, 9, 11, 12, 13, 14, 16, 17, 18, 19, 21]","[109.19999998807907, 334.19999998807907, 451.10000002384186, 572.6000000238419, 692.0, 1034.0, 1145.699999988079, 1256.9000000357628, 1385.300000011921, 1628.800000011921, 1757.0, 1861.300000011921, 1976.6000000238419, 2206.900000035763, 2326.800000011921, 2439.400000035763, 2555.900000035763, 2924.300000011921]",I,7,train
299,angel,I,1,I_orient1,14,2,angel/I/orient1/tilt_back_neutral_2/landmarks_trimmed.json,26,26,18,"[0, 1, 2, 4, 5, 7, 8, 10, 11, 13, 14, 16, 17, 19, 20, 22, 23, 25]","[118.0, 239.89999997615814, 353.30000001192093, 586.5999999642372, 714.3000000119209, 957.8000000119209, 1069.5999999642372, 1302.199999988079, 1420.699999988079, 1659.300000011921, 1779.800000011921, 2011.300000011921, 2129.199999988079, 2348.199999988079, 2461.199999988079, 2700.0, 2820.899999976158, 3050.300000011921]",I,7,train
300,angel,I,1,I_orient1,14,1,angel/I/orient1/tilt_back_toward_1/landmarks_trimmed.json,22,22,18,"[0, 1, 2, 3, 4, 6, 7, 8, 9, 11, 12, 13, 14, 16, 17, 18, 19, 21]","[112.89999997615814, 233.0, 347.89999997615814, 466.0, 581.0, 820.5999999642372, 948.5999999642372, 1071.2999999523163, 1192.199999988079, 1431.0999999642372, 1557.199999988079, 1676.0, 1795.699999988079, 2159.899999976158, 2279.399999976158, 2391.7999999523163, 2503.899999976158, 3087.2999999523163]",I,7,validation
301,angel,I,1,I_orient1,14,1,angel/I/orient1/tilt_forward_away_1/landmarks_trimmed.json,26,26,18,"[0, 1, 2, 4, 5, 7, 8, 10, 11, 13, 14, 16, 17, 19, 20, 22, 23, 25]","[105.90000003576279, 223.10000002384186, 333.60000002384186, 568.6000000238419, 687.0, 910.0, 1021.6999999880791, 1250.5, 1359.1000000238419, 1606.699999988079, 1722.300000011921, 2074.100000023842, 2185.699999988079, 2402.0, 2515.5, 2747.100000023842, 2863.100000023842, 3101.100000023842]",I,7,validation
302,angel,I,1,I_orient1,14,1,angel/I/orient1/tilt_forward_neutral_1/landmarks_trimmed.json,26,26,18,"[0, 1, 2, 4, 5, 7, 8, 10, 11, 13, 14, 16, 17, 19, 20, 22, 23, 25]","[122.5, 237.80000001192093, 352.69999998807907, 597.3999999761581, 715.3000000119209, 966.6000000238419, 1087.6000000238419, 1327.0, 1440.0, 1666.6000000238419, 1783.1000000238419, 2026.1000000238419, 2145.899999976158, 2370.399999976158, 2484.0, 2715.5, 2828.300000011921, 3067.300000011921]",I,7,train
303,angel,I,1,I_orient1,14,2,angel/I/orient1/tilt_forward_neutral_2/landmarks_trimmed.json,26,26,18,"[0, 1, 2, 4, 5, 7, 8, 10, 11, 13, 14, 16, 17, 19, 20, 22, 23, 25]","[113.39999997615814, 224.0999999642372, 345.19999998807907, 577.5999999642372, 695.3000000119209, 924.3999999761581, 1057.5999999642372, 1306.699999988079, 1428.800000011921, 1667.300000011921, 1776.3999999761581, 2002.699999988079, 2122.800000011921, 2362.0, 2478.399999976158, 2706.099999964237, 2818.199999988079, 3059.199999988079]",I,7,train
304,angel,I,1,I_orient1,14,1,angel/I/orient1/tilt_forward_toward_1/landmarks_trimmed.json,26,26,18,"[0, 1, 2, 4, 5, 7, 8, 10, 11, 13, 14, 16, 17, 19, 20, 22, 23, 25]","[118.89999997615814, 230.0, 347.19999998807907, 583.8000000119209, 700.8999999761581, 931.3000000119209, 1048.0, 1300.1000000238419, 1431.199999988079, 1669.800000011921, 1776.0, 1998.6000000238419, 2113.5, 2347.199999988079, 2464.300000011921, 2701.300000011921, 2818.399999976158, 3052.899999976158]",I,7,train
305,angel,I,1,I_orient1,14,1,angel/I/orient1/tilt_neutral_away_1/landmarks_trimmed.json,26,26,18,"[0, 1, 2, 4, 5, 7, 8, 10, 11, 13, 14, 16, 17, 19, 20, 22, 23, 25]","[117.0, 235.0999999642372, 360.5999999642372, 602.3999999761581, 717.2999999523163, 962.2999999523163, 1081.0999999642372, 1311.0999999642372, 1423.2999999523163, 1643.8999999761581, 1760.0, 1996.699999988079, 2115.699999988079, 2352.0, 2469.399999976158, 2704.7999999523163, 2819.399999976158, 3047.099999964237]",I,7,train
306,angel,I,1,I_orient1,14,1,angel/I/orient1/tilt_neutral_neutral_1/landmarks_trimmed.json,27,27,18,"[0, 1, 3, 4, 6, 7, 9, 10, 12, 13, 15, 16, 18, 19, 21, 22, 24, 26]","[112.39999997615814, 225.80000001192093, 398.19999998807907, 513.8000000119209, 748.0999999642372, 859.6999999880791, 1092.800000011921, 1212.300000011921, 1444.699999988079, 1558.5, 1785.5, 1903.699999988079, 2123.800000011921, 2243.099999964237, 2485.599999964237, 2596.300000011921, 2818.699999988079, 3052.099999964237]",I,7,train
307,angel,I,1,I_orient1,14,2,angel/I/orient1/tilt_neutral_neutral_2/landmarks_trimmed.json,26,26,18,"[0, 1, 2, 4, 5, 7, 8, 10, 11, 13, 14, 16, 17, 19, 20, 22, 23, 25]","[121.30000001192093, 236.39999997615814, 350.80000001192093, 589.6999999880791, 708.0999999642372, 953.0999999642372, 1068.199999988079, 1291.0999999642372, 1403.8999999761581, 1632.5999999642372, 1748.300000011921, 1981.5, 2094.599999964237, 2333.599999964237, 2446.300000011921, 2677.5, 2795.099999964237, 3026.899999976158]",I,7,train
308,angel,I,1,I_orient1,14,1,angel/I/orient1/tilt_neutral_toward_1/landmarks_trimmed.json,26,26,18,"[0, 1, 2, 4, 5, 7, 8, 10, 11, 13, 14, 16, 17, 19, 20, 22, 23, 25]","[121.30000001192093, 235.80000001192093, 357.80000001192093, 590.2000000476837, 693.6000000238419, 930.2000000476837, 1046.800000011921, 1269.4000000357628, 1386.9000000357628, 1625.800000011921, 1737.1000000238419, 1968.4000000357628, 2083.100000023842, 2312.300000011921, 2422.2000000476837, 2650.0, 2767.100000023842, 3000.900000035763]",I,7,train
309,angel,I,2,I_orient2,15,1,angel/I/orient2/tilt_back_away_1/landmarks_trimmed.json,25,25,18,"[0, 1, 2, 4, 5, 7, 8, 9, 11, 12, 14, 15, 16, 18, 19, 21, 22, 24]","[425.30000001192093, 538.0999999642372, 641.3999999761581, 861.1999999880791, 958.5999999642372, 1153.0, 1251.199999988079, 1348.0, 1575.0999999642372, 1692.5, 1932.3999999761581, 2056.800000011921, 2163.199999988079, 2387.800000011921, 2507.199999988079, 2744.699999988079, 2861.800000011921, 3099.399999976158]",I,7,train
310,angel,I,2,I_orient2,15,1,angel/I/orient2/tilt_back_neutral_1/landmarks_trimmed.json,26,26,18,"[0, 1, 2, 4, 5, 7, 8, 10, 11, 13, 14, 16, 17, 19, 20, 22, 23, 25]","[101.10000002384186, 218.39999997615814, 328.10000002384186, 553.3999999761581, 672.1999999880791, 904.6999999880791, 1021.3999999761581, 1247.0, 1360.199999988079, 1598.1000000238419, 1724.6000000238419, 1961.5, 2074.100000023842, 2300.100000023842, 2431.0, 2668.699999988079, 2785.899999976158, 3018.399999976158]",I,7,train
311,angel,I,2,I_orient2,15,2,angel/I/orient2/tilt_back_neutral_2/landmarks_trimmed.json,27,27,18,"[0, 1, 3, 4, 6, 7, 9, 10, 12, 13, 15, 16, 18, 19, 21, 22, 24, 26]","[102.0, 200.19999998807907, 421.0, 536.4000000357628, 749.1000000238419, 868.6000000238419, 1095.5, 1222.699999988079, 1447.9000000357628, 1557.0, 1779.300000011921, 1893.199999988079, 2119.300000011921, 2238.5, 2470.600000023842, 2592.100000023842, 2818.199999988079, 3049.699999988079]",I,7,train
312,angel,I,2,I_orient2,15,1,angel/I/orient2/tilt_back_toward_1/landmarks_trimmed.json,26,26,18,"[0, 1, 2, 4, 5, 7, 8, 10, 11, 13, 14, 16, 17, 19, 20, 22, 23, 25]","[113.80000001192093, 215.4000000357628, 320.80000001192093, 555.9000000357628, 683.6000000238419, 915.0, 1031.4000000357628, 1266.0, 1390.1000000238419, 1635.800000011921, 1743.800000011921, 1972.2000000476837, 2087.800000011921, 2324.2000000476837, 2436.5, 2675.0, 2785.900000035763, 3041.5]",I,7,validation
313,angel,I,2,I_orient2,15,1,angel/I/orient2/tilt_forward_away_1/landmarks_trimmed.json,26,26,18,"[0, 1, 2, 4, 5, 7, 8, 10, 11, 13, 14, 16, 17, 19, 20, 22, 23, 25]","[118.0, 239.19999998807907, 354.10000002384186, 606.8000000119209, 735.4000000357628, 986.1999999880791, 1101.699999988079, 1329.300000011921, 1443.0, 1668.1000000238419, 1792.4000000357628, 2012.300000011921, 2128.900000035763, 2356.0, 2473.400000035763, 2700.900000035763, 2817.199999988079, 3041.0]",I,7,train
314,angel,I,2,I_orient2,15,2,angel/I/orient2/tilt_forward_neutral_2/landmarks_trimmed.json,26,26,18,"[0, 1, 2, 4, 5, 7, 8, 10, 11, 13, 14, 16, 17, 19, 20, 22, 23, 25]","[115.60000002384186, 235.69999998807907, 352.30000001192093, 592.1999999880791, 703.6999999880791, 940.9000000357628, 1055.699999988079, 1281.6000000238419, 1399.1000000238419, 1630.6000000238419, 1748.800000011921, 1974.6000000238419, 2086.600000023842, 2324.0, 2440.400000035763, 2680.100000023842, 2800.199999988079, 3060.0]",I,7,train
315,angel,I,2,I_orient2,15,1,angel/I/orient2/tilt_forward_toward_1/landmarks_trimmed.json,26,26,18,"[0, 1, 2, 4, 5, 7, 8, 10, 11, 13, 14, 16, 17, 19, 20, 22, 23, 25]","[115.09999996423721, 226.5, 348.2999999523163, 580.3999999761581, 706.3999999761581, 939.7999999523163, 1052.699999988079, 1285.199999988079, 1394.0999999642372, 1617.8999999761581, 1732.699999988079, 1964.199999988079, 2090.099999964237, 2318.899999976158, 2430.0, 2674.0, 2794.7999999523163, 3031.7999999523163]",I,7,train
316,angel,I,2,I_orient2,15,1,angel/I/orient2/tilt_neutral_away_1/landmarks_trimmed.json,26,26,18,"[0, 1, 2, 4, 5, 7, 8, 10, 11, 13, 14, 16, 17, 19, 20, 22, 23, 25]","[122.69999998807907, 243.0, 361.60000002384186, 601.8999999761581, 723.1999999880791, 959.0, 1072.1000000238419, 1294.800000011921, 1405.300000011921, 1619.3999999761581, 1732.3999999761581, 1967.8999999761581, 2085.600000023842, 2320.899999976158, 2430.0, 2660.699999988079, 2772.699999988079, 3002.300000011921]",I,7,train
317,angel,I,2,I_orient2,15,1,angel/I/orient2/tilt_neutral_neutral_1/landmarks_trimmed.json,26,26,18,"[0, 1, 2, 4, 5, 7, 8, 10, 11, 13, 14, 16, 17, 19, 20, 22, 23, 25]","[125.5, 242.69999998807907, 354.7999999523163, 594.6999999880791, 721.6999999880791, 972.3999999761581, 1085.5, 1315.8999999761581, 1426.699999988079, 1654.5, 1769.699999988079, 2005.8999999761581, 2124.399999976158, 2366.099999964237, 2486.7999999523163, 2708.099999964237, 2837.099999964237, 3083.899999976158]",I,7,train
318,angel,I,2,I_orient2,15,2,angel/I/orient2/tilt_neutral_neutral_2/landmarks_trimmed.json,26,26,18,"[0, 1, 2, 4, 5, 7, 8, 10, 11, 13, 14, 16, 17, 19, 20, 22, 23, 25]","[112.80000001192093, 234.30000001192093, 349.69999998807907, 577.4000000357628, 701.5, 942.9000000357628, 1058.1000000238419, 1285.1000000238419, 1398.5, 1634.9000000357628, 1767.5, 2011.199999988079, 2129.0, 2369.699999988079, 2482.699999988079, 2717.5, 2826.400000035763, 3060.300000011921]",I,7,train
319,angel,I,2,I_orient2,15,1,angel/I/orient2/tilt_neutral_toward_1/landmarks_trimmed.json,26,26,18,"[0, 1, 2, 4, 5, 7, 8, 10, 11, 13, 14, 16, 17, 19, 20, 22, 23, 25]","[112.39999997615814, 234.89999997615814, 361.0, 581.6999999880791, 710.3999999761581, 946.5, 1060.8999999761581, 1294.3999999761581, 1405.699999988079, 1635.5, 1748.0999999642372, 1994.0, 2101.699999988079, 2322.399999976158, 2440.199999988079, 2662.800000011921, 2781.399999976158, 3015.300000011921]",I,7,train
320,angel,I,3,I_orient3,16,1,angel/I/orient3/tilt_back_away_1/landmarks_trimmed.json,28,28,18,"[0, 1, 3, 4, 6, 7, 9, 11, 12, 14, 15, 17, 19, 20, 22, 23, 25, 27]","[98.19999998807907, 208.5, 421.5, 533.3999999761581, 756.6000000238419, 875.3000000119209, 1085.800000011921, 1304.5, 1417.5, 1633.699999988079, 1748.8999999761581, 1981.1000000238419, 2206.800000011921, 2316.5, 2541.699999988079, 2653.899999976158, 2887.199999988079, 3112.699999988079]",I,7,validation
321,angel,I,3,I_orient3,16,1,angel/I/orient3/tilt_back_neutral_1/landmarks_trimmed.json,28,28,18,"[0, 1, 3, 4, 6, 7, 9, 11, 12, 14, 15, 17, 19, 20, 22, 23, 25, 27]","[100.60000002384186, 196.10000002384186, 417.89999997615814, 530.3000000119209, 755.6000000238419, 873.5, 1123.300000011921, 1331.5, 1428.5, 1632.199999988079, 1734.5, 1950.8999999761581, 2165.800000011921, 2285.100000023842, 2506.600000023842, 2615.199999988079, 2840.300000011921, 3070.800000011921]",I,7,train
322,angel,I,3,I_orient3,16,2,angel/I/orient3/tilt_back_neutral_2/landmarks_trimmed.json,27,27,18,"[0, 1, 3, 4, 6, 7, 9, 10, 12, 13, 15, 16, 18, 19, 21, 22, 24, 26]","[111.30000001192093, 227.4000000357628, 456.5, 565.0, 789.6999999880791, 909.9000000357628, 1138.300000011921, 1256.300000011921, 1488.199999988079, 1600.0, 1824.199999988079, 1933.199999988079, 2103.100000023842, 2222.800000011921, 2445.100000023842, 2551.199999988079, 2770.699999988079, 3008.400000035763]",I,7,train
323,angel,I,3,I_orient3,16,1,angel/I/orient3/tilt_back_toward_1/landmarks_trimmed.json,26,26,18,"[0, 1, 2, 4, 5, 7, 8, 10, 11, 13, 14, 16, 17, 19, 20, 22, 23, 25]","[114.89999997615814, 235.39999997615814, 360.69999998807907, 595.1000000238419, 712.1999999880791, 945.8999999761581, 1060.6000000238419, 1285.3999999761581, 1409.300000011921, 1633.300000011921, 1741.3999999761581, 1972.300000011921, 2080.399999976158, 2295.199999988079, 2416.0, 2653.5, 2765.5, 3000.600000023842]",I,7,train
324,angel,I,3,I_orient3,16,1,angel/I/orient3/tilt_forward_away_1/landmarks_trimmed.json,27,27,18,"[0, 1, 3, 4, 6, 7, 9, 10, 12, 13, 15, 16, 18, 19, 21, 22, 24, 26]","[118.5, 229.30000001192093, 448.69999998807907, 552.3999999761581, 778.6999999880791, 888.8000000119209, 1122.699999988079, 1238.800000011921, 1471.8999999761581, 1577.5999999642372, 1808.3999999761581, 1919.699999988079, 2152.199999988079, 2271.699999988079, 2489.099999964237, 2604.699999988079, 2824.300000011921, 3056.099999964237]",I,7,train
325,angel,I,3,I_orient3,16,1,angel/I/orient3/tilt_forward_neutral_1/landmarks_trimmed.json,28,28,18,"[0, 1, 3, 4, 6, 7, 9, 11, 12, 14, 15, 17, 19, 20, 22, 23, 25, 27]","[102.09999996423721, 212.69999998807907, 420.89999997615814, 520.5, 735.3999999761581, 841.0, 1054.7999999523163, 1275.3999999761581, 1389.3999999761581, 1615.2999999523163, 1731.5999999642372, 1958.3999999761581, 2175.099999964237, 2282.599999964237, 2516.899999976158, 2635.699999988079, 2857.099999964237, 3089.199999988079]",I,7,train
326,angel,I,3,I_orient3,16,2,angel/I/orient3/tilt_forward_neutral_2/landmarks_trimmed.json,27,27,18,"[0, 1, 3, 4, 6, 7, 9, 10, 12, 13, 15, 16, 18, 19, 21, 22, 24, 26]","[105.0, 206.39999997615814, 403.19999998807907, 501.0999999642372, 718.2999999523163, 822.5999999642372, 1070.5, 1187.0999999642372, 1410.199999988079, 1520.8999999761581, 1747.5, 1854.8999999761581, 2073.899999976158, 2182.899999976158, 2426.199999988079, 2542.599999964237, 2774.399999976158, 3000.5]",I,7,train
327,angel,I,3,I_orient3,16,1,angel/I/orient3/tilt_forward_toward_1/landmarks_trimmed.json,25,25,18,"[0, 1, 2, 4, 5, 7, 8, 9, 11, 12, 14, 15, 16, 18, 19, 21, 22, 24]","[119.69999998807907, 238.0, 351.80000001192093, 589.4000000357628, 704.8000000119209, 1041.0, 1155.1000000238419, 1269.699999988079, 1500.199999988079, 1612.800000011921, 1826.5, 1942.300000011921, 2159.400000035763, 2387.5, 2507.300000011921, 2739.199999988079, 2860.0, 3092.600000023842]",I,7,train
328,angel,I,3,I_orient3,16,1,angel/I/orient3/tilt_neutral_away_1/landmarks_trimmed.json,27,27,18,"[0, 1, 3, 4, 6, 7, 9, 10, 12, 13, 15, 16, 18, 19, 21, 22, 24, 26]","[114.60000002384186, 228.5, 458.10000002384186, 566.0, 784.9000000357628, 896.1000000238419, 1125.9000000357628, 1245.2000000476837, 1473.800000011921, 1589.0, 1798.1000000238419, 1907.9000000357628, 2122.0, 2236.800000011921, 2479.100000023842, 2593.600000023842, 2822.900000035763, 3045.400000035763]",I,7,train
329,angel,I,3,I_orient3,16,1,angel/I/orient3/tilt_neutral_neutral_1/landmarks_trimmed.json,27,27,18,"[0, 1, 3, 4, 6, 7, 9, 10, 12, 13, 15, 16, 18, 19, 21, 22, 24, 26]","[112.89999997615814, 228.5, 456.2999999523163, 573.5999999642372, 799.1999999880791, 916.3999999761581, 1149.699999988079, 1259.2999999523163, 1490.2999999523163, 1602.0999999642372, 1832.0999999642372, 1954.2999999523163, 2176.099999964237, 2289.399999976158, 2506.099999964237, 2620.199999988079, 2845.899999976158, 3066.0]",I,7,train
330,angel,I,3,I_orient3,16,2,angel/I/orient3/tilt_neutral_neutral_2/landmarks_trimmed.json,27,27,18,"[0, 1, 3, 4, 6, 7, 9, 10, 12, 13, 15, 16, 18, 19, 21, 22, 24, 26]","[114.59999996423721, 234.19999998807907, 463.19999998807907, 571.8000000119209, 808.6999999880791, 926.0999999642372, 1154.3999999761581, 1277.199999988079, 1513.0999999642372, 1624.5999999642372, 1845.0999999642372, 1957.0999999642372, 2188.099999964237, 2300.0, 2526.199999988079, 2637.300000011921, 2859.099999964237, 3086.800000011921]",I,7,train
331,angel,I,3,I_orient3,16,1,angel/I/orient3/tilt_neutral_toward_1/landmarks_trimmed.json,26,26,18,"[0, 1, 2, 4, 5, 7, 8, 10, 11, 13, 14, 16, 17, 19, 20, 22, 23, 25]","[111.5, 236.80000001192093, 347.19999998807907, 585.8000000119209, 700.4000000357628, 928.6000000238419, 1047.300000011921, 1278.800000011921, 1388.6000000238419, 1611.199999988079, 1726.4000000357628, 1970.9000000357628, 2088.199999988079, 2326.600000023842, 2440.5, 2660.900000035763, 2777.900000035763, 3017.800000011921]",I,7,train
332,angel,K,1,K_orient1,17,1,angel/K/orient1/tilt_back_away_1/landmarks_trimmed.json,26,26,18,"[0, 1, 2, 4, 5, 7, 8, 10, 11, 13, 14, 16, 17, 19, 20, 22, 23, 25]","[115.10000002384186, 233.5, 346.10000002384186, 581.4000000357628, 697.2000000476837, 932.9000000357628, 1049.1000000238419, 1288.7000000476837, 1401.4000000357628, 1631.9000000357628, 1744.6000000238419, 1983.9000000357628, 2092.2000000476837, 2315.600000023842, 2435.900000035763, 2666.400000035763, 2780.2000000476837, 3022.900000035763]",K,8,train
333,angel,K,1,K_orient1,17,1,angel/K/orient1/tilt_back_neutral_1/landmarks_trimmed.json,28,28,18,"[0, 1, 3, 4, 6, 7, 9, 11, 12, 14, 15, 17, 19, 20, 22, 23, 25, 27]","[101.19999998807907, 201.69999998807907, 413.0, 514.3000000119209, 722.1999999880791, 828.1999999880791, 1040.1000000238419, 1269.0, 1377.9000000357628, 1597.199999988079, 1713.1000000238419, 1933.199999988079, 2158.699999988079, 2272.199999988079, 2509.699999988079, 2623.800000011921, 2855.100000023842, 3086.900000035763]",K,8,validation
334,angel,K,1,K_orient1,17,2,angel/K/orient1/tilt_back_neutral_2/landmarks_trimmed.json,26,26,18,"[0, 1, 2, 4, 5, 7, 8, 10, 11, 13, 14, 16, 17, 19, 20, 22, 23, 25]","[113.80000001192093, 226.89999997615814, 341.30000001192093, 671.3000000119209, 786.3000000119209, 1017.3000000119209, 1136.800000011921, 1365.5, 1481.0, 1717.300000011921, 1833.699999988079, 2064.300000011921, 2177.800000011921, 2421.199999988079, 2536.399999976158, 2766.899999976158, 2875.300000011921, 3104.5]",K,8,train
335,angel,K,1,K_orient1,17,1,angel/K/orient1/tilt_back_toward_1/landmarks_trimmed.json,22,22,18,"[0, 1, 2, 3, 4, 6, 7, 8, 9, 11, 12, 13, 14, 16, 17, 18, 19, 21]","[116.59999996423721, 238.80000001192093, 358.80000001192093, 482.89999997615814, 600.1999999880791, 832.1999999880791, 960.5, 1072.699999988079, 1184.300000011921, 1420.3999999761581, 1537.800000011921, 2001.800000011921, 2115.0, 2459.699999988079, 2577.899999976158, 2689.899999976158, 2813.099999964237, 3052.0]",K,8,train
336,angel,K,1,K_orient1,17,1,angel/K/orient1/tilt_forward_away_1/landmarks_trimmed.json,26,26,18,"[0, 1, 2, 4, 5, 7, 8, 10, 11, 13, 14, 16, 17, 19, 20, 22, 23, 25]","[112.30000001192093, 234.60000002384186, 349.19999998807907, 568.6000000238419, 680.0, 927.4000000357628, 1047.300000011921, 1279.6000000238419, 1395.4000000357628, 1639.5, 1757.1000000238419, 1998.0, 2114.800000011921, 2363.199999988079, 2469.600000023842, 2707.5, 2820.199999988079, 3053.100000023842]",K,8,train
337,angel,K,1,K_orient1,17,1,angel/K/orient1/tilt_forward_neutral_1/landmarks_trimmed.json,27,27,18,"[0, 1, 3, 4, 6, 7, 9, 10, 12, 13, 15, 16, 18, 19, 21, 22, 24, 26]","[120.19999998807907, 235.0999999642372, 459.2999999523163, 582.8999999761581, 818.0999999642372, 928.3999999761581, 1163.5999999642372, 1283.3999999761581, 1510.5999999642372, 1617.8999999761581, 1846.7999999523163, 1961.8999999761581, 2193.899999976158, 2312.699999988079, 2557.699999988079, 2667.5, 2894.699999988079, 3110.199999988079]",K,8,train
338,angel,K,1,K_orient1,17,2,angel/K/orient1/tilt_forward_neutral_2/landmarks_trimmed.json,27,27,18,"[0, 1, 3, 4, 6, 7, 9, 10, 12, 13, 15, 16, 18, 19, 21, 22, 24, 26]","[114.30000001192093, 227.69999998807907, 446.5, 554.0, 781.5, 893.1000000238419, 1118.300000011921, 1229.0, 1462.9000000357628, 1572.0, 1803.4000000357628, 1920.5, 2150.400000035763, 2261.199999988079, 2486.600000023842, 2605.100000023842, 2831.300000011921, 3075.900000035763]",K,8,train
339,angel,K,1,K_orient1,17,1,angel/K/orient1/tilt_forward_toward_1/landmarks_trimmed.json,27,27,18,"[0, 1, 3, 4, 6, 7, 9, 10, 12, 13, 15, 16, 18, 19, 21, 22, 24, 26]","[97.5, 190.10000002384186, 406.60000002384186, 512.1000000238419, 727.3000000119209, 828.3000000119209, 1045.4000000357628, 1151.9000000357628, 1384.800000011921, 1503.300000011921, 1741.0, 1860.4000000357628, 2088.600000023842, 2195.5, 2428.800000011921, 2545.900000035763, 2772.5, 3007.7000000476837]",K,8,train
340,angel,K,1,K_orient1,17,1,angel/K/orient1/tilt_neutral_away_1/landmarks_trimmed.json,26,26,18,"[0, 1, 2, 4, 5, 7, 8, 10, 11, 13, 14, 16, 17, 19, 20, 22, 23, 25]","[115.10000002384186, 231.5, 345.10000002384186, 584.6999999880791, 700.5, 935.4000000357628, 1056.0, 1311.4000000357628, 1431.5, 1681.0, 1798.5, 2032.300000011921, 2134.0, 2354.300000011921, 2464.800000011921, 2695.400000035763, 2810.100000023842, 3041.699999988079]",K,8,validation
341,angel,K,1,K_orient1,17,1,angel/K/orient1/tilt_neutral_neutral_1/landmarks_trimmed.json,27,27,18,"[0, 1, 3, 4, 6, 7, 9, 10, 12, 13, 15, 16, 18, 19, 21, 22, 24, 26]","[108.5, 229.69999998807907, 455.30000001192093, 576.3000000119209, 813.0999999642372, 935.0999999642372, 1163.199999988079, 1277.0999999642372, 1498.5, 1603.699999988079, 1820.800000011921, 1932.5999999642372, 2145.899999976158, 2258.0, 2470.899999976158, 2585.5, 2810.699999988079, 3045.099999964237]",K,8,validation
342,angel,K,1,K_orient1,17,2,angel/K/orient1/tilt_neutral_neutral_2/landmarks_trimmed.json,27,27,18,"[0, 1, 3, 4, 6, 7, 9, 10, 12, 13, 15, 16, 18, 19, 21, 22, 24, 26]","[104.10000002384186, 214.4000000357628, 430.10000002384186, 552.6999999880791, 789.9000000357628, 912.1999999880791, 1134.9000000357628, 1246.5, 1480.9000000357628, 1588.4000000357628, 1821.0, 1934.5, 2160.199999988079, 2279.0, 2513.800000011921, 2631.5, 2866.5, 3117.600000023842]",K,8,train
343,angel,K,1,K_orient1,17,1,angel/K/orient1/tilt_neutral_toward_1/landmarks_trimmed.json,26,26,18,"[0, 1, 2, 4, 5, 7, 8, 10, 11, 13, 14, 16, 17, 19, 20, 22, 23, 25]","[105.10000002384186, 218.80000001192093, 331.69999998807907, 559.8000000119209, 672.9000000357628, 915.6000000238419, 1033.199999988079, 1265.699999988079, 1381.6000000238419, 1597.300000011921, 1714.5, 1951.699999988079, 2068.199999988079, 2292.699999988079, 2409.5, 2642.0, 2754.300000011921, 3005.199999988079]",K,8,train
344,angel,K,2,K_orient2,18,1,angel/K/orient2/tilt_back_away_1/landmarks_trimmed.json,28,28,18,"[0, 1, 3, 4, 6, 7, 9, 11, 12, 14, 15, 17, 19, 20, 22, 23, 25, 27]","[112.19999998807907, 216.0, 384.39999997615814, 490.19999998807907, 726.3000000119209, 834.3000000119209, 1064.3999999761581, 1285.5999999642372, 1402.5, 1653.5, 1767.0, 2031.5, 2236.199999988079, 2345.699999988079, 2561.099999964237, 2665.099999964237, 2879.199999988079, 3061.5]",K,8,train
345,angel,K,2,K_orient2,18,1,angel/K/orient2/tilt_back_neutral_1/landmarks_trimmed.json,26,26,18,"[0, 1, 2, 4, 5, 7, 8, 10, 11, 13, 14, 16, 17, 19, 20, 22, 23, 25]","[112.10000002384186, 230.30000001192093, 344.80000001192093, 580.5, 694.5, 938.1000000238419, 1050.699999988079, 1289.0, 1400.0, 1629.5, 1739.1000000238419, 1981.1000000238419, 2110.199999988079, 2328.300000011921, 2440.0, 2662.699999988079, 2778.5, 3016.600000023842]",K,8,train
346,angel,K,2,K_orient2,18,2,angel/K/orient2/tilt_back_neutral_2/landmarks_trimmed.json,27,27,18,"[0, 1, 3, 4, 6, 7, 9, 10, 12, 13, 15, 16, 18, 19, 21, 22, 24, 26]","[109.19999998807907, 208.69999998807907, 402.60000002384186, 501.60000002384186, 717.9000000357628, 835.0, 1071.4000000357628, 1187.6000000238419, 1425.0, 1533.1000000238419, 1772.9000000357628, 1887.4000000357628, 2107.100000023842, 2221.800000011921, 2445.800000011921, 2551.800000011921, 2783.300000011921, 3015.900000035763]",K,8,train
347,angel,K,2,K_orient2,18,1,angel/K/orient2/tilt_back_toward_1/landmarks_trimmed.json,27,27,18,"[0, 1, 3, 4, 6, 7, 9, 10, 12, 13, 15, 16, 18, 19, 21, 22, 24, 26]","[107.70000004768372, 221.5, 433.10000002384186, 542.3000000119209, 764.8000000119209, 873.2000000476837, 1094.9000000357628, 1204.4000000357628, 1418.800000011921, 1535.5, 1762.300000011921, 1872.4000000357628, 2096.100000023842, 2201.800000011921, 2432.0, 2560.300000011921, 2808.5, 3036.400000035763]",K,8,train
348,angel,K,2,K_orient2,18,1,angel/K/orient2/tilt_forward_away_1/landmarks_trimmed.json,29,29,18,"[0, 1, 3, 4, 6, 8, 9, 11, 13, 14, 16, 18, 19, 21, 23, 24, 26, 28]","[101.19999998807907, 210.80000001192093, 411.0, 509.80000001192093, 652.3000000119209, 845.0, 939.1999999880791, 1133.1000000238419, 1332.199999988079, 1434.1000000238419, 1647.0, 1852.300000011921, 1970.199999988079, 2197.5, 2432.900000035763, 2545.900000035763, 2771.199999988079, 3004.5]",K,8,train
349,angel,K,2,K_orient2,18,1,angel/K/orient2/tilt_forward_neutral_1/landmarks_trimmed.json,27,27,18,"[0, 1, 3, 4, 6, 7, 9, 10, 12, 13, 15, 16, 18, 19, 21, 22, 24, 26]","[115.69999998807907, 237.89999997615814, 467.19999998807907, 582.6999999880791, 818.0, 927.8999999761581, 1155.0999999642372, 1273.0, 1505.5, 1619.300000011921, 1841.199999988079, 1954.699999988079, 2190.5, 2304.899999976158, 2522.0, 2639.300000011921, 2881.0, 3108.0]",K,8,train
350,angel,K,2,K_orient2,18,2,angel/K/orient2/tilt_forward_neutral_2/landmarks_trimmed.json,27,27,18,"[0, 1, 3, 4, 6, 7, 9, 10, 12, 13, 15, 16, 18, 19, 21, 22, 24, 26]","[113.69999998807907, 227.5, 464.5, 579.5999999642372, 800.7999999523163, 916.2999999523163, 1153.5999999642372, 1271.0999999642372, 1495.5999999642372, 1610.699999988079, 1856.3999999761581, 1972.199999988079, 2205.199999988079, 2314.899999976158, 2541.5, 2657.899999976158, 2883.399999976158, 3104.899999976158]",K,8,validation
351,angel,K,2,K_orient2,18,1,angel/K/orient2/tilt_forward_toward_1/landmarks_trimmed.json,27,27,18,"[0, 1, 3, 4, 6, 7, 9, 10, 12, 13, 15, 16, 18, 19, 21, 22, 24, 26]","[110.10000002384186, 207.69999998807907, 428.89999997615814, 538.3999999761581, 751.0, 863.8000000119209, 1090.300000011921, 1200.8999999761581, 1442.300000011921, 1564.800000011921, 1789.199999988079, 1896.3999999761581, 2120.199999988079, 2237.600000023842, 2466.0, 2575.699999988079, 2810.699999988079, 3054.600000023842]",K,8,train
352,angel,K,2,K_orient2,18,1,angel/K/orient2/tilt_neutral_away_1/landmarks_trimmed.json,27,27,18,"[0, 1, 3, 4, 6, 7, 9, 10, 12, 13, 15, 16, 18, 19, 21, 22, 24, 26]","[115.19999998807907, 234.89999997615814, 449.30000001192093, 559.8000000119209, 788.5999999642372, 907.8999999761581, 1133.199999988079, 1250.199999988079, 1471.0, 1587.199999988079, 1813.8999999761581, 1934.3999999761581, 2170.599999964237, 2286.099999964237, 2516.0, 2624.5, 2865.0, 3108.399999976158]",K,8,train
353,angel,K,2,K_orient2,18,1,angel/K/orient2/tilt_neutral_neutral_1/landmarks_trimmed.json,26,26,18,"[0, 1, 2, 4, 5, 7, 8, 10, 11, 13, 14, 16, 17, 19, 20, 22, 23, 25]","[118.69999998807907, 233.69999998807907, 353.19999998807907, 588.3000000119209, 702.0, 914.1000000238419, 1030.9000000357628, 1277.199999988079, 1392.6000000238419, 1622.6000000238419, 1734.9000000357628, 1963.6000000238419, 2082.199999988079, 2306.600000023842, 2426.100000023842, 2657.800000011921, 2773.800000011921, 3004.199999988079]",K,8,train
354,angel,K,2,K_orient2,18,2,angel/K/orient2/tilt_neutral_neutral_2/landmarks_trimmed.json,27,27,18,"[0, 1, 3, 4, 6, 7, 9, 10, 12, 13, 15, 16, 18, 19, 21, 22, 24, 26]","[117.10000002384186, 229.5, 462.30000001192093, 580.4000000357628, 821.2000000476837, 934.7000000476837, 1152.5, 1277.1000000238419, 1508.6000000238419, 1619.9000000357628, 1862.2000000476837, 1975.0, 2195.100000023842, 2308.300000011921, 2533.2000000476837, 2634.0, 2865.5, 3103.300000011921]",K,8,train
355,angel,K,2,K_orient2,18,1,angel/K/orient2/tilt_neutral_toward_1/landmarks_trimmed.json,28,28,18,"[0, 1, 3, 4, 6, 7, 9, 11, 12, 14, 15, 17, 19, 20, 22, 23, 25, 27]","[101.90000003576279, 207.70000004768372, 412.60000002384186, 516.3000000119209, 727.1000000238419, 828.7000000476837, 1039.2000000476837, 1256.4000000357628, 1362.4000000357628, 1567.7000000476837, 1678.300000011921, 1899.2000000476837, 2123.900000035763, 2234.7000000476837, 2477.600000023842, 2591.7000000476837, 2836.300000011921, 3061.7000000476837]",K,8,train
356,angel,L,1,L_orient1,19,1,angel/L/orient1/tilt_back_away_1/landmarks_trimmed.json,33,33,18,"[0, 1, 3, 5, 7, 9, 11, 13, 15, 16, 18, 20, 22, 24, 26, 28, 30, 32]","[96.59999996423721, 187.69999998807907, 297.39999997615814, 501.7999999523163, 694.3999999761581, 884.1999999880791, 1022.7999999523163, 1157.2999999523163, 1334.3999999761581, 1421.0, 1604.3999999761581, 1795.199999988079, 1981.0, 2183.2999999523163, 2394.0, 2605.0, 2814.0, 3027.5]",L,9,train
357,angel,L,1,L_orient1,19,1,angel/L/orient1/tilt_back_neutral_1/landmarks_trimmed.json,34,34,18,"[0, 1, 3, 5, 7, 9, 11, 13, 15, 17, 19, 21, 23, 25, 27, 29, 31, 33]","[105.39999997615814, 210.0, 419.39999997615814, 629.3000000119209, 761.0, 942.6999999880791, 1128.0999999642372, 1309.699999988079, 1353.5, 1557.300000011921, 1767.199999988079, 1957.5, 2152.199999988079, 2298.599999964237, 2505.199999988079, 2706.899999976158, 2911.099999964237, 3049.899999976158]",L,9,train
358,angel,L,1,L_orient1,19,2,angel/L/orient1/tilt_back_neutral_2/landmarks_trimmed.json,29,29,18,"[0, 1, 3, 4, 6, 8, 9, 11, 13, 14, 16, 18, 19, 21, 23, 24, 26, 28]","[96.10000002384186, 190.80000001192093, 400.80000001192093, 511.0, 627.6000000238419, 839.0, 927.6000000238419, 1107.6000000238419, 1312.5, 1361.3999999761581, 1499.0, 1689.300000011921, 1777.199999988079, 1974.199999988079, 2176.100000023842, 2264.100000023842, 2464.300000011921, 3069.300000011921]",L,9,train
359,angel,L,1,L_orient1,19,1,angel/L/orient1/tilt_back_toward_1/landmarks_trimmed.json,29,29,18,"[0, 1, 3, 4, 6, 8, 9, 11, 13, 14, 16, 18, 19, 21, 23, 24, 26, 28]","[96.10000002384186, 191.80000001192093, 387.60000002384186, 485.80000001192093, 683.1000000238419, 917.8000000119209, 1021.5, 1224.0, 1433.5, 1539.0, 1742.1000000238419, 1949.8999999761581, 2058.5, 2274.300000011921, 2481.800000011921, 2587.600000023842, 2809.0, 3023.199999988079]",L,9,train
360,angel,L,1,L_orient1,19,1,angel/L/orient1/tilt_forward_away_1/landmarks_trimmed.json,32,32,18,"[0, 1, 3, 5, 7, 9, 10, 12, 14, 16, 18, 20, 21, 23, 25, 27, 29, 31]","[92.79999995231628, 191.39999997615814, 619.0, 660.3999999761581, 868.5999999642372, 1064.2999999523163, 1166.5, 1369.199999988079, 1578.5, 1721.2999999523163, 1923.3999999761581, 2112.699999988079, 2217.5, 2379.5, 2443.099999964237, 2646.2999999523163, 2841.399999976158, 3035.099999964237]",L,9,train
361,angel,L,1,L_orient1,19,1,angel/L/orient1/tilt_forward_neutral_1/landmarks_trimmed.json,24,24,18,"[0, 1, 2, 4, 5, 6, 8, 9, 10, 12, 13, 14, 16, 17, 18, 20, 21, 23]","[133.0, 239.69999998807907, 336.30000001192093, 550.8999999761581, 665.6999999880791, 983.6999999880791, 1188.8999999761581, 1299.6000000238419, 1516.5, 1741.0, 1847.300000011921, 1953.6000000238419, 2157.199999988079, 2257.100000023842, 2371.800000011921, 2707.0, 2796.600000023842, 3004.800000011921]",L,9,train
362,angel,L,1,L_orient1,19,2,angel/L/orient1/tilt_forward_neutral_2/landmarks_trimmed.json,36,36,18,"[0, 2, 4, 6, 8, 10, 12, 14, 16, 18, 20, 22, 24, 26, 28, 30, 32, 35]","[123.80000001192093, 198.10000002384186, 325.60000002384186, 513.5, 704.8999999761581, 902.8000000119209, 1106.0, 1221.6000000238419, 1420.3999999761581, 1613.3999999761581, 1794.800000011921, 1933.5, 1980.8999999761581, 2163.699999988079, 2458.5, 2652.699999988079, 2788.399999976158, 3088.699999988079]",L,9,train
363,angel,L,1,L_orient1,19,1,angel/L/orient1/tilt_forward_toward_1/landmarks_trimmed.json,30,30,18,"[0, 1, 3, 5, 6, 8, 10, 11, 13, 15, 17, 18, 20, 22, 23, 25, 27, 29]","[198.39999997615814, 293.39999997615814, 482.89999997615814, 706.5999999642372, 826.1999999880791, 1050.0, 1271.2999999523163, 1381.0, 1587.3999999761581, 1919.0999999642372, 2073.599999964237, 2079.099999964237, 2291.899999976158, 2497.099999964237, 2596.7999999523163, 2706.599999964237, 2848.599999964237, 3048.699999988079]",L,9,train
364,angel,L,1,L_orient1,19,1,angel/L/orient1/tilt_neutral_away_1/landmarks_trimmed.json,28,28,18,"[0, 1, 3, 4, 6, 7, 9, 11, 12, 14, 15, 17, 19, 20, 22, 23, 25, 27]","[89.80000001192093, 187.20000004768372, 391.7000000476837, 499.80000001192093, 688.7000000476837, 780.6000000238419, 971.7000000476837, 1258.2000000476837, 1364.0, 1572.0, 1676.1000000238419, 1991.0, 2197.7000000476837, 2304.900000035763, 2512.600000023842, 2615.2000000476837, 2824.800000011921, 3032.900000035763]",L,9,train
365,angel,L,1,L_orient1,19,1,angel/L/orient1/tilt_neutral_neutral_1/landmarks_trimmed.json,19,19,18,"[0, 1, 2, 3, 4, 5, 6, 7, 8, 9, 10, 11, 12, 13, 14, 15, 16, 18]","[114.69999998807907, 336.0999999642372, 436.0, 544.0999999642372, 649.7999999523163, 750.6999999880791, 858.1999999880791, 962.8999999761581, 1083.5999999642372, 1196.3999999761581, 1305.8999999761581, 1415.8999999761581, 1526.699999988079, 1634.3999999761581, 1742.5999999642372, 1857.3999999761581, 1966.3999999761581, 2711.0]",L,9,train
366,angel,L,1,L_orient1,19,2,angel/L/orient1/tilt_neutral_neutral_2/landmarks_trimmed.json,29,29,18,"[0, 1, 3, 4, 6, 8, 9, 11, 13, 14, 16, 18, 19, 21, 23, 24, 26, 28]","[114.19999998807907, 206.0, 392.89999997615814, 482.5999999642372, 664.3999999761581, 849.7999999523163, 937.5, 1127.5999999642372, 1466.5999999642372, 1573.5, 1778.7999999523163, 1988.0, 2093.5, 2323.199999988079, 2544.599999964237, 2652.599999964237, 2876.0, 3091.899999976158]",L,9,train
367,angel,L,1,L_orient1,19,1,angel/L/orient1/tilt_neutral_toward_1/landmarks_trimmed.json,23,23,18,"[0, 1, 2, 3, 5, 6, 7, 9, 10, 11, 12, 14, 15, 16, 18, 19, 20, 22]","[109.40000003576279, 160.30000001192093, 165.4000000357628, 198.19999998807907, 403.10000002384186, 504.80000001192093, 619.6000000238419, 934.0, 958.1000000238419, 1065.699999988079, 1162.9000000357628, 1365.0, 1463.199999988079, 1557.0, 1849.199999988079, 2631.900000035763, 2733.699999988079, 3056.199999988079]",L,9,train
368,angel,L,2,L_orient2,20,1,angel/L/orient2/tilt_back_away_1/landmarks_trimmed.json,34,34,18,"[0, 1, 3, 5, 7, 9, 11, 13, 15, 17, 19, 21, 23, 25, 27, 29, 31, 33]","[95.59999996423721, 193.5, 297.5999999642372, 526.6999999880791, 715.0, 909.1999999880791, 1108.7999999523163, 1325.7999999523163, 1453.7999999523163, 1657.0999999642372, 1847.5999999642372, 2042.0, 2183.199999988079, 2312.399999976158, 2496.099999964237, 2691.899999976158, 2881.7999999523163, 3074.399999976158]",L,9,train
369,angel,L,2,L_orient2,20,1,angel/L/orient2/tilt_back_neutral_1/landmarks_trimmed.json,27,27,18,"[0, 1, 3, 4, 6, 7, 9, 10, 12, 13, 15, 16, 18, 19, 21, 22, 24, 26]","[34.69999998807907, 158.80000001192093, 359.5, 463.89999997615814, 649.1000000238419, 741.0, 933.6000000238419, 1027.3999999761581, 1219.300000011921, 1330.1000000238419, 1518.6000000238419, 1610.8999999761581, 1794.300000011921, 1893.0, 1948.3999999761581, 1980.0, 2512.899999976158, 2704.699999988079]",L,9,train
370,angel,L,2,L_orient2,20,2,angel/L/orient2/tilt_back_neutral_2/landmarks_trimmed.json,27,27,18,"[0, 1, 3, 4, 6, 7, 9, 10, 12, 13, 15, 16, 18, 19, 21, 22, 24, 26]","[123.90000003576279, 217.5, 429.5, 648.5, 759.7000000476837, 876.9000000357628, 1100.4000000357628, 1217.300000011921, 1424.2000000476837, 1538.300000011921, 1750.2000000476837, 1860.800000011921, 2082.5, 2187.600000023842, 2407.600000023842, 2535.800000011921, 2869.2000000476837, 3065.900000035763]",L,9,train
371,angel,L,2,L_orient2,20,1,angel/L/orient2/tilt_back_toward_1/landmarks_trimmed.json,28,28,18,"[0, 1, 3, 4, 6, 7, 9, 11, 12, 14, 15, 17, 19, 20, 22, 23, 25, 27]","[107.10000002384186, 215.4000000357628, 429.5, 533.2000000476837, 746.9000000357628, 856.9000000357628, 1082.800000011921, 1309.2000000476837, 1421.2000000476837, 1636.800000011921, 1743.5, 1961.4000000357628, 2165.300000011921, 2279.300000011921, 2497.5, 2605.900000035763, 2824.5, 3049.300000011921]",L,9,train
372,angel,L,2,L_orient2,20,1,angel/L/orient2/tilt_forward_away_1/landmarks_trimmed.json,30,30,18,"[0, 1, 3, 5, 6, 8, 10, 11, 13, 15, 17, 18, 20, 22, 23, 25, 27, 29]","[90.5, 182.60000002384186, 389.7000000476837, 596.2000000476837, 704.3000000119209, 908.0, 1106.7000000476837, 1200.6000000238419, 1387.2000000476837, 1588.9000000357628, 1806.7000000476837, 1916.6000000238419, 2139.7000000476837, 2363.100000023842, 2462.0, 2674.600000023842, 2889.100000023842, 3098.7000000476837]",L,9,train
373,angel,L,2,L_orient2,20,1,angel/L/orient2/tilt_forward_neutral_1/landmarks_trimmed.json,28,28,18,"[0, 1, 3, 4, 6, 7, 9, 11, 12, 14, 15, 17, 19, 20, 22, 23, 25, 27]","[99.69999998807907, 209.69999998807907, 422.89999997615814, 520.5999999642372, 732.0999999642372, 848.2999999523163, 1071.5, 1284.0999999642372, 1396.7999999523163, 1615.0, 1719.2999999523163, 1940.5, 2163.0, 2270.7999999523163, 2483.7999999523163, 2587.699999988079, 2805.5, 3037.199999988079]",L,9,validation
374,angel,L,2,L_orient2,20,2,angel/L/orient2/tilt_forward_neutral_2/landmarks_trimmed.json,28,28,18,"[0, 1, 3, 4, 6, 7, 9, 11, 12, 14, 15, 17, 19, 20, 22, 23, 25, 27]","[99.09999996423721, 202.89999997615814, 417.89999997615814, 530.2999999523163, 745.5, 858.3999999761581, 1093.2999999523163, 1319.0999999642372, 1424.8999999761581, 1646.5, 1754.0999999642372, 1979.5, 2180.699999988079, 2289.5, 2515.199999988079, 2628.0, 2855.199999988079, 3080.0]",L,9,train
375,angel,L,2,L_orient2,20,1,angel/L/orient2/tilt_forward_toward_1/landmarks_trimmed.json,28,28,18,"[0, 1, 3, 4, 6, 7, 9, 11, 12, 14, 15, 17, 19, 20, 22, 23, 25, 27]","[128.4000000357628, 246.10000002384186, 479.10000002384186, 601.4000000357628, 760.1000000238419, 881.9000000357628, 1114.800000011921, 1331.6000000238419, 1438.9000000357628, 1679.300000011921, 1790.300000011921, 2006.199999988079, 2225.600000023842, 2333.600000023842, 2557.5, 2659.600000023842, 2874.800000011921, 3102.100000023842]",L,9,train
376,angel,L,2,L_orient2,20,1,angel/L/orient2/tilt_neutral_away_1/landmarks_trimmed.json,28,28,18,"[0, 1, 3, 4, 6, 7, 9, 11, 12, 14, 15, 17, 19, 20, 22, 23, 25, 27]","[106.0, 209.19999998807907, 438.0, 546.8000000119209, 767.6999999880791, 881.6999999880791, 1114.800000011921, 1326.1000000238419, 1437.6000000238419, 1650.699999988079, 1759.699999988079, 1979.800000011921, 2198.5, 2304.5, 2522.600000023842, 2641.899999976158, 2862.5, 3079.100000023842]",L,9,train
377,angel,L,2,L_orient2,20,1,angel/L/orient2/tilt_neutral_neutral_1/landmarks_trimmed.json,34,34,18,"[0, 1, 3, 5, 7, 9, 11, 13, 15, 17, 19, 21, 23, 25, 27, 29, 31, 33]","[100.5, 200.5, 265.2000000476837, 494.9000000357628, 673.4000000357628, 880.9000000357628, 992.6000000238419, 1121.4000000357628, 1344.6000000238419, 1540.0, 1731.0, 1935.2000000476837, 2144.400000035763, 2357.100000023842, 2562.400000035763, 2754.100000023842, 2805.0, 3015.900000035763]",L,9,train
378,angel,L,2,L_orient2,20,2,angel/L/orient2/tilt_neutral_neutral_2/landmarks_trimmed.json,32,32,18,"[0, 1, 3, 5, 7, 9, 10, 12, 14, 16, 18, 20, 21, 23, 25, 27, 29, 31]","[106.5, 153.39999997615814, 275.5, 474.39999997615814, 662.3000000119209, 865.1000000238419, 911.8999999761581, 1026.300000011921, 1219.0, 1421.5, 1639.800000011921, 1859.199999988079, 1982.6000000238419, 2195.699999988079, 2414.100000023842, 2638.399999976158, 2856.800000011921, 3067.0]",L,9,validation
379,angel,L,2,L_orient2,20,1,angel/L/orient2/tilt_neutral_toward_1/landmarks_trimmed.json,34,34,18,"[0, 1, 3, 5, 7, 9, 11, 13, 15, 17, 19, 21, 23, 25, 27, 29, 31, 33]","[196.5, 289.89999997615814, 479.80000001192093, 618.6000000238419, 694.0, 898.1999999880791, 1096.800000011921, 1291.8999999761581, 1487.0, 1673.800000011921, 1862.699999988079, 2056.0, 2252.399999976158, 2311.199999988079, 2451.0, 2636.300000011921, 2831.899999976158, 3034.199999988079]",L,9,validation
380,angel,L,3,L_orient3,21,1,angel/L/orient3/tilt_back_away_1/landmarks_trimmed.json,20,20,18,"[0, 1, 2, 3, 4, 5, 6, 7, 8, 10, 11, 12, 13, 14, 15, 16, 17, 19]","[100.40000003576279, 202.10000002384186, 307.4000000357628, 421.10000002384186, 530.1000000238419, 638.0, 737.8000000119209, 842.3000000119209, 1038.2000000476837, 1240.300000011921, 2126.2000000476837, 2315.300000011921, 2420.2000000476837, 2521.800000011921, 2634.5, 2736.0, 2836.900000035763, 3036.300000011921]",L,9,train
381,angel,L,3,L_orient3,21,1,angel/L/orient3/tilt_back_neutral_1/landmarks_trimmed.json,29,29,18,"[0, 1, 3, 4, 6, 8, 9, 11, 13, 14, 16, 18, 19, 21, 23, 24, 26, 28]","[96.79999995231628, 194.0, 513.0, 613.6999999880791, 822.0999999642372, 1030.0, 1129.199999988079, 1321.8999999761581, 1531.199999988079, 1635.2999999523163, 1845.199999988079, 2052.599999964237, 2158.699999988079, 2365.0, 2564.2999999523163, 2669.899999976158, 2881.099999964237, 3094.399999976158]",L,9,train
382,angel,L,3,L_orient3,21,2,angel/L/orient3/tilt_back_neutral_2/landmarks_trimmed.json,20,20,18,"[0, 1, 2, 3, 4, 5, 6, 7, 8, 10, 11, 12, 13, 14, 15, 16, 17, 19]","[101.19999998807907, 209.10000002384186, 316.0, 419.89999997615814, 520.1999999880791, 571.1000000238419, 680.5, 787.6999999880791, 893.6999999880791, 1113.699999988079, 1226.6000000238419, 1434.1000000238419, 1546.8999999761581, 1660.8999999761581, 2414.699999988079, 2725.5, 2831.100000023842, 3047.199999988079]",L,9,train
383,angel,L,3,L_orient3,21,1,angel/L/orient3/tilt_back_toward_1/landmarks_trimmed.json,24,24,18,"[0, 1, 2, 4, 5, 6, 8, 9, 10, 12, 13, 14, 16, 17, 18, 20, 21, 23]","[96.80000001192093, 200.19999998807907, 312.80000001192093, 528.1999999880791, 632.6000000238419, 737.5, 893.1999999880791, 925.0, 1035.5, 1236.800000011921, 1333.800000011921, 1433.3999999761581, 1632.800000011921, 1730.6000000238419, 1930.0, 2232.199999988079, 2441.5, 2750.300000011921]",L,9,train
384,angel,L,3,L_orient3,21,1,angel/L/orient3/tilt_forward_away_1/landmarks_trimmed.json,32,32,18,"[0, 1, 3, 5, 7, 9, 10, 12, 14, 16, 18, 20, 21, 23, 25, 27, 29, 31]","[100.39999997615814, 196.0, 403.5, 612.6999999880791, 726.3999999761581, 882.8999999761581, 975.3000000119209, 1160.800000011921, 1349.5, 1493.5, 1635.0, 1829.199999988079, 1923.8999999761581, 2211.399999976158, 2399.600000023842, 2606.199999988079, 2814.300000011921, 3018.199999988079]",L,9,train
385,angel,L,3,L_orient3,21,1,angel/L/orient3/tilt_forward_neutral_1/landmarks_trimmed.json,34,34,18,"[0, 1, 3, 5, 7, 9, 11, 13, 15, 17, 19, 21, 23, 25, 27, 29, 31, 33]","[95.70000004768372, 194.20000004768372, 297.9000000357628, 433.80000001192093, 624.2000000476837, 822.6000000238419, 1016.7000000476837, 1089.5, 1281.0, 1475.9000000357628, 1665.5, 1863.6000000238419, 2080.7000000476837, 2282.800000011921, 2484.5, 2681.5, 2886.800000011921, 3086.0]",L,9,train
386,angel,L,3,L_orient3,21,2,angel/L/orient3/tilt_forward_neutral_2/landmarks_trimmed.json,26,26,18,"[0, 1, 2, 4, 5, 7, 8, 10, 11, 13, 14, 16, 17, 19, 20, 22, 23, 25]","[118.69999998807907, 168.39999997615814, 200.10000002384186, 413.89999997615814, 509.60000002384186, 699.0, 982.1999999880791, 1167.3999999761581, 1268.5, 1470.6000000238419, 1571.800000011921, 1787.8999999761581, 1888.0, 2090.100000023842, 2289.5, 2485.100000023842, 2586.899999976158, 3004.600000023842]",L,9,train
387,angel,L,3,L_orient3,21,1,angel/L/orient3/tilt_forward_toward_1/landmarks_trimmed.json,31,31,18,"[0, 1, 3, 5, 7, 8, 10, 12, 14, 15, 17, 19, 21, 22, 24, 26, 28, 30]","[109.80000001192093, 158.69999998807907, 282.89999997615814, 476.69999998807907, 670.8999999761581, 776.1999999880791, 931.8999999761581, 1156.0, 1379.0, 1481.3999999761581, 1696.8999999761581, 1898.3999999761581, 2103.600000023842, 2209.399999976158, 2440.100000023842, 2662.0, 2877.399999976158, 3089.5]",L,9,validation
388,angel,L,3,L_orient3,21,1,angel/L/orient3/tilt_neutral_away_1/landmarks_trimmed.json,27,27,18,"[0, 1, 3, 4, 6, 7, 9, 10, 12, 13, 15, 16, 18, 19, 21, 22, 24, 26]","[97.89999997615814, 306.5, 622.5, 729.1000000238419, 939.3999999761581, 1041.0, 1254.199999988079, 1364.199999988079, 1576.3999999761581, 1675.6000000238419, 1883.3999999761581, 1989.199999988079, 2192.100000023842, 2292.699999988079, 2487.399999976158, 2586.800000011921, 2796.600000023842, 3007.699999988079]",L,9,train
389,angel,L,3,L_orient3,21,1,angel/L/orient3/tilt_neutral_neutral_1/landmarks_trimmed.json,27,27,18,"[0, 1, 3, 4, 6, 7, 9, 10, 12, 13, 15, 16, 18, 19, 21, 22, 24, 26]","[393.39999997615814, 485.19999998807907, 676.6000000238419, 783.5, 995.3999999761581, 1100.1000000238419, 1298.300000011921, 1401.0, 1602.1000000238419, 1705.1000000238419, 1898.699999988079, 2004.8999999761581, 2217.0, 2319.300000011921, 2529.199999988079, 2631.899999976158, 2835.100000023842, 3037.199999988079]",L,9,train
390,angel,L,3,L_orient3,21,2,angel/L/orient3/tilt_neutral_neutral_2/landmarks_trimmed.json,22,22,18,"[0, 1, 2, 3, 4, 6, 7, 8, 9, 11, 12, 13, 14, 16, 17, 18, 19, 21]","[203.5, 391.69999998807907, 484.10000002384186, 585.5, 631.6999999880791, 750.6999999880791, 851.0, 947.1000000238419, 1038.300000011921, 1231.6000000238419, 1321.1000000238419, 1423.1000000238419, 2039.4000000357628, 2229.900000035763, 2428.699999988079, 2534.100000023842, 2638.699999988079, 3028.800000011921]",L,9,train
391,angel,L,3,L_orient3,21,1,angel/L/orient3/tilt_neutral_toward_1/landmarks_trimmed.json,31,31,18,"[0, 1, 3, 5, 7, 8, 10, 12, 14, 15, 17, 19, 21, 22, 24, 26, 28, 30]","[47.799999952316284, 66.19999998807907, 282.0999999642372, 479.0999999642372, 667.0999999642372, 760.6999999880791, 958.1999999880791, 1159.3999999761581, 1367.7999999523163, 1468.2999999523163, 1667.2999999523163, 1865.3999999761581, 2062.7999999523163, 2159.699999988079, 2360.399999976158, 2571.699999988079, 2880.0, 3079.199999988079]",L,9,validation
392,angel,M,1,M_orient1,22,1,angel/M/orient1/tilt_back_away_1/landmarks_trimmed.json,31,31,18,"[0, 1, 3, 5, 7, 8, 10, 12, 14, 15, 17, 19, 21, 22, 24, 26, 28, 30]","[108.0, 205.19999998807907, 408.39999997615814, 606.1999999880791, 816.5999999642372, 918.0999999642372, 1116.699999988079, 1221.8999999761581, 1423.199999988079, 1528.0, 1731.699999988079, 1945.3999999761581, 2154.0, 2253.699999988079, 2450.199999988079, 2653.899999976158, 2849.399999976158, 3053.300000011921]",M,10,train
393,angel,M,1,M_orient1,22,1,angel/M/orient1/tilt_back_neutral_1/landmarks_trimmed.json,23,23,18,"[0, 1, 2, 3, 5, 6, 7, 9, 10, 11, 12, 14, 15, 16, 18, 19, 20, 22]","[103.19999998807907, 326.89999997615814, 434.5999999642372, 540.6999999880791, 860.6999999880791, 1308.7999999523163, 1415.8999999761581, 1642.0999999642372, 1750.5, 1861.8999999761581, 1966.0999999642372, 2185.599999964237, 2299.399999976158, 2408.5, 2649.399999976158, 2777.099999964237, 2888.899999976158, 3102.2999999523163]",M,10,train
394,angel,M,1,M_orient1,22,2,angel/M/orient1/tilt_back_neutral_2/landmarks_trimmed.json,29,29,18,"[0, 1, 3, 4, 6, 8, 9, 11, 13, 14, 16, 18, 19, 21, 23, 24, 26, 28]","[100.89999997615814, 209.69999998807907, 421.69999998807907, 521.3999999761581, 748.3999999761581, 964.3999999761581, 1066.800000011921, 1267.8999999761581, 1468.5, 1568.699999988079, 1774.0999999642372, 1984.8999999761581, 2088.599999964237, 2294.5, 2501.599999964237, 2601.099999964237, 2803.800000011921, 3015.5]",M,10,train
395,angel,M,1,M_orient1,22,1,angel/M/orient1/tilt_back_toward_1/landmarks_trimmed.json,32,32,18,"[0, 1, 3, 5, 7, 9, 10, 12, 14, 16, 18, 20, 21, 23, 25, 27, 29, 31]","[94.59999996423721, 145.69999998807907, 346.30000001192093, 545.5999999642372, 747.3000000119209, 963.5, 1069.3999999761581, 1267.0, 1476.699999988079, 1680.3999999761581, 1880.0999999642372, 2103.199999988079, 2207.399999976158, 2277.199999988079, 2483.199999988079, 2677.099999964237, 2873.899999976158, 3077.5]",M,10,train
396,angel,M,1,M_orient1,22,1,angel/M/orient1/tilt_forward_away_1/landmarks_trimmed.json,33,33,18,"[0, 1, 3, 5, 7, 9, 11, 13, 15, 16, 18, 20, 22, 24, 26, 28, 30, 32]","[94.60000002384186, 194.80000001192093, 297.5, 435.39999997615814, 569.3000000119209, 772.1000000238419, 970.5, 1254.300000011921, 1403.800000011921, 1516.300000011921, 1746.3999999761581, 1954.3999999761581, 2150.300000011921, 2423.100000023842, 2613.899999976158, 2797.800000011921, 2872.699999988079, 3061.699999988079]",M,10,train
397,angel,M,1,M_orient1,22,1,angel/M/orient1/tilt_forward_neutral_1/landmarks_trimmed.json,28,28,18,"[0, 1, 3, 4, 6, 7, 9, 11, 12, 14, 15, 17, 19, 20, 22, 23, 25, 27]","[103.5, 207.9000000357628, 415.30000001192093, 517.1000000238419, 725.7000000476837, 834.7000000476837, 1030.2000000476837, 1164.0, 1260.1000000238419, 1458.800000011921, 1556.9000000357628, 1758.2000000476837, 2159.5, 2257.7000000476837, 2457.900000035763, 2559.2000000476837, 2863.800000011921, 3062.600000023842]",M,10,train
398,angel,M,1,M_orient1,22,2,angel/M/orient1/tilt_forward_neutral_2/landmarks_trimmed.json,30,30,18,"[0, 1, 3, 5, 6, 8, 10, 11, 13, 15, 17, 18, 20, 22, 23, 25, 27, 29]","[102.59999996423721, 197.39999997615814, 383.89999997615814, 585.0999999642372, 688.3999999761581, 892.0999999642372, 1106.3999999761581, 1206.8999999761581, 1403.800000011921, 1602.300000011921, 1804.5, 1913.199999988079, 2118.399999976158, 2326.300000011921, 2423.199999988079, 2623.800000011921, 2836.899999976158, 3045.099999964237]",M,10,train
399,angel,M,1,M_orient1,22,1,angel/M/orient1/tilt_forward_toward_1/landmarks_trimmed.json,25,25,18,"[0, 1, 2, 4, 5, 7, 8, 9, 11, 12, 14, 15, 16, 18, 19, 21, 22, 24]","[97.10000002384186, 192.10000002384186, 287.19999998807907, 488.30000001192093, 582.6999999880791, 774.1999999880791, 874.8999999761581, 974.3000000119209, 1172.699999988079, 1275.0, 1584.0, 1693.8999999761581, 1797.300000011921, 2003.699999988079, 2208.300000011921, 2407.600000023842, 2505.699999988079, 3005.699999988079]",M,10,train
400,angel,M,1,M_orient1,22,1,angel/M/orient1/tilt_neutral_away_1/landmarks_trimmed.json,30,30,18,"[0, 1, 3, 5, 6, 8, 10, 11, 13, 15, 17, 18, 20, 22, 23, 25, 27, 29]","[97.5, 193.79999995231628, 382.39999997615814, 589.1999999880791, 692.5, 887.6999999880791, 1095.699999988079, 1195.5999999642372, 1401.3999999761581, 1612.199999988079, 1830.5, 1932.7999999523163, 2142.199999988079, 2350.599999964237, 2453.2999999523163, 2668.2999999523163, 2874.899999976158, 3079.399999976158]",M,10,train
401,angel,M,1,M_orient1,22,1,angel/M/orient1/tilt_neutral_neutral_1/landmarks_trimmed.json,30,30,18,"[0, 1, 3, 5, 6, 8, 10, 11, 13, 15, 17, 18, 20, 22, 23, 25, 27, 29]","[102.09999996423721, 200.5, 398.19999998807907, 604.3999999761581, 703.3999999761581, 897.0999999642372, 1092.0999999642372, 1193.699999988079, 1398.5, 1591.3999999761581, 1785.5999999642372, 1887.5999999642372, 2094.300000011921, 2288.5, 2393.199999988079, 2602.5, 2800.699999988079, 3004.699999988079]",M,10,validation
402,angel,M,1,M_orient1,22,2,angel/M/orient1/tilt_neutral_neutral_2/landmarks_trimmed.json,33,33,18,"[0, 1, 3, 5, 7, 9, 11, 13, 15, 16, 18, 20, 22, 24, 26, 28, 30, 32]","[108.90000003576279, 211.69999998807907, 418.60000002384186, 619.3000000119209, 769.6999999880791, 826.4000000357628, 1008.8000000119209, 1194.1000000238419, 1378.4000000357628, 1477.5, 1680.0, 1890.699999988079, 2084.400000035763, 2291.600000023842, 2487.199999988079, 2685.900000035763, 2892.300000011921, 3096.300000011921]",M,10,train
403,angel,M,1,M_orient1,22,1,angel/M/orient1/tilt_neutral_toward_1/landmarks_trimmed.json,25,25,18,"[0, 1, 2, 4, 5, 7, 8, 9, 11, 12, 14, 15, 16, 18, 19, 21, 22, 24]","[102.30000001192093, 204.80000001192093, 302.60000002384186, 512.3999999761581, 615.6000000238419, 1021.6999999880791, 1122.0, 1213.6000000238419, 1414.199999988079, 1616.0, 1820.800000011921, 1931.699999988079, 2030.1000000238419, 2432.699999988079, 2542.199999988079, 2759.0, 2860.100000023842, 3069.5]",M,10,train
404,angel,M,2,M_orient2,23,1,angel/M/orient2/tilt_back_away_1/landmarks_trimmed.json,28,28,18,"[0, 1, 3, 4, 6, 7, 9, 11, 12, 14, 15, 17, 19, 20, 22, 23, 25, 27]","[100.39999997615814, 200.79999995231628, 414.19999998807907, 518.5, 735.0999999642372, 853.5, 1079.699999988079, 1304.5, 1417.5, 1641.0999999642372, 1752.699999988079, 1976.5999999642372, 2188.099999964237, 2290.399999976158, 2498.899999976158, 2602.599999964237, 2818.0, 3029.699999988079]",M,10,train
405,angel,M,2,M_orient2,23,1,angel/M/orient2/tilt_back_neutral_1/landmarks_trimmed.json,29,29,18,"[0, 1, 3, 4, 6, 8, 9, 11, 13, 14, 16, 18, 19, 21, 23, 24, 26, 28]","[103.10000002384186, 205.69999998807907, 416.10000002384186, 523.1999999880791, 744.3000000119209, 964.8999999761581, 1074.199999988079, 1286.5, 1485.6000000238419, 1590.3999999761581, 1802.699999988079, 2010.199999988079, 2111.899999976158, 2309.199999988079, 2549.5, 2651.199999988079, 2867.199999988079, 3080.199999988079]",M,10,train
406,angel,M,2,M_orient2,23,2,angel/M/orient2/tilt_back_neutral_2/landmarks_trimmed.json,28,28,18,"[0, 1, 3, 4, 6, 7, 9, 11, 12, 14, 15, 17, 19, 20, 22, 23, 25, 27]","[100.20000004768372, 203.9000000357628, 465.10000002384186, 571.8000000119209, 780.7000000476837, 885.3000000119209, 1096.4000000357628, 1314.800000011921, 1417.9000000357628, 1627.1000000238419, 1735.6000000238419, 1945.1000000238419, 2153.400000035763, 2257.900000035763, 2496.7000000476837, 2604.600000023842, 2816.800000011921, 3030.0]",M,10,train
407,angel,M,2,M_orient2,23,1,angel/M/orient2/tilt_back_toward_1/landmarks_trimmed.json,26,26,18,"[0, 1, 2, 4, 5, 7, 8, 10, 11, 13, 14, 16, 17, 19, 20, 22, 23, 25]","[103.19999998807907, 205.10000002384186, 311.30000001192093, 735.9000000357628, 842.1999999880791, 1160.5, 1275.5, 1501.6000000238419, 1604.6000000238419, 1809.800000011921, 1911.300000011921, 2135.900000035763, 2241.800000011921, 2453.5, 2557.100000023842, 2766.300000011921, 2871.5, 3084.199999988079]",M,10,train
408,angel,M,2,M_orient2,23,1,angel/M/orient2/tilt_forward_away_1/landmarks_trimmed.json,30,30,18,"[0, 1, 3, 5, 6, 8, 10, 11, 13, 15, 17, 18, 20, 22, 23, 25, 27, 29]","[121.39999997615814, 167.89999997615814, 320.2999999523163, 527.0, 629.2999999523163, 823.6999999880791, 1019.5, 1118.3999999761581, 1322.2999999523163, 1538.0999999642372, 1738.3999999761581, 1954.2999999523163, 2165.199999988079, 2464.399999976158, 2566.2999999523163, 2776.699999988079, 2904.7999999523163, 3043.899999976158]",M,10,train
409,angel,M,2,M_orient2,23,1,angel/M/orient2/tilt_forward_neutral_1/landmarks_trimmed.json,30,30,18,"[0, 1, 3, 5, 6, 8, 10, 11, 13, 15, 17, 18, 20, 22, 23, 25, 27, 29]","[104.90000003576279, 208.4000000357628, 418.5, 624.0, 722.1999999880791, 927.3000000119209, 1124.800000011921, 1228.1000000238419, 1432.800000011921, 1643.199999988079, 1850.199999988079, 1951.699999988079, 2153.400000035763, 2366.199999988079, 2470.800000011921, 2674.699999988079, 2886.600000023842, 3092.199999988079]",M,10,validation
410,angel,M,2,M_orient2,23,2,angel/M/orient2/tilt_forward_neutral_2/landmarks_trimmed.json,30,30,18,"[0, 1, 3, 5, 6, 8, 10, 11, 13, 15, 17, 18, 20, 22, 23, 25, 27, 29]","[97.30000001192093, 203.30000001192093, 407.69999998807907, 607.1999999880791, 710.1999999880791, 912.4000000357628, 1126.199999988079, 1229.5, 1443.6000000238419, 1640.300000011921, 1837.4000000357628, 1936.699999988079, 2137.400000035763, 2345.300000011921, 2447.699999988079, 2652.199999988079, 2870.5, 3080.800000011921]",M,10,train
411,angel,M,2,M_orient2,23,1,angel/M/orient2/tilt_forward_toward_1/landmarks_trimmed.json,26,26,18,"[0, 1, 2, 4, 5, 7, 8, 10, 11, 13, 14, 16, 17, 19, 20, 22, 23, 25]","[105.30000001192093, 210.80000001192093, 315.89999997615814, 515.8000000119209, 617.8999999761581, 823.6000000238419, 923.6999999880791, 1122.3999999761581, 1225.3999999761581, 1424.800000011921, 1532.800000011921, 1751.1000000238419, 1866.3999999761581, 2136.300000011921, 2273.300000011921, 2606.0, 2739.600000023842, 3118.300000011921]",M,10,train
412,angel,M,2,M_orient2,23,1,angel/M/orient2/tilt_neutral_away_1/landmarks_trimmed.json,21,21,18,"[0, 1, 2, 3, 4, 5, 7, 8, 9, 10, 11, 12, 14, 15, 16, 17, 18, 20]","[107.30000001192093, 211.9000000357628, 314.10000002384186, 414.19999998807907, 721.1000000238419, 823.1000000238419, 1350.4000000357628, 1578.699999988079, 1741.800000011921, 1850.6000000238419, 1968.5, 2072.800000011921, 2302.100000023842, 2406.800000011921, 2511.5, 2614.199999988079, 2837.900000035763, 3060.699999988079]",M,10,train
413,angel,M,2,M_orient2,23,1,angel/M/orient2/tilt_neutral_neutral_1/landmarks_trimmed.json,26,26,18,"[0, 1, 2, 4, 5, 7, 8, 10, 11, 13, 14, 16, 17, 19, 20, 22, 23, 25]","[107.69999998807907, 217.5, 330.0999999642372, 644.0, 743.8999999761581, 948.0999999642372, 1156.199999988079, 1461.3999999761581, 1561.3999999761581, 1769.7999999523163, 1972.0999999642372, 2172.5, 2275.5, 2485.899999976158, 2587.599999964237, 2791.599999964237, 2899.899999976158, 3098.599999964237]",M,10,train
414,angel,M,2,M_orient2,23,2,angel/M/orient2/tilt_neutral_neutral_2/landmarks_trimmed.json,27,27,18,"[0, 1, 3, 4, 6, 7, 9, 10, 12, 13, 15, 16, 18, 19, 21, 22, 24, 26]","[105.59999996423721, 211.29999995231628, 415.7999999523163, 514.5999999642372, 729.7999999523163, 836.5999999642372, 1061.0, 1171.5, 1392.0, 1609.0, 1933.0999999642372, 2036.5999999642372, 2263.2999999523163, 2379.199999988079, 2571.699999988079, 2673.099999964237, 2876.599999964237, 3088.099999964237]",M,10,train
415,angel,M,2,M_orient2,23,1,angel/M/orient2/tilt_neutral_toward_1/landmarks_trimmed.json,33,33,18,"[0, 1, 3, 5, 7, 9, 11, 13, 15, 16, 18, 20, 22, 24, 26, 28, 30, 32]","[52.09999996423721, 66.59999996423721, 281.69999998807907, 480.89999997615814, 680.5999999642372, 792.5999999642372, 944.5999999642372, 1137.7999999523163, 1337.3999999761581, 1437.699999988079, 1628.699999988079, 1822.699999988079, 2011.0, 2205.7999999523163, 2410.599999964237, 2616.099999964237, 2831.5, 3031.199999988079]",M,10,train
416,angel,M,3,M_orient3,24,1,angel/M/orient3/tilt_back_away_1/landmarks_trimmed.json,29,29,18,"[0, 1, 3, 4, 6, 8, 9, 11, 13, 14, 16, 18, 19, 21, 23, 24, 26, 28]","[105.40000003576279, 211.70000004768372, 434.4000000357628, 538.4000000357628, 749.9000000357628, 960.2000000476837, 1072.2000000476837, 1290.0, 1509.1000000238419, 1617.9000000357628, 1820.6000000238419, 1986.9000000357628, 2097.0, 2303.7000000476837, 2515.300000011921, 2621.0, 2838.0, 3050.400000035763]",M,10,train
417,angel,M,3,M_orient3,24,1,angel/M/orient3/tilt_back_neutral_1/landmarks_trimmed.json,29,29,18,"[0, 1, 3, 4, 6, 8, 9, 11, 13, 14, 16, 18, 19, 21, 23, 24, 26, 28]","[123.69999998807907, 235.10000002384186, 444.30000001192093, 462.30000001192093, 661.6999999880791, 882.4000000357628, 986.6999999880791, 1203.699999988079, 1428.6000000238419, 1550.9000000357628, 1765.300000011921, 1991.4000000357628, 2117.400000035763, 2366.800000011921, 2616.300000011921, 2734.800000011921, 2772.0, 3017.199999988079]",M,10,validation
418,angel,M,3,M_orient3,24,2,angel/M/orient3/tilt_back_neutral_2/landmarks_trimmed.json,24,24,18,"[0, 1, 2, 4, 5, 6, 8, 9, 10, 12, 13, 14, 16, 17, 18, 20, 21, 23]","[117.5, 246.10000002384186, 356.80000001192093, 669.8000000119209, 770.8000000119209, 874.8000000119209, 1099.199999988079, 1208.6000000238419, 1319.800000011921, 1534.6000000238419, 1870.9000000357628, 1980.1000000238419, 2187.600000023842, 2299.800000011921, 2411.600000023842, 2632.800000011921, 2845.800000011921, 3056.5]",M,10,train
419,angel,M,3,M_orient3,24,1,angel/M/orient3/tilt_back_toward_1/landmarks_trimmed.json,24,24,18,"[0, 1, 2, 4, 5, 6, 8, 9, 10, 12, 13, 14, 16, 17, 18, 20, 21, 23]","[109.39999997615814, 160.0, 165.0999999642372, 327.5, 635.5, 732.8000000119209, 929.6999999880791, 958.8000000119209, 1064.0999999642372, 1362.199999988079, 1661.199999988079, 1971.0, 2188.5, 2310.899999976158, 2432.5, 2699.899999976158, 2832.699999988079, 3072.300000011921]",M,10,train
420,angel,M,3,M_orient3,24,1,angel/M/orient3/tilt_forward_away_1/landmarks_trimmed.json,29,29,18,"[0, 1, 3, 4, 6, 8, 9, 11, 13, 14, 16, 18, 19, 21, 23, 24, 26, 28]","[108.19999998807907, 227.5, 449.19999998807907, 553.8999999761581, 762.0, 961.1000000238419, 1064.8999999761581, 1283.5, 1488.1000000238419, 1608.699999988079, 1815.3999999761581, 2021.800000011921, 2128.300000011921, 2340.699999988079, 2558.0, 2660.699999988079, 2861.699999988079, 3020.699999988079]",M,10,train
421,angel,M,3,M_orient3,24,1,angel/M/orient3/tilt_forward_neutral_1/landmarks_trimmed.json,29,29,18,"[0, 1, 3, 4, 6, 8, 9, 11, 13, 14, 16, 18, 19, 21, 23, 24, 26, 28]","[106.60000002384186, 207.10000002384186, 416.9000000357628, 523.6000000238419, 726.3000000119209, 929.0, 1039.6000000238419, 1251.300000011921, 1459.1000000238419, 1565.9000000357628, 1771.2000000476837, 1979.800000011921, 2089.600000023842, 2300.0, 2508.400000035763, 2616.600000023842, 2833.100000023842, 3035.600000023842]",M,10,validation
422,angel,M,3,M_orient3,24,2,angel/M/orient3/tilt_forward_neutral_2/landmarks_trimmed.json,28,28,18,"[0, 1, 3, 4, 6, 7, 9, 11, 12, 14, 15, 17, 19, 20, 22, 23, 25, 27]","[105.90000003576279, 208.10000002384186, 418.0, 526.1999999880791, 738.0, 845.0, 1066.6000000238419, 1279.6000000238419, 1384.1000000238419, 1606.199999988079, 1711.199999988079, 1918.699999988079, 2129.800000011921, 2234.0, 2455.5, 2579.300000011921, 2810.800000011921, 3026.0]",M,10,train
423,angel,M,3,M_orient3,24,1,angel/M/orient3/tilt_forward_toward_1/landmarks_trimmed.json,29,29,18,"[0, 1, 3, 4, 6, 8, 9, 11, 13, 14, 16, 18, 19, 21, 23, 24, 26, 28]","[109.10000002384186, 206.80000001192093, 423.80000001192093, 538.9000000357628, 760.6999999880791, 969.1999999880791, 1075.0, 1272.0, 1474.800000011921, 1576.0, 1788.9000000357628, 1990.300000011921, 2099.600000023842, 2312.900000035763, 2519.800000011921, 2613.100000023842, 2814.600000023842, 3009.300000011921]",M,10,train
424,angel,M,3,M_orient3,24,1,angel/M/orient3/tilt_neutral_away_1/landmarks_trimmed.json,29,29,18,"[0, 1, 3, 4, 6, 8, 9, 11, 13, 14, 16, 18, 19, 21, 23, 24, 26, 28]","[111.09999996423721, 220.5, 426.69999998807907, 528.0, 734.6999999880791, 950.0999999642372, 1060.699999988079, 1262.699999988079, 1472.199999988079, 1574.8999999761581, 1773.699999988079, 1989.8999999761581, 2091.899999976158, 2310.699999988079, 2528.899999976158, 2631.800000011921, 2849.199999988079, 3055.899999976158]",M,10,train
425,angel,M,3,M_orient3,24,1,angel/M/orient3/tilt_neutral_neutral_1/landmarks_trimmed.json,29,29,18,"[0, 1, 3, 4, 6, 8, 9, 11, 13, 14, 16, 18, 19, 21, 23, 24, 26, 28]","[104.5, 214.4000000357628, 427.60000002384186, 530.0, 727.3000000119209, 940.8000000119209, 1043.800000011921, 1248.199999988079, 1464.1000000238419, 1583.699999988079, 1789.300000011921, 1994.5, 2095.199999988079, 2302.5, 2503.300000011921, 2609.400000035763, 2819.400000035763, 3025.199999988079]",M,10,validation
426,angel,M,3,M_orient3,24,2,angel/M/orient3/tilt_neutral_neutral_2/landmarks_trimmed.json,29,29,18,"[0, 1, 3, 4, 6, 8, 9, 11, 13, 14, 16, 18, 19, 21, 23, 24, 26, 28]","[103.10000002384186, 212.30000001192093, 417.60000002384186, 520.6999999880791, 734.0, 942.9000000357628, 1049.1000000238419, 1260.300000011921, 1479.1000000238419, 1578.1000000238419, 1789.199999988079, 2001.6000000238419, 2122.600000023842, 2330.800000011921, 2549.5, 2656.400000035763, 2874.900000035763, 3095.900000035763]",M,10,train
427,angel,M,3,M_orient3,24,1,angel/M/orient3/tilt_neutral_toward_1/landmarks_trimmed.json,30,30,18,"[0, 1, 3, 5, 6, 8, 10, 11, 13, 15, 17, 18, 20, 22, 23, 25, 27, 29]","[108.80000001192093, 205.30000001192093, 407.9000000357628, 601.1999999880791, 702.0, 899.5, 1102.300000011921, 1204.300000011921, 1399.6000000238419, 1599.699999988079, 1800.4000000357628, 1900.6000000238419, 2101.699999988079, 2309.800000011921, 2410.100000023842, 2622.199999988079, 2828.5, 3036.300000011921]",M,10,train
428,angel,N,1,N_orient1,25,1,angel/N/orient1/tilt_back_away_1/landmarks_trimmed.json,31,31,18,"[0, 1, 3, 5, 7, 8, 10, 12, 14, 15, 17, 19, 21, 22, 24, 26, 28, 30]","[96.30000001192093, 273.19999998807907, 463.69999998807907, 634.8000000119209, 827.8000000119209, 922.1999999880791, 1112.3999999761581, 1305.1000000238419, 1494.3999999761581, 1578.8999999761581, 1767.1000000238419, 1965.800000011921, 2250.800000011921, 2351.0, 2546.199999988079, 2734.899999976158, 2914.0, 3084.899999976158]",N,11,train
429,angel,N,1,N_orient1,25,1,angel/N/orient1/tilt_back_neutral_1/landmarks_trimmed.json,39,39,18,"[0, 2, 4, 6, 8, 11, 13, 15, 17, 20, 22, 24, 26, 29, 31, 33, 35, 38]","[86.5, 213.4000000357628, 265.80000001192093, 393.10000002384186, 431.5, 717.9000000357628, 912.9000000357628, 1098.9000000357628, 1272.0, 1485.0, 1685.5, 1866.199999988079, 2057.100000023842, 2212.699999988079, 2359.300000011921, 2554.600000023842, 2749.199999988079, 3010.800000011921]",N,11,train
430,angel,N,1,N_orient1,25,2,angel/N/orient1/tilt_back_neutral_2/landmarks_trimmed.json,31,31,18,"[0, 1, 3, 5, 7, 8, 10, 12, 14, 15, 17, 19, 21, 22, 24, 26, 28, 30]","[100.69999998807907, 198.0999999642372, 395.0, 596.2999999523163, 863.5, 953.5999999642372, 1134.2999999523163, 1328.5999999642372, 1528.5, 1621.699999988079, 1803.8999999761581, 1985.8999999761581, 2188.699999988079, 2292.199999988079, 2487.399999976158, 2673.599999964237, 2873.199999988079, 3064.2999999523163]",N,11,train
431,angel,N,1,N_orient1,25,1,angel/N/orient1/tilt_back_toward_1/landmarks_trimmed.json,35,35,18,"[0, 2, 4, 6, 8, 10, 12, 14, 16, 18, 20, 22, 24, 26, 28, 30, 32, 34]","[93.69999998807907, 268.30000001192093, 441.80000001192093, 496.39999997615814, 688.8000000119209, 888.5, 1055.3999999761581, 1225.0999999642372, 1394.199999988079, 1520.199999988079, 1711.199999988079, 1886.199999988079, 2073.300000011921, 2262.899999976158, 2445.699999988079, 2639.800000011921, 2826.699999988079, 3019.599999964237]",N,11,train
432,angel,N,1,N_orient1,25,1,angel/N/orient1/tilt_forward_away_1/landmarks_trimmed.json,30,30,18,"[0, 1, 3, 5, 6, 8, 10, 11, 13, 15, 17, 18, 20, 22, 23, 25, 27, 29]","[104.70000004768372, 247.5, 452.30000001192093, 651.5, 748.5, 949.6000000238419, 1144.5, 1244.1000000238419, 1438.800000011921, 1626.5, 1818.800000011921, 1915.2000000476837, 2110.900000035763, 2306.5, 2403.2000000476837, 2596.100000023842, 2844.800000011921, 3043.5]",N,11,validation
433,angel,N,1,N_orient1,25,1,angel/N/orient1/tilt_forward_neutral_1/landmarks_trimmed.json,29,29,18,"[0, 1, 3, 4, 6, 8, 9, 11, 13, 14, 16, 18, 19, 21, 23, 24, 26, 28]","[110.89999997615814, 218.0, 436.69999998807907, 545.5999999642372, 750.5999999642372, 961.7999999523163, 1066.7999999523163, 1270.0999999642372, 1470.3999999761581, 1576.199999988079, 1780.7999999523163, 1991.199999988079, 2095.099999964237, 2302.899999976158, 2505.599999964237, 2605.199999988079, 2804.399999976158, 3019.399999976158]",N,11,train
434,angel,N,1,N_orient1,25,2,angel/N/orient1/tilt_forward_neutral_2/landmarks_trimmed.json,31,31,18,"[0, 1, 3, 5, 7, 8, 10, 12, 14, 15, 17, 19, 21, 22, 24, 26, 28, 30]","[97.89999997615814, 191.69999998807907, 385.10000002384186, 574.5, 765.8000000119209, 863.6000000238419, 1052.1000000238419, 1245.3999999761581, 1436.699999988079, 1532.1000000238419, 1721.300000011921, 1916.5, 2112.5, 2211.100000023842, 2409.600000023842, 2601.399999976158, 2803.399999976158, 3014.199999988079]",N,11,validation
435,angel,N,1,N_orient1,25,1,angel/N/orient1/tilt_forward_toward_1/landmarks_trimmed.json,28,28,18,"[0, 1, 3, 4, 6, 7, 9, 11, 12, 14, 15, 17, 19, 20, 22, 23, 25, 27]","[109.39999997615814, 223.19999998807907, 431.39999997615814, 531.5, 761.3999999761581, 861.5, 1083.1000000238419, 1296.0, 1403.3999999761581, 1618.1000000238419, 1725.800000011921, 1984.6000000238419, 2207.100000023842, 2314.699999988079, 2531.699999988079, 2642.100000023842, 2863.399999976158, 3085.600000023842]",N,11,train
436,angel,N,1,N_orient1,25,1,angel/N/orient1/tilt_neutral_away_1/landmarks_trimmed.json,33,33,18,"[0, 1, 3, 5, 7, 9, 11, 13, 15, 16, 18, 20, 22, 24, 26, 28, 30, 32]","[89.79999995231628, 183.5, 357.19999998807907, 553.0999999642372, 731.6999999880791, 878.6999999880791, 1088.0, 1270.8999999761581, 1449.199999988079, 1544.199999988079, 1737.2999999523163, 1925.5, 2120.399999976158, 2313.099999964237, 2501.5, 2676.599999964237, 2854.5, 3049.899999976158]",N,11,validation
437,angel,N,1,N_orient1,25,1,angel/N/orient1/tilt_neutral_neutral_1/landmarks_trimmed.json,33,33,18,"[0, 1, 3, 5, 7, 9, 11, 13, 15, 16, 18, 20, 22, 24, 26, 28, 30, 32]","[97.09999996423721, 191.19999998807907, 365.69999998807907, 501.30000001192093, 688.5999999642372, 882.1999999880791, 1075.0, 1288.0999999642372, 1481.3999999761581, 1588.0999999642372, 1722.3999999761581, 1915.300000011921, 2119.599999964237, 2325.199999988079, 2546.399999976158, 2724.699999988079, 2899.300000011921, 3075.0]",N,11,train
438,angel,N,1,N_orient1,25,2,angel/N/orient1/tilt_neutral_neutral_2/landmarks_trimmed.json,33,33,18,"[0, 1, 3, 5, 7, 9, 11, 13, 15, 16, 18, 20, 22, 24, 26, 28, 30, 32]","[91.30000001192093, 177.69999998807907, 359.0, 558.8999999761581, 738.5, 877.3999999761581, 1074.5999999642372, 1266.3999999761581, 1446.0, 1531.800000011921, 1721.8999999761581, 1917.199999988079, 2108.5, 2309.0, 2508.5, 2697.0, 2867.899999976158, 3048.599999964237]",N,11,train
439,angel,N,1,N_orient1,25,1,angel/N/orient1/tilt_neutral_toward_1/landmarks_trimmed.json,26,26,18,"[0, 1, 2, 4, 5, 7, 8, 10, 11, 13, 14, 16, 17, 19, 20, 22, 23, 25]","[93.19999998807907, 190.79999995231628, 284.69999998807907, 478.39999997615814, 566.7999999523163, 744.7999999523163, 833.1999999880791, 1101.199999988079, 1190.5999999642372, 1459.8999999761581, 1836.5999999642372, 2036.2999999523163, 2080.399999976158, 2257.7999999523163, 2343.7999999523163, 2532.7999999523163, 2630.599999964237, 3093.599999964237]",N,11,train
440,angel,N,2,N_orient2,26,1,angel/N/orient2/tilt_back_away_1/landmarks_trimmed.json,33,33,18,"[0, 1, 3, 5, 7, 9, 11, 13, 15, 16, 18, 20, 22, 24, 26, 28, 30, 32]","[98.80000001192093, 203.20000004768372, 405.0, 609.3000000119209, 808.4000000357628, 1002.5, 1176.6000000238419, 1329.1000000238419, 1523.800000011921, 1610.6000000238419, 1793.1000000238419, 1926.5, 2108.600000023842, 2302.0, 2482.300000011921, 2655.100000023842, 2826.100000023842, 3009.7000000476837]",N,11,train
441,angel,N,2,N_orient2,26,1,angel/N/orient2/tilt_back_neutral_1/landmarks_trimmed.json,34,34,18,"[0, 1, 3, 5, 7, 9, 11, 13, 15, 17, 19, 21, 23, 25, 27, 29, 31, 33]","[34.0, 126.80000001192093, 310.60000002384186, 497.5, 680.6999999880791, 877.4000000357628, 1059.9000000357628, 1241.0, 1428.6000000238419, 1614.4000000357628, 1784.800000011921, 1957.800000011921, 2136.400000035763, 2327.5, 2505.300000011921, 2684.5, 2857.400000035763, 3037.900000035763]",N,11,train
442,angel,N,2,N_orient2,26,2,angel/N/orient2/tilt_back_neutral_2/landmarks_trimmed.json,33,33,18,"[0, 1, 3, 5, 7, 9, 11, 13, 15, 16, 18, 20, 22, 24, 26, 28, 30, 32]","[88.5, 187.5, 378.69999998807907, 553.6999999880791, 726.0, 912.1999999880791, 1106.4000000357628, 1299.9000000357628, 1490.800000011921, 1580.1000000238419, 1767.1000000238419, 1959.199999988079, 2138.600000023842, 2332.199999988079, 2525.400000035763, 2723.300000011921, 2899.0, 3067.600000023842]",N,11,train
443,angel,N,2,N_orient2,26,1,angel/N/orient2/tilt_back_toward_1/landmarks_trimmed.json,33,33,18,"[0, 1, 3, 5, 7, 9, 11, 13, 15, 16, 18, 20, 22, 24, 26, 28, 30, 32]","[100.59999996423721, 194.5, 392.30000001192093, 589.3000000119209, 775.6999999880791, 959.8999999761581, 1137.5, 1327.300000011921, 1504.3999999761581, 1590.800000011921, 1777.5999999642372, 1960.3999999761581, 2132.199999988079, 2311.599999964237, 2504.199999988079, 2693.399999976158, 2870.399999976158, 3062.099999964237]",N,11,train
444,angel,N,2,N_orient2,26,1,angel/N/orient2/tilt_forward_away_1/landmarks_trimmed.json,37,37,18,"[0, 2, 4, 6, 8, 10, 12, 14, 16, 19, 21, 23, 25, 27, 29, 31, 33, 36]","[34.40000003576279, 239.30000001192093, 445.5, 495.9000000357628, 692.0, 885.1000000238419, 1077.199999988079, 1269.0, 1454.199999988079, 1585.300000011921, 1772.300000011921, 1957.1000000238419, 2155.5, 2303.100000023842, 2417.600000023842, 2596.600000023842, 2795.5, 3053.400000035763]",N,11,train
445,angel,N,2,N_orient2,26,1,angel/N/orient2/tilt_forward_neutral_1/landmarks_trimmed.json,34,34,18,"[0, 1, 3, 5, 7, 9, 11, 13, 15, 17, 19, 21, 23, 25, 27, 29, 31, 33]","[89.40000003576279, 131.60000002384186, 277.5, 468.30000001192093, 660.8000000119209, 855.8000000119209, 924.6999999880791, 1124.0, 1315.6000000238419, 1497.699999988079, 1680.699999988079, 1874.9000000357628, 2139.800000011921, 2327.800000011921, 2517.100000023842, 2694.0, 2874.900000035763, 3073.400000035763]",N,11,train
446,angel,N,2,N_orient2,26,2,angel/N/orient2/tilt_forward_neutral_2/landmarks_trimmed.json,35,35,18,"[0, 2, 4, 6, 8, 10, 12, 14, 16, 18, 20, 22, 24, 26, 28, 30, 32, 34]","[97.29999995231628, 288.0999999642372, 462.5999999642372, 645.2999999523163, 828.2999999523163, 891.0999999642372, 1064.8999999761581, 1256.699999988079, 1436.0, 1618.7999999523163, 1757.5999999642372, 1931.5, 2116.099999964237, 2305.2999999523163, 2499.7999999523163, 2697.2999999523163, 2890.7999999523163, 3083.199999988079]",N,11,train
447,angel,N,2,N_orient2,26,1,angel/N/orient2/tilt_forward_toward_1/landmarks_trimmed.json,33,33,18,"[0, 1, 3, 5, 7, 9, 11, 13, 15, 16, 18, 20, 22, 24, 26, 28, 30, 32]","[96.39999997615814, 189.5999999642372, 385.89999997615814, 575.0, 750.7999999523163, 926.5999999642372, 1106.2999999523163, 1279.3999999761581, 1463.5, 1549.5999999642372, 1732.199999988079, 1916.2999999523163, 2105.7999999523163, 2287.699999988079, 2463.899999976158, 2651.199999988079, 2823.899999976158, 3009.899999976158]",N,11,train
448,angel,N,2,N_orient2,26,1,angel/N/orient2/tilt_neutral_away_1/landmarks_trimmed.json,32,32,18,"[0, 1, 3, 5, 7, 9, 10, 12, 14, 16, 18, 20, 21, 23, 25, 27, 29, 31]","[97.69999998807907, 188.5, 360.2999999523163, 549.0, 738.1999999880791, 928.0, 1024.7999999523163, 1225.0999999642372, 1430.0, 1627.0, 1810.3999999761581, 2002.0, 2098.099999964237, 2299.2999999523163, 2485.099999964237, 2658.099999964237, 2847.0, 3020.899999976158]",N,11,train
449,angel,N,2,N_orient2,26,1,angel/N/orient2/tilt_neutral_neutral_1/landmarks_trimmed.json,34,34,18,"[0, 1, 3, 5, 7, 9, 11, 13, 15, 17, 19, 21, 23, 25, 27, 29, 31, 33]","[95.10000002384186, 184.10000002384186, 356.30000001192093, 525.8000000119209, 704.5, 879.1000000238419, 1070.3999999761581, 1213.800000011921, 1407.5, 1595.699999988079, 1774.199999988079, 1952.300000011921, 2147.899999976158, 2341.800000011921, 2534.600000023842, 2707.300000011921, 2895.800000011921, 3091.199999988079]",N,11,train
450,angel,N,2,N_orient2,26,2,angel/N/orient2/tilt_neutral_neutral_2/landmarks_trimmed.json,34,34,18,"[0, 1, 3, 5, 7, 9, 11, 13, 15, 17, 19, 21, 23, 25, 27, 29, 31, 33]","[45.30000001192093, 66.69999998807907, 255.80000001192093, 428.80000001192093, 613.3999999761581, 806.0, 995.6999999880791, 1175.199999988079, 1367.1000000238419, 1573.5, 1762.800000011921, 1958.199999988079, 2146.5, 2333.5, 2529.5, 2734.0, 2935.699999988079, 3069.800000011921]",N,11,train
451,angel,N,2,N_orient2,26,1,angel/N/orient2/tilt_neutral_toward_1/landmarks_trimmed.json,33,33,18,"[0, 1, 3, 5, 7, 9, 11, 13, 15, 16, 18, 20, 22, 24, 26, 28, 30, 32]","[34.19999998807907, 138.19999998807907, 317.10000002384186, 506.39999997615814, 682.0, 864.1999999880791, 1049.1000000238419, 1223.699999988079, 1419.3999999761581, 1511.699999988079, 1694.1000000238419, 1883.699999988079, 2080.899999976158, 2270.300000011921, 2452.0, 2630.899999976158, 2832.0, 3022.399999976158]",N,11,train
452,angel,N,3,N_orient3,27,1,angel/N/orient3/tilt_back_away_1/landmarks_trimmed.json,30,30,18,"[0, 1, 3, 5, 6, 8, 10, 11, 13, 15, 17, 18, 20, 22, 23, 25, 27, 29]","[96.5, 197.0, 468.5, 647.1000000238419, 730.6000000238419, 914.6999999880791, 1108.199999988079, 1207.0, 1393.9000000357628, 1569.699999988079, 1753.800000011921, 1842.699999988079, 2028.300000011921, 2203.100000023842, 2300.900000035763, 2476.5, 2862.300000011921, 3051.600000023842]",N,11,train
453,angel,N,3,N_orient3,27,1,angel/N/orient3/tilt_back_neutral_1/landmarks_trimmed.json,32,32,18,"[0, 1, 3, 5, 7, 9, 10, 12, 14, 16, 18, 20, 21, 23, 25, 27, 29, 31]","[99.10000002384186, 193.80000001192093, 378.80000001192093, 641.1000000238419, 812.6999999880791, 1006.1000000238419, 1089.3999999761581, 1265.8999999761581, 1449.800000011921, 1627.800000011921, 1820.1000000238419, 2018.6000000238419, 2115.699999988079, 2306.699999988079, 2480.5, 2669.300000011921, 2838.399999976158, 3029.800000011921]",N,11,train
454,angel,N,3,N_orient3,27,2,angel/N/orient3/tilt_back_neutral_2/landmarks_trimmed.json,33,33,18,"[0, 1, 3, 5, 7, 9, 11, 13, 15, 16, 18, 20, 22, 24, 26, 28, 30, 32]","[97.10000002384186, 190.80000001192093, 368.4000000357628, 505.9000000357628, 686.3000000119209, 868.5, 1065.300000011921, 1258.0, 1453.1000000238419, 1554.1000000238419, 1746.9000000357628, 1938.5, 2114.100000023842, 2290.7000000476837, 2468.100000023842, 2641.5, 2828.7000000476837, 3021.600000023842]",N,11,train
455,angel,N,3,N_orient3,27,1,angel/N/orient3/tilt_back_toward_1/landmarks_trimmed.json,26,26,18,"[0, 1, 2, 4, 5, 7, 8, 10, 11, 13, 14, 16, 17, 19, 20, 22, 23, 25]","[86.69999998807907, 173.89999997615814, 263.89999997615814, 454.5, 554.0, 747.1999999880791, 844.3000000119209, 1037.0, 1125.800000011921, 1757.800000011921, 1859.3999999761581, 2066.099999964237, 2163.099999964237, 2539.199999988079, 2627.699999988079, 2821.5, 2910.899999976158, 3081.099999964237]",N,11,validation
456,angel,N,3,N_orient3,27,1,angel/N/orient3/tilt_forward_away_1/landmarks_trimmed.json,36,36,18,"[0, 2, 4, 6, 8, 10, 12, 14, 16, 18, 20, 22, 24, 26, 28, 30, 32, 35]","[96.89999997615814, 237.80000001192093, 369.89999997615814, 554.0, 740.0, 921.0, 1096.800000011921, 1293.300000011921, 1486.8999999761581, 1681.0, 1861.5, 2044.6000000238419, 2145.800000011921, 2280.600000023842, 2480.800000011921, 2676.699999988079, 2861.199999988079, 3022.100000023842]",N,11,train
457,angel,N,3,N_orient3,27,1,angel/N/orient3/tilt_forward_neutral_1/landmarks_trimmed.json,32,32,18,"[0, 1, 3, 5, 7, 9, 10, 12, 14, 16, 18, 20, 21, 23, 25, 27, 29, 31]","[100.29999995231628, 197.19999998807907, 482.0, 627.1999999880791, 812.2999999523163, 999.0999999642372, 1084.2999999523163, 1272.5999999642372, 1464.5, 1639.0, 1832.0999999642372, 2022.7999999523163, 2110.7999999523163, 2288.399999976158, 2464.2999999523163, 2663.199999988079, 2846.899999976158, 3032.699999988079]",N,11,train
458,angel,N,3,N_orient3,27,2,angel/N/orient3/tilt_forward_neutral_2/landmarks_trimmed.json,29,29,18,"[0, 1, 3, 4, 6, 8, 9, 11, 13, 14, 16, 18, 19, 21, 23, 24, 26, 28]","[96.59999996423721, 196.29999995231628, 393.0999999642372, 483.0, 923.3999999761581, 1100.2999999523163, 1198.7999999523163, 1393.2999999523163, 1598.3999999761581, 1700.0, 1904.8999999761581, 2097.5, 2187.599999964237, 2378.599999964237, 2559.199999988079, 2645.599999964237, 2819.7999999523163, 3011.099999964237]",N,11,train
459,angel,N,3,N_orient3,27,1,angel/N/orient3/tilt_forward_toward_1/landmarks_trimmed.json,32,32,18,"[0, 1, 3, 5, 7, 9, 10, 12, 14, 16, 18, 20, 21, 23, 25, 27, 29, 31]","[93.0, 187.69999998807907, 380.69999998807907, 575.4000000357628, 750.3000000119209, 826.0, 933.3000000119209, 1299.9000000357628, 1480.0, 1518.5, 1934.6000000238419, 2138.0, 2331.300000011921, 2443.100000023842, 2561.5, 2690.699999988079, 2881.5, 3057.800000011921]",N,11,train
460,angel,N,3,N_orient3,27,1,angel/N/orient3/tilt_neutral_away_1/landmarks_trimmed.json,31,31,18,"[0, 1, 3, 5, 7, 8, 10, 12, 14, 15, 17, 19, 21, 22, 24, 26, 28, 30]","[105.5, 275.4000000357628, 462.10000002384186, 637.1999999880791, 917.6999999880791, 1013.4000000357628, 1207.1000000238419, 1393.0, 1568.4000000357628, 1658.6000000238419, 1846.4000000357628, 2038.699999988079, 2233.199999988079, 2328.100000023842, 2523.0, 2717.199999988079, 2894.400000035763, 3078.600000023842]",N,11,validation
461,angel,N,3,N_orient3,27,1,angel/N/orient3/tilt_neutral_neutral_1/landmarks_trimmed.json,32,32,18,"[0, 1, 3, 5, 7, 9, 10, 12, 14, 16, 18, 20, 21, 23, 25, 27, 29, 31]","[102.59999996423721, 202.80000001192093, 393.69999998807907, 588.3000000119209, 787.5, 988.3999999761581, 1084.0, 1261.3999999761581, 1447.300000011921, 1643.300000011921, 1817.0999999642372, 2015.199999988079, 2103.199999988079, 2282.399999976158, 2458.800000011921, 2660.899999976158, 2857.699999988079, 3052.199999988079]",N,11,train
462,angel,N,3,N_orient3,27,2,angel/N/orient3/tilt_neutral_neutral_2/landmarks_trimmed.json,26,26,18,"[0, 1, 2, 4, 5, 7, 8, 10, 11, 13, 14, 16, 17, 19, 20, 22, 23, 25]","[103.19999998807907, 197.30000001192093, 384.5, 572.8000000119209, 667.6999999880791, 857.1999999880791, 949.3999999761581, 1141.5, 1239.0, 1430.800000011921, 1532.0, 1822.0999999642372, 1912.0, 2095.800000011921, 2187.399999976158, 2381.199999988079, 2474.399999976158, 3027.899999976158]",N,11,train
463,angel,N,3,N_orient3,27,1,angel/N/orient3/tilt_neutral_toward_1/landmarks_trimmed.json,33,33,18,"[0, 1, 3, 5, 7, 9, 11, 13, 15, 16, 18, 20, 22, 24, 26, 28, 30, 32]","[123.30000001192093, 219.0, 414.7000000476837, 601.3000000119209, 999.2000000476837, 1173.4000000357628, 1350.0, 1530.0, 1658.1000000238419, 1752.5, 1950.1000000238419, 2125.600000023842, 2264.600000023842, 2311.5, 2493.7000000476837, 2667.0, 2858.0, 3052.300000011921]",N,11,train
464,angel,O,1,O_orient1,28,1,angel/O/orient1/tilt_back_away_1/landmarks_trimmed.json,33,33,18,"[0, 1, 3, 5, 7, 9, 11, 13, 15, 16, 18, 20, 22, 24, 26, 28, 30, 32]","[96.10000002384186, 195.19999998807907, 385.69999998807907, 583.5, 763.0, 940.1999999880791, 1129.8999999761581, 1310.1000000238419, 1502.800000011921, 1594.800000011921, 1765.0, 1955.699999988079, 2141.899999976158, 2317.199999988079, 2501.0, 2690.399999976158, 2868.0, 3058.899999976158]",O,12,train
465,angel,O,1,O_orient1,28,1,angel/O/orient1/tilt_back_neutral_1/landmarks_trimmed.json,33,33,18,"[0, 1, 3, 5, 7, 9, 11, 13, 15, 16, 18, 20, 22, 24, 26, 28, 30, 32]","[97.19999998807907, 191.0, 378.0, 554.4000000357628, 697.8000000119209, 909.6000000238419, 1103.0, 1298.699999988079, 1490.0, 1588.1000000238419, 1772.5, 1952.5, 2151.0, 2343.0, 2532.800000011921, 2705.600000023842, 2898.300000011921, 3088.699999988079]",O,12,train
466,angel,O,1,O_orient1,28,2,angel/O/orient1/tilt_back_neutral_2/landmarks_trimmed.json,33,33,18,"[0, 1, 3, 5, 7, 9, 11, 13, 15, 16, 18, 20, 22, 24, 26, 28, 30, 32]","[94.90000003576279, 189.0, 382.2000000476837, 574.9000000357628, 762.1000000238419, 956.6000000238419, 1165.6000000238419, 1354.6000000238419, 1540.6000000238419, 1627.4000000357628, 1821.1000000238419, 2007.2000000476837, 2213.400000035763, 2415.300000011921, 2608.5, 2800.900000035763, 2928.0, 3034.400000035763]",O,12,train
467,angel,O,1,O_orient1,28,1,angel/O/orient1/tilt_back_toward_1/landmarks_trimmed.json,33,33,18,"[0, 1, 3, 5, 7, 9, 11, 13, 15, 16, 18, 20, 22, 24, 26, 28, 30, 32]","[90.59999996423721, 175.89999997615814, 354.69999998807907, 523.5999999642372, 712.1999999880791, 897.3999999761581, 1088.5999999642372, 1297.300000011921, 1476.5999999642372, 1564.3999999761581, 1755.699999988079, 1950.8999999761581, 2131.5, 2316.699999988079, 2492.699999988079, 2671.800000011921, 2859.300000011921, 3050.300000011921]",O,12,validation
468,angel,O,1,O_orient1,28,1,angel/O/orient1/tilt_forward_away_1/landmarks_trimmed.json,32,32,18,"[0, 1, 3, 5, 7, 9, 10, 12, 14, 16, 18, 20, 21, 23, 25, 27, 29, 31]","[95.10000002384186, 193.70000004768372, 389.7000000476837, 580.1000000238419, 776.2000000476837, 962.3000000119209, 1054.4000000357628, 1257.2000000476837, 1451.0, 1641.800000011921, 1829.5, 2027.9000000357628, 2123.100000023842, 2299.600000023842, 2490.900000035763, 2675.2000000476837, 2864.7000000476837, 3058.800000011921]",O,12,train
469,angel,O,1,O_orient1,28,1,angel/O/orient1/tilt_forward_neutral_1/landmarks_trimmed.json,32,32,18,"[0, 1, 3, 5, 7, 9, 10, 12, 14, 16, 18, 20, 21, 23, 25, 27, 29, 31]","[92.5, 189.39999997615814, 370.39999997615814, 545.5999999642372, 736.8999999761581, 929.0, 1021.0, 1200.199999988079, 1393.3999999761581, 1595.5999999642372, 1778.3999999761581, 1971.800000011921, 2069.699999988079, 2263.0, 2440.599999964237, 2635.399999976158, 2831.599999964237, 3020.699999988079]",O,12,train
470,angel,O,1,O_orient1,28,2,angel/O/orient1/tilt_forward_neutral_2/landmarks_trimmed.json,32,32,18,"[0, 1, 3, 5, 7, 9, 10, 12, 14, 16, 18, 20, 21, 23, 25, 27, 29, 31]","[103.39999997615814, 204.39999997615814, 351.89999997615814, 543.6999999880791, 732.6999999880791, 922.0999999642372, 1005.6999999880791, 1194.5, 1395.2999999523163, 1599.5, 1773.199999988079, 1965.5, 2062.599999964237, 2243.899999976158, 2414.099999964237, 2615.899999976158, 2837.699999988079, 3014.0]",O,12,train
471,angel,O,1,O_orient1,28,1,angel/O/orient1/tilt_forward_toward_1/landmarks_trimmed.json,30,30,18,"[0, 1, 3, 5, 6, 8, 10, 11, 13, 15, 17, 18, 20, 22, 23, 25, 27, 29]","[97.09999996423721, 192.30000001192093, 378.0, 553.3999999761581, 637.8999999761581, 1000.0999999642372, 1173.800000011921, 1265.199999988079, 1454.199999988079, 1639.300000011921, 1830.300000011921, 1926.8999999761581, 2060.800000011921, 2439.699999988079, 2538.899999976158, 2717.300000011921, 2900.199999988079, 3087.399999976158]",O,12,train
472,angel,O,1,O_orient1,28,1,angel/O/orient1/tilt_neutral_away_1/landmarks_trimmed.json,28,28,18,"[0, 1, 3, 4, 6, 7, 9, 11, 12, 14, 15, 17, 19, 20, 22, 23, 25, 27]","[85.89999997615814, 270.89999997615814, 450.89999997615814, 537.2999999523163, 718.0, 900.8999999761581, 1184.5, 1380.699999988079, 1473.699999988079, 1746.3999999761581, 1847.699999988079, 2032.0999999642372, 2313.899999976158, 2417.0, 2605.399999976158, 2704.199999988079, 2896.699999988079, 3074.099999964237]",O,12,train
473,angel,O,1,O_orient1,28,1,angel/O/orient1/tilt_neutral_neutral_1/landmarks_trimmed.json,34,34,18,"[0, 1, 3, 5, 7, 9, 11, 13, 15, 17, 19, 21, 23, 25, 27, 29, 31, 33]","[98.80000001192093, 184.5, 366.30000001192093, 559.5999999642372, 758.8999999761581, 951.1999999880791, 1136.199999988079, 1188.699999988079, 1378.3999999761581, 1554.800000011921, 1737.0, 1933.5, 2128.0, 2314.800000011921, 2494.199999988079, 2697.599999964237, 2876.0, 3072.899999976158]",O,12,train
474,angel,O,1,O_orient1,28,2,angel/O/orient1/tilt_neutral_neutral_2/landmarks_trimmed.json,33,33,18,"[0, 1, 3, 5, 7, 9, 11, 13, 15, 16, 18, 20, 22, 24, 26, 28, 30, 32]","[91.70000004768372, 180.60000002384186, 362.4000000357628, 559.2000000476837, 742.4000000357628, 921.2000000476837, 1114.4000000357628, 1299.5, 1476.0, 1566.0, 1758.1000000238419, 1952.6000000238419, 2129.900000035763, 2317.100000023842, 2495.400000035763, 2675.2000000476837, 2854.600000023842, 3045.400000035763]",O,12,train
475,angel,O,1,O_orient1,28,1,angel/O/orient1/tilt_neutral_toward_1/landmarks_trimmed.json,32,32,18,"[0, 1, 3, 5, 7, 9, 10, 12, 14, 16, 18, 20, 21, 23, 25, 27, 29, 31]","[34.09999996423721, 132.5999999642372, 333.30000001192093, 528.3999999761581, 719.6999999880791, 914.1999999880791, 1011.8000000119209, 1189.300000011921, 1370.5999999642372, 1587.199999988079, 1784.300000011921, 1978.0, 2075.5, 2265.399999976158, 2457.199999988079, 2631.699999988079, 2829.699999988079, 3006.800000011921]",O,12,train
476,angel,O,2,O_orient2,29,1,angel/O/orient2/tilt_back_away_1/landmarks_trimmed.json,33,33,18,"[0, 1, 3, 5, 7, 9, 11, 13, 15, 16, 18, 20, 22, 24, 26, 28, 30, 32]","[86.19999998807907, 172.89999997615814, 377.89999997615814, 579.0, 756.3000000119209, 945.1999999880791, 1140.800000011921, 1332.5, 1520.199999988079, 1612.5, 1801.0, 1984.0, 2154.5, 2341.399999976158, 2518.399999976158, 2692.199999988079, 2868.199999988079, 3058.100000023842]",O,12,validation
477,angel,O,2,O_orient2,29,1,angel/O/orient2/tilt_back_neutral_1/landmarks_trimmed.json,33,33,18,"[0, 1, 3, 5, 7, 9, 11, 13, 15, 16, 18, 20, 22, 24, 26, 28, 30, 32]","[97.70000004768372, 192.0, 372.80000001192093, 544.4000000357628, 738.6000000238419, 924.4000000357628, 1100.0, 1287.800000011921, 1478.2000000476837, 1574.0, 1755.0, 1925.300000011921, 2098.7000000476837, 2287.7000000476837, 2476.600000023842, 2663.0, 2847.2000000476837, 3037.400000035763]",O,12,train
478,angel,O,2,O_orient2,29,2,angel/O/orient2/tilt_back_neutral_2/landmarks_trimmed.json,33,33,18,"[0, 1, 3, 5, 7, 9, 11, 13, 15, 16, 18, 20, 22, 24, 26, 28, 30, 32]","[92.5, 190.29999995231628, 378.39999997615814, 571.5, 757.6999999880791, 926.0, 1100.199999988079, 1273.8999999761581, 1455.8999999761581, 1546.0999999642372, 1733.8999999761581, 1921.8999999761581, 2106.399999976158, 2294.899999976158, 2487.399999976158, 2662.199999988079, 2845.0, 3037.399999976158]",O,12,train
479,angel,O,2,O_orient2,29,1,angel/O/orient2/tilt_back_toward_1/landmarks_trimmed.json,34,34,18,"[0, 1, 3, 5, 7, 9, 11, 13, 15, 17, 19, 21, 23, 25, 27, 29, 31, 33]","[95.89999997615814, 188.5999999642372, 367.19999998807907, 540.5, 723.6999999880791, 894.5, 1080.5, 1248.800000011921, 1436.5, 1616.0999999642372, 1792.5, 1979.5, 2163.5, 2331.300000011921, 2515.5, 2684.599999964237, 2865.899999976158, 3053.800000011921]",O,12,train
480,angel,O,2,O_orient2,29,1,angel/O/orient2/tilt_forward_away_1/landmarks_trimmed.json,33,33,18,"[0, 1, 3, 5, 7, 9, 11, 13, 15, 16, 18, 20, 22, 24, 26, 28, 30, 32]","[94.5, 190.29999995231628, 377.39999997615814, 565.8999999761581, 750.0999999642372, 941.0999999642372, 1130.7999999523163, 1318.5, 1505.7999999523163, 1593.5999999642372, 1760.0999999642372, 1963.0999999642372, 2138.399999976158, 2322.099999964237, 2498.5, 2672.2999999523163, 2875.099999964237, 3049.2999999523163]",O,12,train
481,angel,O,2,O_orient2,29,1,angel/O/orient2/tilt_forward_neutral_1/landmarks_trimmed.json,35,35,18,"[0, 2, 4, 6, 8, 10, 12, 14, 16, 18, 20, 22, 24, 26, 28, 30, 32, 34]","[93.19999998807907, 281.10000002384186, 330.80000001192093, 474.4000000357628, 656.6999999880791, 836.0, 1023.9000000357628, 1212.4000000357628, 1400.9000000357628, 1578.6000000238419, 1754.699999988079, 1946.0, 2118.100000023842, 2305.100000023842, 2494.900000035763, 2683.5, 2875.199999988079, 3067.199999988079]",O,12,train
482,angel,O,2,O_orient2,29,2,angel/O/orient2/tilt_forward_neutral_2/landmarks_trimmed.json,33,33,18,"[0, 1, 3, 5, 7, 9, 11, 13, 15, 16, 18, 20, 22, 24, 26, 28, 30, 32]","[84.60000002384186, 167.10000002384186, 351.89999997615814, 534.3000000119209, 705.1999999880791, 882.6999999880791, 1072.699999988079, 1259.199999988079, 1446.1000000238419, 1539.6000000238419, 1733.5, 1921.699999988079, 2113.800000011921, 2293.899999976158, 2474.800000011921, 2671.600000023842, 2863.199999988079, 3048.0]",O,12,train
483,angel,O,2,O_orient2,29,1,angel/O/orient2/tilt_forward_toward_1/landmarks_trimmed.json,35,35,18,"[0, 2, 4, 6, 8, 10, 12, 14, 16, 18, 20, 22, 24, 26, 28, 30, 32, 34]","[90.39999997615814, 275.39999997615814, 460.80000001192093, 649.3000000119209, 846.0, 1047.199999988079, 1248.5, 1440.5999999642372, 1519.0, 1719.699999988079, 1904.300000011921, 2042.300000011921, 2229.800000011921, 2278.699999988079, 2467.399999976158, 2658.300000011921, 2831.599999964237, 3011.199999988079]",O,12,train
484,angel,O,2,O_orient2,29,1,angel/O/orient2/tilt_neutral_away_1/landmarks_trimmed.json,36,36,18,"[0, 2, 4, 6, 8, 10, 12, 14, 16, 18, 20, 22, 24, 26, 28, 30, 32, 35]","[39.40000003576279, 189.10000002384186, 377.60000002384186, 564.6000000238419, 752.2000000476837, 938.4000000357628, 1109.1000000238419, 1302.4000000357628, 1425.800000011921, 1601.9000000357628, 1789.1000000238419, 1967.1000000238419, 2079.400000035763, 2218.400000035763, 2411.600000023842, 2597.800000011921, 2769.100000023842, 3063.600000023842]",O,12,train
485,angel,O,2,O_orient2,29,1,angel/O/orient2/tilt_neutral_neutral_1/landmarks_trimmed.json,39,39,18,"[0, 2, 4, 6, 8, 11, 13, 15, 17, 20, 22, 24, 26, 29, 31, 33, 35, 38]","[86.40000003576279, 132.4000000357628, 329.80000001192093, 514.0, 562.8000000119209, 818.3000000119209, 892.0, 1088.6000000238419, 1265.300000011921, 1544.4000000357628, 1739.6000000238419, 1935.300000011921, 2070.100000023842, 2198.600000023842, 2393.699999988079, 2576.0, 2755.100000023842, 3051.100000023842]",O,12,train
486,angel,O,2,O_orient2,29,2,angel/O/orient2/tilt_neutral_neutral_2/landmarks_trimmed.json,34,34,18,"[0, 1, 3, 5, 7, 9, 11, 13, 15, 17, 19, 21, 23, 25, 27, 29, 31, 33]","[97.0, 191.19999998807907, 378.30000001192093, 561.0999999642372, 697.6999999880791, 881.8000000119209, 1068.699999988079, 1251.199999988079, 1422.8999999761581, 1605.0999999642372, 1789.0, 1959.0, 2129.899999976158, 2316.599999964237, 2499.300000011921, 2668.800000011921, 2855.599999964237, 3040.300000011921]",O,12,train
487,angel,O,2,O_orient2,29,1,angel/O/orient2/tilt_neutral_toward_1/landmarks_trimmed.json,34,34,18,"[0, 1, 3, 5, 7, 9, 11, 13, 15, 17, 19, 21, 23, 25, 27, 29, 31, 33]","[96.19999998807907, 140.89999997615814, 280.0, 460.0999999642372, 629.2999999523163, 823.2999999523163, 1012.1999999880791, 1201.699999988079, 1387.699999988079, 1578.0999999642372, 1766.5, 1941.5, 2112.599999964237, 2292.7999999523163, 2477.599999964237, 2647.599999964237, 2847.599999964237, 3049.099999964237]",O,12,train
488,angel,O,3,O_orient3,30,1,angel/O/orient3/tilt_back_away_1/landmarks_trimmed.json,33,33,18,"[0, 1, 3, 5, 7, 9, 11, 13, 15, 16, 18, 20, 22, 24, 26, 28, 30, 32]","[88.5, 179.89999997615814, 367.89999997615814, 548.1999999880791, 743.0999999642372, 926.5999999642372, 1098.8999999761581, 1299.8999999761581, 1479.300000011921, 1574.5, 1764.5999999642372, 1953.699999988079, 2122.0, 2311.800000011921, 2499.0, 2688.099999964237, 2863.899999976158, 3050.5]",O,12,train
489,angel,O,3,O_orient3,30,1,angel/O/orient3/tilt_back_neutral_1/landmarks_trimmed.json,35,35,18,"[0, 2, 4, 6, 8, 10, 12, 14, 16, 18, 20, 22, 24, 26, 28, 30, 32, 34]","[94.60000002384186, 273.10000002384186, 458.19999998807907, 563.9000000357628, 693.3000000119209, 886.3000000119209, 1066.300000011921, 1233.199999988079, 1409.9000000357628, 1599.800000011921, 1774.0, 1948.199999988079, 2133.600000023842, 2324.600000023842, 2513.100000023842, 2703.600000023842, 2890.199999988079, 3082.199999988079]",O,12,train
490,angel,O,3,O_orient3,30,2,angel/O/orient3/tilt_back_neutral_2/landmarks_trimmed.json,39,39,18,"[0, 2, 4, 6, 8, 11, 13, 15, 17, 20, 22, 24, 26, 29, 31, 33, 35, 38]","[95.90000003576279, 281.10000002384186, 330.9000000357628, 515.8000000119209, 696.6000000238419, 948.6000000238419, 1137.4000000357628, 1328.7000000476837, 1518.9000000357628, 1789.300000011921, 1881.1000000238419, 2002.0, 2046.9000000357628, 2267.7000000476837, 2457.900000035763, 2623.600000023842, 2802.600000023842, 3090.2000000476837]",O,12,train
491,angel,O,3,O_orient3,30,1,angel/O/orient3/tilt_back_toward_1/landmarks_trimmed.json,34,34,18,"[0, 1, 3, 5, 7, 9, 11, 13, 15, 17, 19, 21, 23, 25, 27, 29, 31, 33]","[76.5, 205.19999998807907, 392.39999997615814, 589.6999999880791, 766.8999999761581, 953.8999999761581, 1142.300000011921, 1320.0, 1505.199999988079, 1680.0, 1881.5, 2055.599999964237, 2112.399999976158, 2303.0, 2490.199999988079, 2671.099999964237, 2843.399999976158, 3033.5]",O,12,train
492,angel,O,3,O_orient3,30,1,angel/O/orient3/tilt_forward_away_1/landmarks_trimmed.json,33,33,18,"[0, 1, 3, 5, 7, 9, 11, 13, 15, 16, 18, 20, 22, 24, 26, 28, 30, 32]","[95.69999998807907, 190.5, 371.19999998807907, 511.80000001192093, 700.4000000357628, 867.0, 1048.9000000357628, 1241.9000000357628, 1429.9000000357628, 1513.300000011921, 1688.4000000357628, 1876.1000000238419, 2064.100000023842, 2243.900000035763, 2457.100000023842, 2634.800000011921, 2819.800000011921, 3008.600000023842]",O,12,train
493,angel,O,3,O_orient3,30,1,angel/O/orient3/tilt_forward_neutral_1/landmarks_trimmed.json,34,34,18,"[0, 1, 3, 5, 7, 9, 11, 13, 15, 17, 19, 21, 23, 25, 27, 29, 31, 33]","[94.5, 187.9000000357628, 372.9000000357628, 562.6999999880791, 750.0, 937.4000000357628, 1125.5, 1294.300000011921, 1471.4000000357628, 1650.699999988079, 1835.4000000357628, 2024.5, 2213.600000023842, 2382.199999988079, 2562.199999988079, 2742.0, 2909.5, 3082.699999988079]",O,12,validation
494,angel,O,3,O_orient3,30,2,angel/O/orient3/tilt_forward_neutral_2/landmarks_trimmed.json,33,33,18,"[0, 1, 3, 5, 7, 9, 11, 13, 15, 16, 18, 20, 22, 24, 26, 28, 30, 32]","[98.30000001192093, 192.19999998807907, 379.80000001192093, 562.6000000238419, 748.1000000238419, 933.6999999880791, 1120.9000000357628, 1302.1000000238419, 1482.1000000238419, 1576.699999988079, 1764.1000000238419, 1953.300000011921, 2142.800000011921, 2313.400000035763, 2502.600000023842, 2693.900000035763, 2884.5, 3077.800000011921]",O,12,train
495,angel,O,3,O_orient3,30,1,angel/O/orient3/tilt_forward_toward_1/landmarks_trimmed.json,31,31,18,"[0, 1, 3, 5, 7, 8, 10, 12, 14, 15, 17, 19, 21, 22, 24, 26, 28, 30]","[96.90000003576279, 294.30000001192093, 488.19999998807907, 681.8000000119209, 868.6999999880791, 962.6999999880791, 1152.6000000238419, 1341.9000000357628, 1513.9000000357628, 1605.1000000238419, 1796.9000000357628, 1986.800000011921, 2186.0, 2281.699999988079, 2465.600000023842, 2658.699999988079, 2850.800000011921, 3041.300000011921]",O,12,validation
496,angel,O,3,O_orient3,30,1,angel/O/orient3/tilt_neutral_away_1/landmarks_trimmed.json,34,34,18,"[0, 1, 3, 5, 7, 9, 11, 13, 15, 17, 19, 21, 23, 25, 27, 29, 31, 33]","[96.5, 192.10000002384186, 379.10000002384186, 557.1000000238419, 728.3000000119209, 916.6999999880791, 1105.199999988079, 1294.5, 1480.300000011921, 1673.5, 1803.6000000238419, 1900.8999999761581, 2069.399999976158, 2254.899999976158, 2441.100000023842, 2630.100000023842, 2817.5, 3004.399999976158]",O,12,train
497,angel,O,3,O_orient3,30,1,angel/O/orient3/tilt_neutral_neutral_1/landmarks_trimmed.json,34,34,18,"[0, 1, 3, 5, 7, 9, 11, 13, 15, 17, 19, 21, 23, 25, 27, 29, 31, 33]","[93.20000004768372, 180.5, 305.0, 486.9000000357628, 675.2000000476837, 861.1000000238419, 1038.800000011921, 1205.2000000476837, 1394.5, 1585.2000000476837, 1777.6000000238419, 1971.7000000476837, 2160.900000035763, 2348.0, 2496.800000011921, 2684.100000023842, 2875.0, 3082.300000011921]",O,12,train
498,angel,O,3,O_orient3,30,2,angel/O/orient3/tilt_neutral_neutral_2/landmarks_trimmed.json,33,33,18,"[0, 1, 3, 5, 7, 9, 11, 13, 15, 16, 18, 20, 22, 24, 26, 28, 30, 32]","[95.10000002384186, 180.80000001192093, 363.10000002384186, 551.1000000238419, 743.3000000119209, 930.1999999880791, 1119.3999999761581, 1300.800000011921, 1468.1000000238419, 1561.800000011921, 1750.1000000238419, 1942.699999988079, 2133.100000023842, 2316.5, 2442.800000011921, 2639.600000023842, 2826.100000023842, 3007.600000023842]",O,12,validation
499,angel,O,3,O_orient3,30,1,angel/O/orient3/tilt_neutral_toward_1/landmarks_trimmed.json,34,34,18,"[0, 1, 3, 5, 7, 9, 11, 13, 15, 17, 19, 21, 23, 25, 27, 29, 31, 33]","[90.0, 173.0999999642372, 352.5999999642372, 529.6999999880791, 710.1999999880791, 886.6999999880791, 1066.3999999761581, 1252.699999988079, 1441.0999999642372, 1626.300000011921, 1809.0999999642372, 1981.199999988079, 2167.300000011921, 2350.099999964237, 2519.300000011921, 2708.099999964237, 2896.899999976158, 3084.899999976158]",O,12,train
500,angel,P,1,P_orient1,31,1,angel/P/orient1/tilt_back_away_1/landmarks_trimmed.json,34,34,18,"[0, 1, 3, 5, 7, 9, 11, 13, 15, 17, 19, 21, 23, 25, 27, 29, 31, 33]","[83.80000001192093, 168.5, 349.30000001192093, 541.1000000238419, 728.8000000119209, 925.8999999761581, 1112.699999988079, 1294.1000000238419, 1422.300000011921, 1606.800000011921, 1777.8999999761581, 1959.199999988079, 2147.0, 2336.399999976158, 2523.300000011921, 2712.899999976158, 2883.899999976158, 3070.600000023842]",P,13,train
501,angel,P,1,P_orient1,31,1,angel/P/orient1/tilt_back_neutral_1/landmarks_trimmed.json,33,33,18,"[0, 1, 3, 5, 7, 9, 11, 13, 15, 16, 18, 20, 22, 24, 26, 28, 30, 32]","[93.80000001192093, 187.0999999642372, 374.80000001192093, 555.8000000119209, 732.8000000119209, 920.5, 1108.800000011921, 1283.199999988079, 1464.8999999761581, 1560.0, 1752.8999999761581, 1940.0, 2131.599999964237, 2318.399999976158, 2505.699999988079, 2684.199999988079, 2870.399999976158, 3062.399999976158]",P,13,train
502,angel,P,1,P_orient1,31,2,angel/P/orient1/tilt_back_neutral_2/landmarks_trimmed.json,34,34,18,"[0, 1, 3, 5, 7, 9, 11, 13, 15, 17, 19, 21, 23, 25, 27, 29, 31, 33]","[97.0, 188.79999995231628, 367.2999999523163, 430.0, 642.8999999761581, 824.8999999761581, 1012.0, 1194.7999999523163, 1381.0, 1567.199999988079, 1747.699999988079, 1925.7999999523163, 2101.7999999523163, 2282.699999988079, 2477.899999976158, 2668.5, 2845.599999964237, 3028.699999988079]",P,13,validation
503,angel,P,1,P_orient1,31,1,angel/P/orient1/tilt_back_toward_1/landmarks_trimmed.json,37,37,18,"[0, 2, 4, 6, 8, 10, 12, 14, 16, 19, 21, 23, 25, 27, 29, 31, 33, 36]","[33.19999998807907, 175.39999997615814, 353.5999999642372, 543.0999999642372, 714.7999999523163, 759.7999999523163, 881.8999999761581, 1065.199999988079, 1250.5999999642372, 1466.199999988079, 1656.5999999642372, 1831.5999999642372, 2011.3999999761581, 2205.099999964237, 2393.199999988079, 2584.899999976158, 2759.899999976158, 3038.5]",P,13,train
504,angel,P,1,P_orient1,31,1,angel/P/orient1/tilt_forward_away_1/landmarks_trimmed.json,33,33,18,"[0, 1, 3, 5, 7, 9, 11, 13, 15, 16, 18, 20, 22, 24, 26, 28, 30, 32]","[84.79999995231628, 168.79999995231628, 349.7999999523163, 524.1999999880791, 705.0, 895.0, 1065.3999999761581, 1243.699999988079, 1430.5999999642372, 1524.0, 1719.5, 1922.199999988079, 2115.699999988079, 2303.2999999523163, 2492.599999964237, 2680.2999999523163, 2851.099999964237, 3029.199999988079]",P,13,train
505,angel,P,1,P_orient1,31,1,angel/P/orient1/tilt_forward_neutral_1/landmarks_trimmed.json,33,33,18,"[0, 1, 3, 5, 7, 9, 11, 13, 15, 16, 18, 20, 22, 24, 26, 28, 30, 32]","[103.5, 198.0, 387.60000002384186, 575.9000000357628, 764.8000000119209, 933.1000000238419, 1111.0, 1298.7000000476837, 1491.4000000357628, 1578.9000000357628, 1766.9000000357628, 1956.4000000357628, 2146.2000000476837, 2316.5, 2504.0, 2669.2000000476837, 2836.0, 3012.900000035763]",P,13,train
506,angel,P,1,P_orient1,31,2,angel/P/orient1/tilt_forward_neutral_2/landmarks_trimmed.json,33,33,18,"[0, 1, 3, 5, 7, 9, 11, 13, 15, 16, 18, 20, 22, 24, 26, 28, 30, 32]","[93.10000002384186, 186.30000001192093, 361.60000002384186, 537.0, 726.1999999880791, 903.8000000119209, 1076.3999999761581, 1252.0, 1445.5, 1538.199999988079, 1665.300000011921, 1843.699999988079, 2030.3999999761581, 2227.800000011921, 2422.300000011921, 2608.800000011921, 2814.300000011921, 3002.300000011921]",P,13,train
507,angel,P,1,P_orient1,31,1,angel/P/orient1/tilt_forward_toward_1/landmarks_trimmed.json,33,33,18,"[0, 1, 3, 5, 7, 9, 11, 13, 15, 16, 18, 20, 22, 24, 26, 28, 30, 32]","[85.19999998807907, 170.39999997615814, 357.0, 547.3000000119209, 731.8000000119209, 917.1999999880791, 1084.5999999642372, 1259.300000011921, 1427.5, 1512.800000011921, 1703.699999988079, 1893.199999988079, 2082.399999976158, 2270.199999988079, 2464.099999964237, 2654.399999976158, 2844.300000011921, 3031.099999964237]",P,13,train
508,angel,P,1,P_orient1,31,1,angel/P/orient1/tilt_neutral_away_1/landmarks_trimmed.json,35,35,18,"[0, 2, 4, 6, 8, 10, 12, 14, 16, 18, 20, 22, 24, 26, 28, 30, 32, 34]","[83.5, 255.69999998807907, 431.0, 619.1999999880791, 807.1999999880791, 983.8999999761581, 1164.300000011921, 1344.1000000238419, 1516.3999999761581, 1688.699999988079, 1889.699999988079, 2082.800000011921, 2250.699999988079, 2439.600000023842, 2623.399999976158, 2674.100000023842, 2847.600000023842, 3022.899999976158]",P,13,validation
509,angel,P,1,P_orient1,31,1,angel/P/orient1/tilt_neutral_neutral_1/landmarks_trimmed.json,36,36,18,"[0, 2, 4, 6, 8, 10, 12, 14, 16, 18, 20, 22, 24, 26, 28, 30, 32, 35]","[95.69999998807907, 278.19999998807907, 445.10000002384186, 561.9000000357628, 759.8000000119209, 949.3000000119209, 1115.0, 1284.1000000238419, 1320.5, 1505.800000011921, 1696.5, 1886.199999988079, 2074.400000035763, 2264.199999988079, 2439.199999988079, 2616.300000011921, 2805.400000035763, 3081.199999988079]",P,13,train
510,angel,P,1,P_orient1,31,2,angel/P/orient1/tilt_neutral_neutral_2/landmarks_trimmed.json,34,34,18,"[0, 1, 3, 5, 7, 9, 11, 13, 15, 17, 19, 21, 23, 25, 27, 29, 31, 33]","[91.69999998807907, 173.79999995231628, 355.0, 546.3999999761581, 733.6999999880791, 908.5999999642372, 1014.5, 1189.699999988079, 1361.199999988079, 1539.5999999642372, 1730.0999999642372, 1918.2999999523163, 2109.099999964237, 2281.899999976158, 2465.0, 2656.7999999523163, 2839.699999988079, 3007.0]",P,13,train
511,angel,P,1,P_orient1,31,1,angel/P/orient1/tilt_neutral_toward_1/landmarks_trimmed.json,34,34,18,"[0, 1, 3, 5, 7, 9, 11, 13, 15, 17, 19, 21, 23, 25, 27, 29, 31, 33]","[84.19999998807907, 170.0, 337.69999998807907, 517.1999999880791, 687.5999999642372, 868.5999999642372, 1055.199999988079, 1238.5999999642372, 1413.699999988079, 1586.8999999761581, 1785.5, 1973.5, 2160.699999988079, 2348.7999999523163, 2535.599999964237, 2723.5, 2839.099999964237, 3044.899999976158]",P,13,train
512,angel,P,2,P_orient2,32,1,angel/P/orient2/tilt_back_away_1/landmarks_trimmed.json,33,33,18,"[0, 1, 3, 5, 7, 9, 11, 13, 15, 16, 18, 20, 22, 24, 26, 28, 30, 32]","[82.5, 166.0, 342.0999999642372, 515.8000000119209, 696.0999999642372, 881.8000000119209, 1070.199999988079, 1261.8999999761581, 1451.300000011921, 1534.800000011921, 1702.5999999642372, 1891.5999999642372, 2078.099999964237, 2268.099999964237, 2454.199999988079, 2639.300000011921, 2826.300000011921, 3011.599999964237]",P,13,validation
513,angel,P,2,P_orient2,32,1,angel/P/orient2/tilt_back_neutral_1/landmarks_trimmed.json,34,34,18,"[0, 1, 3, 5, 7, 9, 11, 13, 15, 17, 19, 21, 23, 25, 27, 29, 31, 33]","[92.69999998807907, 183.4000000357628, 374.4000000357628, 551.5, 728.1000000238419, 919.0, 1092.6000000238419, 1274.199999988079, 1475.300000011921, 1670.300000011921, 1856.1000000238419, 2046.199999988079, 2232.900000035763, 2403.699999988079, 2581.300000011921, 2674.900000035763, 2854.400000035763, 3046.199999988079]",P,13,train
514,angel,P,2,P_orient2,32,2,angel/P/orient2/tilt_back_neutral_2/landmarks_trimmed.json,35,35,18,"[0, 2, 4, 6, 8, 10, 12, 14, 16, 18, 20, 22, 24, 26, 28, 30, 32, 34]","[94.5, 276.30000001192093, 331.19999998807907, 519.6999999880791, 704.5, 881.0999999642372, 1053.5, 1243.5, 1431.300000011921, 1614.0999999642372, 1783.0, 1965.5999999642372, 2151.399999976158, 2336.699999988079, 2530.599999964237, 2731.599999964237, 2906.899999976158, 3076.5]",P,13,train
515,angel,P,2,P_orient2,32,1,angel/P/orient2/tilt_back_toward_1/landmarks_trimmed.json,35,35,18,"[0, 2, 4, 6, 8, 10, 12, 14, 16, 18, 20, 22, 24, 26, 28, 30, 32, 34]","[83.5, 133.5, 265.0999999642372, 469.0, 656.0, 838.3999999761581, 1016.8999999761581, 1210.0999999642372, 1396.199999988079, 1564.3999999761581, 1754.5, 1942.3999999761581, 2130.800000011921, 2294.899999976158, 2470.899999976158, 2642.800000011921, 2829.699999988079, 3016.899999976158]",P,13,train
516,angel,P,2,P_orient2,32,1,angel/P/orient2/tilt_forward_away_1/landmarks_trimmed.json,34,34,18,"[0, 1, 3, 5, 7, 9, 11, 13, 15, 17, 19, 21, 23, 25, 27, 29, 31, 33]","[86.5, 172.10000002384186, 264.30000001192093, 403.0, 597.1999999880791, 764.3000000119209, 944.8000000119209, 1150.4000000357628, 1327.199999988079, 1505.9000000357628, 1695.5, 1900.1000000238419, 2087.699999988079, 2275.400000035763, 2469.5, 2658.5, 2827.400000035763, 3014.600000023842]",P,13,train
517,angel,P,2,P_orient2,32,1,angel/P/orient2/tilt_forward_neutral_1/landmarks_trimmed.json,30,30,18,"[0, 1, 3, 5, 6, 8, 10, 11, 13, 15, 17, 18, 20, 22, 23, 25, 27, 29]","[92.19999998807907, 185.5999999642372, 371.89999997615814, 542.3000000119209, 626.1999999880791, 836.0, 1118.300000011921, 1238.800000011921, 1563.5999999642372, 1815.5999999642372, 2054.5, 2178.399999976158, 2277.099999964237, 2485.699999988079, 2581.5, 2706.599999964237, 2891.599999964237, 3060.300000011921]",P,13,train
518,angel,P,2,P_orient2,32,2,angel/P/orient2/tilt_forward_neutral_2/landmarks_trimmed.json,34,34,18,"[0, 1, 3, 5, 7, 9, 11, 13, 15, 17, 19, 21, 23, 25, 27, 29, 31, 33]","[85.80000001192093, 170.4000000357628, 341.30000001192093, 517.8000000119209, 562.2000000476837, 762.7000000476837, 958.4000000357628, 1133.6000000238419, 1321.2000000476837, 1506.300000011921, 1684.800000011921, 1862.300000011921, 2084.7000000476837, 2256.100000023842, 2433.900000035763, 2622.900000035763, 2813.2000000476837, 3007.600000023842]",P,13,train
519,angel,P,2,P_orient2,32,1,angel/P/orient2/tilt_forward_toward_1/landmarks_trimmed.json,34,34,18,"[0, 1, 3, 5, 7, 9, 11, 13, 15, 17, 19, 21, 23, 25, 27, 29, 31, 33]","[88.5, 180.89999997615814, 356.0999999642372, 397.19999998807907, 604.1999999880791, 803.5999999642372, 1016.3999999761581, 1186.199999988079, 1355.3999999761581, 1537.0999999642372, 1724.8999999761581, 1916.5999999642372, 2111.599999964237, 2301.599999964237, 2483.899999976158, 2651.800000011921, 2816.699999988079, 3007.099999964237]",P,13,validation
520,angel,P,2,P_orient2,32,1,angel/P/orient2/tilt_neutral_away_1/landmarks_trimmed.json,33,33,18,"[0, 1, 3, 5, 7, 9, 11, 13, 15, 16, 18, 20, 22, 24, 26, 28, 30, 32]","[84.80000001192093, 171.0, 353.10000002384186, 540.8000000119209, 727.5, 899.8000000119209, 1077.1000000238419, 1264.0, 1450.300000011921, 1544.2000000476837, 1716.1000000238419, 1903.9000000357628, 2094.2000000476837, 2291.5, 2495.300000011921, 2679.400000035763, 2869.900000035763, 3061.0]",P,13,train
521,angel,P,2,P_orient2,32,1,angel/P/orient2/tilt_neutral_neutral_1/landmarks_trimmed.json,35,35,18,"[0, 2, 4, 6, 8, 10, 12, 14, 16, 18, 20, 22, 24, 26, 28, 30, 32, 34]","[95.19999998807907, 285.10000002384186, 481.89999997615814, 664.8000000119209, 831.5, 1022.8000000119209, 1211.199999988079, 1390.5, 1519.300000011921, 1711.8999999761581, 1899.3999999761581, 2086.100000023842, 2146.100000023842, 2287.5, 2476.600000023842, 2663.600000023842, 2855.699999988079, 3054.399999976158]",P,13,train
522,angel,P,2,P_orient2,32,2,angel/P/orient2/tilt_neutral_neutral_2/landmarks_trimmed.json,33,33,18,"[0, 1, 3, 5, 7, 9, 11, 13, 15, 16, 18, 20, 22, 24, 26, 28, 30, 32]","[82.80000001192093, 175.5, 363.89999997615814, 545.0, 714.3000000119209, 903.6999999880791, 1091.300000011921, 1283.1000000238419, 1479.6000000238419, 1572.8999999761581, 1741.5, 1919.800000011921, 2093.899999976158, 2284.0, 2475.199999988079, 2664.699999988079, 2858.600000023842, 3042.0]",P,13,train
523,angel,P,2,P_orient2,32,1,angel/P/orient2/tilt_neutral_toward_1/landmarks_trimmed.json,34,34,18,"[0, 1, 3, 5, 7, 9, 11, 13, 15, 17, 19, 21, 23, 25, 27, 29, 31, 33]","[83.89999997615814, 170.0999999642372, 355.5999999642372, 498.89999997615814, 683.2999999523163, 869.3999999761581, 1045.8999999761581, 1232.5999999642372, 1408.0, 1578.7999999523163, 1761.3999999761581, 1952.199999988079, 2138.7999999523163, 2316.2999999523163, 2495.899999976158, 2675.2999999523163, 2846.399999976158, 3054.699999988079]",P,13,train
524,angel,Q,1,Q_orient1,33,1,angel/Q/orient1/tilt_back_away_1/landmarks_trimmed.json,34,34,18,"[0, 1, 3, 5, 7, 9, 11, 13, 15, 17, 19, 21, 23, 25, 27, 29, 31, 33]","[88.5, 178.19999998807907, 361.69999998807907, 533.3999999761581, 726.5, 904.8000000119209, 1079.0, 1196.199999988079, 1377.199999988079, 1573.6000000238419, 1777.800000011921, 1848.699999988079, 2053.699999988079, 2232.0, 2414.399999976158, 2639.100000023842, 2846.5, 3036.300000011921]",Q,14,train
525,angel,Q,1,Q_orient1,33,1,angel/Q/orient1/tilt_back_neutral_1/landmarks_trimmed.json,34,34,18,"[0, 1, 3, 5, 7, 9, 11, 13, 15, 17, 19, 21, 23, 25, 27, 29, 31, 33]","[99.59999996423721, 194.0, 383.30000001192093, 573.5, 757.1999999880791, 937.0, 1125.199999988079, 1314.3999999761581, 1501.800000011921, 1701.0, 1896.5, 2077.5, 2267.399999976158, 2445.699999988079, 2508.300000011921, 2656.399999976158, 2856.099999964237, 3049.800000011921]",Q,14,validation
526,angel,Q,1,Q_orient1,33,2,angel/Q/orient1/tilt_back_neutral_2/landmarks_trimmed.json,38,38,18,"[0, 2, 4, 6, 8, 10, 13, 15, 17, 19, 21, 23, 26, 28, 30, 32, 34, 37]","[82.80000001192093, 258.39999997615814, 330.30000001192093, 469.5999999642372, 659.8999999761581, 840.5999999642372, 1052.8999999761581, 1090.0, 1218.0, 1405.800000011921, 1596.0999999642372, 1785.5999999642372, 2036.300000011921, 2212.199999988079, 2394.699999988079, 2581.199999988079, 2786.599999964237, 3065.399999976158]",Q,14,validation
527,angel,Q,1,Q_orient1,33,1,angel/Q/orient1/tilt_back_toward_1/landmarks_trimmed.json,37,37,18,"[0, 2, 4, 6, 8, 10, 12, 14, 16, 19, 21, 23, 25, 27, 29, 31, 33, 36]","[34.0, 159.0, 348.0999999642372, 520.0999999642372, 699.5, 883.7999999523163, 1064.5, 1229.7999999523163, 1399.2999999523163, 1676.5999999642372, 1850.5, 2040.0, 2227.7999999523163, 2410.599999964237, 2536.399999976158, 2575.099999964237, 2748.0, 3009.099999964237]",Q,14,train
528,angel,Q,1,Q_orient1,33,1,angel/Q/orient1/tilt_forward_away_1/landmarks_trimmed.json,34,34,18,"[0, 1, 3, 5, 7, 9, 11, 13, 15, 17, 19, 21, 23, 25, 27, 29, 31, 33]","[83.19999998807907, 177.39999997615814, 360.39999997615814, 429.80000001192093, 628.0, 805.5999999642372, 997.3999999761581, 1178.5, 1345.5999999642372, 1536.3999999761581, 1730.699999988079, 1927.800000011921, 2115.599999964237, 2293.199999988079, 2494.099999964237, 2694.099999964237, 2892.099999964237, 3081.099999964237]",Q,14,train
529,angel,Q,1,Q_orient1,33,1,angel/Q/orient1/tilt_forward_neutral_1/landmarks_trimmed.json,34,34,18,"[0, 1, 3, 5, 7, 9, 11, 13, 15, 17, 19, 21, 23, 25, 27, 29, 31, 33]","[90.79999995231628, 181.5, 266.0, 395.0999999642372, 585.7999999523163, 781.7999999523163, 976.1999999880791, 1166.7999999523163, 1370.8999999761581, 1504.0, 1703.2999999523163, 1894.7999999523163, 2082.5, 2271.5, 2456.0, 2642.699999988079, 2831.199999988079, 3003.599999964237]",Q,14,train
530,angel,Q,1,Q_orient1,33,2,angel/Q/orient1/tilt_forward_neutral_2/landmarks_trimmed.json,34,34,18,"[0, 1, 3, 5, 7, 9, 11, 13, 15, 17, 19, 21, 23, 25, 27, 29, 31, 33]","[86.5, 177.0, 353.2000000476837, 528.8000000119209, 710.2000000476837, 898.6000000238419, 1082.300000011921, 1264.300000011921, 1439.5, 1630.1000000238419, 1806.1000000238419, 1977.6000000238419, 2163.5, 2352.600000023842, 2544.300000011921, 2710.800000011921, 2892.2000000476837, 3085.400000035763]",Q,14,train
531,angel,Q,1,Q_orient1,33,1,angel/Q/orient1/tilt_forward_toward_1/landmarks_trimmed.json,33,33,18,"[0, 1, 3, 5, 7, 9, 11, 13, 15, 16, 18, 20, 22, 24, 26, 28, 30, 32]","[93.90000003576279, 188.0, 378.4000000357628, 565.6000000238419, 754.4000000357628, 938.2000000476837, 1123.0, 1303.2000000476837, 1476.4000000357628, 1572.4000000357628, 1773.5, 1961.1000000238419, 2138.2000000476837, 2310.300000011921, 2500.0, 2685.800000011921, 2880.2000000476837, 3071.800000011921]",Q,14,train
532,angel,Q,1,Q_orient1,33,1,angel/Q/orient1/tilt_neutral_away_1/landmarks_trimmed.json,33,33,18,"[0, 1, 3, 5, 7, 9, 11, 13, 15, 16, 18, 20, 22, 24, 26, 28, 30, 32]","[92.90000003576279, 188.70000004768372, 373.80000001192093, 541.4000000357628, 722.9000000357628, 912.0, 1105.5, 1275.800000011921, 1446.300000011921, 1535.0, 1723.800000011921, 1891.5, 2059.900000035763, 2247.7000000476837, 2436.2000000476837, 2616.100000023842, 2815.100000023842, 3006.2000000476837]",Q,14,train
533,angel,Q,1,Q_orient1,33,1,angel/Q/orient1/tilt_neutral_neutral_1/landmarks_trimmed.json,33,33,18,"[0, 1, 3, 5, 7, 9, 11, 13, 15, 16, 18, 20, 22, 24, 26, 28, 30, 32]","[90.60000002384186, 178.10000002384186, 352.10000002384186, 525.6999999880791, 701.8000000119209, 882.6999999880791, 1078.9000000357628, 1256.5, 1463.1000000238419, 1556.699999988079, 1746.199999988079, 1936.1000000238419, 2115.400000035763, 2304.5, 2481.600000023842, 2663.400000035763, 2832.800000011921, 3014.400000035763]",Q,14,train
534,angel,Q,1,Q_orient1,33,2,angel/Q/orient1/tilt_neutral_neutral_2/landmarks_trimmed.json,36,36,18,"[0, 2, 4, 6, 8, 10, 12, 14, 16, 18, 20, 22, 24, 26, 28, 30, 32, 35]","[86.40000003576279, 133.0, 326.4000000357628, 515.4000000357628, 701.0, 834.9000000357628, 976.9000000357628, 1170.300000011921, 1356.2000000476837, 1540.0, 1712.0, 1887.5, 2065.100000023842, 2251.600000023842, 2436.900000035763, 2612.5, 2796.100000023842, 3058.900000035763]",Q,14,train
535,angel,Q,1,Q_orient1,33,1,angel/Q/orient1/tilt_neutral_toward_1/landmarks_trimmed.json,40,40,18,"[0, 2, 4, 6, 9, 11, 13, 16, 18, 20, 22, 25, 27, 29, 32, 34, 36, 39]","[83.39999997615814, 198.60000002384186, 322.39999997615814, 396.69999998807907, 545.3999999761581, 726.5, 909.8999999761581, 1193.5, 1378.1000000238419, 1507.8999999761581, 1656.199999988079, 1870.3999999761581, 2061.199999988079, 2257.0, 2484.199999988079, 2623.600000023842, 2789.600000023842, 3065.5]",Q,14,train
536,angel,R,1,R_orient1,34,1,angel/R/orient1/tilt_back_away_1/landmarks_trimmed.json,34,34,18,"[0, 1, 3, 5, 7, 9, 11, 13, 15, 17, 19, 21, 23, 25, 27, 29, 31, 33]","[89.19999998807907, 188.5, 359.5, 544.3999999761581, 731.5999999642372, 917.5999999642372, 1102.8999999761581, 1287.0999999642372, 1458.300000011921, 1641.699999988079, 1811.699999988079, 1991.300000011921, 2172.0, 2343.599999964237, 2517.800000011921, 2695.699999988079, 2868.399999976158, 3056.300000011921]",R,15,validation
537,angel,R,1,R_orient1,34,1,angel/R/orient1/tilt_back_neutral_1/landmarks_trimmed.json,35,35,18,"[0, 2, 4, 6, 8, 10, 12, 14, 16, 18, 20, 22, 24, 26, 28, 30, 32, 34]","[90.30000001192093, 271.30000001192093, 452.0, 634.5, 819.8000000119209, 1002.0999999642372, 1187.0, 1372.800000011921, 1558.699999988079, 1739.0, 1924.199999988079, 2109.300000011921, 2269.699999988079, 2434.5, 2610.199999988079, 2775.699999988079, 2893.5, 3002.899999976158]",R,15,train
538,angel,R,1,R_orient1,34,2,angel/R/orient1/tilt_back_neutral_2/landmarks_trimmed.json,35,35,18,"[0, 2, 4, 6, 8, 10, 12, 14, 16, 18, 20, 22, 24, 26, 28, 30, 32, 34]","[96.59999996423721, 305.5, 492.0999999642372, 678.8999999761581, 853.0999999642372, 1024.5999999642372, 1191.199999988079, 1372.8999999761581, 1421.699999988079, 1607.5, 1804.699999988079, 1997.7999999523163, 2175.7999999523163, 2353.0, 2523.2999999523163, 2720.599999964237, 2903.7999999523163, 3084.599999964237]",R,15,train
539,angel,R,1,R_orient1,34,1,angel/R/orient1/tilt_back_toward_1/landmarks_trimmed.json,37,37,18,"[0, 2, 4, 6, 8, 10, 12, 14, 16, 19, 21, 23, 25, 27, 29, 31, 33, 36]","[85.80000001192093, 250.0, 435.60000002384186, 495.69999998807907, 625.6999999880791, 813.3000000119209, 993.9000000357628, 1167.9000000357628, 1336.699999988079, 1604.300000011921, 1791.1000000238419, 1987.699999988079, 2178.800000011921, 2369.100000023842, 2540.900000035763, 2663.0, 2766.800000011921, 3036.5]",R,15,train
540,angel,R,1,R_orient1,34,1,angel/R/orient1/tilt_forward_away_1/landmarks_trimmed.json,33,33,18,"[0, 1, 3, 5, 7, 9, 11, 13, 15, 16, 18, 20, 22, 24, 26, 28, 30, 32]","[95.19999998807907, 190.39999997615814, 359.19999998807907, 540.3999999761581, 715.6999999880791, 891.3999999761581, 1065.0, 1257.3999999761581, 1448.800000011921, 1540.699999988079, 1727.0, 1899.8999999761581, 2099.199999988079, 2301.800000011921, 2494.199999988079, 2662.300000011921, 2847.800000011921, 3019.699999988079]",R,15,train
541,angel,R,1,R_orient1,34,1,angel/R/orient1/tilt_forward_neutral_1/landmarks_trimmed.json,30,30,18,"[0, 1, 3, 5, 6, 8, 10, 11, 13, 15, 17, 18, 20, 22, 23, 25, 27, 29]","[83.30000001192093, 178.20000004768372, 369.4000000357628, 553.0, 595.3000000119209, 717.1000000238419, 982.5, 1074.1000000238419, 1270.6000000238419, 1437.5, 1715.1000000238419, 1808.300000011921, 2084.0, 2348.900000035763, 2441.300000011921, 2627.0, 2902.400000035763, 3077.7000000476837]",R,15,train
542,angel,R,1,R_orient1,34,2,angel/R/orient1/tilt_forward_neutral_2/landmarks_trimmed.json,32,32,18,"[0, 1, 3, 5, 7, 9, 10, 12, 14, 16, 18, 20, 21, 23, 25, 27, 29, 31]","[99.19999998807907, 197.19999998807907, 380.80000001192093, 561.8999999761581, 762.5999999642372, 940.5, 1038.300000011921, 1233.699999988079, 1427.699999988079, 1612.5999999642372, 1797.5999999642372, 1997.300000011921, 2098.099999964237, 2284.5, 2472.300000011921, 2653.199999988079, 2833.399999976158, 3021.899999976158]",R,15,train
543,angel,R,1,R_orient1,34,1,angel/R/orient1/tilt_forward_toward_1/landmarks_trimmed.json,38,38,18,"[0, 2, 4, 6, 8, 10, 13, 15, 17, 19, 21, 23, 26, 28, 30, 32, 34, 37]","[99.0, 285.89999997615814, 468.0, 657.0, 821.5, 1002.8000000119209, 1089.300000011921, 1206.5, 1378.699999988079, 1549.5999999642372, 1716.5, 1841.800000011921, 2056.699999988079, 2223.5, 2407.800000011921, 2581.300000011921, 2753.399999976158, 3032.800000011921]",R,15,train
544,angel,R,1,R_orient1,34,1,angel/R/orient1/tilt_neutral_away_1/landmarks_trimmed.json,31,31,18,"[0, 1, 3, 5, 7, 8, 10, 12, 14, 15, 17, 19, 21, 22, 24, 26, 28, 30]","[93.79999995231628, 186.29999995231628, 383.5, 588.0, 782.1999999880791, 878.5, 1076.5999999642372, 1276.699999988079, 1476.2999999523163, 1581.2999999523163, 1772.2999999523163, 1961.5, 2152.2999999523163, 2243.099999964237, 2430.0, 2630.599999964237, 2814.0, 3001.099999964237]",R,15,train
545,angel,R,1,R_orient1,34,1,angel/R/orient1/tilt_neutral_neutral_1/landmarks_trimmed.json,33,33,18,"[0, 1, 3, 5, 7, 9, 11, 13, 15, 16, 18, 20, 22, 24, 26, 28, 30, 32]","[89.09999996423721, 179.5999999642372, 372.80000001192093, 550.8999999761581, 737.0, 929.8000000119209, 1116.5, 1288.800000011921, 1461.8999999761581, 1547.800000011921, 1735.199999988079, 1913.0999999642372, 2082.899999976158, 2272.300000011921, 2459.0, 2653.0, 2838.800000011921, 3026.099999964237]",R,15,train
546,angel,R,1,R_orient1,34,2,angel/R/orient1/tilt_neutral_neutral_2/landmarks_trimmed.json,35,35,18,"[0, 2, 4, 6, 8, 10, 12, 14, 16, 18, 20, 22, 24, 26, 28, 30, 32, 34]","[97.10000002384186, 288.80000001192093, 465.0, 601.6000000238419, 799.6999999880791, 996.3000000119209, 1190.4000000357628, 1384.699999988079, 1579.6000000238419, 1763.699999988079, 1942.4000000357628, 2127.699999988079, 2323.300000011921, 2519.5, 2662.600000023842, 2706.699999988079, 2893.600000023842, 3072.600000023842]",R,15,train
547,angel,R,1,R_orient1,34,1,angel/R/orient1/tilt_neutral_toward_1/landmarks_trimmed.json,31,31,18,"[0, 1, 3, 5, 7, 8, 10, 12, 14, 15, 17, 19, 21, 22, 24, 26, 28, 30]","[84.30000001192093, 177.30000001192093, 368.19999998807907, 560.0, 734.5, 819.4000000357628, 1008.1000000238419, 1194.1000000238419, 1381.4000000357628, 1478.6000000238419, 1664.699999988079, 1851.9000000357628, 2034.800000011921, 2126.699999988079, 2313.100000023842, 2551.600000023842, 2749.100000023842, 3030.0]",R,15,train
548,angel,R,2,R_orient2,35,1,angel/R/orient2/tilt_back_away_1/landmarks_trimmed.json,37,37,18,"[0, 2, 4, 6, 8, 10, 12, 14, 16, 19, 21, 23, 25, 27, 29, 31, 33, 36]","[92.60000002384186, 278.30000001192093, 467.5, 646.9000000357628, 783.5, 974.6000000238419, 1023.6000000238419, 1191.9000000357628, 1379.1000000238419, 1643.5, 1925.300000011921, 2046.9000000357628, 2246.800000011921, 2433.5, 2622.2000000476837, 2756.400000035763, 2805.900000035763, 3077.600000023842]",R,15,train
549,angel,R,2,R_orient2,35,1,angel/R/orient2/tilt_back_neutral_1/landmarks_trimmed.json,36,36,18,"[0, 2, 4, 6, 8, 10, 12, 14, 16, 18, 20, 22, 24, 26, 28, 30, 32, 35]","[90.39999997615814, 220.29999995231628, 265.0999999642372, 466.2999999523163, 640.6999999880791, 823.5999999642372, 1016.0999999642372, 1208.699999988079, 1397.0999999642372, 1558.199999988079, 1731.0999999642372, 1817.2999999523163, 1998.8999999761581, 2188.599999964237, 2377.0, 2637.699999988079, 2739.0, 3032.199999988079]",R,15,train
550,angel,R,2,R_orient2,35,2,angel/R/orient2/tilt_back_neutral_2/landmarks_trimmed.json,33,33,18,"[0, 1, 3, 5, 7, 9, 11, 13, 15, 16, 18, 20, 22, 24, 26, 28, 30, 32]","[94.39999997615814, 187.39999997615814, 372.89999997615814, 561.0999999642372, 751.1999999880791, 936.7999999523163, 1125.8999999761581, 1316.8999999761581, 1490.199999988079, 1583.0, 1766.199999988079, 1942.8999999761581, 2114.099999964237, 2296.899999976158, 2468.2999999523163, 2657.699999988079, 2841.399999976158, 3017.199999988079]",R,15,train
551,angel,R,2,R_orient2,35,1,angel/R/orient2/tilt_back_toward_1/landmarks_trimmed.json,37,37,18,"[0, 2, 4, 6, 8, 10, 12, 14, 16, 19, 21, 23, 25, 27, 29, 31, 33, 36]","[96.19999998807907, 280.89999997615814, 468.0999999642372, 659.8999999761581, 855.0999999642372, 1025.3999999761581, 1214.0999999642372, 1401.699999988079, 1573.800000011921, 1840.800000011921, 1974.199999988079, 2013.300000011921, 2191.099999964237, 2361.199999988079, 2535.699999988079, 2719.5, 2773.399999976158, 3067.399999976158]",R,15,train
552,angel,R,2,R_orient2,35,1,angel/R/orient2/tilt_forward_away_1/landmarks_trimmed.json,31,31,18,"[0, 1, 3, 5, 7, 8, 10, 12, 14, 15, 17, 19, 21, 22, 24, 26, 28, 30]","[89.30000001192093, 184.30000001192093, 380.19999998807907, 550.8000000119209, 816.8999999761581, 916.0, 1080.0999999642372, 1364.0, 1566.8999999761581, 1664.199999988079, 1923.3999999761581, 2111.599999964237, 2287.399999976158, 2373.199999988079, 2546.300000011921, 2730.199999988079, 2901.800000011921, 3081.899999976158]",R,15,train
553,angel,R,2,R_orient2,35,1,angel/R/orient2/tilt_forward_neutral_1/landmarks_trimmed.json,36,36,18,"[0, 2, 4, 6, 8, 10, 12, 14, 16, 18, 20, 22, 24, 26, 28, 30, 32, 35]","[100.69999998807907, 287.39999997615814, 563.3000000119209, 688.5, 743.5, 873.6999999880791, 1053.5, 1227.5, 1407.5999999642372, 1519.8999999761581, 1651.0, 1836.699999988079, 2028.0999999642372, 2207.099999964237, 2380.599999964237, 2568.599999964237, 2753.199999988079, 3037.800000011921]",R,15,train
554,angel,R,2,R_orient2,35,2,angel/R/orient2/tilt_forward_neutral_2/landmarks_trimmed.json,34,34,18,"[0, 1, 3, 5, 7, 9, 11, 13, 15, 17, 19, 21, 23, 25, 27, 29, 31, 33]","[84.89999997615814, 171.80000001192093, 366.89999997615814, 556.0999999642372, 737.3000000119209, 909.3999999761581, 1094.5, 1286.5999999642372, 1474.800000011921, 1663.0, 1850.5, 2039.3999999761581, 2183.699999988079, 2374.099999964237, 2550.5, 2730.099999964237, 2907.599999964237, 3085.0]",R,15,validation
555,angel,R,2,R_orient2,35,1,angel/R/orient2/tilt_forward_toward_1/landmarks_trimmed.json,36,36,18,"[0, 2, 4, 6, 8, 10, 12, 14, 16, 18, 20, 22, 24, 26, 28, 30, 32, 35]","[93.40000003576279, 287.7000000476837, 472.4000000357628, 662.1000000238419, 853.2000000476837, 1036.4000000357628, 1204.2000000476837, 1255.300000011921, 1442.7000000476837, 1628.5, 1814.6000000238419, 1966.4000000357628, 2014.9000000357628, 2191.900000035763, 2375.100000023842, 2544.300000011921, 2731.0, 3012.2000000476837]",R,15,train
556,angel,R,2,R_orient2,35,1,angel/R/orient2/tilt_neutral_away_1/landmarks_trimmed.json,33,33,18,"[0, 1, 3, 5, 7, 9, 11, 13, 15, 16, 18, 20, 22, 24, 26, 28, 30, 32]","[93.09999996423721, 186.0, 376.89999997615814, 568.1999999880791, 756.5999999642372, 937.7999999523163, 1107.8999999761581, 1289.5, 1482.2999999523163, 1578.0, 1768.0999999642372, 1956.0999999642372, 2147.599999964237, 2340.099999964237, 2517.899999976158, 2707.2999999523163, 2891.699999988079, 3071.099999964237]",R,15,train
557,angel,R,2,R_orient2,35,1,angel/R/orient2/tilt_neutral_neutral_1/landmarks_trimmed.json,36,36,18,"[0, 2, 4, 6, 8, 10, 12, 14, 16, 18, 20, 22, 24, 26, 28, 30, 32, 35]","[94.20000004768372, 270.4000000357628, 393.5, 429.7000000476837, 622.4000000357628, 793.5, 981.1000000238419, 1125.0, 1188.5, 1392.6000000238419, 1564.800000011921, 1741.9000000357628, 1931.7000000476837, 2123.800000011921, 2309.800000011921, 2495.100000023842, 2691.800000011921, 3038.300000011921]",R,15,train
558,angel,R,2,R_orient2,35,2,angel/R/orient2/tilt_neutral_neutral_2/landmarks_trimmed.json,33,33,18,"[0, 1, 3, 5, 7, 9, 11, 13, 15, 16, 18, 20, 22, 24, 26, 28, 30, 32]","[84.19999998807907, 175.19999998807907, 351.5, 530.1999999880791, 719.2999999523163, 915.0, 1100.2999999523163, 1279.199999988079, 1448.3999999761581, 1535.8999999761581, 1723.0, 1909.199999988079, 2101.399999976158, 2293.099999964237, 2470.599999964237, 2637.699999988079, 2815.099999964237, 3004.399999976158]",R,15,validation
559,angel,R,2,R_orient2,35,1,angel/R/orient2/tilt_neutral_toward_1/landmarks_trimmed.json,32,32,18,"[0, 1, 3, 5, 7, 9, 10, 12, 14, 16, 18, 20, 21, 23, 25, 27, 29, 31]","[92.29999995231628, 186.5, 374.0999999642372, 562.0, 754.2999999523163, 939.3999999761581, 1034.699999988079, 1217.3999999761581, 1401.5999999642372, 1583.0, 1784.2999999523163, 1976.199999988079, 2073.599999964237, 2277.399999976158, 2471.199999988079, 2663.199999988079, 2839.899999976158, 3011.399999976158]",R,15,train
560,angel,R,3,R_orient3,36,1,angel/R/orient3/tilt_back_away_1/landmarks_trimmed.json,33,33,18,"[0, 1, 3, 5, 7, 9, 11, 13, 15, 16, 18, 20, 22, 24, 26, 28, 30, 32]","[92.80000001192093, 180.69999998807907, 364.19999998807907, 520.8999999761581, 726.3000000119209, 912.8000000119209, 1093.1000000238419, 1274.300000011921, 1547.199999988079, 1640.5, 1832.3999999761581, 2019.199999988079, 2205.5, 2392.600000023842, 2560.800000011921, 2745.199999988079, 2838.5, 3021.800000011921]",R,15,train
561,angel,R,3,R_orient3,36,1,angel/R/orient3/tilt_back_neutral_1/landmarks_trimmed.json,33,33,18,"[0, 1, 3, 5, 7, 9, 11, 13, 15, 16, 18, 20, 22, 24, 26, 28, 30, 32]","[87.60000002384186, 172.30000001192093, 340.0, 531.0, 728.9000000357628, 927.3000000119209, 1101.4000000357628, 1283.1000000238419, 1478.300000011921, 1572.300000011921, 1753.0, 1938.0, 2122.100000023842, 2312.600000023842, 2480.5, 2653.100000023842, 2838.300000011921, 3039.100000023842]",R,15,train
562,angel,R,3,R_orient3,36,2,angel/R/orient3/tilt_back_neutral_2/landmarks_trimmed.json,29,29,18,"[0, 1, 3, 4, 6, 8, 9, 11, 13, 14, 16, 18, 19, 21, 23, 24, 26, 28]","[96.5, 388.30000001192093, 732.1999999880791, 826.6999999880791, 1115.5999999642372, 1299.0, 1398.0, 1593.5999999642372, 1777.5, 1870.5999999642372, 1915.0999999642372, 2092.399999976158, 2185.099999964237, 2361.099999964237, 2540.899999976158, 2641.5, 2826.899999976158, 3014.099999964237]",R,15,train
563,angel,R,3,R_orient3,36,1,angel/R/orient3/tilt_back_toward_1/landmarks_trimmed.json,32,32,18,"[0, 1, 3, 5, 7, 9, 10, 12, 14, 16, 18, 20, 21, 23, 25, 27, 29, 31]","[97.5, 195.60000002384186, 399.5, 601.3999999761581, 767.5, 954.0, 1052.5, 1252.699999988079, 1429.699999988079, 1629.699999988079, 1824.199999988079, 2004.699999988079, 2095.100000023842, 2296.600000023842, 2486.600000023842, 2669.199999988079, 2858.5, 3053.5]",R,15,train
564,angel,R,3,R_orient3,36,1,angel/R/orient3/tilt_forward_away_1/landmarks_trimmed.json,34,34,18,"[0, 1, 3, 5, 7, 9, 11, 13, 15, 17, 19, 21, 23, 25, 27, 29, 31, 33]","[92.39999997615814, 191.0, 389.0, 599.5, 786.2999999523163, 977.2999999523163, 1144.0, 1243.0999999642372, 1417.199999988079, 1598.2999999523163, 1784.7999999523163, 1974.3999999761581, 2161.2999999523163, 2347.7999999523163, 2516.7999999523163, 2689.899999976158, 2862.699999988079, 3029.5]",R,15,train
565,angel,R,3,R_orient3,36,1,angel/R/orient3/tilt_forward_neutral_1/landmarks_trimmed.json,32,32,18,"[0, 1, 3, 5, 7, 9, 10, 12, 14, 16, 18, 20, 21, 23, 25, 27, 29, 31]","[94.59999996423721, 184.69999998807907, 371.0999999642372, 576.7999999523163, 783.6999999880791, 986.1999999880791, 1077.3999999761581, 1252.699999988079, 1420.0, 1608.0999999642372, 1796.0999999642372, 1977.0999999642372, 2064.699999988079, 2250.2999999523163, 2448.399999976158, 2641.7999999523163, 2836.599999964237, 3012.599999964237]",R,15,train
566,angel,R,3,R_orient3,36,2,angel/R/orient3/tilt_forward_neutral_2/landmarks_trimmed.json,33,33,18,"[0, 1, 3, 5, 7, 9, 11, 13, 15, 16, 18, 20, 22, 24, 26, 28, 30, 32]","[91.69999998807907, 191.5, 367.89999997615814, 502.0999999642372, 699.5999999642372, 866.3000000119209, 1044.5, 1231.800000011921, 1429.0, 1527.800000011921, 1708.699999988079, 1880.699999988079, 2047.199999988079, 2234.699999988079, 2424.099999964237, 2635.199999988079, 2833.0, 3013.800000011921]",R,15,train
567,angel,R,3,R_orient3,36,1,angel/R/orient3/tilt_forward_toward_1/landmarks_trimmed.json,31,31,18,"[0, 1, 3, 5, 7, 8, 10, 12, 14, 15, 17, 19, 21, 22, 24, 26, 28, 30]","[101.90000003576279, 191.60000002384186, 378.5, 560.0, 808.4000000357628, 901.1999999880791, 1076.800000011921, 1248.1000000238419, 1416.699999988079, 1499.300000011921, 1683.300000011921, 1966.5, 2152.699999988079, 2244.800000011921, 2432.100000023842, 2618.900000035763, 2897.900000035763, 3081.400000035763]",R,15,validation
568,angel,R,3,R_orient3,36,1,angel/R/orient3/tilt_neutral_away_1/landmarks_trimmed.json,34,34,18,"[0, 1, 3, 5, 7, 9, 11, 13, 15, 17, 19, 21, 23, 25, 27, 29, 31, 33]","[81.40000003576279, 165.80000001192093, 352.5, 539.7000000476837, 724.8000000119209, 912.6000000238419, 1094.4000000357628, 1267.7000000476837, 1447.2000000476837, 1633.2000000476837, 1818.0, 1991.0, 2168.5, 2357.300000011921, 2543.5, 2730.0, 2895.7000000476837, 3086.0]",R,15,validation
569,angel,R,3,R_orient3,36,1,angel/R/orient3/tilt_neutral_neutral_1/landmarks_trimmed.json,32,32,18,"[0, 1, 3, 5, 7, 9, 10, 12, 14, 16, 18, 20, 21, 23, 25, 27, 29, 31]","[98.0, 188.5999999642372, 370.19999998807907, 559.1999999880791, 744.3999999761581, 932.7999999523163, 1025.5, 1311.5999999642372, 1504.7999999523163, 1703.3999999761581, 1889.5999999642372, 2057.899999976158, 2148.7999999523163, 2338.199999988079, 2525.099999964237, 2711.199999988079, 2901.199999988079, 3089.5]",R,15,train
570,angel,R,3,R_orient3,36,2,angel/R/orient3/tilt_neutral_neutral_2/landmarks_trimmed.json,32,32,18,"[0, 1, 3, 5, 7, 9, 10, 12, 14, 16, 18, 20, 21, 23, 25, 27, 29, 31]","[101.0, 200.69999998807907, 388.0999999642372, 578.5999999642372, 762.5, 950.8000000119209, 1046.3999999761581, 1234.8999999761581, 1422.199999988079, 1617.699999988079, 1821.699999988079, 2016.5, 2113.899999976158, 2302.300000011921, 2488.800000011921, 2680.599999964237, 2866.699999988079, 3057.399999976158]",R,15,train
571,angel,R,3,R_orient3,36,1,angel/R/orient3/tilt_neutral_toward_1/landmarks_trimmed.json,34,34,18,"[0, 1, 3, 5, 7, 9, 11, 13, 15, 17, 19, 21, 23, 25, 27, 29, 31, 33]","[91.5, 186.89999997615814, 379.69999998807907, 578.1999999880791, 785.0999999642372, 892.3999999761581, 1109.7999999523163, 1279.199999988079, 1465.7999999523163, 1607.8999999761581, 1650.8999999761581, 1860.0999999642372, 2059.699999988079, 2253.0, 2441.199999988079, 2617.2999999523163, 2807.7999999523163, 3012.0]",R,15,train
572,angel,S,1,S_orient1,37,1,angel/S/orient1/tilt_back_away_1/landmarks_trimmed.json,24,24,18,"[0, 1, 2, 4, 5, 6, 8, 9, 10, 12, 13, 14, 16, 17, 18, 20, 21, 23]","[128.0, 246.09999990463257, 358.09999990463257, 607.0999999046326, 728.0, 844.3999999761581, 1102.1999999284744, 1231.0, 1463.7999999523163, 1689.5, 1792.5999999046326, 1899.0, 2163.1999999284744, 2301.0, 2421.7999999523163, 2654.6999999284744, 2778.7999999523163, 3019.2999999523163]",S,16,train
573,angel,S,1,S_orient1,37,1,angel/S/orient1/tilt_back_neutral_1/landmarks_trimmed.json,25,25,18,"[0, 1, 2, 4, 5, 7, 8, 9, 11, 12, 14, 15, 16, 18, 19, 21, 22, 24]","[141.30000007152557, 258.7000000476837, 377.89999997615814, 622.7000000476837, 747.8000000715256, 986.5, 1107.8999999761581, 1231.7000000476837, 1463.3000000715256, 1589.3999999761581, 1845.8999999761581, 1960.6000000238419, 2082.2000000476837, 2329.8000000715256, 2445.8000000715256, 2713.5, 2836.100000023842, 3080.8000000715256]",S,16,train
574,angel,S,1,S_orient1,37,2,angel/S/orient1/tilt_back_neutral_2/landmarks_trimmed.json,26,26,18,"[0, 1, 2, 4, 5, 7, 8, 10, 11, 13, 14, 16, 17, 19, 20, 22, 23, 25]","[111.20000004768372, 227.20000004768372, 348.60000002384186, 577.8000000715256, 687.3000000715256, 909.7000000476837, 1019.2000000476837, 1232.2000000476837, 1344.1000000238419, 1567.8000000715256, 1684.1000000238419, 1922.0, 2038.8000000715256, 2290.2000000476837, 2412.0, 2667.9000000953674, 2787.3000000715256, 3038.3000000715256]",S,16,validation
575,angel,S,1,S_orient1,37,1,angel/S/orient1/tilt_back_toward_1/landmarks_trimmed.json,26,26,18,"[0, 1, 2, 4, 5, 7, 8, 10, 11, 13, 14, 16, 17, 19, 20, 22, 23, 25]","[127.59999990463257, 260.6999999284744, 315.0, 465.5, 589.2999999523163, 828.1999999284744, 941.7999999523163, 1183.0999999046326, 1323.3999999761581, 1565.0, 1686.6999999284744, 1934.0, 2048.0999999046326, 2294.0, 2417.2999999523163, 2691.399999976158, 2806.1999999284744, 3050.0999999046326]",S,16,validation
576,angel,S,1,S_orient1,37,1,angel/S/orient1/tilt_forward_away_1/landmarks_trimmed.json,33,33,18,"[0, 1, 3, 5, 7, 9, 11, 13, 15, 16, 18, 20, 22, 24, 26, 28, 30, 32]","[94.70000004768372, 190.5, 362.30000001192093, 528.1000000238419, 713.1000000238419, 899.9000000357628, 1087.300000011921, 1276.300000011921, 1458.9000000357628, 1542.5, 1720.7000000476837, 1889.6000000238419, 2085.0, 2280.2000000476837, 2477.7000000476837, 2663.900000035763, 2850.7000000476837, 3038.800000011921]",S,16,train
577,angel,S,1,S_orient1,37,1,angel/S/orient1/tilt_forward_neutral_1/landmarks_trimmed.json,33,33,18,"[0, 1, 3, 5, 7, 9, 11, 13, 15, 16, 18, 20, 22, 24, 26, 28, 30, 32]","[94.60000002384186, 180.89999997615814, 362.60000002384186, 557.6000000238419, 737.8999999761581, 909.1999999880791, 1073.699999988079, 1266.699999988079, 1449.699999988079, 1531.3999999761581, 1715.3999999761581, 1900.8999999761581, 2091.699999988079, 2279.0, 2447.800000011921, 2635.100000023842, 2817.0, 3006.199999988079]",S,16,train
578,angel,S,1,S_orient1,37,2,angel/S/orient1/tilt_forward_neutral_2/landmarks_trimmed.json,35,35,18,"[0, 2, 4, 6, 8, 10, 12, 14, 16, 18, 20, 22, 24, 26, 28, 30, 32, 34]","[100.40000003576279, 298.80000001192093, 490.10000002384186, 638.7000000476837, 693.5, 886.9000000357628, 1061.0, 1245.6000000238419, 1425.9000000357628, 1550.6000000238419, 1730.7000000476837, 1913.2000000476837, 2080.100000023842, 2272.7000000476837, 2446.400000035763, 2634.900000035763, 2829.7000000476837, 3008.5]",S,16,train
579,angel,S,1,S_orient1,37,1,angel/S/orient1/tilt_forward_toward_1/landmarks_trimmed.json,35,35,18,"[0, 2, 4, 6, 8, 10, 12, 14, 16, 18, 20, 22, 24, 26, 28, 30, 32, 34]","[91.69999998807907, 279.19999998807907, 473.30000001192093, 612.1999999880791, 791.3999999761581, 973.8000000119209, 1160.1000000238419, 1221.800000011921, 1363.5, 1552.199999988079, 1737.3999999761581, 1910.5, 2077.899999976158, 2256.800000011921, 2443.899999976158, 2634.800000011921, 2833.199999988079, 3036.300000011921]",S,16,train
580,angel,S,1,S_orient1,37,1,angel/S/orient1/tilt_neutral_away_1/landmarks_trimmed.json,25,25,18,"[0, 1, 2, 4, 5, 7, 8, 9, 11, 12, 14, 15, 16, 18, 19, 21, 22, 24]","[133.79999995231628, 260.59999990463257, 382.6999999284744, 613.8999999761581, 742.5, 997.7999999523163, 1124.3999999761581, 1242.0, 1498.0, 1636.7999999523163, 1877.3999999761581, 1996.1999999284744, 2104.5, 2323.5, 2435.1999999284744, 2655.5999999046326, 2771.899999976158, 3002.5999999046326]",S,16,train
581,angel,S,1,S_orient1,37,1,angel/S/orient1/tilt_neutral_neutral_1/landmarks_trimmed.json,27,27,18,"[0, 1, 3, 4, 6, 7, 9, 10, 12, 13, 15, 16, 18, 19, 21, 22, 24, 26]","[118.69999992847443, 224.69999992847443, 461.1999999284744, 576.8999999761581, 813.6999999284744, 928.5, 1172.3999999761581, 1294.5999999046326, 1527.6999999284744, 1634.5999999046326, 1854.5999999046326, 1962.5999999046326, 2183.0999999046326, 2294.6999999284744, 2525.399999976158, 2639.7999999523163, 2869.1999999284744, 3087.0999999046326]",S,16,train
582,angel,S,1,S_orient1,37,2,angel/S/orient1/tilt_neutral_neutral_2/landmarks_trimmed.json,25,25,18,"[0, 1, 2, 4, 5, 7, 8, 9, 11, 12, 14, 15, 16, 18, 19, 21, 22, 24]","[112.80000007152557, 222.89999997615814, 340.8000000715256, 595.1000000238419, 725.6000000238419, 987.3999999761581, 1119.1000000238419, 1232.8999999761581, 1457.0, 1570.1000000238419, 1808.5, 1927.5, 2049.600000023842, 2307.8000000715256, 2442.2000000476837, 2674.7000000476837, 2783.100000023842, 3026.3000000715256]",S,16,train
583,angel,S,1,S_orient1,37,1,angel/S/orient1/tilt_neutral_toward_1/landmarks_trimmed.json,33,33,18,"[0, 1, 3, 5, 7, 9, 11, 13, 15, 16, 18, 20, 22, 24, 26, 28, 30, 32]","[94.40000003576279, 184.10000002384186, 372.60000002384186, 549.1000000238419, 746.5, 935.0, 1124.5, 1310.699999988079, 1492.1000000238419, 1577.800000011921, 1750.5, 1914.699999988079, 2100.300000011921, 2292.699999988079, 2480.100000023842, 2668.0, 2867.5, 3054.0]",S,16,train
584,angel,T,1,T_orient1,38,1,angel/T/orient1/tilt_back_away_1/landmarks_trimmed.json,26,26,18,"[0, 1, 2, 4, 5, 7, 8, 10, 11, 13, 14, 16, 17, 19, 20, 22, 23, 25]","[108.79999995231628, 221.89999997615814, 334.2999999523163, 553.6000000238419, 667.6999999284744, 904.6000000238419, 1016.2999999523163, 1273.1000000238419, 1403.7999999523163, 1650.7999999523163, 1767.1999999284744, 2037.3999999761581, 2163.2999999523163, 2407.1999999284744, 2529.2999999523163, 2769.7999999523163, 2887.100000023842, 3106.899999976158]",T,17,train
585,angel,T,1,T_orient1,38,1,angel/T/orient1/tilt_back_neutral_1/landmarks_trimmed.json,25,25,18,"[0, 1, 2, 4, 5, 7, 8, 9, 11, 12, 14, 15, 16, 18, 19, 21, 22, 24]","[133.60000002384186, 259.5, 376.89999997615814, 604.6000000238419, 722.7000000476837, 955.3999999761581, 1077.1000000238419, 1207.8000000715256, 1447.0, 1572.0, 1796.7000000476837, 1916.7000000476837, 2029.5, 2269.600000023842, 2399.899999976158, 2661.3000000715256, 2792.0, 3039.8000000715256]",T,17,validation
586,angel,T,1,T_orient1,38,2,angel/T/orient1/tilt_back_neutral_2/landmarks_trimmed.json,26,26,18,"[0, 1, 2, 4, 5, 7, 8, 10, 11, 13, 14, 16, 17, 19, 20, 22, 23, 25]","[113.39999997615814, 231.29999995231628, 354.39999997615814, 593.5, 710.1000000238419, 938.6999999284744, 1056.0, 1272.6999999284744, 1386.5, 1617.6999999284744, 1728.6000000238419, 1960.2999999523163, 2080.0, 2316.1999999284744, 2424.0, 2672.899999976158, 2813.6999999284744, 3064.0]",T,17,train
587,angel,T,1,T_orient1,38,1,angel/T/orient1/tilt_back_toward_1/landmarks_trimmed.json,26,26,18,"[0, 1, 2, 4, 5, 7, 8, 10, 11, 13, 14, 16, 17, 19, 20, 22, 23, 25]","[120.80000007152557, 230.60000002384186, 343.7000000476837, 566.8000000715256, 696.6000000238419, 947.9000000953674, 1058.5, 1296.1000000238419, 1419.4000000953674, 1638.7000000476837, 1746.8000000715256, 1978.6000000238419, 2107.0, 2371.2000000476837, 2488.8000000715256, 2733.100000023842, 2850.3000000715256, 3072.3000000715256]",T,17,train
588,angel,T,1,T_orient1,38,1,angel/T/orient1/tilt_forward_away_1/landmarks_trimmed.json,24,24,18,"[0, 1, 2, 4, 5, 6, 8, 9, 10, 12, 13, 14, 16, 17, 18, 20, 21, 23]","[122.39999997615814, 241.0, 370.7000000476837, 611.8000000715256, 739.3999999761581, 869.5, 1125.1000000238419, 1251.2000000476837, 1379.5, 1645.6000000238419, 1784.5, 1903.6000000238419, 2149.2000000476837, 2270.7000000476837, 2395.2000000476837, 2641.2000000476837, 2769.0, 3007.8000000715256]",T,17,train
589,angel,T,1,T_orient1,38,1,angel/T/orient1/tilt_forward_neutral_1/landmarks_trimmed.json,26,26,18,"[0, 1, 2, 4, 5, 7, 8, 10, 11, 13, 14, 16, 17, 19, 20, 22, 23, 25]","[112.29999995231628, 218.79999995231628, 333.5, 552.6999999284744, 670.5999999046326, 901.1999999284744, 1027.2999999523163, 1292.8999999761581, 1408.6999999284744, 1641.0, 1762.0, 2023.5999999046326, 2143.399999976158, 2396.0, 2512.0999999046326, 2752.0999999046326, 2870.2999999523163, 3090.5999999046326]",T,17,train
590,angel,T,1,T_orient1,38,2,angel/T/orient1/tilt_forward_neutral_2/landmarks_trimmed.json,26,26,18,"[0, 1, 2, 4, 5, 7, 8, 10, 11, 13, 14, 16, 17, 19, 20, 22, 23, 25]","[124.10000002384186, 234.89999997615814, 348.7000000476837, 584.8999999761581, 701.0, 933.6000000238419, 1045.1000000238419, 1278.6000000238419, 1394.1000000238419, 1625.5, 1745.7000000476837, 1962.3999999761581, 2075.0, 2300.2999999523163, 2413.5, 2642.2000000476837, 2753.2000000476837, 3016.5]",T,17,validation
591,angel,T,1,T_orient1,38,1,angel/T/orient1/tilt_forward_toward_1/landmarks_trimmed.json,25,25,18,"[0, 1, 2, 4, 5, 7, 8, 9, 11, 12, 14, 15, 16, 18, 19, 21, 22, 24]","[112.5, 229.20000004768372, 347.0, 571.3999999761581, 691.6000000238419, 956.8000000715256, 1081.1000000238419, 1200.2000000476837, 1436.8999999761581, 1553.7000000476837, 1825.8999999761581, 1953.3999999761581, 2073.3000000715256, 2307.8000000715256, 2430.100000023842, 2663.600000023842, 2783.8000000715256, 3046.7000000476837]",T,17,train
592,angel,T,1,T_orient1,38,1,angel/T/orient1/tilt_neutral_away_1/landmarks_trimmed.json,26,26,18,"[0, 1, 2, 4, 5, 7, 8, 10, 11, 13, 14, 16, 17, 19, 20, 22, 23, 25]","[130.0, 257.60000002384186, 375.6999999284744, 601.6000000238419, 720.5, 971.3999999761581, 1088.0, 1333.2999999523163, 1461.8999999761581, 1691.7999999523163, 1822.1999999284744, 2065.100000023842, 2178.899999976158, 2407.399999976158, 2517.5, 2757.7999999523163, 2871.6999999284744, 3124.5]",T,17,train
593,angel,T,1,T_orient1,38,1,angel/T/orient1/tilt_neutral_neutral_1/landmarks_trimmed.json,25,25,18,"[0, 1, 2, 4, 5, 7, 8, 9, 11, 12, 14, 15, 16, 18, 19, 21, 22, 24]","[129.89999997615814, 262.39999997615814, 395.60000002384186, 669.2999999523163, 810.7999999523163, 1046.5, 1166.6000000238419, 1288.2000000476837, 1534.1000000238419, 1668.2999999523163, 1937.1000000238419, 2047.7999999523163, 2167.0, 2390.7000000476837, 2503.899999976158, 2747.5, 2866.600000023842, 3118.7000000476837]",T,17,train
594,angel,T,1,T_orient1,38,2,angel/T/orient1/tilt_neutral_neutral_2/landmarks_trimmed.json,25,25,18,"[0, 1, 2, 4, 5, 7, 8, 9, 11, 12, 14, 15, 16, 18, 19, 21, 22, 24]","[125.5, 260.3000000715256, 381.8000000715256, 629.7000000476837, 749.3000000715256, 1003.3999999761581, 1116.3000000715256, 1236.8999999761581, 1492.1000000238419, 1604.7000000476837, 1854.8000000715256, 1980.2000000476837, 2096.3000000715256, 2335.2000000476837, 2450.600000023842, 2700.2000000476837, 2819.399999976158, 3070.7000000476837]",T,17,train
595,angel,T,1,T_orient1,38,1,angel/T/orient1/tilt_neutral_toward_1/landmarks_trimmed.json,26,26,18,"[0, 1, 2, 4, 5, 7, 8, 10, 11, 13, 14, 16, 17, 19, 20, 22, 23, 25]","[129.90000009536743, 248.10000002384186, 363.40000009536743, 613.9000000953674, 730.3000000715256, 961.6000000238419, 1071.2000000476837, 1296.6000000238419, 1409.8000000715256, 1639.1000000238419, 1752.6000000238419, 1994.2000000476837, 2127.0, 2359.7000000476837, 2475.2000000476837, 2699.100000023842, 2822.2000000476837, 3058.100000023842]",T,17,train
596,angel,U,1,U_orient1,39,1,angel/U/orient1/tilt_back_away_1/landmarks_trimmed.json,26,26,18,"[0, 1, 2, 4, 5, 7, 8, 10, 11, 13, 14, 16, 17, 19, 20, 22, 23, 25]","[120.29999995231628, 179.29999995231628, 299.0, 547.1000000238419, 677.7999999523163, 922.1000000238419, 1043.6000000238419, 1270.2000000476837, 1385.6000000238419, 1650.2999999523163, 1764.6000000238419, 2007.7000000476837, 2129.7999999523163, 2356.100000023842, 2469.7999999523163, 2702.399999976158, 2811.899999976158, 3068.2000000476837]",U,18,validation
597,angel,U,1,U_orient1,39,1,angel/U/orient1/tilt_back_neutral_1/landmarks_trimmed.json,25,25,18,"[0, 1, 2, 4, 5, 7, 8, 9, 11, 12, 14, 15, 16, 18, 19, 21, 22, 24]","[125.39999997615814, 264.7999999523163, 385.6999999284744, 622.5999999046326, 735.5, 995.7999999523163, 1115.3999999761581, 1288.5, 1522.1999999284744, 1631.1999999284744, 1867.1999999284744, 1974.1999999284744, 2084.7999999523163, 2303.2999999523163, 2416.1999999284744, 2668.0999999046326, 2801.2999999523163, 3040.5999999046326]",U,18,train
598,angel,U,1,U_orient1,39,2,angel/U/orient1/tilt_back_neutral_2/landmarks_trimmed.json,25,25,18,"[0, 1, 2, 4, 5, 7, 8, 9, 11, 12, 14, 15, 16, 18, 19, 21, 22, 24]","[132.90000009536743, 257.5, 388.60000002384186, 644.8000000715256, 766.3000000715256, 1009.0, 1123.0, 1249.4000000953674, 1493.9000000953674, 1632.5, 1861.2000000476837, 1977.9000000953674, 2092.8000000715256, 2321.9000000953674, 2430.3000000715256, 2647.2000000476837, 2757.3000000715256, 3009.3000000715256]",U,18,train
599,angel,U,1,U_orient1,39,1,angel/U/orient1/tilt_back_toward_1/landmarks_trimmed.json,23,23,18,"[0, 1, 2, 3, 5, 6, 7, 9, 10, 11, 12, 14, 15, 16, 18, 19, 20, 22]","[119.19999992847443, 565.2999999523163, 681.5999999046326, 790.8999999761581, 1009.5999999046326, 1122.5, 1230.2999999523163, 1459.1999999284744, 1575.6999999284744, 1703.5999999046326, 1826.1999999284744, 2069.899999976158, 2191.7999999523163, 2313.7999999523163, 2553.899999976158, 2673.1999999284744, 2783.6999999284744, 3022.399999976158]",U,18,train
600,angel,U,1,U_orient1,39,1,angel/U/orient1/tilt_forward_away_1/landmarks_trimmed.json,25,25,18,"[0, 1, 2, 4, 5, 7, 8, 9, 11, 12, 14, 15, 16, 18, 19, 21, 22, 24]","[115.20000004768372, 233.5, 355.60000002384186, 596.1000000238419, 724.2000000476837, 966.5, 1088.0, 1204.1000000238419, 1458.7000000476837, 1582.1000000238419, 1819.7000000476837, 1941.0, 2058.7000000476837, 2302.100000023842, 2427.100000023842, 2652.899999976158, 2776.7000000476837, 3014.5]",U,18,validation
601,angel,U,1,U_orient1,39,1,angel/U/orient1/tilt_forward_neutral_1/landmarks_trimmed.json,25,25,18,"[0, 1, 2, 4, 5, 7, 8, 9, 11, 12, 14, 15, 16, 18, 19, 21, 22, 24]","[122.39999997615814, 253.10000002384186, 366.2999999523163, 599.1999999284744, 720.1000000238419, 957.0, 1081.3999999761581, 1200.6999999284744, 1458.1999999284744, 1575.6000000238419, 1820.1000000238419, 1932.6000000238419, 2048.7999999523163, 2311.399999976158, 2432.399999976158, 2668.0, 2786.399999976158, 3041.0]",U,18,train
602,angel,U,1,U_orient1,39,2,angel/U/orient1/tilt_forward_neutral_2/landmarks_trimmed.json,24,24,18,"[0, 1, 2, 4, 5, 6, 8, 9, 10, 12, 13, 14, 16, 17, 18, 20, 21, 23]","[126.60000002384186, 254.5, 370.1999999284744, 617.8999999761581, 751.0, 878.7999999523163, 1126.8999999761581, 1260.7999999523163, 1397.7999999523163, 1656.5, 1780.5, 1917.5, 2165.1999999284744, 2287.100000023842, 2409.600000023842, 2657.1999999284744, 2784.6999999284744, 3025.5]",U,18,train
603,angel,U,1,U_orient1,39,1,angel/U/orient1/tilt_forward_toward_1/landmarks_trimmed.json,25,25,18,"[0, 1, 2, 4, 5, 7, 8, 9, 11, 12, 14, 15, 16, 18, 19, 21, 22, 24]","[127.29999995231628, 259.89999997615814, 381.0, 621.3999999761581, 758.1999999284744, 1021.3999999761581, 1133.2999999523163, 1241.7999999523163, 1499.8999999761581, 1623.8999999761581, 1871.5, 1995.1999999284744, 2113.0, 2333.899999976158, 2447.7999999523163, 2681.399999976158, 2787.899999976158, 3021.0]",U,18,train
604,angel,U,1,U_orient1,39,1,angel/U/orient1/tilt_neutral_away_1/landmarks_trimmed.json,26,26,18,"[0, 1, 2, 4, 5, 7, 8, 10, 11, 13, 14, 16, 17, 19, 20, 22, 23, 25]","[112.60000002384186, 225.0, 344.5, 581.3000000715256, 757.1000000238419, 1007.1000000238419, 1119.0, 1350.0, 1469.0, 1729.2000000476837, 1860.0, 2080.7000000476837, 2198.600000023842, 2432.600000023842, 2545.9000000953674, 2771.600000023842, 2881.5, 3113.100000023842]",U,18,train
605,angel,U,1,U_orient1,39,1,angel/U/orient1/tilt_neutral_neutral_1/landmarks_trimmed.json,25,25,18,"[0, 1, 2, 4, 5, 7, 8, 9, 11, 12, 14, 15, 16, 18, 19, 21, 22, 24]","[127.5, 257.7000000476837, 375.2000000476837, 625.5, 735.7000000476837, 992.7000000476837, 1113.3999999761581, 1225.8999999761581, 1468.6000000238419, 1585.6000000238419, 1829.2999999523163, 1954.1000000238419, 2078.5, 2338.7999999523163, 2471.7000000476837, 2715.7999999523163, 2823.600000023842, 3049.2000000476837]",U,18,train
606,angel,U,1,U_orient1,39,2,angel/U/orient1/tilt_neutral_neutral_2/landmarks_trimmed.json,25,25,18,"[0, 1, 2, 4, 5, 7, 8, 9, 11, 12, 14, 15, 16, 18, 19, 21, 22, 24]","[115.59999990463257, 245.59999990463257, 376.1999999284744, 612.7999999523163, 729.5999999046326, 959.5, 1086.5, 1226.7999999523163, 1461.7999999523163, 1586.0, 1840.5, 1955.8999999761581, 2077.0999999046326, 2312.1999999284744, 2428.0999999046326, 2661.5, 2785.6999999284744, 3047.399999976158]",U,18,train
607,angel,U,1,U_orient1,39,1,angel/U/orient1/tilt_neutral_toward_1/landmarks_trimmed.json,25,25,18,"[0, 1, 2, 4, 5, 7, 8, 9, 11, 12, 14, 15, 16, 18, 19, 21, 22, 24]","[120.5, 233.30000007152557, 361.0, 593.5, 713.0, 950.7000000476837, 1071.2000000476837, 1187.5, 1418.3000000715256, 1544.6000000238419, 1813.7000000476837, 1931.2000000476837, 2046.8999999761581, 2284.100000023842, 2410.0, 2642.3000000715256, 2763.0, 3020.5]",U,18,validation
608,angel,U,2,U_orient2,40,1,angel/U/orient2/tilt_back_away_1/landmarks_trimmed.json,22,22,18,"[0, 1, 2, 3, 4, 6, 7, 8, 9, 11, 12, 13, 14, 16, 17, 18, 19, 21]","[123.29999995231628, 252.09999990463257, 366.59999990463257, 498.0, 640.8999999761581, 910.0999999046326, 1029.8999999761581, 1147.3999999761581, 1262.7999999523163, 1505.5, 1622.1999999284744, 1750.8999999761581, 1876.6999999284744, 2133.0, 2244.899999976158, 2359.7999999523163, 2703.399999976158, 3044.7999999523163]",U,18,train
609,angel,U,2,U_orient2,40,1,angel/U/orient2/tilt_back_neutral_1/landmarks_trimmed.json,18,18,18,"[0, 1, 2, 3, 4, 5, 6, 7, 8, 9, 10, 11, 12, 13, 14, 15, 16, 17]","[246.5, 369.7000000476837, 485.3000000715256, 609.8999999761581, 878.3999999761581, 1122.7000000476837, 1482.1000000238419, 1607.6000000238419, 1736.1000000238419, 1874.1000000238419, 1985.2000000476837, 2110.5, 2361.7000000476837, 2612.3000000715256, 2739.7000000476837, 2865.8000000715256, 2989.8000000715256, 3121.0]",U,18,train
610,angel,U,2,U_orient2,40,2,angel/U/orient2/tilt_back_neutral_2/landmarks_trimmed.json,23,23,18,"[0, 1, 2, 3, 5, 6, 7, 9, 10, 11, 12, 14, 15, 16, 18, 19, 20, 22]","[230.5, 356.6999999284744, 491.39999997615814, 607.1999999284744, 853.1999999284744, 979.5, 1108.8999999761581, 1352.5, 1470.0, 1604.3999999761581, 1722.1000000238419, 1968.8999999761581, 2107.399999976158, 2229.7999999523163, 2619.1999999284744, 2742.2999999523163, 2868.600000023842, 3118.6999999284744]",U,18,train
611,angel,U,2,U_orient2,40,1,angel/U/orient2/tilt_back_toward_1/landmarks_trimmed.json,24,24,18,"[0, 1, 2, 4, 5, 6, 8, 9, 10, 12, 13, 14, 16, 17, 18, 20, 21, 23]","[118.19999992847443, 233.39999997615814, 341.1999999284744, 711.6000000238419, 842.6999999284744, 966.1000000238419, 1214.1000000238419, 1326.1000000238419, 1444.6000000238419, 1706.0, 1833.5, 1944.7999999523163, 2179.6999999284744, 2302.100000023842, 2428.6999999284744, 2668.6999999284744, 2787.2999999523163, 3116.399999976158]",U,18,train
612,angel,U,2,U_orient2,40,1,angel/U/orient2/tilt_forward_away_1/landmarks_trimmed.json,25,25,18,"[0, 1, 2, 4, 5, 7, 8, 9, 11, 12, 14, 15, 16, 18, 19, 21, 22, 24]","[122.5, 259.2000000476837, 396.0, 619.3000000715256, 726.5, 936.8000000715256, 1041.1000000238419, 1149.1000000238419, 1377.4000000953674, 1485.5, 1763.7000000476837, 2010.5, 2120.5, 2338.5, 2448.4000000953674, 2769.7000000476837, 2878.5, 3094.5]",U,18,train
613,angel,U,2,U_orient2,40,1,angel/U/orient2/tilt_forward_neutral_1/landmarks_trimmed.json,24,24,18,"[0, 1, 2, 4, 5, 6, 8, 9, 10, 12, 13, 14, 16, 17, 18, 20, 21, 23]","[129.19999992847443, 253.69999992847443, 377.09999990463257, 645.0999999046326, 775.8999999761581, 904.5999999046326, 1143.8999999761581, 1268.1999999284744, 1398.8999999761581, 1638.6999999284744, 1780.0999999046326, 1911.0999999046326, 2166.899999976158, 2295.399999976158, 2407.1999999284744, 2662.5, 2777.399999976158, 3033.5]",U,18,train
614,angel,U,2,U_orient2,40,2,angel/U/orient2/tilt_forward_neutral_2/landmarks_trimmed.json,23,23,18,"[0, 1, 2, 3, 5, 6, 7, 9, 10, 11, 12, 14, 15, 16, 18, 19, 20, 22]","[139.20000004768372, 253.80000007152557, 377.2000000476837, 494.8000000715256, 753.0, 886.9000000953674, 1023.8000000715256, 1258.5, 1378.1000000238419, 1521.3000000715256, 1652.5, 1885.1000000238419, 2030.1000000238419, 2285.7000000476837, 2537.5, 2660.0, 2778.4000000953674, 3016.7000000476837]",U,18,train
615,angel,U,2,U_orient2,40,1,angel/U/orient2/tilt_forward_toward_1/landmarks_trimmed.json,25,25,18,"[0, 1, 2, 4, 5, 7, 8, 9, 11, 12, 14, 15, 16, 18, 19, 21, 22, 24]","[114.79999995231628, 225.0, 339.10000002384186, 558.5, 680.5, 922.7999999523163, 1039.3999999761581, 1159.2999999523163, 1391.3999999761581, 1503.7000000476837, 1780.2000000476837, 1903.6000000238419, 2024.1000000238419, 2285.2000000476837, 2413.2999999523163, 2662.899999976158, 2791.7999999523163, 3035.2999999523163]",U,18,train
616,angel,U,2,U_orient2,40,1,angel/U/orient2/tilt_neutral_away_1/landmarks_trimmed.json,25,25,18,"[0, 1, 2, 4, 5, 7, 8, 9, 11, 12, 14, 15, 16, 18, 19, 21, 22, 24]","[118.89999997615814, 234.89999997615814, 351.39999997615814, 615.3999999761581, 735.3999999761581, 1021.7000000476837, 1153.5, 1276.3999999761581, 1498.6000000238419, 1614.3000000715256, 1850.7000000476837, 1979.1000000238419, 2104.2000000476837, 2331.399999976158, 2461.2000000476837, 2717.3000000715256, 2843.0, 3085.899999976158]",U,18,train
617,angel,U,2,U_orient2,40,1,angel/U/orient2/tilt_neutral_neutral_1/landmarks_trimmed.json,21,21,18,"[0, 1, 2, 3, 4, 5, 7, 8, 9, 10, 11, 12, 14, 15, 16, 17, 18, 20]","[130.0, 261.3000000715256, 383.3000000715256, 503.3000000715256, 747.8999999761581, 862.5, 1154.8999999761581, 1289.3999999761581, 1415.6000000238419, 1526.1000000238419, 1633.6000000238419, 1756.7000000476837, 2244.8000000715256, 2366.0, 2495.2000000476837, 2630.3000000715256, 2752.2000000476837, 3004.8000000715256]",U,18,train
618,angel,U,2,U_orient2,40,2,angel/U/orient2/tilt_neutral_neutral_2/landmarks_trimmed.json,23,23,18,"[0, 1, 2, 3, 5, 6, 7, 9, 10, 11, 12, 14, 15, 16, 18, 19, 20, 22]","[116.5, 353.2999999523163, 482.5, 624.5999999046326, 895.8999999761581, 1017.0, 1144.3999999761581, 1522.3999999761581, 1642.2999999523163, 1762.3999999761581, 1879.2999999523163, 2127.2999999523163, 2236.899999976158, 2362.0999999046326, 2601.6999999284744, 2718.5, 2835.1999999284744, 3093.6999999284744]",U,18,train
619,angel,U,2,U_orient2,40,1,angel/U/orient2/tilt_neutral_toward_1/landmarks_trimmed.json,24,24,18,"[0, 1, 2, 4, 5, 6, 8, 9, 10, 12, 13, 14, 16, 17, 18, 20, 21, 23]","[125.40000009536743, 239.5, 364.7000000476837, 595.7000000476837, 728.1000000238419, 862.2000000476837, 1103.0, 1226.3000000715256, 1353.5, 1610.0, 1862.3000000715256, 1983.3000000715256, 2231.5, 2360.0, 2482.3000000715256, 2741.100000023842, 2865.4000000953674, 3105.100000023842]",U,18,train
620,angel,U,3,U_orient3,41,1,angel/U/orient3/tilt_back_away_1/landmarks_trimmed.json,25,25,18,"[0, 1, 2, 4, 5, 7, 8, 9, 11, 12, 14, 15, 16, 18, 19, 21, 22, 24]","[116.60000002384186, 233.69999992847443, 350.60000002384186, 587.5, 705.8999999761581, 973.0, 1107.1000000238419, 1244.8999999761581, 1496.5, 1610.0, 1858.6999999284744, 1977.1999999284744, 2091.5, 2305.7999999523163, 2423.7999999523163, 2667.600000023842, 2791.1999999284744, 3034.399999976158]",U,18,train
621,angel,U,3,U_orient3,41,1,angel/U/orient3/tilt_back_neutral_1/landmarks_trimmed.json,25,25,18,"[0, 1, 2, 4, 5, 7, 8, 9, 11, 12, 14, 15, 16, 18, 19, 21, 22, 24]","[131.39999997615814, 249.0, 392.6999999284744, 651.1999999284744, 767.8999999761581, 1022.7999999523163, 1165.2999999523163, 1291.6000000238419, 1528.8999999761581, 1662.8999999761581, 1895.7999999523163, 2007.2999999523163, 2119.5, 2338.399999976158, 2452.399999976158, 2689.5, 2823.1999999284744, 3057.1999999284744]",U,18,train
622,angel,U,3,U_orient3,41,2,angel/U/orient3/tilt_back_neutral_2/landmarks_trimmed.json,26,26,18,"[0, 1, 2, 4, 5, 7, 8, 10, 11, 13, 14, 16, 17, 19, 20, 22, 23, 25]","[119.20000004768372, 234.40000009536743, 341.8000000715256, 570.5, 689.8000000715256, 916.4000000953674, 1020.9000000953674, 1248.5, 1362.1000000238419, 1588.5, 1697.0, 1926.7000000476837, 2062.0, 2333.4000000953674, 2470.5, 2749.8000000715256, 2869.600000023842, 3131.3000000715256]",U,18,validation
623,angel,U,3,U_orient3,41,1,angel/U/orient3/tilt_back_toward_1/landmarks_trimmed.json,27,27,18,"[0, 1, 3, 4, 6, 7, 9, 10, 12, 13, 15, 16, 18, 19, 21, 22, 24, 26]","[116.79999995231628, 226.19999992847443, 459.60000002384186, 573.0, 801.1999999284744, 912.7999999523163, 1138.3999999761581, 1246.0, 1479.0, 1608.7999999523163, 1842.1000000238419, 1953.7999999523163, 2183.899999976158, 2295.7999999523163, 2505.600000023842, 2622.0, 2863.2999999523163, 3080.2999999523163]",U,18,train
624,angel,U,3,U_orient3,41,1,angel/U/orient3/tilt_forward_away_1/landmarks_trimmed.json,25,25,18,"[0, 1, 2, 4, 5, 7, 8, 9, 11, 12, 14, 15, 16, 18, 19, 21, 22, 24]","[125.30000007152557, 248.89999997615814, 366.39999997615814, 600.0, 723.3000000715256, 963.7000000476837, 1096.5, 1204.8999999761581, 1424.7000000476837, 1537.6000000238419, 1780.8999999761581, 1899.3000000715256, 2018.8000000715256, 2275.0, 2393.3000000715256, 2641.7000000476837, 2764.8000000715256, 3011.2000000476837]",U,18,train
625,angel,U,3,U_orient3,41,1,angel/U/orient3/tilt_forward_neutral_1/landmarks_trimmed.json,26,26,18,"[0, 1, 2, 4, 5, 7, 8, 10, 11, 13, 14, 16, 17, 19, 20, 22, 23, 25]","[111.79999995231628, 222.0, 331.5, 573.1000000238419, 696.3999999761581, 948.8999999761581, 1072.1000000238419, 1318.1000000238419, 1433.3999999761581, 1664.7999999523163, 1780.0, 2017.6000000238419, 2132.899999976158, 2367.0, 2502.7999999523163, 2734.600000023842, 2857.2999999523163, 3112.399999976158]",U,18,train
626,angel,U,3,U_orient3,41,2,angel/U/orient3/tilt_forward_neutral_2/landmarks_trimmed.json,27,27,18,"[0, 1, 3, 4, 6, 7, 9, 10, 12, 13, 15, 16, 18, 19, 21, 22, 24, 26]","[103.79999995231628, 216.79999995231628, 437.39999997615814, 542.2999999523163, 762.1000000238419, 867.1000000238419, 1099.1000000238419, 1210.7000000476837, 1433.2999999523163, 1544.2000000476837, 1785.2000000476837, 1905.7999999523163, 2117.600000023842, 2224.600000023842, 2466.2999999523163, 2582.7000000476837, 2797.2999999523163, 3034.600000023842]",U,18,train
627,angel,U,3,U_orient3,41,1,angel/U/orient3/tilt_forward_toward_1/landmarks_trimmed.json,20,20,18,"[0, 1, 2, 3, 4, 5, 6, 7, 8, 10, 11, 12, 13, 14, 15, 16, 17, 19]","[115.10000002384186, 230.69999992847443, 350.1999999284744, 462.89999997615814, 572.6000000238419, 680.3999999761581, 799.5, 921.1000000238419, 1050.1000000238419, 1297.1000000238419, 1887.7999999523163, 2014.8999999761581, 2137.100000023842, 2277.100000023842, 2405.899999976158, 2519.2999999523163, 2639.1999999284744, 3024.2999999523163]",U,18,validation
628,angel,U,3,U_orient3,41,1,angel/U/orient3/tilt_neutral_away_1/landmarks_trimmed.json,25,25,18,"[0, 1, 2, 4, 5, 7, 8, 9, 11, 12, 14, 15, 16, 18, 19, 21, 22, 24]","[121.89999997615814, 243.5, 357.10000002384186, 587.6000000238419, 698.0, 947.6000000238419, 1080.1000000238419, 1211.7000000476837, 1461.2000000476837, 1578.7000000476837, 1797.5, 1908.8999999761581, 2021.2999999523163, 2248.7000000476837, 2377.7999999523163, 2624.399999976158, 2746.5, 3016.5]",U,18,train
629,angel,U,3,U_orient3,41,1,angel/U/orient3/tilt_neutral_neutral_1/landmarks_trimmed.json,26,26,18,"[0, 1, 2, 4, 5, 7, 8, 10, 11, 13, 14, 16, 17, 19, 20, 22, 23, 25]","[115.60000002384186, 227.19999992847443, 338.0, 571.8999999761581, 695.8999999761581, 976.8999999761581, 1102.0, 1329.2999999523163, 1439.0, 1662.8999999761581, 1772.8999999761581, 2026.8999999761581, 2155.899999976158, 2381.399999976158, 2491.2999999523163, 2725.899999976158, 2837.7999999523163, 3087.2999999523163]",U,18,train
630,angel,U,3,U_orient3,41,2,angel/U/orient3/tilt_neutral_neutral_2/landmarks_trimmed.json,25,25,18,"[0, 1, 2, 4, 5, 7, 8, 9, 11, 12, 14, 15, 16, 18, 19, 21, 22, 24]","[115.5, 237.89999997615814, 351.60000002384186, 610.6000000238419, 739.8999999761581, 993.5, 1113.2000000476837, 1223.2000000476837, 1453.0, 1584.5, 1858.2000000476837, 1976.3999999761581, 2101.5, 2346.7000000476837, 2464.5, 2689.8000000715256, 2798.600000023842, 3029.8000000715256]",U,18,train
631,angel,U,3,U_orient3,41,1,angel/U/orient3/tilt_neutral_toward_1/landmarks_trimmed.json,26,26,18,"[0, 1, 2, 4, 5, 7, 8, 10, 11, 13, 14, 16, 17, 19, 20, 22, 23, 25]","[107.59999990463257, 217.69999992847443, 343.1999999284744, 584.7999999523163, 711.0999999046326, 961.2999999523163, 1077.8999999761581, 1319.5, 1449.2999999523163, 1673.0, 1781.3999999761581, 2019.6999999284744, 2129.5999999046326, 2357.399999976158, 2473.5, 2698.399999976158, 2832.0, 3072.2999999523163]",U,18,train
632,angel,V,1,V_orient1,42,1,angel/V/orient1/tilt_back_away_1/landmarks_trimmed.json,23,23,18,"[0, 1, 2, 3, 5, 6, 7, 9, 10, 11, 12, 14, 15, 16, 18, 19, 20, 22]","[116.5, 236.39999997615814, 365.7999999523163, 492.1999999284744, 730.1999999284744, 859.0, 987.1999999284744, 1244.2999999523163, 1357.2999999523163, 1485.6000000238419, 1738.0, 1980.6000000238419, 2108.1999999284744, 2249.6999999284744, 2600.5, 2717.600000023842, 2836.600000023842, 3056.2999999523163]",V,19,validation
633,angel,V,1,V_orient1,42,1,angel/V/orient1/tilt_back_neutral_1/landmarks_trimmed.json,22,22,18,"[0, 1, 2, 3, 4, 6, 7, 8, 9, 11, 12, 13, 14, 16, 17, 18, 19, 21]","[118.10000002384186, 240.90000009536743, 352.5, 596.9000000953674, 735.3000000715256, 964.4000000953674, 1078.0, 1199.0, 1322.4000000953674, 1573.4000000953674, 1690.8000000715256, 2091.600000023842, 2213.0, 2472.100000023842, 2595.9000000953674, 2712.2000000476837, 2833.5, 3067.0]",V,19,train
634,angel,V,1,V_orient1,42,2,angel/V/orient1/tilt_back_neutral_2/landmarks_trimmed.json,24,24,18,"[0, 1, 2, 4, 5, 6, 8, 9, 10, 12, 13, 14, 16, 17, 18, 20, 21, 23]","[111.90000009536743, 240.30000007152557, 378.90000009536743, 642.6000000238419, 760.0, 885.6000000238419, 1136.9000000953674, 1261.2000000476837, 1405.6000000238419, 1685.3000000715256, 1817.2000000476837, 1941.4000000953674, 2185.8000000715256, 2311.0, 2438.9000000953674, 2699.0, 2822.2000000476837, 3064.9000000953674]",V,19,train
635,angel,V,1,V_orient1,42,1,angel/V/orient1/tilt_back_toward_1/landmarks_trimmed.json,25,25,18,"[0, 1, 2, 4, 5, 7, 8, 9, 11, 12, 14, 15, 16, 18, 19, 21, 22, 24]","[127.09999990463257, 254.69999992847443, 394.39999997615814, 636.6999999284744, 754.2999999523163, 1001.3999999761581, 1136.1999999284744, 1258.8999999761581, 1506.2999999523163, 1630.3999999761581, 1871.6999999284744, 1982.0999999046326, 2094.1999999284744, 2340.399999976158, 2482.6999999284744, 2742.399999976158, 2863.899999976158, 3102.7999999523163]",V,19,validation
636,angel,V,1,V_orient1,42,1,angel/V/orient1/tilt_forward_away_1/landmarks_trimmed.json,24,24,18,"[0, 1, 2, 4, 5, 6, 8, 9, 10, 12, 13, 14, 16, 17, 18, 20, 21, 23]","[131.19999992847443, 269.5, 398.7999999523163, 646.8999999761581, 767.1000000238419, 896.3999999761581, 1164.3999999761581, 1282.7999999523163, 1398.6999999284744, 1659.0, 1780.1999999284744, 1900.0, 2160.600000023842, 2289.2999999523163, 2410.399999976158, 2686.0, 2810.2999999523163, 3055.0]",V,19,train
637,angel,V,1,V_orient1,42,1,angel/V/orient1/tilt_forward_neutral_1/landmarks_trimmed.json,26,26,18,"[0, 1, 2, 4, 5, 7, 8, 10, 11, 13, 14, 16, 17, 19, 20, 22, 23, 25]","[114.89999997615814, 225.0, 335.3000000715256, 566.5, 674.7000000476837, 905.8999999761581, 1019.8000000715256, 1255.3999999761581, 1375.3999999761581, 1616.8000000715256, 1734.8999999761581, 1968.2000000476837, 2085.2000000476837, 2333.5, 2463.8000000715256, 2716.7000000476837, 2859.3000000715256, 3105.399999976158]",V,19,train
638,angel,V,1,V_orient1,42,2,angel/V/orient1/tilt_forward_neutral_2/landmarks_trimmed.json,24,24,18,"[0, 1, 2, 4, 5, 6, 8, 9, 10, 12, 13, 14, 16, 17, 18, 20, 21, 23]","[245.39999997615814, 362.6999999284744, 599.6000000238419, 845.6999999284744, 965.1000000238419, 1081.1000000238419, 1310.5, 1431.1999999284744, 1557.8999999761581, 1806.1999999284744, 1918.1999999284744, 2029.8999999761581, 2269.5, 2383.7999999523163, 2497.600000023842, 2741.5, 2872.5, 3118.600000023842]",V,19,train
639,angel,V,1,V_orient1,42,1,angel/V/orient1/tilt_forward_toward_1/landmarks_trimmed.json,21,21,18,"[0, 1, 2, 3, 4, 5, 7, 8, 9, 10, 11, 12, 14, 15, 16, 17, 18, 20]","[111.89999997615814, 238.69999992847443, 359.1999999284744, 475.39999997615814, 603.0999999046326, 723.7999999523163, 956.6999999284744, 1075.8999999761581, 1197.8999999761581, 1323.6999999284744, 1437.0999999046326, 1551.6999999284744, 1786.1999999284744, 1905.2999999523163, 2177.5, 2686.7999999523163, 2817.899999976158, 3059.899999976158]",V,19,train
640,angel,V,1,V_orient1,42,1,angel/V/orient1/tilt_neutral_away_1/landmarks_trimmed.json,24,24,18,"[0, 1, 2, 4, 5, 6, 8, 9, 10, 12, 13, 14, 16, 17, 18, 20, 21, 23]","[124.60000002384186, 254.20000004768372, 385.89999997615814, 649.8999999761581, 769.0, 892.1000000238419, 1145.3999999761581, 1267.0, 1410.3999999761581, 1679.8999999761581, 1808.6000000238419, 1924.0, 2156.600000023842, 2287.2000000476837, 2414.600000023842, 2683.399999976158, 2808.0, 3033.600000023842]",V,19,train
641,angel,V,1,V_orient1,42,1,angel/V/orient1/tilt_neutral_neutral_1/landmarks_trimmed.json,23,23,18,"[0, 1, 2, 3, 5, 6, 7, 9, 10, 11, 12, 14, 15, 16, 18, 19, 20, 22]","[113.20000004768372, 230.70000004768372, 499.2000000476837, 626.5, 887.3000000715256, 1149.1000000238419, 1280.5, 1539.3999999761581, 1658.3000000715256, 1776.8000000715256, 1888.8999999761581, 2129.600000023842, 2249.100000023842, 2369.5, 2623.2000000476837, 2741.600000023842, 2869.600000023842, 3112.5]",V,19,train
642,angel,V,1,V_orient1,42,2,angel/V/orient1/tilt_neutral_neutral_2/landmarks_trimmed.json,25,25,18,"[0, 1, 2, 4, 5, 7, 8, 9, 11, 12, 14, 15, 16, 18, 19, 21, 22, 24]","[115.5, 231.5, 346.09999990463257, 579.3999999761581, 693.5, 951.0999999046326, 1077.6999999284744, 1207.0999999046326, 1446.0, 1573.7999999523163, 1816.2999999523163, 1944.0, 2068.899999976158, 2298.7999999523163, 2417.2999999523163, 2646.399999976158, 2758.6999999284744, 3101.5999999046326]",V,19,train
643,angel,V,1,V_orient1,42,1,angel/V/orient1/tilt_neutral_toward_1/landmarks_trimmed.json,25,25,18,"[0, 1, 2, 4, 5, 7, 8, 9, 11, 12, 14, 15, 16, 18, 19, 21, 22, 24]","[114.89999997615814, 245.59999990463257, 371.0, 625.0999999046326, 749.6999999284744, 983.6999999284744, 1101.1999999284744, 1225.8999999761581, 1489.0, 1620.5999999046326, 1862.1999999284744, 1993.0999999046326, 2129.0, 2373.899999976158, 2500.0999999046326, 2760.6999999284744, 2876.0999999046326, 3094.2999999523163]",V,19,train
644,angel,V,2,V_orient2,43,1,angel/V/orient2/tilt_back_away_1/landmarks_trimmed.json,28,28,18,"[0, 1, 3, 4, 6, 7, 9, 11, 12, 14, 15, 17, 19, 20, 22, 23, 25, 27]","[101.0, 197.60000002384186, 413.2000000476837, 521.8000000715256, 728.7000000476837, 832.8000000715256, 1032.3000000715256, 1239.8000000715256, 1353.8000000715256, 1587.7000000476837, 1703.7000000476837, 1909.1000000238419, 2204.0, 2310.600000023842, 2522.100000023842, 2624.3000000715256, 2832.8000000715256, 3038.600000023842]",V,19,train
645,angel,V,2,V_orient2,43,1,angel/V/orient2/tilt_back_neutral_1/landmarks_trimmed.json,28,28,18,"[0, 1, 3, 4, 6, 7, 9, 11, 12, 14, 15, 17, 19, 20, 22, 23, 25, 27]","[108.10000002384186, 219.60000002384186, 436.39999997615814, 548.3999999761581, 760.6999999284744, 871.3999999761581, 1094.6999999284744, 1312.8999999761581, 1421.6000000238419, 1653.3999999761581, 1762.6999999284744, 1982.0, 2204.7999999523163, 2309.600000023842, 2530.5, 2642.5, 2856.7999999523163, 3095.399999976158]",V,19,validation
646,angel,V,2,V_orient2,43,2,angel/V/orient2/tilt_back_neutral_2/landmarks_trimmed.json,30,30,18,"[0, 1, 3, 5, 6, 8, 10, 11, 13, 15, 17, 18, 20, 22, 23, 25, 27, 29]","[102.10000002384186, 218.40000009536743, 411.90000009536743, 623.3000000715256, 726.6000000238419, 941.9000000953674, 1150.4000000953674, 1258.4000000953674, 1451.6000000238419, 1644.6000000238419, 1855.3000000715256, 1960.2000000476837, 2171.7000000476837, 2375.2000000476837, 2472.7000000476837, 2680.5, 2882.0, 3088.2000000476837]",V,19,train
647,angel,V,2,V_orient2,43,1,angel/V/orient2/tilt_back_toward_1/landmarks_trimmed.json,25,25,18,"[0, 1, 2, 4, 5, 7, 8, 9, 11, 12, 14, 15, 16, 18, 19, 21, 22, 24]","[98.39999997615814, 220.20000004768372, 332.5, 559.3000000715256, 681.5, 962.6000000238419, 1105.7000000476837, 1265.5, 1571.2000000476837, 1701.6000000238419, 1969.5, 2083.7000000476837, 2185.8000000715256, 2383.7000000476837, 2490.399999976158, 2707.100000023842, 2802.8000000715256, 3028.600000023842]",V,19,validation
648,angel,V,2,V_orient2,43,1,angel/V/orient2/tilt_forward_away_1/landmarks_trimmed.json,24,24,18,"[0, 1, 2, 4, 5, 6, 8, 9, 10, 12, 13, 14, 16, 17, 18, 20, 21, 23]","[134.39999997615814, 265.2000000476837, 382.60000002384186, 617.2000000476837, 738.6000000238419, 862.5, 1104.2000000476837, 1331.2999999523163, 1453.3999999761581, 1714.1000000238419, 1839.1000000238419, 1966.2999999523163, 2219.5, 2347.899999976158, 2466.100000023842, 2691.399999976158, 2801.2999999523163, 3017.2999999523163]",V,19,train
649,angel,V,2,V_orient2,43,1,angel/V/orient2/tilt_forward_neutral_1/landmarks_trimmed.json,22,22,18,"[0, 1, 2, 3, 4, 6, 7, 8, 9, 11, 12, 13, 14, 16, 17, 18, 19, 21]","[111.60000002384186, 334.5, 448.39999997615814, 562.2999999523163, 682.7999999523163, 928.6000000238419, 1053.8999999761581, 1169.3999999761581, 1286.2000000476837, 1522.5, 1749.2000000476837, 1857.1000000238419, 1970.5, 2449.5, 2566.600000023842, 2681.2000000476837, 2799.7000000476837, 3032.600000023842]",V,19,train
650,angel,V,2,V_orient2,43,2,angel/V/orient2/tilt_forward_neutral_2/landmarks_trimmed.json,24,24,18,"[0, 1, 2, 4, 5, 6, 8, 9, 10, 12, 13, 14, 16, 17, 18, 20, 21, 23]","[124.09999990463257, 236.69999992847443, 357.7999999523163, 608.5999999046326, 749.8999999761581, 868.7999999523163, 1210.8999999761581, 1329.3999999761581, 1447.8999999761581, 1703.3999999761581, 1832.2999999523163, 1952.3999999761581, 2206.0999999046326, 2350.6999999284744, 2491.5, 2745.2999999523163, 2874.0, 3127.5999999046326]",V,19,train
651,angel,V,2,V_orient2,43,1,angel/V/orient2/tilt_forward_toward_1/landmarks_trimmed.json,25,25,18,"[0, 1, 2, 4, 5, 7, 8, 9, 11, 12, 14, 15, 16, 18, 19, 21, 22, 24]","[111.0, 223.40000009536743, 341.3000000715256, 596.8000000715256, 729.4000000953674, 977.4000000953674, 1093.7000000476837, 1233.1000000238419, 1478.2000000476837, 1590.2000000476837, 1854.7000000476837, 1979.5, 2097.9000000953674, 2345.0, 2461.9000000953674, 2705.100000023842, 2819.3000000715256, 3065.4000000953674]",V,19,train
652,angel,V,2,V_orient2,43,1,angel/V/orient2/tilt_neutral_away_1/landmarks_trimmed.json,29,29,18,"[0, 1, 3, 4, 6, 8, 9, 11, 13, 14, 16, 18, 19, 21, 23, 24, 26, 28]","[95.39999997615814, 190.39999997615814, 398.60000002384186, 501.7000000476837, 728.3000000715256, 947.7000000476837, 1064.8000000715256, 1285.3000000715256, 1489.5, 1594.2000000476837, 1802.8999999761581, 2010.3999999761581, 2106.399999976158, 2311.399999976158, 2519.600000023842, 2620.7000000476837, 2818.2000000476837, 3015.2000000476837]",V,19,train
653,angel,V,2,V_orient2,43,1,angel/V/orient2/tilt_neutral_neutral_1/landmarks_trimmed.json,28,28,18,"[0, 1, 3, 4, 6, 7, 9, 11, 12, 14, 15, 17, 19, 20, 22, 23, 25, 27]","[130.80000007152557, 254.30000007152557, 494.10000002384186, 605.5, 843.2000000476837, 959.8999999761581, 1182.7000000476837, 1423.3999999761581, 1555.7000000476837, 1793.6000000238419, 1905.6000000238419, 2099.0, 2302.5, 2395.899999976158, 2588.899999976158, 2687.5, 2880.899999976158, 3088.8000000715256]",V,19,train
654,angel,V,2,V_orient2,43,2,angel/V/orient2/tilt_neutral_neutral_2/landmarks_trimmed.json,23,23,18,"[0, 1, 2, 3, 5, 6, 7, 9, 10, 11, 12, 14, 15, 16, 18, 19, 20, 22]","[108.30000007152557, 206.80000007152557, 306.7000000476837, 406.3000000715256, 618.6000000238419, 729.3999999761581, 913.2000000476837, 1340.8000000715256, 1563.8000000715256, 1771.8000000715256, 1967.6000000238419, 2243.100000023842, 2345.2000000476837, 2450.100000023842, 2653.3000000715256, 2751.8000000715256, 2853.7000000476837, 3042.5]",V,19,train
655,angel,V,3,V_orient3,44,1,angel/V/orient3/tilt_back_away_1/landmarks_trimmed.json,31,31,18,"[0, 1, 3, 5, 7, 8, 10, 12, 14, 15, 17, 19, 21, 22, 24, 26, 28, 30]","[125.30000007152557, 253.40000009536743, 448.7000000476837, 662.0, 869.4000000953674, 967.3000000715256, 1168.3000000715256, 1352.7000000476837, 1533.2000000476837, 1633.1000000238419, 1827.4000000953674, 2022.0, 2209.0, 2301.0, 2488.2000000476837, 2662.9000000953674, 2840.8000000715256, 3020.4000000953674]",V,19,train
656,angel,V,3,V_orient3,44,1,angel/V/orient3/tilt_back_neutral_1/landmarks_trimmed.json,28,28,18,"[0, 1, 3, 4, 6, 7, 9, 11, 12, 14, 15, 17, 19, 20, 22, 23, 25, 27]","[101.29999995231628, 194.69999992847443, 367.39999997615814, 464.10000002384186, 656.8999999761581, 752.2999999523163, 947.6999999284744, 1147.1999999284744, 1246.2999999523163, 1438.6999999284744, 1724.8999999761581, 1946.1000000238419, 2157.399999976158, 2255.2999999523163, 2448.0, 2545.1999999284744, 2723.899999976158, 3001.5]",V,19,train
657,angel,V,3,V_orient3,44,2,angel/V/orient3/tilt_back_neutral_2/landmarks_trimmed.json,27,27,18,"[0, 1, 3, 4, 6, 7, 9, 10, 12, 13, 15, 16, 18, 19, 21, 22, 24, 26]","[111.89999997615814, 221.10000002384186, 422.3000000715256, 513.6000000238419, 706.3000000715256, 802.7000000476837, 980.1000000238419, 1066.0, 1247.3000000715256, 1335.3999999761581, 1622.3999999761581, 1715.8000000715256, 2019.8000000715256, 2222.5, 2435.5, 2531.399999976158, 2797.0, 2990.100000023842]",V,19,train
658,angel,V,3,V_orient3,44,1,angel/V/orient3/tilt_back_toward_1/landmarks_trimmed.json,34,34,18,"[0, 1, 3, 5, 7, 9, 11, 13, 15, 17, 19, 21, 23, 25, 27, 29, 31, 33]","[98.5, 197.60000002384186, 382.10000002384186, 559.3999999761581, 755.6999999284744, 947.1999999284744, 1135.5, 1304.6000000238419, 1485.7999999523163, 1660.1999999284744, 1836.5, 2014.0, 2185.5, 2351.600000023842, 2541.2999999523163, 2729.600000023842, 2906.5, 3077.2999999523163]",V,19,train
659,angel,V,3,V_orient3,44,1,angel/V/orient3/tilt_forward_away_1/landmarks_trimmed.json,30,30,18,"[0, 1, 3, 5, 6, 8, 10, 11, 13, 15, 17, 18, 20, 22, 23, 25, 27, 29]","[92.39999997615814, 196.59999990463257, 385.0, 572.3999999761581, 662.6999999284744, 947.8999999761581, 1225.6999999284744, 1308.3999999761581, 1488.3999999761581, 1679.5999999046326, 1874.5999999046326, 1968.3999999761581, 2253.6999999284744, 2433.5, 2518.0, 2694.0999999046326, 2884.0999999046326, 3069.6999999284744]",V,19,train
660,angel,V,3,V_orient3,44,1,angel/V/orient3/tilt_forward_neutral_1/landmarks_trimmed.json,27,27,18,"[0, 1, 3, 4, 6, 7, 9, 10, 12, 13, 15, 16, 18, 19, 21, 22, 24, 26]","[104.0, 206.39999997615814, 409.39999997615814, 501.2999999523163, 695.5, 803.3999999761581, 1011.1999999284744, 1118.1999999284744, 1514.1999999284744, 1618.6999999284744, 1822.6999999284744, 1924.0, 2121.6999999284744, 2223.6999999284744, 2446.1999999284744, 2563.600000023842, 2795.1999999284744, 3019.899999976158]",V,19,train
661,angel,V,3,V_orient3,44,2,angel/V/orient3/tilt_forward_neutral_2/landmarks_trimmed.json,28,28,18,"[0, 1, 3, 4, 6, 7, 9, 11, 12, 14, 15, 17, 19, 20, 22, 23, 25, 27]","[101.20000004768372, 198.39999997615814, 591.3999999761581, 698.3000000715256, 905.5, 1009.3000000715256, 1205.7000000476837, 1397.8000000715256, 1498.2000000476837, 1710.5, 1814.3000000715256, 2015.0, 2221.399999976158, 2325.899999976158, 2519.8000000715256, 2614.7000000476837, 2806.0, 3014.7000000476837]",V,19,train
662,angel,V,3,V_orient3,44,1,angel/V/orient3/tilt_forward_toward_1/landmarks_trimmed.json,30,30,18,"[0, 1, 3, 5, 6, 8, 10, 11, 13, 15, 17, 18, 20, 22, 23, 25, 27, 29]","[94.60000002384186, 188.89999997615814, 387.7999999523163, 581.2999999523163, 684.7999999523163, 875.2999999523163, 1085.6000000238419, 1187.5, 1387.6999999284744, 1578.7999999523163, 1791.5, 1895.8999999761581, 2105.6999999284744, 2314.600000023842, 2418.1999999284744, 2610.1999999284744, 2800.5, 3000.899999976158]",V,19,train
663,angel,V,3,V_orient3,44,1,angel/V/orient3/tilt_neutral_away_1/landmarks_trimmed.json,33,33,18,"[0, 1, 3, 5, 7, 9, 11, 13, 15, 16, 18, 20, 22, 24, 26, 28, 30, 32]","[91.19999992847443, 185.0, 371.6999999284744, 567.5999999046326, 754.0999999046326, 935.0, 1112.5, 1284.5, 1472.1999999284744, 1565.3999999761581, 1756.2999999523163, 1946.3999999761581, 2141.2999999523163, 2330.6999999284744, 2503.5999999046326, 2677.5, 2867.5999999046326, 3036.0]",V,19,train
664,angel,V,3,V_orient3,44,1,angel/V/orient3/tilt_neutral_neutral_1/landmarks_trimmed.json,33,33,18,"[0, 1, 3, 5, 7, 9, 11, 13, 15, 16, 18, 20, 22, 24, 26, 28, 30, 32]","[92.39999997615814, 177.60000002384186, 352.7000000476837, 541.0, 730.7999999523163, 900.7000000476837, 1073.8999999761581, 1260.7000000476837, 1406.5, 1496.1000000238419, 1667.2000000476837, 1834.8999999761581, 2098.7999999523163, 2285.2000000476837, 2474.2000000476837, 2660.2000000476837, 2845.7000000476837, 3017.7000000476837]",V,19,validation
665,angel,V,3,V_orient3,44,2,angel/V/orient3/tilt_neutral_neutral_2/landmarks_trimmed.json,34,34,18,"[0, 1, 3, 5, 7, 9, 11, 13, 15, 17, 19, 21, 23, 25, 27, 29, 31, 33]","[95.30000007152557, 188.5, 375.89999997615814, 561.6000000238419, 729.6000000238419, 908.0, 1043.3000000715256, 1216.3999999761581, 1396.7000000476837, 1540.1000000238419, 1719.0, 1891.7000000476837, 2072.5, 2263.399999976158, 2455.3000000715256, 2639.8000000715256, 2829.7000000476837, 3019.0]",V,19,train
666,angel,V,3,V_orient3,44,1,angel/V/orient3/tilt_neutral_toward_1/landmarks_trimmed.json,31,31,18,"[0, 1, 3, 5, 7, 8, 10, 12, 14, 15, 17, 19, 21, 22, 24, 26, 28, 30]","[91.90000009536743, 185.5, 440.90000009536743, 707.2000000476837, 893.4000000953674, 987.7000000476837, 1176.3000000715256, 1351.8000000715256, 1625.6000000238419, 1722.1000000238419, 1914.3000000715256, 2091.0, 2265.0, 2360.600000023842, 2531.100000023842, 2702.7000000476837, 2876.5, 3056.600000023842]",V,19,train
667,angel,W,1,W_orient1,45,1,angel/W/orient1/tilt_back_away_1/landmarks_trimmed.json,31,31,18,"[0, 1, 3, 5, 7, 8, 10, 12, 14, 15, 17, 19, 21, 22, 24, 26, 28, 30]","[99.40000009536743, 201.0, 396.8000000715256, 588.5, 766.5, 863.7000000476837, 1174.5, 1373.0, 1573.7000000476837, 1669.2000000476837, 1845.5, 2025.1000000238419, 2221.100000023842, 2316.100000023842, 2496.2000000476837, 2687.2000000476837, 2866.7000000476837, 3048.9000000953674]",W,20,train
668,angel,W,1,W_orient1,45,1,angel/W/orient1/tilt_back_neutral_1/landmarks_trimmed.json,27,27,18,"[0, 1, 3, 4, 6, 7, 9, 10, 12, 13, 15, 16, 18, 19, 21, 22, 24, 26]","[92.89999997615814, 288.1999999284744, 593.8999999761581, 686.7999999523163, 870.6999999284744, 971.5, 1163.3999999761581, 1259.2999999523163, 1655.7999999523163, 1758.1999999284744, 1962.1999999284744, 2059.600000023842, 2237.2999999523163, 2336.2999999523163, 2543.100000023842, 2641.1999999284744, 2819.5, 3004.5]",W,20,train
669,angel,W,1,W_orient1,45,2,angel/W/orient1/tilt_back_neutral_2/landmarks_trimmed.json,31,31,18,"[0, 1, 3, 5, 7, 8, 10, 12, 14, 15, 17, 19, 21, 22, 24, 26, 28, 30]","[85.30000007152557, 191.30000007152557, 380.10000002384186, 553.6000000238419, 740.5, 837.2000000476837, 1043.9000000953674, 1255.9000000953674, 1461.6000000238419, 1565.2000000476837, 1762.8000000715256, 1959.2000000476837, 2153.3000000715256, 2250.100000023842, 2444.7000000476837, 2642.100000023842, 2834.600000023842, 3024.7000000476837]",W,20,train
670,angel,W,1,W_orient1,45,1,angel/W/orient1/tilt_back_toward_1/landmarks_trimmed.json,34,34,18,"[0, 1, 3, 5, 7, 9, 11, 13, 15, 17, 19, 21, 23, 25, 27, 29, 31, 33]","[84.80000007152557, 176.89999997615814, 362.3000000715256, 548.3000000715256, 734.7000000476837, 911.8999999761581, 1087.6000000238419, 1273.6000000238419, 1468.1000000238419, 1664.2000000476837, 1850.6000000238419, 2040.8000000715256, 2170.3000000715256, 2270.5, 2442.8000000715256, 2629.899999976158, 2811.8000000715256, 3019.0]",W,20,train
671,angel,W,1,W_orient1,45,1,angel/W/orient1/tilt_forward_away_1/landmarks_trimmed.json,32,32,18,"[0, 1, 3, 5, 7, 9, 10, 12, 14, 16, 18, 20, 21, 23, 25, 27, 29, 31]","[120.09999990463257, 221.69999992847443, 437.7999999523163, 628.0999999046326, 797.6999999284744, 978.7999999523163, 1066.0999999046326, 1261.1999999284744, 1452.5, 1643.3999999761581, 1834.5, 2020.2999999523163, 2105.7999999523163, 2272.7999999523163, 2464.5, 2652.1999999284744, 2841.0999999046326, 3015.399999976158]",W,20,validation
672,angel,W,1,W_orient1,45,1,angel/W/orient1/tilt_forward_neutral_1/landmarks_trimmed.json,32,32,18,"[0, 1, 3, 5, 7, 9, 10, 12, 14, 16, 18, 20, 21, 23, 25, 27, 29, 31]","[96.69999992847443, 194.19999992847443, 398.1999999284744, 581.3999999761581, 758.1999999284744, 959.1999999284744, 1059.5, 1261.2999999523163, 1459.5999999046326, 1659.6999999284744, 1848.2999999523163, 2042.5, 2136.7999999523163, 2325.1999999284744, 2515.7999999523163, 2696.6999999284744, 2885.899999976158, 3085.1999999284744]",W,20,validation
673,angel,W,1,W_orient1,45,2,angel/W/orient1/tilt_forward_neutral_2/landmarks_trimmed.json,31,31,18,"[0, 1, 3, 5, 7, 8, 10, 12, 14, 15, 17, 19, 21, 22, 24, 26, 28, 30]","[89.70000004768372, 184.5, 378.39999997615814, 594.0, 794.8000000715256, 897.1000000238419, 1112.7000000476837, 1307.8999999761581, 1496.3999999761581, 1579.2000000476837, 1764.8999999761581, 1947.8000000715256, 2117.600000023842, 2209.0, 2395.3000000715256, 2567.5, 2738.7000000476837, 2920.600000023842]",W,20,train
674,angel,W,1,W_orient1,45,1,angel/W/orient1/tilt_forward_toward_1/landmarks_trimmed.json,32,32,18,"[0, 1, 3, 5, 7, 9, 10, 12, 14, 16, 18, 20, 21, 23, 25, 27, 29, 31]","[96.5, 193.39999997615814, 383.2999999523163, 567.7999999523163, 762.7999999523163, 951.3999999761581, 1049.0, 1240.2000000476837, 1433.2000000476837, 1619.5, 1812.6000000238419, 1988.7000000476837, 2088.600000023842, 2278.7999999523163, 2469.2000000476837, 2658.7000000476837, 2856.600000023842, 3037.7999999523163]",W,20,train
675,angel,W,1,W_orient1,45,1,angel/W/orient1/tilt_neutral_away_1/landmarks_trimmed.json,31,31,18,"[0, 1, 3, 5, 7, 8, 10, 12, 14, 15, 17, 19, 21, 22, 24, 26, 28, 30]","[98.5, 186.80000007152557, 374.10000002384186, 569.3999999761581, 768.0, 866.6000000238419, 1064.3000000715256, 1265.3999999761581, 1455.2000000476837, 1541.5, 1716.1000000238419, 1908.6000000238419, 2111.5, 2217.2000000476837, 2417.600000023842, 2643.0, 2847.600000023842, 3021.3000000715256]",W,20,train
676,angel,W,1,W_orient1,45,1,angel/W/orient1/tilt_neutral_neutral_1/landmarks_trimmed.json,32,32,18,"[0, 1, 3, 5, 7, 9, 10, 12, 14, 16, 18, 20, 21, 23, 25, 27, 29, 31]","[95.29999995231628, 198.79999995231628, 380.59999990463257, 560.7999999523163, 700.1999999284744, 891.8999999761581, 982.5, 1166.1999999284744, 1357.0, 1539.2999999523163, 1741.0999999046326, 1948.5, 2053.2999999523163, 2271.7999999523163, 2480.1999999284744, 2681.1999999284744, 2866.7999999523163, 3069.5999999046326]",W,20,train
677,angel,W,1,W_orient1,45,2,angel/W/orient1/tilt_neutral_neutral_2/landmarks_trimmed.json,34,34,18,"[0, 1, 3, 5, 7, 9, 11, 13, 15, 17, 19, 21, 23, 25, 27, 29, 31, 33]","[100.19999992847443, 192.59999990463257, 370.0, 557.8999999761581, 752.7999999523163, 929.7999999523163, 1120.7999999523163, 1326.5999999046326, 1523.3999999761581, 1717.3999999761581, 1902.6999999284744, 1948.5, 2149.899999976158, 2350.2999999523163, 2548.0, 2729.1999999284744, 2907.5, 3090.1999999284744]",W,20,train
678,angel,W,1,W_orient1,45,1,angel/W/orient1/tilt_neutral_toward_1/landmarks_trimmed.json,31,31,18,"[0, 1, 3, 5, 7, 8, 10, 12, 14, 15, 17, 19, 21, 22, 24, 26, 28, 30]","[103.89999997615814, 193.89999997615814, 370.39999997615814, 546.8999999761581, 726.6000000238419, 815.0, 1012.7000000476837, 1198.1000000238419, 1393.3999999761581, 1483.3000000715256, 1660.0, 1839.6000000238419, 2016.0, 2110.100000023842, 2341.7000000476837, 2596.399999976158, 2845.899999976158, 3062.3000000715256]",W,20,train
679,angel,X,1,X_orient1,46,1,angel/X/orient1/tilt_back_away_1/landmarks_trimmed.json,33,33,18,"[0, 1, 3, 5, 7, 9, 11, 13, 15, 16, 18, 20, 22, 24, 26, 28, 30, 32]","[90.60000002384186, 199.89999997615814, 377.39999997615814, 561.0, 745.1000000238419, 958.7999999523163, 1146.6000000238419, 1327.7999999523163, 1513.7999999523163, 1608.6000000238419, 1815.1000000238419, 2019.3999999761581, 2201.100000023842, 2385.100000023842, 2580.0, 2762.2999999523163, 2954.2000000476837, 3005.0]",X,21,validation
680,angel,X,1,X_orient1,46,1,angel/X/orient1/tilt_back_neutral_1/landmarks_trimmed.json,28,28,18,"[0, 1, 3, 4, 6, 7, 9, 11, 12, 14, 15, 17, 19, 20, 22, 23, 25, 27]","[314.60000002384186, 597.1999999284744, 782.8999999761581, 869.0, 1068.0, 1168.8999999761581, 1354.5, 1553.7999999523163, 1646.0, 1835.1999999284744, 1933.2999999523163, 2123.600000023842, 2314.600000023842, 2414.1999999284744, 2607.5, 2694.100000023842, 2875.0, 3069.1999999284744]",X,21,train
681,angel,X,1,X_orient1,46,2,angel/X/orient1/tilt_back_neutral_2/landmarks_trimmed.json,27,27,18,"[0, 1, 3, 4, 6, 7, 9, 10, 12, 13, 15, 16, 18, 19, 21, 22, 24, 26]","[104.59999990463257, 204.5, 403.2999999523163, 430.5, 625.2999999523163, 713.7999999523163, 1447.2999999523163, 1547.1999999284744, 1740.2999999523163, 1838.0, 2039.2999999523163, 2142.899999976158, 2311.399999976158, 2406.7999999523163, 2600.6999999284744, 2686.7999999523163, 2880.399999976158, 3073.899999976158]",X,21,train
682,angel,X,1,X_orient1,46,1,angel/X/orient1/tilt_back_toward_1/landmarks_trimmed.json,32,32,18,"[0, 1, 3, 5, 7, 9, 10, 12, 14, 16, 18, 20, 21, 23, 25, 27, 29, 31]","[92.29999995231628, 180.0, 359.1999999284744, 553.7999999523163, 770.8999999761581, 975.1999999284744, 1062.0, 1251.7999999523163, 1450.3999999761581, 1626.7999999523163, 1829.5, 2020.3999999761581, 2118.5999999046326, 2318.1999999284744, 2515.5, 2707.899999976158, 2889.899999976158, 3077.1999999284744]",X,21,validation
683,angel,X,1,X_orient1,46,1,angel/X/orient1/tilt_forward_away_1/landmarks_trimmed.json,36,36,18,"[0, 2, 4, 6, 8, 10, 12, 14, 16, 18, 20, 22, 24, 26, 28, 30, 32, 35]","[87.80000007152557, 269.3000000715256, 460.7000000476837, 645.8999999761581, 834.5, 1035.3999999761581, 1236.8000000715256, 1372.8000000715256, 1419.3000000715256, 1601.3999999761581, 1789.5, 1988.3000000715256, 2135.899999976158, 2178.399999976158, 2368.8000000715256, 2563.7000000476837, 2755.899999976158, 3052.399999976158]",X,21,train
684,angel,X,1,X_orient1,46,1,angel/X/orient1/tilt_forward_neutral_1/landmarks_trimmed.json,31,31,18,"[0, 1, 3, 5, 7, 8, 10, 12, 14, 15, 17, 19, 21, 22, 24, 26, 28, 30]","[91.89999997615814, 183.69999992847443, 362.2999999523163, 564.7999999523163, 763.6999999284744, 862.2999999523163, 1005.3999999761581, 1169.0, 1371.7999999523163, 1469.2999999523163, 1656.2999999523163, 1837.7999999523163, 2034.5, 2133.899999976158, 2306.5, 2646.7999999523163, 2823.399999976158, 3011.600000023842]",X,21,train
685,angel,X,1,X_orient1,46,2,angel/X/orient1/tilt_forward_neutral_2/landmarks_trimmed.json,32,32,18,"[0, 1, 3, 5, 7, 9, 10, 12, 14, 16, 18, 20, 21, 23, 25, 27, 29, 31]","[90.60000002384186, 183.69999992847443, 372.60000002384186, 559.8999999761581, 758.2999999523163, 957.1999999284744, 1053.0, 1232.7999999523163, 1426.1999999284744, 1614.0, 1797.6000000238419, 1991.1000000238419, 2087.2999999523163, 2283.1999999284744, 2425.1999999284744, 2607.899999976158, 2808.399999976158, 3005.600000023842]",X,21,train
686,angel,X,1,X_orient1,46,1,angel/X/orient1/tilt_forward_toward_1/landmarks_trimmed.json,28,28,18,"[0, 1, 3, 4, 6, 7, 9, 11, 12, 14, 15, 17, 19, 20, 22, 23, 25, 27]","[97.10000002384186, 189.5, 375.3000000715256, 463.39999997615814, 658.0, 754.0, 938.5, 1116.1000000238419, 1208.3999999761581, 1389.6000000238419, 1478.2000000476837, 1666.1000000238419, 1844.7000000476837, 1939.7000000476837, 2517.3000000715256, 2619.600000023842, 2825.0, 3026.899999976158]",X,21,train
687,angel,X,1,X_orient1,46,1,angel/X/orient1/tilt_neutral_away_1/landmarks_trimmed.json,28,28,18,"[0, 1, 3, 4, 6, 7, 9, 11, 12, 14, 15, 17, 19, 20, 22, 23, 25, 27]","[92.09999990463257, 182.29999995231628, 408.7999999523163, 503.2999999523163, 681.0999999046326, 770.0, 960.6999999284744, 1142.0, 1239.7999999523163, 1440.1999999284744, 1641.6999999284744, 2067.0, 2253.7999999523163, 2342.7999999523163, 2523.5999999046326, 2613.5, 2816.2999999523163, 3013.7999999523163]",X,21,train
688,angel,X,1,X_orient1,46,1,angel/X/orient1/tilt_neutral_neutral_1/landmarks_trimmed.json,31,31,18,"[0, 1, 3, 5, 7, 8, 10, 12, 14, 15, 17, 19, 21, 22, 24, 26, 28, 30]","[93.79999995231628, 183.29999995231628, 385.10000002384186, 591.3999999761581, 792.8999999761581, 892.8999999761581, 1073.1999999284744, 1256.1999999284744, 1432.1999999284744, 1529.7999999523163, 1732.3999999761581, 1924.1000000238419, 2138.5, 2245.399999976158, 2440.0, 2630.100000023842, 2803.399999976158, 3002.399999976158]",X,21,train
689,angel,X,1,X_orient1,46,2,angel/X/orient1/tilt_neutral_neutral_2/landmarks_trimmed.json,32,32,18,"[0, 1, 3, 5, 7, 9, 10, 12, 14, 16, 18, 20, 21, 23, 25, 27, 29, 31]","[107.89999997615814, 202.89999997615814, 396.89999997615814, 577.5, 762.2000000476837, 976.6000000238419, 1066.1000000238419, 1253.7000000476837, 1442.5, 1648.6000000238419, 1836.7000000476837, 2010.7000000476837, 2099.100000023842, 2299.2999999523163, 2483.899999976158, 2691.100000023842, 2888.2000000476837, 3103.2000000476837]",X,21,train
690,angel,X,1,X_orient1,46,1,angel/X/orient1/tilt_neutral_toward_1/landmarks_trimmed.json,34,34,18,"[0, 1, 3, 5, 7, 9, 11, 13, 15, 17, 19, 21, 23, 25, 27, 29, 31, 33]","[89.20000004768372, 181.10000002384186, 359.3000000715256, 559.1000000238419, 764.3999999761581, 954.1000000238419, 1155.2000000476837, 1332.1000000238419, 1452.3000000715256, 1642.0, 1850.3000000715256, 2064.600000023842, 2178.899999976158, 2316.7000000476837, 2499.7000000476837, 2681.3000000715256, 2877.7000000476837, 3076.0]",X,21,train
691,angel,Y,1,Y_orient1,47,1,angel/Y/orient1/tilt_back_away_1/landmarks_trimmed.json,30,30,18,"[0, 1, 3, 5, 6, 8, 10, 11, 13, 15, 17, 18, 20, 22, 23, 25, 27, 29]","[100.39999997615814, 199.09999990463257, 398.7999999523163, 580.2999999523163, 672.5, 869.8999999761581, 1076.1999999284744, 1180.2999999523163, 1379.5, 1560.3999999761581, 1763.7999999523163, 1878.0999999046326, 2101.5, 2311.5999999046326, 2423.6999999284744, 2634.1999999284744, 2812.899999976158, 3003.399999976158]",Y,22,train
692,angel,Y,1,Y_orient1,47,1,angel/Y/orient1/tilt_back_neutral_1/landmarks_trimmed.json,30,30,18,"[0, 1, 3, 5, 6, 8, 10, 11, 13, 15, 17, 18, 20, 22, 23, 25, 27, 29]","[92.20000004768372, 190.39999997615814, 394.3000000715256, 595.8999999761581, 702.3000000715256, 917.3000000715256, 1110.3999999761581, 1203.6000000238419, 1383.3999999761581, 1583.6000000238419, 1783.5, 1881.8000000715256, 2086.399999976158, 2317.600000023842, 2421.899999976158, 2602.8000000715256, 2805.600000023842, 3010.5]",Y,22,train
693,angel,Y,1,Y_orient1,47,2,angel/Y/orient1/tilt_back_neutral_2/landmarks_trimmed.json,32,32,18,"[0, 1, 3, 5, 7, 9, 10, 12, 14, 16, 18, 20, 21, 23, 25, 27, 29, 31]","[98.5, 197.39999997615814, 385.39999997615814, 562.7999999523163, 745.7999999523163, 954.6000000238419, 1077.6000000238419, 1298.6000000238419, 1502.0, 1551.8999999761581, 1749.8999999761581, 1943.8999999761581, 2041.7999999523163, 2234.5, 2433.0, 2623.100000023842, 2807.7000000476837, 3005.0]",Y,22,validation
694,angel,Y,1,Y_orient1,47,1,angel/Y/orient1/tilt_back_toward_1/landmarks_trimmed.json,27,27,18,"[0, 1, 3, 4, 6, 7, 9, 10, 12, 13, 15, 16, 18, 19, 21, 22, 24, 26]","[106.29999995231628, 150.5, 332.09999990463257, 434.1999999284744, 632.0, 733.3999999761581, 925.5, 1009.1999999284744, 1201.8999999761581, 1301.3999999761581, 1501.2999999523163, 1597.6999999284744, 1803.5999999046326, 2094.2999999523163, 2421.2999999523163, 2622.0999999046326, 2817.399999976158, 3001.7999999523163]",Y,22,train
695,angel,Y,1,Y_orient1,47,1,angel/Y/orient1/tilt_forward_away_1/landmarks_trimmed.json,31,31,18,"[0, 1, 3, 5, 7, 8, 10, 12, 14, 15, 17, 19, 21, 22, 24, 26, 28, 30]","[100.10000002384186, 198.80000007152557, 380.2000000476837, 568.0, 759.8999999761581, 847.0, 1047.2000000476837, 1235.5, 1421.7000000476837, 1531.1000000238419, 1734.5, 1954.8000000715256, 2142.899999976158, 2232.0, 2411.399999976158, 2606.2000000476837, 2818.0, 3029.8000000715256]",Y,22,train
696,angel,Y,1,Y_orient1,47,1,angel/Y/orient1/tilt_forward_neutral_1/landmarks_trimmed.json,32,32,18,"[0, 1, 3, 5, 7, 9, 10, 12, 14, 16, 18, 20, 21, 23, 25, 27, 29, 31]","[95.60000002384186, 186.10000002384186, 367.5, 564.7000000476837, 754.0, 952.2000000476837, 1051.8000000715256, 1237.3999999761581, 1431.6000000238419, 1622.6000000238419, 1814.3000000715256, 2003.3999999761581, 2103.7000000476837, 2285.3000000715256, 2489.399999976158, 2689.600000023842, 2899.3000000715256, 3093.5]",Y,22,train
697,angel,Y,1,Y_orient1,47,2,angel/Y/orient1/tilt_forward_neutral_2/landmarks_trimmed.json,31,31,18,"[0, 1, 3, 5, 7, 8, 10, 12, 14, 15, 17, 19, 21, 22, 24, 26, 28, 30]","[88.5, 189.60000002384186, 389.5, 586.6000000238419, 784.1000000238419, 890.6000000238419, 1092.2000000476837, 1265.2000000476837, 1450.7999999523163, 1546.6000000238419, 1727.1000000238419, 1922.7000000476837, 2116.600000023842, 2217.5, 2425.5, 2646.7000000476837, 2861.399999976158, 3082.600000023842]",Y,22,train
698,angel,Y,1,Y_orient1,47,1,angel/Y/orient1/tilt_forward_toward_1/landmarks_trimmed.json,32,32,18,"[0, 1, 3, 5, 7, 9, 10, 12, 14, 16, 18, 20, 21, 23, 25, 27, 29, 31]","[97.60000002384186, 195.69999992847443, 395.1999999284744, 578.1000000238419, 764.8999999761581, 945.1000000238419, 1034.6000000238419, 1229.2999999523163, 1415.2999999523163, 1607.1999999284744, 1809.1999999284744, 2007.1999999284744, 2110.7999999523163, 2297.100000023842, 2482.6999999284744, 2678.6999999284744, 2860.899999976158, 3059.899999976158]",Y,22,validation
699,angel,Y,1,Y_orient1,47,1,angel/Y/orient1/tilt_neutral_away_1/landmarks_trimmed.json,30,30,18,"[0, 1, 3, 5, 6, 8, 10, 11, 13, 15, 17, 18, 20, 22, 23, 25, 27, 29]","[115.29999995231628, 231.29999995231628, 444.89999997615814, 661.7999999523163, 757.8999999761581, 957.2999999523163, 1154.2000000476837, 1255.1000000238419, 1464.0, 1660.0, 1849.2000000476837, 1938.7999999523163, 2136.600000023842, 2334.7000000476837, 2435.2999999523163, 2635.600000023842, 2817.2000000476837, 3018.899999976158]",Y,22,train
700,angel,Y,1,Y_orient1,47,1,angel/Y/orient1/tilt_neutral_neutral_1/landmarks_trimmed.json,32,32,18,"[0, 1, 3, 5, 7, 9, 10, 12, 14, 16, 18, 20, 21, 23, 25, 27, 29, 31]","[98.10000002384186, 199.89999997615814, 382.39999997615814, 569.6000000238419, 747.0, 934.6000000238419, 1034.6000000238419, 1232.7999999523163, 1433.2999999523163, 1623.1999999284744, 1818.0, 2010.3999999761581, 2103.6999999284744, 2296.2999999523163, 2478.600000023842, 2676.1999999284744, 2889.899999976158, 3082.5]",Y,22,train
701,angel,Y,1,Y_orient1,47,2,angel/Y/orient1/tilt_neutral_neutral_2/landmarks_trimmed.json,27,27,18,"[0, 1, 3, 4, 6, 7, 9, 10, 12, 13, 15, 16, 18, 19, 21, 22, 24, 26]","[94.70000004768372, 194.20000004768372, 396.10000002384186, 491.60000002384186, 671.0, 758.7000000476837, 948.3999999761581, 1040.1000000238419, 1233.2000000476837, 1334.7999999523163, 1509.3999999761581, 1607.0, 1801.7000000476837, 1913.8999999761581, 2548.0, 2647.100000023842, 2842.899999976158, 3043.0]",Y,22,train
702,angel,Y,1,Y_orient1,47,1,angel/Y/orient1/tilt_neutral_toward_1/landmarks_trimmed.json,31,31,18,"[0, 1, 3, 5, 7, 8, 10, 12, 14, 15, 17, 19, 21, 22, 24, 26, 28, 30]","[97.70000004768372, 198.39999997615814, 334.0, 526.8999999761581, 700.0, 793.6000000238419, 982.8999999761581, 1248.7999999523163, 1454.3999999761581, 1565.2000000476837, 1763.2999999523163, 1970.8999999761581, 2184.2000000476837, 2304.100000023842, 2499.5, 2672.399999976158, 2871.5, 3086.7999999523163]",Y,22,train
703,angel,Y,2,Y_orient2,48,1,angel/Y/orient2/tilt_back_away_1/landmarks_trimmed.json,30,30,18,"[0, 1, 3, 5, 6, 8, 10, 11, 13, 15, 17, 18, 20, 22, 23, 25, 27, 29]","[98.10000002384186, 199.19999992847443, 392.60000002384186, 582.8999999761581, 684.1000000238419, 885.5, 1083.7999999523163, 1190.6999999284744, 1385.0, 1584.6999999284744, 1786.1000000238419, 1887.7999999523163, 2082.5, 2270.399999976158, 2365.899999976158, 2578.1999999284744, 2805.7999999523163, 3057.1999999284744]",Y,22,train
704,angel,Y,2,Y_orient2,48,1,angel/Y/orient2/tilt_back_neutral_1/landmarks_trimmed.json,27,27,18,"[0, 1, 3, 4, 6, 7, 9, 10, 12, 13, 15, 16, 18, 19, 21, 22, 24, 26]","[110.39999997615814, 221.79999995231628, 440.10000002384186, 552.6000000238419, 782.5, 902.5, 1137.1000000238419, 1244.2000000476837, 1460.7999999523163, 1574.3999999761581, 1801.2999999523163, 1915.2999999523163, 2145.7999999523163, 2259.100000023842, 2475.899999976158, 2592.100000023842, 2810.399999976158, 3045.899999976158]",Y,22,validation
705,angel,Y,2,Y_orient2,48,2,angel/Y/orient2/tilt_back_neutral_2/landmarks_trimmed.json,27,27,18,"[0, 1, 3, 4, 6, 7, 9, 10, 12, 13, 15, 16, 18, 19, 21, 22, 24, 26]","[105.89999997615814, 224.5, 452.0, 557.2000000476837, 773.7000000476837, 875.7999999523163, 1095.1000000238419, 1202.8999999761581, 1440.7999999523163, 1555.2000000476837, 1781.1000000238419, 1891.7999999523163, 2120.2999999523163, 2233.2000000476837, 2456.399999976158, 2567.399999976158, 2785.7000000476837, 3005.2999999523163]",Y,22,train
706,angel,Y,2,Y_orient2,48,1,angel/Y/orient2/tilt_back_toward_1/landmarks_trimmed.json,28,28,18,"[0, 1, 3, 4, 6, 7, 9, 11, 12, 14, 15, 17, 19, 20, 22, 23, 25, 27]","[220.69999992847443, 552.2999999523163, 766.5999999046326, 883.8999999761581, 1094.7999999523163, 1142.3999999761581, 1188.1999999284744, 1382.3999999761581, 1611.8999999761581, 1839.0, 1889.2999999523163, 2031.2999999523163, 2212.5, 2308.6999999284744, 2509.1999999284744, 2618.899999976158, 2856.1999999284744, 3082.399999976158]",Y,22,train
707,angel,Y,2,Y_orient2,48,1,angel/Y/orient2/tilt_forward_away_1/landmarks_trimmed.json,31,31,18,"[0, 1, 3, 5, 7, 8, 10, 12, 14, 15, 17, 19, 21, 22, 24, 26, 28, 30]","[90.39999997615814, 179.10000002384186, 377.60000002384186, 577.2999999523163, 828.7999999523163, 930.5, 1126.8999999761581, 1325.5, 1505.1000000238419, 1596.1000000238419, 1774.2999999523163, 1967.6999999284744, 2161.0, 2256.399999976158, 2454.5, 2650.600000023842, 2831.600000023842, 3019.6999999284744]",Y,22,train
708,angel,Y,2,Y_orient2,48,1,angel/Y/orient2/tilt_forward_neutral_1/landmarks_trimmed.json,31,31,18,"[0, 1, 3, 5, 7, 8, 10, 12, 14, 15, 17, 19, 21, 22, 24, 26, 28, 30]","[106.5, 205.39999997615814, 402.89999997615814, 600.2999999523163, 798.7999999523163, 892.0, 1077.7999999523163, 1280.2999999523163, 1475.7000000476837, 1575.7999999523163, 1753.7000000476837, 1959.1000000238419, 2170.7999999523163, 2269.100000023842, 2461.899999976158, 2658.399999976158, 2869.0, 3064.399999976158]",Y,22,validation
709,angel,Y,2,Y_orient2,48,2,angel/Y/orient2/tilt_forward_neutral_2/landmarks_trimmed.json,32,32,18,"[0, 1, 3, 5, 7, 9, 10, 12, 14, 16, 18, 20, 21, 23, 25, 27, 29, 31]","[96.10000002384186, 191.79999995231628, 381.2000000476837, 589.2999999523163, 816.2999999523163, 1018.2999999523163, 1113.7000000476837, 1313.1000000238419, 1498.1000000238419, 1673.6000000238419, 1870.7999999523163, 2077.2999999523163, 2183.899999976158, 2371.399999976158, 2470.5, 2658.100000023842, 2846.2999999523163, 3031.899999976158]",Y,22,train
710,angel,Y,2,Y_orient2,48,1,angel/Y/orient2/tilt_forward_toward_1/landmarks_trimmed.json,33,33,18,"[0, 1, 3, 5, 7, 9, 11, 13, 15, 16, 18, 20, 22, 24, 26, 28, 30, 32]","[98.69999992847443, 194.29999995231628, 373.10000002384186, 578.8999999761581, 778.7999999523163, 983.3999999761581, 1179.5, 1380.1000000238419, 1566.3999999761581, 1656.7999999523163, 1843.1000000238419, 2030.8999999761581, 2228.399999976158, 2373.600000023842, 2478.0, 2665.5, 2859.6999999284744, 3048.7999999523163]",Y,22,train
711,angel,Y,2,Y_orient2,48,1,angel/Y/orient2/tilt_neutral_away_1/landmarks_trimmed.json,27,27,18,"[0, 1, 3, 4, 6, 7, 9, 10, 12, 13, 15, 16, 18, 19, 21, 22, 24, 26]","[113.30000007152557, 219.5, 436.5, 548.1000000238419, 763.1000000238419, 880.5, 1105.8999999761581, 1222.1000000238419, 1454.2000000476837, 1568.0, 1786.1000000238419, 1906.6000000238419, 2131.100000023842, 2247.7000000476837, 2462.399999976158, 2594.600000023842, 2815.7000000476837, 3038.3000000715256]",Y,22,train
712,angel,Y,2,Y_orient2,48,1,angel/Y/orient2/tilt_neutral_neutral_1/landmarks_trimmed.json,31,31,18,"[0, 1, 3, 5, 7, 8, 10, 12, 14, 15, 17, 19, 21, 22, 24, 26, 28, 30]","[92.09999990463257, 182.19999992847443, 372.0, 566.7999999523163, 764.8999999761581, 864.7999999523163, 1071.5999999046326, 1266.0, 1449.3999999761581, 1542.3999999761581, 1739.3999999761581, 1943.5999999046326, 2144.1999999284744, 2238.5, 2425.899999976158, 2625.7999999523163, 2808.7999999523163, 3001.1999999284744]",Y,22,train
713,angel,Y,2,Y_orient2,48,2,angel/Y/orient2/tilt_neutral_neutral_2/landmarks_trimmed.json,24,24,18,"[0, 1, 2, 4, 5, 6, 8, 9, 10, 12, 13, 14, 16, 17, 18, 20, 21, 23]","[94.10000002384186, 193.5, 287.3000000715256, 481.60000002384186, 598.2000000476837, 708.8000000715256, 924.3999999761581, 1036.7000000476837, 1148.5, 1364.2000000476837, 1472.5, 1578.8999999761581, 1808.5, 1915.1000000238419, 2028.3999999761581, 2286.7000000476837, 2821.899999976158, 3018.899999976158]",Y,22,train
714,angel,Y,2,Y_orient2,48,1,angel/Y/orient2/tilt_neutral_toward_1/landmarks_trimmed.json,27,27,18,"[0, 1, 3, 4, 6, 7, 9, 10, 12, 13, 15, 16, 18, 19, 21, 22, 24, 26]","[97.19999992847443, 197.69999992847443, 394.09999990463257, 503.0, 707.8999999761581, 807.6999999284744, 1011.7999999523163, 1115.0, 1314.5, 1411.8999999761581, 1612.5, 1710.5999999046326, 2197.2999999523163, 2309.5, 2493.899999976158, 2595.0, 2799.1999999284744, 3006.399999976158]",Y,22,train
715,angel,Z,1,Z_orient1,49,1,angel/Z/orient1/tilt_back_away_1/landmarks_trimmed.json,18,18,18,"[0, 1, 2, 3, 4, 5, 6, 7, 8, 9, 10, 11, 12, 13, 14, 15, 16, 17]","[357.7999999523163, 940.7000000476837, 1560.8999999761581, 1661.6000000238419, 1756.3999999761581, 1852.6000000238419, 1947.5, 2042.1000000238419, 2141.2000000476837, 2237.899999976158, 2328.899999976158, 2427.7999999523163, 2526.5, 2618.7000000476837, 2714.2999999523163, 2806.7000000476837, 2908.100000023842, 3002.5]",Z,23,train
716,angel,Z,1,Z_orient1,49,1,angel/Z/orient1/tilt_back_neutral_1/landmarks_trimmed.json,27,27,18,"[0, 1, 3, 4, 6, 7, 9, 10, 12, 13, 15, 16, 18, 19, 21, 22, 24, 26]","[112.79999995231628, 231.89999997615814, 459.7999999523163, 560.6000000238419, 783.3999999761581, 899.1000000238419, 1118.2999999523163, 1234.2000000476837, 1459.5, 1571.1000000238419, 1786.5, 1886.3999999761581, 2097.7999999523163, 2202.100000023842, 2439.600000023842, 2553.100000023842, 2798.7000000476837, 3025.7999999523163]",Z,23,train
717,angel,Z,1,Z_orient1,49,2,angel/Z/orient1/tilt_back_neutral_2/landmarks_trimmed.json,28,28,18,"[0, 1, 3, 4, 6, 7, 9, 11, 12, 14, 15, 17, 19, 20, 22, 23, 25, 27]","[107.0, 203.19999992847443, 402.2999999523163, 515.0, 737.2999999523163, 848.5, 1096.1000000238419, 1323.7999999523163, 1435.7999999523163, 1599.7999999523163, 1706.0, 1920.6999999284744, 2140.7999999523163, 2253.899999976158, 2485.1999999284744, 2598.5, 2825.399999976158, 3052.899999976158]",Z,23,train
718,angel,Z,1,Z_orient1,49,1,angel/Z/orient1/tilt_back_toward_1/landmarks_trimmed.json,22,22,18,"[0, 1, 2, 3, 4, 6, 7, 8, 9, 11, 12, 13, 14, 16, 17, 18, 19, 21]","[117.19999992847443, 231.39999997615814, 347.5, 455.2999999523163, 570.0999999046326, 790.8999999761581, 904.7999999523163, 1017.5, 1129.5999999046326, 1882.0999999046326, 2143.5999999046326, 2241.0999999046326, 2335.0999999046326, 2529.6999999284744, 2625.0, 2722.2999999523163, 2818.6999999284744, 3008.399999976158]",Z,23,train
719,angel,Z,1,Z_orient1,49,1,angel/Z/orient1/tilt_forward_away_1/landmarks_trimmed.json,27,27,18,"[0, 1, 3, 4, 6, 7, 9, 10, 12, 13, 15, 16, 18, 19, 21, 22, 24, 26]","[110.39999997615814, 223.0, 453.39999997615814, 568.5, 795.1000000238419, 907.2999999523163, 1130.1999999284744, 1239.3999999761581, 1460.1000000238419, 1582.6999999284744, 1809.6000000238419, 1925.8999999761581, 2151.899999976158, 2256.5, 2475.2999999523163, 2589.2999999523163, 2817.5, 3035.7999999523163]",Z,23,train
720,angel,Z,1,Z_orient1,49,1,angel/Z/orient1/tilt_forward_neutral_1/landmarks_trimmed.json,27,27,18,"[0, 1, 3, 4, 6, 7, 9, 10, 12, 13, 15, 16, 18, 19, 21, 22, 24, 26]","[112.09999990463257, 220.69999992847443, 459.39999997615814, 575.3999999761581, 790.6999999284744, 895.8999999761581, 1115.5, 1220.6999999284744, 1448.0, 1563.0999999046326, 1786.7999999523163, 1896.3999999761581, 2115.1999999284744, 2226.7999999523163, 2441.1999999284744, 2564.2999999523163, 2809.6999999284744, 3041.0999999046326]",Z,23,train
721,angel,Z,1,Z_orient1,49,2,angel/Z/orient1/tilt_forward_neutral_2/landmarks_trimmed.json,27,27,18,"[0, 1, 3, 4, 6, 7, 9, 10, 12, 13, 15, 16, 18, 19, 21, 22, 24, 26]","[106.60000002384186, 211.0, 418.10000002384186, 544.0, 801.2000000476837, 917.5, 1144.2000000476837, 1250.6000000238419, 1468.2000000476837, 1573.8999999761581, 1793.3999999761581, 1911.2000000476837, 2140.0, 2246.100000023842, 2468.0, 2583.5, 2802.100000023842, 3027.2999999523163]",Z,23,train
722,angel,Z,1,Z_orient1,49,1,angel/Z/orient1/tilt_forward_toward_1/landmarks_trimmed.json,27,27,18,"[0, 1, 3, 4, 6, 7, 9, 10, 12, 13, 15, 16, 18, 19, 21, 22, 24, 26]","[107.60000002384186, 220.69999992847443, 443.60000002384186, 573.5, 805.7999999523163, 927.1000000238419, 1153.5, 1265.0, 1486.8999999761581, 1596.3999999761581, 1824.0, 1940.8999999761581, 2166.2999999523163, 2277.5, 2491.5, 2603.899999976158, 2831.600000023842, 3059.7999999523163]",Z,23,train
723,angel,Z,1,Z_orient1,49,1,angel/Z/orient1/tilt_neutral_away_1/landmarks_trimmed.json,28,28,18,"[0, 1, 3, 4, 6, 7, 9, 11, 12, 14, 15, 17, 19, 20, 22, 23, 25, 27]","[106.60000002384186, 220.80000007152557, 437.7000000476837, 554.8999999761581, 777.2000000476837, 897.1000000238419, 1116.8000000715256, 1336.2000000476837, 1439.3999999761581, 1655.8999999761581, 1759.7000000476837, 1982.3000000715256, 2209.399999976158, 2331.100000023842, 2551.7000000476837, 2661.3000000715256, 2881.8000000715256, 3102.600000023842]",Z,23,train
724,angel,Z,1,Z_orient1,49,1,angel/Z/orient1/tilt_neutral_neutral_1/landmarks_trimmed.json,27,27,18,"[0, 1, 3, 4, 6, 7, 9, 10, 12, 13, 15, 16, 18, 19, 21, 22, 24, 26]","[113.39999997615814, 231.89999997615814, 459.09999990463257, 564.8999999761581, 792.8999999761581, 908.6999999284744, 1138.5, 1245.6999999284744, 1471.5999999046326, 1575.5999999046326, 1804.6999999284744, 1915.0999999046326, 2140.399999976158, 2252.5, 2490.1999999284744, 2609.0, 2834.399999976158, 3061.0]",Z,23,validation
725,angel,Z,1,Z_orient1,49,2,angel/Z/orient1/tilt_neutral_neutral_2/landmarks_trimmed.json,23,23,18,"[0, 1, 2, 3, 5, 6, 7, 9, 10, 11, 12, 14, 15, 16, 18, 19, 20, 22]","[116.20000004768372, 226.5, 336.39999997615814, 446.2999999523163, 677.0, 788.8999999761581, 901.7000000476837, 1139.2999999523163, 1362.6000000238419, 1470.2000000476837, 1574.8999999761581, 2252.0, 2355.2000000476837, 2449.2999999523163, 2632.7000000476837, 2728.100000023842, 2819.100000023842, 3012.7000000476837]",Z,23,train
726,angel,Z,1,Z_orient1,49,1,angel/Z/orient1/tilt_neutral_toward_1/landmarks_trimmed.json,27,27,18,"[0, 1, 3, 4, 6, 7, 9, 10, 12, 13, 15, 16, 18, 19, 21, 22, 24, 26]","[91.5, 184.19999992847443, 471.7999999523163, 566.3999999761581, 761.5999999046326, 853.5, 1159.7999999523163, 1255.7999999523163, 1449.1999999284744, 1544.5999999046326, 1862.8999999761581, 1969.7999999523163, 2186.6999999284744, 2301.399999976158, 2516.899999976158, 2620.0, 2849.6999999284744, 3084.5]",Z,23,validation
727,mathur,A,1,A_orient1,0,1,mathur/A/orient1/tilt_back_neutral_1/landmarks_trimmed.json,20,20,18,"[0, 1, 2, 3, 4, 5, 6, 7, 8, 10, 11, 12, 13, 14, 15, 16, 17, 19]","[163.09999990463257, 327.7000002861023, 485.09999990463257, 644.7000002861023, 811.0999999046326, 973.4000000953674, 1134.0, 1298.2000002861023, 1452.3000001907349, 1775.9000000953674, 1938.8000001907349, 2094.4000000953674, 2255.5999999046326, 2416.0, 2573.2000002861023, 2655.0, 2813.4000000953674, 3135.9000000953674]",A,0,train
728,mathur,A,1,A_orient1,0,2,mathur/A/orient1/tilt_back_neutral_2/landmarks_trimmed.json,20,20,18,"[0, 1, 2, 3, 4, 5, 6, 7, 8, 10, 11, 12, 13, 14, 15, 16, 17, 19]","[161.09999990463257, 319.09999990463257, 401.80000019073486, 563.8000001907349, 725.5999999046326, 882.4000000953674, 1046.0999999046326, 1205.5999999046326, 1369.8000001907349, 1695.6999998092651, 1857.8000001907349, 1940.3000001907349, 2103.300000190735, 2266.800000190735, 2420.300000190735, 2582.5, 2772.5, 3078.4000000953674]",A,0,train
729,mathur,A,1,A_orient1,0,1,mathur/A/orient1/tilt_back_toward_1/landmarks_trimmed.json,20,20,18,"[0, 1, 2, 3, 4, 5, 6, 7, 8, 10, 11, 12, 13, 14, 15, 16, 17, 19]","[169.90000009536743, 324.40000009536743, 406.59999990463257, 562.7999997138977, 720.2999997138977, 875.4000000953674, 1032.7999997138977, 1194.7999997138977, 1351.7999997138977, 1667.7999997138977, 1826.2999997138977, 1991.5, 2175.0, 2356.199999809265, 2442.0999999046326, 2618.699999809265, 2784.7999997138977, 3124.4000000953674]",A,0,train
730,mathur,A,1,A_orient1,0,1,mathur/A/orient1/tilt_forward_away_1/landmarks_trimmed.json,20,20,18,"[0, 1, 2, 3, 4, 5, 6, 7, 8, 10, 11, 12, 13, 14, 15, 16, 17, 19]","[160.09999990463257, 317.8999996185303, 479.59999990463257, 640.5, 796.7999997138977, 959.3999996185303, 1114.5, 1272.5999999046326, 1435.5, 1760.2999997138977, 1841.5999999046326, 2000.0999999046326, 2158.5, 2316.7999997138977, 2471.7999997138977, 2624.5, 2783.8999996185303, 3091.8999996185303]",A,0,validation
731,mathur,A,1,A_orient1,0,1,mathur/A/orient1/tilt_forward_neutral_1/landmarks_trimmed.json,20,20,18,"[0, 1, 2, 3, 4, 5, 6, 7, 8, 10, 11, 12, 13, 14, 15, 16, 17, 19]","[166.0, 323.09999990463257, 476.7999997138977, 631.9000000953674, 790.0, 947.2999997138977, 1097.6999998092651, 1255.5, 1414.2999997138977, 1735.0999999046326, 1816.2999997138977, 1974.9000000953674, 2134.699999809265, 2294.0, 2456.5, 2615.5999999046326, 2773.9000000953674, 3094.4000000953674]",A,0,train
732,mathur,A,1,A_orient1,0,2,mathur/A/orient1/tilt_forward_neutral_2/landmarks_trimmed.json,19,19,18,"[0, 1, 2, 3, 4, 5, 6, 7, 8, 9, 10, 11, 12, 13, 14, 15, 16, 18]","[171.59999990463257, 323.30000019073486, 485.80000019073486, 642.0, 802.9000000953674, 962.0, 1120.0, 1273.0, 1432.8000001907349, 1592.5, 1750.5, 1904.6999998092651, 2066.800000190735, 2223.0, 2383.4000000953674, 2545.699999809265, 2710.9000000953674, 3032.0]",A,0,train
733,mathur,A,1,A_orient1,0,1,mathur/A/orient1/tilt_neutral_away_1/landmarks_trimmed.json,20,20,18,"[0, 1, 2, 3, 4, 5, 6, 7, 8, 10, 11, 12, 13, 14, 15, 16, 17, 19]","[158.5, 317.90000009536743, 470.6000003814697, 630.0, 790.2000002861023, 948.0, 1101.3000001907349, 1263.4000000953674, 1342.4000000953674, 1660.4000000953674, 1820.5, 1975.0, 2130.5, 2289.4000000953674, 2447.7000002861023, 2604.4000000953674, 2761.9000000953674, 3080.1000003814697]",A,0,train
734,mathur,A,1,A_orient1,0,1,mathur/A/orient1/tilt_neutral_neutral_1/landmarks_trimmed.json,20,20,18,"[0, 1, 2, 3, 4, 5, 6, 7, 8, 10, 11, 12, 13, 14, 15, 16, 17, 19]","[161.09999990463257, 322.59999990463257, 483.80000019073486, 637.0999999046326, 796.3000001907349, 877.1999998092651, 1036.5, 1192.4000000953674, 1351.8000001907349, 1670.0999999046326, 1827.1999998092651, 1989.3000001907349, 2146.5999999046326, 2299.800000190735, 2378.800000190735, 2537.800000190735, 2695.5999999046326, 3017.300000190735]",A,0,train
735,mathur,A,1,A_orient1,0,2,mathur/A/orient1/tilt_neutral_neutral_2/landmarks_trimmed.json,19,19,18,"[0, 1, 2, 3, 4, 5, 6, 7, 8, 9, 10, 11, 12, 13, 14, 15, 16, 18]","[164.30000019073486, 321.7000002861023, 480.80000019073486, 638.0999999046326, 797.0, 958.8000001907349, 1117.9000000953674, 1278.9000000953674, 1434.5, 1593.4000000953674, 1755.0, 1915.5999999046326, 2077.5, 2239.4000000953674, 2397.300000190735, 2549.300000190735, 2709.0, 3029.9000000953674]",A,0,train
736,mathur,A,1,A_orient1,0,1,mathur/A/orient1/tilt_neutral_toward_1/landmarks_trimmed.json,20,20,18,"[0, 1, 2, 3, 4, 5, 6, 7, 8, 10, 11, 12, 13, 14, 15, 16, 17, 19]","[159.30000019073486, 318.80000019073486, 479.90000009536743, 641.5999999046326, 800.2000002861023, 960.5999999046326, 1117.4000000953674, 1275.8000001907349, 1360.8000001907349, 1679.5, 1834.0999999046326, 1992.5999999046326, 2151.7000002861023, 2309.5999999046326, 2471.0999999046326, 2629.9000000953674, 2790.300000190735, 3106.0]",A,0,train
737,mathur,A,2,A_orient2,1,1,mathur/A/orient2/tilt_back_away_1/landmarks_trimmed.json,20,20,18,"[0, 1, 2, 3, 4, 5, 6, 7, 8, 10, 11, 12, 13, 14, 15, 16, 17, 19]","[159.09999990463257, 312.09999990463257, 473.0, 637.0, 798.0, 959.1999998092651, 1118.5, 1199.0, 1356.3999996185303, 1680.7999997138977, 1841.0, 1992.1999998092651, 2154.0, 2307.7999997138977, 2467.0, 2628.2999997138977, 2792.199999809265, 3021.8999996185303]",A,0,train
738,mathur,A,2,A_orient2,1,1,mathur/A/orient2/tilt_back_neutral_1/landmarks_trimmed.json,19,19,18,"[0, 1, 2, 3, 4, 5, 6, 7, 8, 9, 10, 11, 12, 13, 14, 15, 16, 18]","[167.0, 326.0, 482.6000003814697, 642.8000001907349, 806.4000000953674, 969.6000003814697, 1129.2000002861023, 1285.5, 1446.9000000953674, 1604.0, 1766.5, 1928.4000000953674, 2087.4000000953674, 2243.9000000953674, 2405.1000003814697, 2559.7000002861023, 2717.2000002861023, 3040.4000000953674]",A,0,train
739,mathur,A,2,A_orient2,1,2,mathur/A/orient2/tilt_back_neutral_2/landmarks_trimmed.json,19,19,18,"[0, 1, 2, 3, 4, 5, 6, 7, 8, 9, 10, 11, 12, 13, 14, 15, 16, 18]","[163.7999997138977, 319.09999990463257, 482.19999980926514, 645.3999996185303, 813.1999998092651, 975.7999997138977, 1134.0999999046326, 1297.8999996185303, 1465.1999998092651, 1632.7999997138977, 1799.0999999046326, 1972.0, 2132.699999809265, 2284.5, 2450.0999999046326, 2617.0999999046326, 2776.7999997138977, 3024.3999996185303]",A,0,train
740,mathur,A,2,A_orient2,1,1,mathur/A/orient2/tilt_back_toward_1/landmarks_trimmed.json,20,20,18,"[0, 1, 2, 3, 4, 5, 6, 7, 8, 10, 11, 12, 13, 14, 15, 16, 17, 19]","[166.0, 328.2000002861023, 488.30000019073486, 641.2000002861023, 722.4000000953674, 883.6000003814697, 1039.0, 1202.2000002861023, 1359.8000001907349, 1673.9000000953674, 1837.2000002861023, 1999.9000000953674, 2158.6000003814697, 2326.800000190735, 2493.800000190735, 2646.300000190735, 2808.4000000953674, 3047.300000190735]",A,0,train
741,mathur,A,2,A_orient2,1,1,mathur/A/orient2/tilt_neutral_neutral_1/landmarks_trimmed.json,20,20,18,"[0, 1, 2, 3, 4, 5, 6, 7, 8, 10, 11, 12, 13, 14, 15, 16, 17, 19]","[164.40000009536743, 317.59999990463257, 470.80000019073486, 634.4000000953674, 796.9000000953674, 961.5999999046326, 1124.3000001907349, 1286.5, 1440.4000000953674, 1761.7000002861023, 1921.9000000953674, 2084.7000002861023, 2245.800000190735, 2401.5, 2471.9000000953674, 2633.5999999046326, 2800.4000000953674, 3127.300000190735]",A,0,train
742,mathur,A,2,A_orient2,1,2,mathur/A/orient2/tilt_neutral_neutral_2/landmarks_trimmed.json,19,19,18,"[0, 1, 2, 3, 4, 5, 6, 7, 8, 9, 10, 11, 12, 13, 14, 15, 16, 18]","[166.59999990463257, 333.8999996185303, 496.7999997138977, 651.5999999046326, 808.8999996185303, 967.3999996185303, 1132.5, 1285.5999999046326, 1451.2999997138977, 1605.8999996185303, 1768.8999996185303, 1930.5, 2093.0999999046326, 2250.7999997138977, 2405.5999999046326, 2573.5999999046326, 2727.5, 3047.0999999046326]",A,0,train
743,mathur,A,2,A_orient2,1,1,mathur/A/orient2/tilt_neutral_toward_1/landmarks_trimmed.json,21,21,18,"[0, 1, 2, 3, 4, 5, 7, 8, 9, 10, 11, 12, 14, 15, 16, 17, 18, 20]","[165.69999980926514, 324.59999990463257, 490.69999980926514, 665.8000001907349, 832.0999999046326, 986.5, 1309.5999999046326, 1466.5, 1624.0, 1785.4000000953674, 1941.5999999046326, 2019.9000000953674, 2259.9000000953674, 2420.0999999046326, 2581.9000000953674, 2664.4000000953674, 2745.0999999046326, 3067.9000000953674]",A,0,train
744,mathur,A,3,A_orient3,2,1,mathur/A/orient3/tilt_back_away_1/landmarks_trimmed.json,20,20,18,"[0, 1, 2, 3, 4, 5, 6, 7, 8, 10, 11, 12, 13, 14, 15, 16, 17, 19]","[165.30000019073486, 245.90000009536743, 402.7000002861023, 561.7000002861023, 716.7000002861023, 799.3000001907349, 967.0, 1138.9000000953674, 1300.9000000953674, 1629.9000000953674, 1802.0, 1969.9000000953674, 2132.300000190735, 2288.6000003814697, 2449.300000190735, 2608.5, 2769.2000002861023, 3098.4000000953674]",A,0,train
745,mathur,A,3,A_orient3,2,1,mathur/A/orient3/tilt_back_neutral_1/landmarks_trimmed.json,20,20,18,"[0, 1, 2, 3, 4, 5, 6, 7, 8, 10, 11, 12, 13, 14, 15, 16, 17, 19]","[158.5, 322.19999980926514, 479.90000009536743, 640.3000001907349, 800.8000001907349, 955.8000001907349, 1112.1999998092651, 1263.9000000953674, 1423.9000000953674, 1661.0999999046326, 1824.9000000953674, 1985.8000001907349, 2140.699999809265, 2291.800000190735, 2455.0999999046326, 2611.5999999046326, 2768.699999809265, 3089.4000000953674]",A,0,train
746,mathur,A,3,A_orient3,2,2,mathur/A/orient3/tilt_back_neutral_2/landmarks_trimmed.json,18,18,18,"[0, 1, 2, 3, 4, 5, 6, 7, 8, 9, 10, 11, 12, 13, 14, 15, 16, 17]","[174.7000002861023, 351.30000019073486, 530.5, 720.3000001907349, 879.7000002861023, 1037.2000002861023, 1200.0, 1359.3000001907349, 1522.0, 1687.5, 1871.8000001907349, 2080.5, 2249.0, 2434.0, 2636.7000002861023, 2799.5, 2993.1000003814697, 3147.0]",A,0,train
747,mathur,A,3,A_orient3,2,1,mathur/A/orient3/tilt_back_toward_1/landmarks_trimmed.json,19,19,18,"[0, 1, 2, 3, 4, 5, 6, 7, 8, 9, 10, 11, 12, 13, 14, 15, 16, 18]","[163.69999980926514, 326.69999980926514, 485.3999996185303, 638.0, 799.0999999046326, 962.6999998092651, 1126.2999997138977, 1285.5, 1445.7999997138977, 1594.5, 1756.2999997138977, 1916.5999999046326, 2077.8999996185303, 2240.7999997138977, 2403.5, 2563.3999996185303, 2712.699999809265, 3038.0]",A,0,validation
748,mathur,A,3,A_orient3,2,1,mathur/A/orient3/tilt_forward_away_1/landmarks_trimmed.json,20,20,18,"[0, 1, 2, 3, 4, 5, 6, 7, 8, 10, 11, 12, 13, 14, 15, 16, 17, 19]","[170.0, 248.7999997138977, 409.7999997138977, 570.0999999046326, 728.0999999046326, 891.0999999046326, 1050.9000000953674, 1207.9000000953674, 1370.9000000953674, 1682.0999999046326, 1842.9000000953674, 2005.4000000953674, 2164.5999999046326, 2324.0999999046326, 2480.0, 2634.199999809265, 2790.5, 3118.199999809265]",A,0,train
749,mathur,A,3,A_orient3,2,1,mathur/A/orient3/tilt_forward_neutral_1/landmarks_trimmed.json,20,20,18,"[0, 1, 2, 3, 4, 5, 6, 7, 8, 10, 11, 12, 13, 14, 15, 16, 17, 19]","[162.69999980926514, 321.2999997138977, 480.0, 641.1999998092651, 798.0, 957.7999997138977, 1116.5, 1201.5999999046326, 1356.1999998092651, 1687.5, 1766.2999997138977, 1928.5999999046326, 2095.7999997138977, 2258.9000000953674, 2412.9000000953674, 2572.0999999046326, 2737.199999809265, 3054.5999999046326]",A,0,train
750,mathur,A,3,A_orient3,2,2,mathur/A/orient3/tilt_forward_neutral_2/landmarks_trimmed.json,20,20,18,"[0, 1, 2, 3, 4, 5, 6, 7, 8, 10, 11, 12, 13, 14, 15, 16, 17, 19]","[169.5, 321.90000009536743, 478.90000009536743, 638.3000001907349, 715.9000000953674, 871.3000001907349, 1035.0, 1198.5999999046326, 1283.5, 1592.4000000953674, 1749.9000000953674, 1912.0999999046326, 2070.800000190735, 2233.5999999046326, 2386.7000002861023, 2548.0999999046326, 2711.0999999046326, 3034.9000000953674]",A,0,train
751,mathur,A,3,A_orient3,2,1,mathur/A/orient3/tilt_forward_toward_1/landmarks_trimmed.json,20,20,18,"[0, 1, 2, 3, 4, 5, 6, 7, 8, 10, 11, 12, 13, 14, 15, 16, 17, 19]","[168.0, 329.59999990463257, 489.69999980926514, 648.8000001907349, 810.0999999046326, 964.6999998092651, 1123.4000000953674, 1287.0, 1452.4000000953674, 1767.4000000953674, 1851.5, 2005.5999999046326, 2168.300000190735, 2326.0, 2410.699999809265, 2573.0999999046326, 2734.0999999046326, 3050.0999999046326]",A,0,train
752,mathur,A,3,A_orient3,2,1,mathur/A/orient3/tilt_neutral_away_1/landmarks_trimmed.json,20,20,18,"[0, 1, 2, 3, 4, 5, 6, 7, 8, 10, 11, 12, 13, 14, 15, 16, 17, 19]","[164.39999961853027, 322.5, 483.5, 642.5999999046326, 795.0, 952.8999996185303, 1112.5, 1191.3999996185303, 1352.2999997138977, 1675.7999997138977, 1831.2999997138977, 1988.0999999046326, 2149.7999997138977, 2310.7999997138977, 2469.5, 2547.5999999046326, 2707.7999997138977, 3019.0]",A,0,train
753,mathur,A,3,A_orient3,2,1,mathur/A/orient3/tilt_neutral_neutral_1/landmarks_trimmed.json,20,20,18,"[0, 1, 2, 3, 4, 5, 6, 7, 8, 10, 11, 12, 13, 14, 15, 16, 17, 19]","[172.69999980926514, 344.7999997138977, 501.7999997138977, 665.6999998092651, 826.3999996185303, 990.0, 1151.3999996185303, 1310.6999998092651, 1470.0999999046326, 1790.2999997138977, 1947.0999999046326, 2028.8999996185303, 2190.5, 2353.0999999046326, 2507.7999997138977, 2670.699999809265, 2836.0999999046326, 3159.0999999046326]",A,0,validation
754,mathur,A,3,A_orient3,2,2,mathur/A/orient3/tilt_neutral_neutral_2/landmarks_trimmed.json,21,21,18,"[0, 1, 2, 3, 4, 5, 7, 8, 9, 10, 11, 12, 14, 15, 16, 17, 18, 20]","[167.69999980926514, 325.30000019073486, 489.40000009536743, 649.4000000953674, 806.9000000953674, 968.9000000953674, 1298.4000000953674, 1459.8000001907349, 1620.5, 1698.3000001907349, 1777.0, 1857.5999999046326, 2179.800000190735, 2341.5, 2506.199999809265, 2666.5999999046326, 2826.800000190735, 3147.199999809265]",A,0,validation
755,mathur,A,3,A_orient3,2,1,mathur/A/orient3/tilt_neutral_toward_1/landmarks_trimmed.json,20,20,18,"[0, 1, 2, 3, 4, 5, 6, 7, 8, 10, 11, 12, 13, 14, 15, 16, 17, 19]","[151.7000002861023, 309.6000003814697, 475.1000003814697, 638.1000003814697, 799.8000001907349, 958.9000000953674, 1036.6000003814697, 1193.3000001907349, 1353.6000003814697, 1677.2000002861023, 1840.0, 1998.0, 2153.5, 2314.7000002861023, 2473.7000002861023, 2636.9000000953674, 2714.9000000953674, 3033.7000002861023]",A,0,train
756,mathur,B,1,B_orient1,3,1,mathur/B/orient1/tilt_back_away_1/landmarks_trimmed.json,21,21,18,"[0, 1, 2, 3, 4, 5, 7, 8, 9, 10, 11, 12, 14, 15, 16, 17, 18, 20]","[170.09999990463257, 250.30000019073486, 410.5, 566.0, 729.3000001907349, 808.0999999046326, 1049.9000000953674, 1209.5, 1372.0, 1535.0, 1694.0999999046326, 1857.7000002861023, 2178.0, 2336.7000002861023, 2420.300000190735, 2582.300000190735, 2738.800000190735, 3060.7000002861023]",B,1,train
757,mathur,B,1,B_orient1,3,1,mathur/B/orient1/tilt_back_neutral_1/landmarks_trimmed.json,20,20,18,"[0, 1, 2, 3, 4, 5, 6, 7, 8, 10, 11, 12, 13, 14, 15, 16, 17, 19]","[157.5, 318.80000019073486, 471.5, 631.8000001907349, 715.8000001907349, 877.0999999046326, 1031.7000002861023, 1193.3000001907349, 1356.4000000953674, 1604.5999999046326, 1766.5999999046326, 1926.5, 2089.2000002861023, 2248.0999999046326, 2410.5, 2574.5, 2733.800000190735, 3055.4000000953674]",B,1,validation
758,mathur,B,1,B_orient1,3,2,mathur/B/orient1/tilt_back_neutral_2/landmarks_trimmed.json,21,21,18,"[0, 1, 2, 3, 4, 5, 7, 8, 9, 10, 11, 12, 14, 15, 16, 17, 18, 20]","[154.69999980926514, 318.40000009536743, 482.30000019073486, 649.5999999046326, 808.4000000953674, 973.0, 1297.5, 1457.4000000953674, 1622.3000001907349, 1784.1999998092651, 1949.9000000953674, 2112.4000000953674, 2272.800000190735, 2350.5, 2507.5, 2670.199999809265, 2830.300000190735, 3152.199999809265]",B,1,train
759,mathur,B,1,B_orient1,3,1,mathur/B/orient1/tilt_back_toward_1/landmarks_trimmed.json,19,19,18,"[0, 1, 2, 3, 4, 5, 6, 7, 8, 9, 10, 11, 12, 13, 14, 15, 16, 18]","[159.59999990463257, 318.19999980926514, 475.90000009536743, 637.2999997138977, 797.4000000953674, 956.5, 1117.7999997138977, 1274.7999997138977, 1437.5999999046326, 1597.9000000953674, 1772.6999998092651, 1942.5999999046326, 2103.199999809265, 2265.4000000953674, 2423.7999997138977, 2581.699999809265, 2748.2999997138977, 3069.7999997138977]",B,1,train
760,mathur,B,1,B_orient1,3,1,mathur/B/orient1/tilt_forward_away_1/landmarks_trimmed.json,19,19,18,"[0, 1, 2, 3, 4, 5, 6, 7, 8, 9, 10, 11, 12, 13, 14, 15, 16, 18]","[160.5, 315.0, 470.09999990463257, 631.3000001907349, 791.4000000953674, 950.0999999046326, 1116.5999999046326, 1280.0, 1433.5999999046326, 1598.0, 1756.7000002861023, 1913.7000002861023, 2070.800000190735, 2232.5999999046326, 2392.800000190735, 2548.5, 2705.4000000953674, 3030.2000002861023]",B,1,validation
761,mathur,B,1,B_orient1,3,1,mathur/B/orient1/tilt_forward_neutral_1/landmarks_trimmed.json,20,20,18,"[0, 1, 2, 3, 4, 5, 6, 7, 8, 10, 11, 12, 13, 14, 15, 16, 17, 19]","[164.2999997138977, 329.09999990463257, 497.7999997138977, 656.1999998092651, 817.7999997138977, 972.4000000953674, 1136.1999998092651, 1298.5999999046326, 1380.4000000953674, 1699.2999997138977, 1857.0, 2022.2999997138977, 2180.199999809265, 2342.5, 2504.7999997138977, 2667.0999999046326, 2827.0, 3157.4000000953674]",B,1,train
762,mathur,B,1,B_orient1,3,2,mathur/B/orient1/tilt_forward_neutral_2/landmarks_trimmed.json,22,22,18,"[0, 1, 2, 3, 4, 6, 7, 8, 9, 11, 12, 13, 14, 16, 17, 18, 19, 21]","[164.7999997138977, 320.09999990463257, 473.09999990463257, 554.0999999046326, 711.6999998092651, 867.8999996185303, 1027.6999998092651, 1190.8999996185303, 1266.7999997138977, 1582.5999999046326, 1741.6999998092651, 1822.2999997138977, 1970.0999999046326, 2287.3999996185303, 2445.0999999046326, 2599.5, 2766.7999997138977, 3078.199999809265]",B,1,train
763,mathur,B,1,B_orient1,3,1,mathur/B/orient1/tilt_forward_toward_1/landmarks_trimmed.json,20,20,18,"[0, 1, 2, 3, 4, 5, 6, 7, 8, 10, 11, 12, 13, 14, 15, 16, 17, 19]","[169.39999961853027, 328.5, 486.69999980926514, 644.8999996185303, 804.0999999046326, 966.5, 1124.8999996185303, 1283.0999999046326, 1362.0, 1595.0999999046326, 1760.1999998092651, 1918.5999999046326, 2078.199999809265, 2235.0999999046326, 2398.3999996185303, 2569.0999999046326, 2726.199999809265, 3047.2999997138977]",B,1,train
764,mathur,B,1,B_orient1,3,1,mathur/B/orient1/tilt_neutral_away_1/landmarks_trimmed.json,21,21,18,"[0, 1, 2, 3, 4, 5, 7, 8, 9, 10, 11, 12, 14, 15, 16, 17, 18, 20]","[162.59999990463257, 322.09999990463257, 406.0, 568.4000000953674, 648.8000001907349, 808.3000001907349, 1129.7000002861023, 1287.2000002861023, 1448.8000001907349, 1531.0, 1690.9000000953674, 1850.5999999046326, 2176.2000002861023, 2333.5, 2493.7000002861023, 2653.2000002861023, 2812.5, 3131.0]",B,1,train
765,mathur,B,1,B_orient1,3,1,mathur/B/orient1/tilt_neutral_neutral_1/landmarks_trimmed.json,19,19,18,"[0, 1, 2, 3, 4, 5, 6, 7, 8, 9, 10, 11, 12, 13, 14, 15, 16, 18]","[159.39999961853027, 318.19999980926514, 480.59999990463257, 639.7999997138977, 799.2999997138977, 959.1999998092651, 1115.1999998092651, 1280.8999996185303, 1444.8999996185303, 1605.1999998092651, 1763.6999998092651, 1928.1999998092651, 2089.0999999046326, 2257.8999996185303, 2418.0999999046326, 2581.5999999046326, 2742.699999809265, 3062.199999809265]",B,1,train
766,mathur,B,1,B_orient1,3,2,mathur/B/orient1/tilt_neutral_neutral_2/landmarks_trimmed.json,19,19,18,"[0, 1, 2, 3, 4, 5, 6, 7, 8, 9, 10, 11, 12, 13, 14, 15, 16, 18]","[168.39999961853027, 335.5, 493.7999997138977, 654.5, 819.7999997138977, 982.7999997138977, 1144.8999996185303, 1308.5, 1474.0999999046326, 1631.6999998092651, 1790.8999996185303, 1953.1999998092651, 2112.3999996185303, 2275.2999997138977, 2437.5999999046326, 2600.3999996185303, 2761.0, 3079.0]",B,1,train
767,mathur,B,1,B_orient1,3,1,mathur/B/orient1/tilt_neutral_toward_1/landmarks_trimmed.json,19,19,18,"[0, 1, 2, 3, 4, 5, 6, 7, 8, 9, 10, 11, 12, 13, 14, 15, 16, 18]","[168.19999980926514, 331.3999996185303, 496.0, 654.7999997138977, 824.6999998092651, 987.2999997138977, 1148.5, 1312.1999998092651, 1468.1999998092651, 1630.3999996185303, 1790.5, 1953.0999999046326, 2119.2999997138977, 2280.199999809265, 2441.8999996185303, 2604.0, 2763.5999999046326, 3095.199999809265]",B,1,train
768,mathur,B,2,B_orient2,4,1,mathur/B/orient2/tilt_back_away_1/landmarks_trimmed.json,20,20,18,"[0, 1, 2, 3, 4, 5, 6, 7, 8, 10, 11, 12, 13, 14, 15, 16, 17, 19]","[166.0, 327.0, 490.8999996185303, 672.5, 829.7999997138977, 991.1999998092651, 1153.6999998092651, 1313.0999999046326, 1470.3999996185303, 1780.3999996185303, 1939.5999999046326, 2098.0, 2260.699999809265, 2340.0, 2491.7999997138977, 2645.0, 2794.0999999046326, 3033.699999809265]",B,1,train
769,mathur,B,2,B_orient2,4,1,mathur/B/orient2/tilt_back_neutral_1/landmarks_trimmed.json,21,21,18,"[0, 1, 2, 3, 4, 5, 7, 8, 9, 10, 11, 12, 14, 15, 16, 17, 18, 20]","[164.09999990463257, 323.7999997138977, 484.5, 647.2999997138977, 804.6999998092651, 969.3999996185303, 1212.5999999046326, 1368.5, 1444.6999998092651, 1605.0, 1768.8999996185303, 1926.3999996185303, 2250.5999999046326, 2403.5, 2564.7999997138977, 2727.2999997138977, 2885.5999999046326, 3132.199999809265]",B,1,train
770,mathur,B,2,B_orient2,4,2,mathur/B/orient2/tilt_back_neutral_2/landmarks_trimmed.json,19,19,18,"[0, 1, 2, 3, 4, 5, 6, 7, 8, 9, 10, 11, 12, 13, 14, 15, 16, 18]","[168.7999997138977, 330.7999997138977, 493.0, 646.5, 810.7999997138977, 975.3999996185303, 1138.2999997138977, 1301.5999999046326, 1461.0, 1618.0, 1775.0999999046326, 1942.2999997138977, 2101.8999996185303, 2260.0, 2420.0, 2582.2999997138977, 2732.7999997138977, 3053.5]",B,1,train
771,mathur,B,2,B_orient2,4,1,mathur/B/orient2/tilt_back_toward_1/landmarks_trimmed.json,19,19,18,"[0, 1, 2, 3, 4, 5, 6, 7, 8, 9, 10, 11, 12, 13, 14, 15, 16, 18]","[159.69999980926514, 324.2999997138977, 478.59999990463257, 634.7999997138977, 794.7999997138977, 957.5, 1118.0999999046326, 1277.9000000953674, 1440.0, 1589.6999998092651, 1751.6999998092651, 1912.9000000953674, 2078.699999809265, 2239.0, 2398.9000000953674, 2551.9000000953674, 2710.7999997138977, 3033.699999809265]",B,1,train
772,mathur,B,2,B_orient2,4,1,mathur/B/orient2/tilt_forward_away_1/landmarks_trimmed.json,21,21,18,"[0, 1, 2, 3, 4, 5, 7, 8, 9, 10, 11, 12, 14, 15, 16, 17, 18, 20]","[163.5, 325.0, 484.5, 650.7999997138977, 804.3999996185303, 965.0, 1206.0999999046326, 1290.0, 1454.3999996185303, 1609.6999998092651, 1768.0999999046326, 1930.1999998092651, 2254.2999997138977, 2416.0, 2576.199999809265, 2733.199999809265, 2893.699999809265, 3130.8999996185303]",B,1,train
773,mathur,B,2,B_orient2,4,1,mathur/B/orient2/tilt_forward_neutral_1/landmarks_trimmed.json,20,20,18,"[0, 1, 2, 3, 4, 5, 6, 7, 8, 10, 11, 12, 13, 14, 15, 16, 17, 19]","[171.90000009536743, 248.90000009536743, 407.2999997138977, 571.6999998092651, 738.5, 902.0999999046326, 1056.5999999046326, 1213.2999997138977, 1372.5999999046326, 1698.0, 1862.2999997138977, 2020.0999999046326, 2178.0, 2338.7999997138977, 2495.4000000953674, 2662.0, 2822.2999997138977, 3135.0999999046326]",B,1,validation
774,mathur,B,2,B_orient2,4,2,mathur/B/orient2/tilt_forward_neutral_2/landmarks_trimmed.json,19,19,18,"[0, 1, 2, 3, 4, 5, 6, 7, 8, 9, 10, 11, 12, 13, 14, 15, 16, 18]","[170.10000038146973, 328.40000009536743, 494.30000019073486, 651.0, 809.8000001907349, 968.9000000953674, 1129.2000002861023, 1292.5, 1453.7000002861023, 1608.5, 1773.0, 1928.7000002861023, 2089.7000002861023, 2250.9000000953674, 2411.9000000953674, 2576.300000190735, 2740.6000003814697, 3060.6000003814697]",B,1,train
775,mathur,B,2,B_orient2,4,1,mathur/B/orient2/tilt_forward_toward_1/landmarks_trimmed.json,21,21,18,"[0, 1, 2, 3, 4, 5, 7, 8, 9, 10, 11, 12, 14, 15, 16, 17, 18, 20]","[157.0, 318.6000003814697, 475.2000002861023, 633.3000001907349, 793.1000003814697, 873.1000003814697, 1201.3000001907349, 1360.1000003814697, 1514.4000000953674, 1676.7000002861023, 1827.5, 1988.3000001907349, 2311.1000003814697, 2389.800000190735, 2474.300000190735, 2628.2000002861023, 2791.7000002861023, 3104.2000002861023]",B,1,train
776,mathur,B,2,B_orient2,4,1,mathur/B/orient2/tilt_neutral_away_1/landmarks_trimmed.json,20,20,18,"[0, 1, 2, 3, 4, 5, 6, 7, 8, 10, 11, 12, 13, 14, 15, 16, 17, 19]","[162.40000009536743, 322.7999997138977, 481.0, 639.6999998092651, 800.4000000953674, 953.0999999046326, 1112.2999997138977, 1272.5999999046326, 1435.0999999046326, 1756.4000000953674, 1833.6999998092651, 1989.0999999046326, 2156.199999809265, 2316.4000000953674, 2475.9000000953674, 2639.0999999046326, 2797.699999809265, 3034.4000000953674]",B,1,train
777,mathur,B,2,B_orient2,4,2,mathur/B/orient2/tilt_neutral_neutral_2/landmarks_trimmed.json,20,20,18,"[0, 1, 2, 3, 4, 5, 6, 7, 8, 10, 11, 12, 13, 14, 15, 16, 17, 19]","[156.2999997138977, 311.5, 476.0, 636.5999999046326, 799.2999997138977, 961.2999997138977, 1122.5999999046326, 1202.5999999046326, 1352.2999997138977, 1679.0, 1837.1999998092651, 1997.7999997138977, 2160.0, 2242.0999999046326, 2397.0, 2551.199999809265, 2710.2999997138977, 3033.5]",B,1,train
778,mathur,B,2,B_orient2,4,1,mathur/B/orient2/tilt_neutral_toward_1/landmarks_trimmed.json,20,20,18,"[0, 1, 2, 3, 4, 5, 6, 7, 8, 10, 11, 12, 13, 14, 15, 16, 17, 19]","[157.09999990463257, 318.8999996185303, 479.3999996185303, 640.0999999046326, 803.6999998092651, 965.0999999046326, 1115.7999997138977, 1272.5, 1436.5, 1681.5, 1845.1999998092651, 2008.8999996185303, 2157.8999996185303, 2320.8999996185303, 2481.0, 2640.7999997138977, 2796.7999997138977, 3120.0]",B,1,train
779,mathur,C,1,C_orient1,5,1,mathur/C/orient1/tilt_back_away_1/landmarks_trimmed.json,20,20,18,"[0, 1, 2, 3, 4, 5, 6, 7, 8, 10, 11, 12, 13, 14, 15, 16, 17, 19]","[159.09999990463257, 311.0, 464.90000009536743, 618.8000001907349, 769.0, 923.2000002861023, 1077.5, 1230.0, 1386.2000002861023, 1691.7000002861023, 1844.9000000953674, 2000.0, 2149.0999999046326, 2303.2000002861023, 2458.5, 2608.7000002861023, 2762.9000000953674, 3072.5999999046326]",C,2,train
780,mathur,C,1,C_orient1,5,1,mathur/C/orient1/tilt_back_neutral_1/landmarks_trimmed.json,20,20,18,"[0, 1, 2, 3, 4, 5, 6, 7, 8, 10, 11, 12, 13, 14, 15, 16, 17, 19]","[164.80000019073486, 320.30000019073486, 472.5, 627.0999999046326, 775.6999998092651, 855.0, 1007.6999998092651, 1162.5999999046326, 1321.0999999046326, 1625.5999999046326, 1781.4000000953674, 1932.3000001907349, 2086.0999999046326, 2240.4000000953674, 2391.5999999046326, 2540.800000190735, 2693.4000000953674, 3004.0]",C,2,train
781,mathur,C,1,C_orient1,5,2,mathur/C/orient1/tilt_back_neutral_2/landmarks_trimmed.json,21,21,18,"[0, 1, 2, 3, 4, 5, 7, 8, 9, 10, 11, 12, 14, 15, 16, 17, 18, 20]","[155.80000019073486, 304.1000003814697, 458.2000002861023, 611.7000002861023, 690.5, 845.3000001907349, 1147.8000001907349, 1224.0, 1372.0, 1522.7000002861023, 1676.9000000953674, 1828.8000001907349, 2129.9000000953674, 2282.1000003814697, 2435.2000002861023, 2596.4000000953674, 2754.9000000953674, 3085.0]",C,2,train
782,mathur,C,1,C_orient1,5,1,mathur/C/orient1/tilt_back_toward_1/landmarks_trimmed.json,20,20,18,"[0, 1, 2, 3, 4, 5, 6, 7, 8, 10, 11, 12, 13, 14, 15, 16, 17, 19]","[157.69999980926514, 308.7999997138977, 461.09999990463257, 614.5, 766.0999999046326, 922.5999999046326, 1074.4000000953674, 1231.9000000953674, 1389.5, 1701.7999997138977, 1857.6999998092651, 2006.5999999046326, 2158.5999999046326, 2313.199999809265, 2464.7999997138977, 2619.199999809265, 2780.7999997138977, 3087.7999997138977]",C,2,train
783,mathur,C,1,C_orient1,5,1,mathur/C/orient1/tilt_forward_away_1/landmarks_trimmed.json,19,19,18,"[0, 1, 2, 3, 4, 5, 6, 7, 8, 9, 10, 11, 12, 13, 14, 15, 16, 18]","[156.7000002861023, 318.2000002861023, 475.0, 633.2000002861023, 796.0, 967.6000003814697, 1134.4000000953674, 1312.2000002861023, 1481.4000000953674, 1649.3000001907349, 1814.3000001907349, 1979.9000000953674, 2130.800000190735, 2299.7000002861023, 2458.5, 2630.1000003814697, 2790.4000000953674, 3115.6000003814697]",C,2,validation
784,mathur,C,1,C_orient1,5,1,mathur/C/orient1/tilt_forward_neutral_1/landmarks_trimmed.json,22,22,18,"[0, 1, 2, 3, 4, 6, 7, 8, 9, 11, 12, 13, 14, 16, 17, 18, 19, 21]","[165.09999990463257, 307.0, 382.90000009536743, 459.59999990463257, 613.0, 919.5, 1070.2000002861023, 1223.5999999046326, 1373.3000001907349, 1605.2000002861023, 1682.0, 1833.7000002861023, 1985.8000001907349, 2297.0, 2446.5999999046326, 2598.9000000953674, 2749.0, 3053.2000002861023]",C,2,train
785,mathur,C,1,C_orient1,5,2,mathur/C/orient1/tilt_forward_neutral_2/landmarks_trimmed.json,22,22,18,"[0, 1, 2, 3, 4, 6, 7, 8, 9, 11, 12, 13, 14, 16, 17, 18, 19, 21]","[147.69999980926514, 300.90000009536743, 452.59999990463257, 603.9000000953674, 759.4000000953674, 1056.5, 1206.9000000953674, 1285.5, 1360.2999997138977, 1666.4000000953674, 1821.4000000953674, 1894.5999999046326, 2046.5, 2350.5999999046326, 2507.5999999046326, 2672.4000000953674, 2840.4000000953674, 3160.4000000953674]",C,2,validation
786,mathur,C,1,C_orient1,5,1,mathur/C/orient1/tilt_forward_toward_1/landmarks_trimmed.json,20,20,18,"[0, 1, 2, 3, 4, 5, 6, 7, 8, 10, 11, 12, 13, 14, 15, 16, 17, 19]","[154.2000002861023, 305.2000002861023, 465.2000002861023, 628.8000001907349, 789.3000001907349, 942.3000001907349, 1093.5, 1246.5, 1397.8000001907349, 1698.7000002861023, 1851.8000001907349, 2009.7000002861023, 2160.5, 2314.7000002861023, 2471.9000000953674, 2623.0999999046326, 2768.7000002861023, 3075.0]",C,2,train
787,mathur,C,1,C_orient1,5,1,mathur/C/orient1/tilt_neutral_away_1/landmarks_trimmed.json,22,22,18,"[0, 1, 2, 3, 4, 6, 7, 8, 9, 11, 12, 13, 14, 16, 17, 18, 19, 21]","[158.5, 317.40000009536743, 470.09999990463257, 619.4000000953674, 774.0999999046326, 1080.6999998092651, 1154.4000000953674, 1304.7999997138977, 1458.6999998092651, 1689.5, 1846.0999999046326, 2000.0999999046326, 2152.7999997138977, 2455.0999999046326, 2606.2999997138977, 2759.0, 2919.199999809265, 3149.699999809265]",C,2,train
788,mathur,C,1,C_orient1,5,1,mathur/C/orient1/tilt_neutral_neutral_1/landmarks_trimmed.json,20,20,18,"[0, 1, 2, 3, 4, 5, 6, 7, 8, 10, 11, 12, 13, 14, 15, 16, 17, 19]","[158.80000019073486, 316.2000002861023, 467.59999990463257, 623.4000000953674, 780.9000000953674, 932.8000001907349, 1085.8000001907349, 1241.0999999046326, 1395.0999999046326, 1696.0999999046326, 1853.8000001907349, 2003.8000001907349, 2155.4000000953674, 2307.300000190735, 2462.2000002861023, 2612.5, 2768.9000000953674, 3075.300000190735]",C,2,train
789,mathur,C,1,C_orient1,5,2,mathur/C/orient1/tilt_neutral_neutral_2/landmarks_trimmed.json,21,21,18,"[0, 1, 2, 3, 4, 5, 7, 8, 9, 10, 11, 12, 14, 15, 16, 17, 18, 20]","[160.40000009536743, 309.7000002861023, 463.90000009536743, 612.7000002861023, 764.0, 920.7000002861023, 1227.5, 1378.4000000953674, 1457.7000002861023, 1532.0999999046326, 1687.0999999046326, 1838.9000000953674, 2148.800000190735, 2305.5, 2455.4000000953674, 2608.0, 2762.4000000953674, 3072.0]",C,2,train
790,mathur,C,1,C_orient1,5,1,mathur/C/orient1/tilt_neutral_toward_1/landmarks_trimmed.json,20,20,18,"[0, 1, 2, 3, 4, 5, 6, 7, 8, 10, 11, 12, 13, 14, 15, 16, 17, 19]","[156.80000019073486, 305.5, 465.80000019073486, 620.9000000953674, 777.8000001907349, 936.0999999046326, 1103.0999999046326, 1269.0999999046326, 1425.7000002861023, 1739.0, 1895.2000002861023, 2057.0, 2133.7000002861023, 2286.7000002861023, 2445.4000000953674, 2602.300000190735, 2753.300000190735, 3059.4000000953674]",C,2,train
791,mathur,D,1,D_orient1,6,1,mathur/D/orient1/tilt_back_away_1/landmarks_trimmed.json,20,20,18,"[0, 1, 2, 3, 4, 5, 6, 7, 8, 10, 11, 12, 13, 14, 15, 16, 17, 19]","[155.5, 315.09999990463257, 484.2000002861023, 564.7000002861023, 723.9000000953674, 887.0, 1052.5, 1211.5999999046326, 1372.4000000953674, 1692.2000002861023, 1848.7000002861023, 2011.9000000953674, 2172.5, 2333.0, 2490.5, 2650.5, 2732.800000190735, 3056.2000002861023]",D,3,train
792,mathur,D,1,D_orient1,6,1,mathur/D/orient1/tilt_back_neutral_1/landmarks_trimmed.json,19,19,18,"[0, 1, 2, 3, 4, 5, 6, 7, 8, 9, 10, 11, 12, 13, 14, 15, 16, 18]","[165.2999997138977, 329.09999990463257, 486.59999990463257, 647.7999997138977, 807.7999997138977, 968.0999999046326, 1124.7999997138977, 1292.0, 1454.5999999046326, 1616.0999999046326, 1772.5999999046326, 1935.1999998092651, 2097.4000000953674, 2260.199999809265, 2422.5, 2585.4000000953674, 2743.0, 3064.0999999046326]",D,3,validation
793,mathur,D,1,D_orient1,6,2,mathur/D/orient1/tilt_back_neutral_2/landmarks_trimmed.json,20,20,18,"[0, 1, 2, 3, 4, 5, 6, 7, 8, 10, 11, 12, 13, 14, 15, 16, 17, 19]","[177.80000019073486, 337.80000019073486, 487.30000019073486, 650.2000002861023, 732.3000001907349, 889.0, 1048.5, 1212.8000001907349, 1370.9000000953674, 1689.5, 1851.6000003814697, 2015.0, 2175.4000000953674, 2338.4000000953674, 2499.7000002861023, 2660.6000003814697, 2813.1000003814697, 3054.2000002861023]",D,3,train
794,mathur,D,1,D_orient1,6,1,mathur/D/orient1/tilt_back_toward_1/landmarks_trimmed.json,19,19,18,"[0, 1, 2, 3, 4, 5, 6, 7, 8, 9, 10, 11, 12, 13, 14, 15, 16, 18]","[157.19999980926514, 320.09999990463257, 483.69999980926514, 642.0, 806.7999997138977, 966.7999997138977, 1121.1999998092651, 1280.1999998092651, 1438.5, 1601.0, 1764.4000000953674, 1929.5999999046326, 2083.699999809265, 2240.9000000953674, 2402.7999997138977, 2562.5999999046326, 2722.4000000953674, 3041.5]",D,3,train
795,mathur,D,1,D_orient1,6,1,mathur/D/orient1/tilt_forward_away_1/landmarks_trimmed.json,19,19,18,"[0, 1, 2, 3, 4, 5, 6, 7, 8, 9, 10, 11, 12, 13, 14, 15, 16, 18]","[166.09999990463257, 324.90000009536743, 485.5, 642.0999999046326, 798.7999997138977, 954.0, 1108.2999997138977, 1266.7999997138977, 1428.5999999046326, 1587.7999997138977, 1748.2999997138977, 1895.1999998092651, 2052.5999999046326, 2214.5999999046326, 2378.199999809265, 2540.699999809265, 2696.9000000953674, 3009.5]",D,3,validation
796,mathur,D,1,D_orient1,6,1,mathur/D/orient1/tilt_forward_neutral_1/landmarks_trimmed.json,19,19,18,"[0, 1, 2, 3, 4, 5, 6, 7, 8, 9, 10, 11, 12, 13, 14, 15, 16, 18]","[168.7999997138977, 331.2999997138977, 493.09999990463257, 654.1999998092651, 812.8999996185303, 975.2999997138977, 1134.8999996185303, 1294.1999998092651, 1454.3999996185303, 1616.0999999046326, 1783.0, 1947.1999998092651, 2110.2999997138977, 2269.0999999046326, 2430.7999997138977, 2591.699999809265, 2751.0999999046326, 3070.699999809265]",D,3,train
797,mathur,D,1,D_orient1,6,2,mathur/D/orient1/tilt_forward_neutral_2/landmarks_trimmed.json,21,21,18,"[0, 1, 2, 3, 4, 5, 7, 8, 9, 10, 11, 12, 14, 15, 16, 17, 18, 20]","[161.59999990463257, 319.59999990463257, 481.69999980926514, 640.0, 797.3000001907349, 955.3000001907349, 1196.3000001907349, 1354.1999998092651, 1513.9000000953674, 1674.5, 1757.5, 1917.8000001907349, 2156.300000190735, 2316.9000000953674, 2469.4000000953674, 2629.0, 2788.5, 3106.4000000953674]",D,3,train
798,mathur,D,1,D_orient1,6,1,mathur/D/orient1/tilt_forward_toward_1/landmarks_trimmed.json,18,18,18,"[0, 1, 2, 3, 4, 5, 6, 7, 8, 9, 10, 11, 12, 13, 14, 15, 16, 17]","[158.69999980926514, 320.0, 473.90000009536743, 635.5, 796.4000000953674, 954.1999998092651, 1117.9000000953674, 1277.0, 1437.8000001907349, 1592.5999999046326, 1754.3000001907349, 1917.9000000953674, 2084.9000000953674, 2247.5, 2404.300000190735, 2562.699999809265, 2639.800000190735, 2799.5999999046326]",D,3,train
799,mathur,D,1,D_orient1,6,1,mathur/D/orient1/tilt_neutral_away_1/landmarks_trimmed.json,20,20,18,"[0, 1, 2, 3, 4, 5, 6, 7, 8, 10, 11, 12, 13, 14, 15, 16, 17, 19]","[167.09999990463257, 327.19999980926514, 489.19999980926514, 649.2999997138977, 801.6999998092651, 961.8999996185303, 1123.7999997138977, 1289.5999999046326, 1452.6999998092651, 1692.0999999046326, 1844.6999998092651, 2008.1999998092651, 2172.199999809265, 2323.0999999046326, 2406.7999997138977, 2571.3999996185303, 2729.5999999046326, 3040.2999997138977]",D,3,train
800,mathur,D,1,D_orient1,6,1,mathur/D/orient1/tilt_neutral_neutral_1/landmarks_trimmed.json,19,19,18,"[0, 1, 2, 3, 4, 5, 6, 7, 8, 9, 10, 11, 12, 13, 14, 15, 16, 18]","[160.0, 304.1000003814697, 457.7000002861023, 611.3000001907349, 771.9000000953674, 928.9000000953674, 1094.2000002861023, 1252.2000002861023, 1413.4000000953674, 1566.4000000953674, 1727.4000000953674, 1890.2000002861023, 2048.0, 2207.4000000953674, 2366.9000000953674, 2526.4000000953674, 2687.800000190735, 3007.300000190735]",D,3,train
801,mathur,D,1,D_orient1,6,2,mathur/D/orient1/tilt_neutral_neutral_2/landmarks_trimmed.json,20,20,18,"[0, 1, 2, 3, 4, 5, 6, 7, 8, 10, 11, 12, 13, 14, 15, 16, 17, 19]","[193.40000009536743, 352.0, 507.90000009536743, 670.1999998092651, 752.2999997138977, 916.4000000953674, 1068.5, 1224.1999998092651, 1305.5999999046326, 1632.0999999046326, 1788.5, 1952.4000000953674, 2112.7999997138977, 2280.199999809265, 2442.699999809265, 2605.5999999046326, 2768.4000000953674, 3089.7999997138977]",D,3,train
802,mathur,D,1,D_orient1,6,1,mathur/D/orient1/tilt_neutral_toward_1/landmarks_trimmed.json,21,21,18,"[0, 1, 2, 3, 4, 5, 7, 8, 9, 10, 11, 12, 14, 15, 16, 17, 18, 20]","[160.7000002861023, 241.90000009536743, 399.7000002861023, 560.2000002861023, 718.8000001907349, 875.9000000953674, 1185.0, 1343.4000000953674, 1502.8000001907349, 1659.6000003814697, 1817.1000003814697, 1973.9000000953674, 2221.7000002861023, 2382.5, 2469.800000190735, 2630.2000002861023, 2784.5, 3099.2000002861023]",D,3,train
803,mathur,D,2,D_orient2,7,1,mathur/D/orient2/tilt_back_away_1/landmarks_trimmed.json,18,18,18,"[0, 1, 2, 3, 4, 5, 6, 7, 8, 9, 10, 11, 12, 13, 14, 15, 16, 17]","[177.90000009536743, 270.6000003814697, 454.90000009536743, 644.6000003814697, 823.9000000953674, 992.1000003814697, 1171.2000002861023, 1351.9000000953674, 1544.4000000953674, 1632.6000003814697, 1807.3000001907349, 1982.9000000953674, 2156.800000190735, 2343.800000190735, 2514.1000003814697, 2697.0, 2872.800000190735, 3066.7000002861023]",D,3,train
804,mathur,D,2,D_orient2,7,1,mathur/D/orient2/tilt_back_toward_1/landmarks_trimmed.json,18,18,18,"[0, 1, 2, 3, 4, 5, 6, 7, 8, 9, 10, 11, 12, 13, 14, 15, 16, 17]","[178.5, 369.09999990463257, 555.1999998092651, 745.1999998092651, 918.0999999046326, 1090.1999998092651, 1182.0999999046326, 1353.1999998092651, 1533.7999997138977, 1703.6999998092651, 1880.8999996185303, 2047.6999998092651, 2225.699999809265, 2416.199999809265, 2606.2999997138977, 2804.5999999046326, 2998.5, 3191.5]",D,3,train
805,mathur,D,2,D_orient2,7,1,mathur/D/orient2/tilt_forward_away_1/landmarks_trimmed.json,18,18,18,"[0, 1, 2, 3, 4, 5, 6, 7, 8, 9, 10, 11, 12, 13, 14, 15, 16, 17]","[181.0, 370.09999990463257, 577.1999998092651, 764.7999997138977, 960.5, 1147.2999997138977, 1309.5, 1473.5999999046326, 1634.5999999046326, 1810.5999999046326, 1990.3999996185303, 2166.8999996185303, 2330.7999997138977, 2413.3999996185303, 2581.2999997138977, 2753.0, 2929.0999999046326, 3107.2999997138977]",D,3,train
806,mathur,D,2,D_orient2,7,1,mathur/D/orient2/tilt_forward_toward_1/landmarks_trimmed.json,18,18,18,"[0, 1, 2, 3, 4, 5, 6, 7, 8, 9, 10, 11, 12, 13, 14, 15, 16, 17]","[180.59999990463257, 352.59999990463257, 455.0, 548.5999999046326, 817.5, 1075.4000000953674, 1248.9000000953674, 1414.3000001907349, 1595.9000000953674, 1778.2000002861023, 1971.5999999046326, 2146.0, 2410.5, 2570.2000002861023, 2733.4000000953674, 2817.300000190735, 2995.0, 3164.0]",D,3,train
807,mathur,D,2,D_orient2,7,1,mathur/D/orient2/tilt_neutral_away_1/landmarks_trimmed.json,19,19,18,"[0, 1, 2, 3, 4, 5, 6, 7, 8, 9, 10, 11, 12, 13, 14, 15, 16, 18]","[176.90000009536743, 261.0, 433.40000009536743, 608.5999999046326, 800.5999999046326, 1006.9000000953674, 1204.8000001907349, 1383.5, 1462.1999998092651, 1630.1999998092651, 1797.4000000953674, 1968.8000001907349, 2142.0999999046326, 2318.0999999046326, 2406.0999999046326, 2580.5999999046326, 2758.0999999046326, 3102.800000190735]",D,3,validation
808,mathur,D,2,D_orient2,7,1,mathur/D/orient2/tilt_neutral_neutral_1/landmarks_trimmed.json,18,18,18,"[0, 1, 2, 3, 4, 5, 6, 7, 8, 9, 10, 11, 12, 13, 14, 15, 16, 17]","[186.40000009536743, 359.5, 533.2999997138977, 696.2999997138977, 859.0999999046326, 1028.2999997138977, 1205.0999999046326, 1372.5, 1550.5, 1726.6999998092651, 1914.7999997138977, 2094.0, 2259.4000000953674, 2432.7999997138977, 2614.0999999046326, 2793.0999999046326, 2967.5999999046326, 3141.699999809265]",D,3,train
809,mathur,D,2,D_orient2,7,1,mathur/D/orient2/tilt_neutral_toward_1/landmarks_trimmed.json,18,18,18,"[0, 1, 2, 3, 4, 5, 6, 7, 8, 9, 10, 11, 12, 13, 14, 15, 16, 17]","[168.90000009536743, 348.40000009536743, 533.0, 716.0999999046326, 881.6999998092651, 1050.0999999046326, 1239.4000000953674, 1436.4000000953674, 1617.2999997138977, 1782.7999997138977, 1944.0, 2117.199999809265, 2293.199999809265, 2475.199999809265, 2570.699999809265, 2760.4000000953674, 2960.199999809265, 3126.0999999046326]",D,3,train
810,mathur,E,1,E_orient1,8,1,mathur/E/orient1/tilt_back_away_1/landmarks_trimmed.json,18,18,18,"[0, 1, 2, 3, 4, 5, 6, 7, 8, 9, 10, 11, 12, 13, 14, 15, 16, 17]","[192.59999990463257, 370.19999980926514, 551.1999998092651, 743.0999999046326, 829.0, 1013.5, 1182.5, 1355.7999997138977, 1526.7999997138977, 1705.4000000953674, 1875.0999999046326, 2044.4000000953674, 2208.199999809265, 2369.5999999046326, 2540.7999997138977, 2718.0999999046326, 2904.699999809265, 3095.0999999046326]",E,4,train
811,mathur,E,1,E_orient1,8,1,mathur/E/orient1/tilt_forward_neutral_1/landmarks_trimmed.json,18,18,18,"[0, 1, 2, 3, 4, 5, 6, 7, 8, 9, 10, 11, 12, 13, 14, 15, 16, 17]","[176.69999980926514, 364.8999996185303, 540.5, 712.1999998092651, 903.0999999046326, 1084.0999999046326, 1255.5999999046326, 1435.2999997138977, 1593.6999998092651, 1763.2999997138977, 1847.1999998092651, 2018.0999999046326, 2190.0, 2366.8999996185303, 2552.2999997138977, 2728.699999809265, 2897.199999809265, 3076.2999997138977]",E,4,train
812,mathur,E,1,E_orient1,8,1,mathur/E/orient1/tilt_forward_toward_1/landmarks_trimmed.json,20,20,18,"[0, 1, 2, 3, 4, 5, 6, 7, 8, 10, 11, 12, 13, 14, 15, 16, 17, 19]","[172.19999980926514, 253.19999980926514, 422.30000019073486, 597.0, 683.4000000953674, 858.0999999046326, 1032.0, 1120.9000000953674, 1288.0999999046326, 1629.5, 1808.0, 1975.8000001907349, 2143.800000190735, 2322.4000000953674, 2501.800000190735, 2594.5999999046326, 2770.5, 3023.199999809265]",E,4,validation
813,mathur,E,1,E_orient1,8,2,mathur/E/orient1/tilt_neutral_neutral_2/landmarks_trimmed.json,18,18,18,"[0, 1, 2, 3, 4, 5, 6, 7, 8, 9, 10, 11, 12, 13, 14, 15, 16, 17]","[219.90000009536743, 309.09999990463257, 491.7000002861023, 683.5999999046326, 871.8000001907349, 1049.7000002861023, 1240.5, 1427.7000002861023, 1594.7000002861023, 1694.0, 1893.0999999046326, 2084.9000000953674, 2187.0, 2380.5, 2567.300000190735, 2773.5999999046326, 2966.5, 3162.0999999046326]",E,4,train
814,mathur,E,2,E_orient2,9,1,mathur/E/orient2/tilt_back_neutral_1/landmarks_trimmed.json,18,18,18,"[0, 1, 2, 3, 4, 5, 6, 7, 8, 9, 10, 11, 12, 13, 14, 15, 16, 17]","[195.5, 390.30000019073486, 576.0, 740.5, 917.1999998092651, 1098.0, 1269.0, 1444.6999998092651, 1623.0, 1783.9000000953674, 1952.5, 2122.5, 2298.0, 2385.5999999046326, 2565.0999999046326, 2738.199999809265, 2915.0, 3089.300000190735]",E,4,train
815,mathur,E,2,E_orient2,9,2,mathur/E/orient2/tilt_neutral_neutral_2/landmarks_trimmed.json,18,18,18,"[0, 1, 2, 3, 4, 5, 6, 7, 8, 9, 10, 11, 12, 13, 14, 15, 16, 17]","[177.2000002861023, 353.2000002861023, 516.8000001907349, 681.0, 847.2000002861023, 1012.5999999046326, 1180.9000000953674, 1349.0999999046326, 1520.4000000953674, 1692.0999999046326, 1872.3000001907349, 2048.0999999046326, 2235.0, 2421.4000000953674, 2596.0999999046326, 2787.7000002861023, 2984.5999999046326, 3171.2000002861023]",E,4,train
816,mathur,E,2,E_orient2,9,1,mathur/E/orient2/tilt_neutral_toward_1/landmarks_trimmed.json,18,18,18,"[0, 1, 2, 3, 4, 5, 6, 7, 8, 9, 10, 11, 12, 13, 14, 15, 16, 17]","[201.2999997138977, 382.69999980926514, 553.7999997138977, 744.0999999046326, 823.1999998092651, 983.2999997138977, 1156.5, 1343.1999998092651, 1511.5999999046326, 1675.7999997138977, 1847.5, 2008.5999999046326, 2175.0999999046326, 2347.0999999046326, 2520.4000000953674, 2700.2999997138977, 2872.699999809265, 3040.0999999046326]",E,4,train
817,mathur,E,3,E_orient3,10,2,mathur/E/orient3/tilt_back_neutral_2/landmarks_trimmed.json,18,18,18,"[0, 1, 2, 3, 4, 5, 6, 7, 8, 9, 10, 11, 12, 13, 14, 15, 16, 17]","[189.59999990463257, 355.7999997138977, 530.6999998092651, 708.1999998092651, 876.6999998092651, 1044.9000000953674, 1222.2999997138977, 1397.9000000953674, 1570.5, 1759.5, 1947.4000000953674, 2111.0, 2274.699999809265, 2364.7999997138977, 2554.7999997138977, 2739.4000000953674, 2937.5999999046326, 3120.5999999046326]",E,4,train
818,mathur,E,3,E_orient3,10,1,mathur/E/orient3/tilt_back_toward_1/landmarks_trimmed.json,18,18,18,"[0, 1, 2, 3, 4, 5, 6, 7, 8, 9, 10, 11, 12, 13, 14, 15, 16, 17]","[171.0, 343.40000009536743, 513.0, 682.4000000953674, 850.9000000953674, 1023.3000001907349, 1191.9000000953674, 1363.1999998092651, 1529.0999999046326, 1695.8000001907349, 1864.1999998092651, 2033.9000000953674, 2218.199999809265, 2416.800000190735, 2602.199999809265, 2778.9000000953674, 2966.9000000953674, 3152.5999999046326]",E,4,train
819,mathur,F,1,F_orient1,11,1,mathur/F/orient1/tilt_neutral_away_1/landmarks_trimmed.json,18,18,18,"[0, 1, 2, 3, 4, 5, 6, 7, 8, 9, 10, 11, 12, 13, 14, 15, 16, 17]","[190.2000002861023, 360.59999990463257, 521.0999999046326, 699.7000002861023, 865.0, 958.5999999046326, 1046.2000002861023, 1235.5999999046326, 1424.7000002861023, 1601.9000000953674, 1788.5, 1966.0, 2138.800000190735, 2318.800000190735, 2511.5, 2696.4000000953674, 2878.5, 3061.4000000953674]",F,5,train
820,mathur,F,1,F_orient1,11,2,mathur/F/orient1/tilt_neutral_neutral_2/landmarks_trimmed.json,18,18,18,"[0, 1, 2, 3, 4, 5, 6, 7, 8, 9, 10, 11, 12, 13, 14, 15, 16, 17]","[180.0, 368.19999980926514, 558.1999998092651, 746.0999999046326, 839.1999998092651, 1004.5, 1174.8000001907349, 1357.5, 1537.5999999046326, 1743.3000001907349, 1916.3000001907349, 2085.0, 2252.4000000953674, 2420.0, 2511.699999809265, 2702.4000000953674, 2878.699999809265, 3044.4000000953674]",F,5,train
821,mathur,F,2,F_orient2,12,2,mathur/F/orient2/tilt_back_neutral_2/landmarks_trimmed.json,18,18,18,"[0, 1, 2, 3, 4, 5, 6, 7, 8, 9, 10, 11, 12, 13, 14, 15, 16, 17]","[179.5, 363.30000019073486, 548.0, 742.3000001907349, 931.7000002861023, 1135.0, 1234.5, 1424.4000000953674, 1587.3000001907349, 1760.2000002861023, 1923.2000002861023, 2090.5, 2261.0999999046326, 2441.5999999046326, 2526.0999999046326, 2700.300000190735, 2867.7000002861023, 3029.0]",F,5,train
822,mathur,F,2,F_orient2,12,1,mathur/F/orient2/tilt_back_toward_1/landmarks_trimmed.json,19,19,18,"[0, 1, 2, 3, 4, 5, 6, 7, 8, 9, 10, 11, 12, 13, 14, 15, 16, 18]","[187.2999997138977, 364.5, 548.2999997138977, 646.1999998092651, 835.5, 933.7999997138977, 1130.2999997138977, 1312.0999999046326, 1393.5, 1562.5, 1725.0, 1895.5, 2068.7999997138977, 2229.0999999046326, 2403.5999999046326, 2574.8999996185303, 2754.0, 3090.199999809265]",F,5,train
823,mathur,F,2,F_orient2,12,1,mathur/F/orient2/tilt_forward_neutral_1/landmarks_trimmed.json,18,18,18,"[0, 1, 2, 3, 4, 5, 6, 7, 8, 9, 10, 11, 12, 13, 14, 15, 16, 17]","[195.7999997138977, 384.09999990463257, 574.0, 750.4000000953674, 931.5, 1106.5, 1283.0999999046326, 1465.7999997138977, 1655.4000000953674, 1845.6999998092651, 2010.5999999046326, 2178.4000000953674, 2337.199999809265, 2502.5999999046326, 2671.0, 2754.9000000953674, 2920.699999809265, 3093.0]",F,5,validation
824,mathur,F,2,F_orient2,12,2,mathur/F/orient2/tilt_forward_neutral_2/landmarks_trimmed.json,18,18,18,"[0, 1, 2, 3, 4, 5, 6, 7, 8, 9, 10, 11, 12, 13, 14, 15, 16, 17]","[182.09999990463257, 345.5, 506.90000009536743, 675.0, 840.5999999046326, 1014.4000000953674, 1189.5999999046326, 1368.5999999046326, 1534.2999997138977, 1697.1999998092651, 1867.6999998092651, 2036.0999999046326, 2218.699999809265, 2407.2999997138977, 2588.4000000953674, 2772.2999997138977, 2965.9000000953674, 3126.0999999046326]",F,5,train
825,mathur,G,1,G_orient1,13,1,mathur/G/orient1/tilt_back_away_1/landmarks_trimmed.json,18,18,18,"[0, 1, 2, 3, 4, 5, 6, 7, 8, 9, 10, 11, 12, 13, 14, 15, 16, 17]","[197.2000002861023, 388.1000003814697, 562.6000003814697, 737.8000001907349, 910.1000003814697, 1092.5, 1290.9000000953674, 1491.4000000953674, 1682.2000002861023, 1871.7000002861023, 1954.8000001907349, 2043.2000002861023, 2208.7000002861023, 2389.0, 2579.9000000953674, 2768.1000003814697, 2956.300000190735, 3151.6000003814697]",G,6,train
826,mathur,G,1,G_orient1,13,2,mathur/G/orient1/tilt_back_neutral_2/landmarks_trimmed.json,18,18,18,"[0, 1, 2, 3, 4, 5, 6, 7, 8, 9, 10, 11, 12, 13, 14, 15, 16, 17]","[175.90000009536743, 338.59999990463257, 424.0, 587.1999998092651, 753.6999998092651, 921.5999999046326, 1093.1999998092651, 1270.1999998092651, 1461.9000000953674, 1667.0999999046326, 1852.0, 2021.4000000953674, 2190.4000000953674, 2371.199999809265, 2550.9000000953674, 2730.2999997138977, 2922.5999999046326, 3117.2999997138977]",G,6,train
827,mathur,G,1,G_orient1,13,1,mathur/G/orient1/tilt_back_toward_1/landmarks_trimmed.json,18,18,18,"[0, 1, 2, 3, 4, 5, 6, 7, 8, 9, 10, 11, 12, 13, 14, 15, 16, 17]","[195.39999961853027, 395.19999980926514, 591.1999998092651, 796.6999998092651, 974.7999997138977, 1139.0999999046326, 1301.7999997138977, 1485.0, 1654.0999999046326, 1742.8999996185303, 1907.0, 2073.2999997138977, 2250.5, 2418.2999997138977, 2589.2999997138977, 2759.2999997138977, 2938.0999999046326, 3119.3999996185303]",G,6,train
828,mathur,G,1,G_orient1,13,1,mathur/G/orient1/tilt_neutral_away_1/landmarks_trimmed.json,18,18,18,"[0, 1, 2, 3, 4, 5, 6, 7, 8, 9, 10, 11, 12, 13, 14, 15, 16, 17]","[184.0, 371.19999980926514, 555.2999997138977, 744.6999998092651, 934.6999998092651, 1115.2999997138977, 1194.6999998092651, 1350.0, 1509.1999998092651, 1676.5, 1850.1999998092651, 2018.0, 2186.2999997138977, 2363.3999996185303, 2545.5, 2718.0, 2902.699999809265, 3094.5]",G,6,train
829,mathur,G,1,G_orient1,13,2,mathur/G/orient1/tilt_neutral_neutral_2/landmarks_trimmed.json,19,19,18,"[0, 1, 2, 3, 4, 5, 6, 7, 8, 9, 10, 11, 12, 13, 14, 15, 16, 18]","[181.40000009536743, 353.90000009536743, 537.5, 720.7000002861023, 908.6000003814697, 1072.7000002861023, 1244.3000001907349, 1410.4000000953674, 1575.3000001907349, 1657.4000000953674, 1829.9000000953674, 2000.5, 2171.800000190735, 2344.300000190735, 2512.7000002861023, 2598.1000003814697, 2787.0, 3153.1000003814697]",G,6,validation
830,mathur,I,1,I_orient1,14,2,mathur/I/orient1/tilt_neutral_neutral_2/landmarks_trimmed.json,18,18,18,"[0, 1, 2, 3, 4, 5, 6, 7, 8, 9, 10, 11, 12, 13, 14, 15, 16, 17]","[172.90000009536743, 363.59999990463257, 547.3000001907349, 742.0, 932.9000000953674, 1119.0, 1302.8000001907349, 1495.3000001907349, 1668.4000000953674, 1758.7000002861023, 1927.5999999046326, 2100.2000002861023, 2275.300000190735, 2454.0999999046326, 2620.300000190735, 2793.7000002861023, 2962.800000190735, 3143.9000000953674]",I,7,train
831,mathur,I,3,I_orient3,16,1,mathur/I/orient3/tilt_neutral_toward_1/landmarks_trimmed.json,18,18,18,"[0, 1, 2, 3, 4, 5, 6, 7, 8, 9, 10, 11, 12, 13, 14, 15, 16, 17]","[172.2999997138977, 344.2999997138977, 506.09999990463257, 682.5999999046326, 859.1999998092651, 1035.5999999046326, 1208.0, 1373.0999999046326, 1541.5999999046326, 1713.1999998092651, 1878.8999996185303, 2049.199999809265, 2222.5, 2403.2999997138977, 2568.699999809265, 2750.5999999046326, 2843.3999996185303, 3026.699999809265]",I,7,train
832,mathur,K,1,K_orient1,17,1,mathur/K/orient1/tilt_back_away_1/landmarks_trimmed.json,20,20,18,"[0, 1, 2, 3, 4, 5, 6, 7, 8, 10, 11, 12, 13, 14, 15, 16, 17, 19]","[160.90000009536743, 324.19999980926514, 490.59999990463257, 654.1999998092651, 820.5, 982.9000000953674, 1145.4000000953674, 1313.0, 1473.0, 1803.1999998092651, 1967.5, 2131.199999809265, 2216.199999809265, 2381.0, 2550.699999809265, 2718.0999999046326, 2889.4000000953674, 3131.5999999046326]",K,8,train
833,mathur,K,1,K_orient1,17,1,mathur/K/orient1/tilt_back_neutral_1/landmarks_trimmed.json,19,19,18,"[0, 1, 2, 3, 4, 5, 6, 7, 8, 9, 10, 11, 12, 13, 14, 15, 16, 18]","[161.40000009536743, 326.09999990463257, 483.5, 645.0, 803.5999999046326, 961.9000000953674, 1122.5, 1283.5, 1446.5999999046326, 1596.5, 1757.8000001907349, 1921.9000000953674, 2079.0999999046326, 2243.300000190735, 2405.5, 2561.2000002861023, 2723.0999999046326, 3052.5999999046326]",K,8,validation
834,mathur,K,1,K_orient1,17,2,mathur/K/orient1/tilt_back_neutral_2/landmarks_trimmed.json,20,20,18,"[0, 1, 2, 3, 4, 5, 6, 7, 8, 10, 11, 12, 13, 14, 15, 16, 17, 19]","[169.59999990463257, 340.09999990463257, 502.09999990463257, 659.5999999046326, 742.0, 907.0, 1072.4000000953674, 1234.3000001907349, 1401.2000002861023, 1727.8000001907349, 1808.5999999046326, 1971.2000002861023, 2133.5999999046326, 2300.800000190735, 2458.5, 2621.2000002861023, 2783.9000000953674, 3026.5]",K,8,train
835,mathur,K,1,K_orient1,17,1,mathur/K/orient1/tilt_back_toward_1/landmarks_trimmed.json,20,20,18,"[0, 1, 2, 3, 4, 5, 6, 7, 8, 10, 11, 12, 13, 14, 15, 16, 17, 19]","[159.90000009536743, 326.0, 493.5, 671.0, 854.0999999046326, 1021.4000000953674, 1181.9000000953674, 1350.9000000953674, 1531.9000000953674, 1837.4000000953674, 1910.5999999046326, 2067.4000000953674, 2141.5, 2303.5, 2493.9000000953674, 2669.699999809265, 2837.5, 3079.699999809265]",K,8,train
836,mathur,K,1,K_orient1,17,1,mathur/K/orient1/tilt_forward_away_1/landmarks_trimmed.json,21,21,18,"[0, 1, 2, 3, 4, 5, 7, 8, 9, 10, 11, 12, 14, 15, 16, 17, 18, 20]","[158.69999980926514, 317.8999996185303, 471.3999996185303, 635.5, 792.7999997138977, 947.0, 1263.5999999046326, 1347.0, 1508.5, 1673.0999999046326, 1754.0999999046326, 1837.5999999046326, 2147.699999809265, 2309.8999996185303, 2471.0, 2633.0999999046326, 2797.5999999046326, 3117.2999997138977]",K,8,train
837,mathur,K,1,K_orient1,17,1,mathur/K/orient1/tilt_forward_neutral_1/landmarks_trimmed.json,20,20,18,"[0, 1, 2, 3, 4, 5, 6, 7, 8, 10, 11, 12, 13, 14, 15, 16, 17, 19]","[152.2000002861023, 303.90000009536743, 457.30000019073486, 603.5999999046326, 762.9000000953674, 930.4000000953674, 1098.7000002861023, 1185.0, 1335.0, 1652.9000000953674, 1816.2000002861023, 1986.0999999046326, 2147.2000002861023, 2307.2000002861023, 2473.5, 2633.7000002861023, 2808.7000002861023, 3132.0999999046326]",K,8,train
838,mathur,K,1,K_orient1,17,2,mathur/K/orient1/tilt_forward_neutral_2/landmarks_trimmed.json,19,19,18,"[0, 1, 2, 3, 4, 5, 6, 7, 8, 9, 10, 11, 12, 13, 14, 15, 16, 18]","[163.90000009536743, 331.7999997138977, 491.40000009536743, 654.5, 815.0, 976.5999999046326, 1141.0999999046326, 1301.0, 1465.0999999046326, 1629.0, 1786.7999997138977, 1950.1999998092651, 2111.5, 2274.0999999046326, 2433.9000000953674, 2598.9000000953674, 2770.5, 3085.7999997138977]",K,8,train
839,mathur,K,1,K_orient1,17,1,mathur/K/orient1/tilt_forward_toward_1/landmarks_trimmed.json,19,19,18,"[0, 1, 2, 3, 4, 5, 6, 7, 8, 9, 10, 11, 12, 13, 14, 15, 16, 18]","[160.80000019073486, 325.2000002861023, 483.5, 645.4000000953674, 809.0999999046326, 964.4000000953674, 1124.3000001907349, 1282.3000001907349, 1443.3000001907349, 1601.7000002861023, 1761.0999999046326, 1922.5, 2074.0, 2235.2000002861023, 2403.4000000953674, 2565.2000002861023, 2725.9000000953674, 3041.9000000953674]",K,8,train
840,mathur,K,1,K_orient1,17,1,mathur/K/orient1/tilt_neutral_away_1/landmarks_trimmed.json,18,18,18,"[0, 1, 2, 3, 4, 5, 6, 7, 8, 9, 10, 11, 12, 13, 14, 15, 16, 17]","[169.60000038146973, 372.40000009536743, 572.3000001907349, 770.3000001907349, 931.2000002861023, 1107.6000003814697, 1277.1000003814697, 1430.1000003814697, 1588.9000000953674, 1749.1000003814697, 1913.6000003814697, 1994.8000001907349, 2164.800000190735, 2327.800000190735, 2491.300000190735, 2667.0, 2837.1000003814697, 3000.5]",K,8,train
841,mathur,K,1,K_orient1,17,1,mathur/K/orient1/tilt_neutral_neutral_1/landmarks_trimmed.json,19,19,18,"[0, 1, 2, 3, 4, 5, 6, 7, 8, 9, 10, 11, 12, 13, 14, 15, 16, 18]","[162.7000002861023, 323.0, 480.30000019073486, 640.9000000953674, 799.5, 965.0, 1124.7000002861023, 1279.3000001907349, 1438.8000001907349, 1600.4000000953674, 1766.5, 1929.8000001907349, 2086.5999999046326, 2244.2000002861023, 2406.300000190735, 2569.300000190735, 2732.4000000953674, 3048.300000190735]",K,8,train
842,mathur,K,1,K_orient1,17,2,mathur/K/orient1/tilt_neutral_neutral_2/landmarks_trimmed.json,19,19,18,"[0, 1, 2, 3, 4, 5, 6, 7, 8, 9, 10, 11, 12, 13, 14, 15, 16, 18]","[178.90000009536743, 367.09999990463257, 550.4000000953674, 724.1999998092651, 928.3000001907349, 1078.5, 1240.0, 1421.0, 1595.1999998092651, 1798.0, 1945.5, 2097.5, 2179.0999999046326, 2343.9000000953674, 2502.9000000953674, 2663.300000190735, 2825.0999999046326, 3146.9000000953674]",K,8,train
843,mathur,K,1,K_orient1,17,1,mathur/K/orient1/tilt_neutral_toward_1/landmarks_trimmed.json,19,19,18,"[0, 1, 2, 3, 4, 5, 6, 7, 8, 9, 10, 11, 12, 13, 14, 15, 16, 18]","[164.80000019073486, 321.30000019073486, 477.0, 636.0, 792.4000000953674, 948.0999999046326, 1114.2000002861023, 1273.4000000953674, 1433.8000001907349, 1591.7000002861023, 1750.8000001907349, 1913.9000000953674, 2072.0, 2235.5, 2398.0999999046326, 2559.4000000953674, 2705.7000002861023, 3028.4000000953674]",K,8,validation
844,mathur,K,2,K_orient2,18,1,mathur/K/orient2/tilt_back_away_1/landmarks_trimmed.json,19,19,18,"[0, 1, 2, 3, 4, 5, 6, 7, 8, 9, 10, 11, 12, 13, 14, 15, 16, 18]","[170.2999997138977, 331.7999997138977, 491.90000009536743, 656.0999999046326, 808.4000000953674, 968.4000000953674, 1133.4000000953674, 1296.5999999046326, 1481.1999998092651, 1656.9000000953674, 1826.1999998092651, 1962.2999997138977, 2112.0999999046326, 2271.199999809265, 2429.0, 2593.9000000953674, 2743.0999999046326, 3053.4000000953674]",K,8,train
845,mathur,K,2,K_orient2,18,1,mathur/K/orient2/tilt_back_neutral_1/landmarks_trimmed.json,19,19,18,"[0, 1, 2, 3, 4, 5, 6, 7, 8, 9, 10, 11, 12, 13, 14, 15, 16, 18]","[162.69999980926514, 327.90000009536743, 497.0, 661.5999999046326, 824.0, 985.1999998092651, 1148.8000001907349, 1312.3000001907349, 1503.4000000953674, 1653.3000001907349, 1812.9000000953674, 1976.6999998092651, 2131.0, 2297.9000000953674, 2462.9000000953674, 2626.300000190735, 2786.800000190735, 3111.9000000953674]",K,8,validation
846,mathur,K,2,K_orient2,18,2,mathur/K/orient2/tilt_back_neutral_2/landmarks_trimmed.json,20,20,18,"[0, 1, 2, 3, 4, 5, 6, 7, 8, 10, 11, 12, 13, 14, 15, 16, 17, 19]","[169.0, 336.69999980926514, 498.19999980926514, 583.0999999046326, 745.3999996185303, 906.8999996185303, 1071.5, 1238.3999996185303, 1397.2999997138977, 1635.0999999046326, 1797.8999996185303, 1962.0, 2126.5, 2289.5, 2446.2999997138977, 2600.5, 2767.699999809265, 3007.8999996185303]",K,8,train
847,mathur,K,2,K_orient2,18,1,mathur/K/orient2/tilt_back_toward_1/landmarks_trimmed.json,20,20,18,"[0, 1, 2, 3, 4, 5, 6, 7, 8, 10, 11, 12, 13, 14, 15, 16, 17, 19]","[165.2000002861023, 329.2000002861023, 489.40000009536743, 650.2000002861023, 811.7000002861023, 976.2000002861023, 1135.5, 1299.0, 1465.9000000953674, 1784.0, 1947.7000002861023, 2106.4000000953674, 2266.5999999046326, 2428.0, 2593.300000190735, 2751.2000002861023, 2916.800000190735, 3150.300000190735]",K,8,train
848,mathur,K,2,K_orient2,18,1,mathur/K/orient2/tilt_forward_away_1/landmarks_trimmed.json,19,19,18,"[0, 1, 2, 3, 4, 5, 6, 7, 8, 9, 10, 11, 12, 13, 14, 15, 16, 18]","[164.39999961853027, 243.7999997138977, 405.8999996185303, 575.1999998092651, 740.3999996185303, 906.1999998092651, 1066.5999999046326, 1228.0999999046326, 1389.5999999046326, 1552.5, 1712.1999998092651, 1875.0999999046326, 2042.3999996185303, 2202.199999809265, 2367.0, 2524.8999996185303, 2688.0999999046326, 3025.5]",K,8,validation
849,mathur,K,2,K_orient2,18,1,mathur/K/orient2/tilt_forward_neutral_1/landmarks_trimmed.json,20,20,18,"[0, 1, 2, 3, 4, 5, 6, 7, 8, 10, 11, 12, 13, 14, 15, 16, 17, 19]","[157.40000009536743, 238.09999990463257, 408.30000019073486, 570.5, 719.0999999046326, 880.1999998092651, 1040.0999999046326, 1202.9000000953674, 1368.1999998092651, 1688.0999999046326, 1851.3000001907349, 2015.0, 2172.5999999046326, 2337.300000190735, 2504.5999999046326, 2664.5, 2828.4000000953674, 3152.5999999046326]",K,8,train
850,mathur,K,2,K_orient2,18,2,mathur/K/orient2/tilt_forward_neutral_2/landmarks_trimmed.json,19,19,18,"[0, 1, 2, 3, 4, 5, 6, 7, 8, 9, 10, 11, 12, 13, 14, 15, 16, 18]","[154.09999990463257, 319.2999997138977, 480.2999997138977, 646.7999997138977, 806.0, 969.0, 1122.0999999046326, 1288.0, 1450.5, 1612.7999997138977, 1786.4000000953674, 1969.2999997138977, 2133.4000000953674, 2288.199999809265, 2461.4000000953674, 2650.9000000953674, 2823.199999809265, 3158.4000000953674]",K,8,train
851,mathur,K,2,K_orient2,18,1,mathur/K/orient2/tilt_forward_toward_1/landmarks_trimmed.json,20,20,18,"[0, 1, 2, 3, 4, 5, 6, 7, 8, 10, 11, 12, 13, 14, 15, 16, 17, 19]","[169.30000019073486, 336.80000019073486, 506.09999990463257, 670.3000001907349, 833.5, 1000.0, 1071.7000002861023, 1234.0999999046326, 1396.8000001907349, 1720.5, 1880.4000000953674, 2044.9000000953674, 2195.9000000953674, 2277.800000190735, 2437.4000000953674, 2520.7000002861023, 2685.7000002861023, 3010.4000000953674]",K,8,train
852,mathur,K,2,K_orient2,18,1,mathur/K/orient2/tilt_neutral_away_1/landmarks_trimmed.json,20,20,18,"[0, 1, 2, 3, 4, 5, 6, 7, 8, 10, 11, 12, 13, 14, 15, 16, 17, 19]","[168.5, 328.5, 491.0, 574.6999998092651, 739.8999996185303, 904.7999997138977, 1069.5, 1235.0999999046326, 1394.1999998092651, 1728.6999998092651, 1892.7999997138977, 2054.2999997138977, 2221.5999999046326, 2381.3999996185303, 2541.5999999046326, 2706.0, 2792.0, 3112.2999997138977]",K,8,train
853,mathur,K,2,K_orient2,18,1,mathur/K/orient2/tilt_neutral_neutral_1/landmarks_trimmed.json,19,19,18,"[0, 1, 2, 3, 4, 5, 6, 7, 8, 9, 10, 11, 12, 13, 14, 15, 16, 18]","[187.2000002861023, 364.7000002861023, 534.2000002861023, 711.4000000953674, 875.5, 1039.3000001907349, 1203.3000001907349, 1369.9000000953674, 1449.5, 1611.5999999046326, 1778.0999999046326, 1952.3000001907349, 2122.5999999046326, 2294.800000190735, 2454.2000002861023, 2628.7000002861023, 2788.9000000953674, 3116.0]",K,8,train
854,mathur,K,2,K_orient2,18,2,mathur/K/orient2/tilt_neutral_neutral_2/landmarks_trimmed.json,19,19,18,"[0, 1, 2, 3, 4, 5, 6, 7, 8, 9, 10, 11, 12, 13, 14, 15, 16, 18]","[164.7999997138977, 327.8999996185303, 493.69999980926514, 572.1999998092651, 736.8999996185303, 897.5, 1060.1999998092651, 1222.3999996185303, 1381.6999998092651, 1548.3999996185303, 1712.7999997138977, 1875.6999998092651, 2041.7999997138977, 2207.3999996185303, 2372.2999997138977, 2536.699999809265, 2699.7999997138977, 3025.199999809265]",K,8,train
855,mathur,K,2,K_orient2,18,1,mathur/K/orient2/tilt_neutral_toward_1/landmarks_trimmed.json,20,20,18,"[0, 1, 2, 3, 4, 5, 6, 7, 8, 10, 11, 12, 13, 14, 15, 16, 17, 19]","[170.09999990463257, 326.59999990463257, 485.90000009536743, 647.5999999046326, 807.2000002861023, 969.8000001907349, 1132.2000002861023, 1294.0, 1456.0999999046326, 1785.9000000953674, 1947.8000001907349, 2102.5999999046326, 2255.9000000953674, 2399.7000002861023, 2551.7000002861023, 2625.5999999046326, 2776.4000000953674, 3102.9000000953674]",K,8,train
856,mathur,L,1,L_orient1,19,1,mathur/L/orient1/tilt_back_away_1/landmarks_trimmed.json,19,19,18,"[0, 1, 2, 3, 4, 5, 6, 7, 8, 9, 10, 11, 12, 13, 14, 15, 16, 18]","[160.40000009536743, 318.7000002861023, 397.5, 558.0999999046326, 719.4000000953674, 876.8000001907349, 1040.5, 1201.7000002861023, 1530.9000000953674, 1698.0999999046326, 1856.4000000953674, 2014.7000002861023, 2175.5999999046326, 2338.300000190735, 2502.5999999046326, 2666.300000190735, 2830.9000000953674, 3155.300000190735]",L,9,train
857,mathur,L,1,L_orient1,19,1,mathur/L/orient1/tilt_back_neutral_1/landmarks_trimmed.json,20,20,18,"[0, 1, 2, 3, 4, 5, 6, 7, 8, 10, 11, 12, 13, 14, 15, 16, 17, 19]","[162.5, 327.09999990463257, 489.5, 649.5, 728.5, 892.5, 1053.9000000953674, 1215.4000000953674, 1379.0999999046326, 1703.9000000953674, 1870.2999997138977, 2032.0999999046326, 2270.5, 2435.699999809265, 2519.699999809265, 2679.9000000953674, 2763.0, 3089.0999999046326]",L,9,train
858,mathur,L,1,L_orient1,19,2,mathur/L/orient1/tilt_back_neutral_2/landmarks_trimmed.json,20,20,18,"[0, 1, 2, 3, 4, 5, 6, 7, 8, 10, 11, 12, 13, 14, 15, 16, 17, 19]","[154.40000009536743, 307.0, 463.2000002861023, 624.5, 781.1000003814697, 941.5, 1098.7000002861023, 1259.0, 1408.9000000953674, 1729.9000000953674, 1879.7000002861023, 2034.1000003814697, 2190.7000002861023, 2340.1000003814697, 2496.7000002861023, 2662.4000000953674, 2821.5, 3148.4000000953674]",L,9,train
859,mathur,L,1,L_orient1,19,1,mathur/L/orient1/tilt_back_toward_1/landmarks_trimmed.json,21,21,18,"[0, 1, 2, 3, 4, 5, 7, 8, 9, 10, 11, 12, 14, 15, 16, 17, 18, 20]","[154.80000019073486, 308.59999990463257, 468.19999980926514, 544.9000000953674, 700.5999999046326, 858.0, 1161.9000000953674, 1314.9000000953674, 1394.8000001907349, 1551.4000000953674, 1707.9000000953674, 1860.0999999046326, 2171.5999999046326, 2324.9000000953674, 2482.9000000953674, 2636.5, 2791.4000000953674, 3108.4000000953674]",L,9,train
860,mathur,L,1,L_orient1,19,1,mathur/L/orient1/tilt_forward_away_1/landmarks_trimmed.json,18,18,18,"[0, 1, 2, 3, 4, 5, 6, 7, 8, 9, 10, 11, 12, 13, 14, 15, 16, 17]","[165.30000019073486, 327.09999990463257, 492.5, 654.2000002861023, 812.9000000953674, 974.3000001907349, 1139.7000002861023, 1298.5999999046326, 1467.0, 1782.2000002861023, 1945.9000000953674, 2108.9000000953674, 2270.9000000953674, 2429.7000002861023, 2596.5999999046326, 2751.4000000953674, 2916.0, 3076.5999999046326]",L,9,train
861,mathur,L,1,L_orient1,19,1,mathur/L/orient1/tilt_forward_neutral_1/landmarks_trimmed.json,19,19,18,"[0, 1, 2, 3, 4, 5, 6, 7, 8, 9, 10, 11, 12, 13, 14, 15, 16, 18]","[155.0, 320.7999997138977, 483.2999997138977, 638.5999999046326, 798.5999999046326, 961.7999997138977, 1124.4000000953674, 1284.7999997138977, 1441.5999999046326, 1606.6999998092651, 1769.6999998092651, 1933.0, 2093.5999999046326, 2256.2999997138977, 2417.5999999046326, 2576.4000000953674, 2742.0999999046326, 3068.699999809265]",L,9,train
862,mathur,L,1,L_orient1,19,1,mathur/L/orient1/tilt_forward_toward_1/landmarks_trimmed.json,20,20,18,"[0, 1, 2, 3, 4, 5, 6, 7, 8, 10, 11, 12, 13, 14, 15, 16, 17, 19]","[172.30000019073486, 338.40000009536743, 503.09999990463257, 670.0, 818.8000001907349, 978.7000002861023, 1139.3000001907349, 1301.3000001907349, 1460.8000001907349, 1777.5999999046326, 1935.7000002861023, 2097.2000002861023, 2258.300000190735, 2338.5999999046326, 2497.0999999046326, 2658.9000000953674, 2816.0, 3139.2000002861023]",L,9,train
863,mathur,L,1,L_orient1,19,1,mathur/L/orient1/tilt_neutral_away_1/landmarks_trimmed.json,19,19,18,"[0, 1, 2, 3, 4, 5, 6, 7, 8, 9, 10, 11, 12, 13, 14, 15, 16, 18]","[168.0, 331.30000019073486, 492.1000003814697, 646.1000003814697, 806.6000003814697, 970.2000002861023, 1130.1000003814697, 1295.8000001907349, 1453.0, 1609.5, 1769.5, 1931.0, 2093.2000002861023, 2256.2000002861023, 2420.5, 2581.2000002861023, 2732.300000190735, 3058.800000190735]",L,9,train
864,mathur,L,1,L_orient1,19,1,mathur/L/orient1/tilt_neutral_neutral_1/landmarks_trimmed.json,19,19,18,"[0, 1, 2, 3, 4, 5, 6, 7, 8, 9, 10, 11, 12, 13, 14, 15, 16, 18]","[169.19999980926514, 333.5, 498.8999996185303, 658.7999997138977, 819.0999999046326, 972.6999998092651, 1132.6999998092651, 1298.0999999046326, 1463.8999996185303, 1624.1999998092651, 1784.0, 1937.3999996185303, 2098.2999997138977, 2258.0999999046326, 2423.8999996185303, 2586.699999809265, 2750.2999997138977, 3066.2999997138977]",L,9,train
865,mathur,L,1,L_orient1,19,2,mathur/L/orient1/tilt_neutral_neutral_2/landmarks_trimmed.json,20,20,18,"[0, 1, 2, 3, 4, 5, 6, 7, 8, 10, 11, 12, 13, 14, 15, 16, 17, 19]","[162.2000002861023, 329.1000003814697, 413.7000002861023, 574.1000003814697, 736.9000000953674, 902.9000000953674, 1056.2000002861023, 1220.0, 1387.7000002861023, 1704.3000001907349, 1866.0, 2024.9000000953674, 2098.0, 2260.9000000953674, 2422.300000190735, 2590.0, 2748.9000000953674, 3072.7000002861023]",L,9,train
866,mathur,L,1,L_orient1,19,1,mathur/L/orient1/tilt_neutral_toward_1/landmarks_trimmed.json,19,19,18,"[0, 1, 2, 3, 4, 5, 6, 7, 8, 9, 10, 11, 12, 13, 14, 15, 16, 18]","[160.2999997138977, 319.69999980926514, 478.7999997138977, 636.1999998092651, 794.7999997138977, 955.0999999046326, 1117.1999998092651, 1276.1999998092651, 1433.1999998092651, 1598.1999998092651, 1763.4000000953674, 1929.9000000953674, 2094.699999809265, 2254.5, 2409.199999809265, 2570.2999997138977, 2732.7999997138977, 3055.9000000953674]",L,9,train
867,mathur,L,2,L_orient2,20,1,mathur/L/orient2/tilt_back_away_1/landmarks_trimmed.json,19,19,18,"[0, 1, 2, 3, 4, 5, 6, 7, 8, 9, 10, 11, 12, 13, 14, 15, 16, 18]","[167.59999990463257, 325.90000009536743, 487.09999990463257, 651.3000001907349, 817.1999998092651, 982.9000000953674, 1146.1999998092651, 1305.9000000953674, 1458.5999999046326, 1622.6999998092651, 1784.3000001907349, 1949.1999998092651, 2111.0999999046326, 2190.4000000953674, 2354.699999809265, 2513.699999809265, 2670.5999999046326, 3002.0]",L,9,train
868,mathur,L,2,L_orient2,20,1,mathur/L/orient2/tilt_back_neutral_1/landmarks_trimmed.json,21,21,18,"[0, 1, 2, 3, 4, 5, 7, 8, 9, 10, 11, 12, 14, 15, 16, 17, 18, 20]","[160.7000002861023, 319.5, 477.09999990463257, 640.3000001907349, 800.3000001907349, 964.3000001907349, 1288.5, 1443.5, 1597.7000002861023, 1759.8000001907349, 1921.5, 2080.800000190735, 2318.5999999046326, 2391.0999999046326, 2469.800000190735, 2631.800000190735, 2789.9000000953674, 3034.5999999046326]",L,9,train
869,mathur,L,2,L_orient2,20,2,mathur/L/orient2/tilt_back_neutral_2/landmarks_trimmed.json,19,19,18,"[0, 1, 2, 3, 4, 5, 6, 7, 8, 9, 10, 11, 12, 13, 14, 15, 16, 18]","[163.90000009536743, 314.6000003814697, 475.30000019073486, 634.5, 794.0, 958.4000000953674, 1120.2000002861023, 1266.4000000953674, 1432.5, 1594.2000002861023, 1755.4000000953674, 1917.0, 2079.5, 2234.4000000953674, 2394.0, 2560.1000003814697, 2718.5, 3039.800000190735]",L,9,validation
870,mathur,L,2,L_orient2,20,1,mathur/L/orient2/tilt_back_toward_1/landmarks_trimmed.json,20,20,18,"[0, 1, 2, 3, 4, 5, 6, 7, 8, 10, 11, 12, 13, 14, 15, 16, 17, 19]","[169.90000009536743, 334.1000003814697, 491.2000002861023, 649.3000001907349, 797.9000000953674, 954.3000001907349, 1033.8000001907349, 1194.0, 1354.5, 1672.6000003814697, 1825.2000002861023, 1987.8000001907349, 2149.2000002861023, 2312.1000003814697, 2475.0, 2636.0, 2794.0, 3106.5]",L,9,train
871,mathur,L,2,L_orient2,20,1,mathur/L/orient2/tilt_neutral_away_1/landmarks_trimmed.json,20,20,18,"[0, 1, 2, 3, 4, 5, 6, 7, 8, 10, 11, 12, 13, 14, 15, 16, 17, 19]","[161.40000009536743, 313.30000019073486, 480.90000009536743, 641.4000000953674, 804.8000001907349, 965.0, 1130.3000001907349, 1285.4000000953674, 1448.2000002861023, 1764.8000001907349, 1925.8000001907349, 2005.9000000953674, 2167.6000003814697, 2319.4000000953674, 2481.800000190735, 2644.6000003814697, 2800.0, 3123.1000003814697]",L,9,train
872,mathur,L,2,L_orient2,20,1,mathur/L/orient2/tilt_neutral_neutral_1/landmarks_trimmed.json,22,22,18,"[0, 1, 2, 3, 4, 6, 7, 8, 9, 11, 12, 13, 14, 16, 17, 18, 19, 21]","[147.2999997138977, 285.2999997138977, 424.5, 564.7999997138977, 709.5, 989.6999998092651, 1131.3999996185303, 1273.5, 1416.0, 1698.2999997138977, 1841.1999998092651, 1983.5999999046326, 2124.0999999046326, 2402.5999999046326, 2545.2999997138977, 2681.2999997138977, 2823.7999997138977, 3106.7999997138977]",L,9,train
873,mathur,L,2,L_orient2,20,2,mathur/L/orient2/tilt_neutral_neutral_2/landmarks_trimmed.json,18,18,18,"[0, 1, 2, 3, 4, 5, 6, 7, 8, 9, 10, 11, 12, 13, 14, 15, 16, 17]","[165.40000009536743, 329.0, 506.90000009536743, 816.0999999046326, 981.2000002861023, 1141.3000001907349, 1303.0999999046326, 1469.7000002861023, 1633.5, 1795.4000000953674, 1961.5999999046326, 2125.7000002861023, 2286.9000000953674, 2450.300000190735, 2613.7000002861023, 2693.4000000953674, 2854.5999999046326, 3013.7000002861023]",L,9,train
874,mathur,L,2,L_orient2,20,1,mathur/L/orient2/tilt_neutral_toward_1/landmarks_trimmed.json,20,20,18,"[0, 1, 2, 3, 4, 5, 6, 7, 8, 10, 11, 12, 13, 14, 15, 16, 17, 19]","[158.2000002861023, 314.90000009536743, 485.2000002861023, 642.5, 816.0, 992.8000001907349, 1171.3000001907349, 1313.7000002861023, 1455.4000000953674, 1736.3000001907349, 1873.8000001907349, 2021.4000000953674, 2164.7000002861023, 2309.4000000953674, 2451.9000000953674, 2592.5999999046326, 2760.2000002861023, 3073.7000002861023]",L,9,train
875,mathur,L,3,L_orient3,21,1,mathur/L/orient3/tilt_back_away_1/landmarks_trimmed.json,19,19,18,"[0, 1, 2, 3, 4, 5, 6, 7, 8, 9, 10, 11, 12, 13, 14, 15, 16, 18]","[166.19999980926514, 330.59999990463257, 489.59999990463257, 652.4000000953674, 809.7999997138977, 973.0, 1136.6999998092651, 1299.9000000953674, 1461.5, 1624.0, 1789.1999998092651, 1952.1999998092651, 2115.0999999046326, 2277.4000000953674, 2358.0999999046326, 2519.0999999046326, 2684.0999999046326, 3015.5]",L,9,train
876,mathur,L,3,L_orient3,21,1,mathur/L/orient3/tilt_back_neutral_1/landmarks_trimmed.json,20,20,18,"[0, 1, 2, 3, 4, 5, 6, 7, 8, 10, 11, 12, 13, 14, 15, 16, 17, 19]","[176.69999980926514, 342.40000009536743, 504.2999997138977, 664.0, 829.0999999046326, 994.4000000953674, 1161.5999999046326, 1330.2999997138977, 1491.0999999046326, 1816.4000000953674, 1979.0, 2057.699999809265, 2222.2999997138977, 2299.2999997138977, 2383.2999997138977, 2546.4000000953674, 2707.0, 3029.9000000953674]",L,9,train
877,mathur,L,3,L_orient3,21,2,mathur/L/orient3/tilt_back_neutral_2/landmarks_trimmed.json,20,20,18,"[0, 1, 2, 3, 4, 5, 6, 7, 8, 10, 11, 12, 13, 14, 15, 16, 17, 19]","[173.19999980926514, 331.0, 499.0, 578.0, 736.5, 902.6999998092651, 1063.9000000953674, 1228.4000000953674, 1392.5, 1627.6999998092651, 1802.3000001907349, 1965.1999998092651, 2124.0999999046326, 2282.5999999046326, 2365.300000190735, 2530.300000190735, 2690.800000190735, 3018.800000190735]",L,9,validation
878,mathur,L,3,L_orient3,21,1,mathur/L/orient3/tilt_back_toward_1/landmarks_trimmed.json,19,19,18,"[0, 1, 2, 3, 4, 5, 6, 7, 8, 9, 10, 11, 12, 13, 14, 15, 16, 18]","[162.19999980926514, 325.40000009536743, 492.40000009536743, 650.5, 811.9000000953674, 974.2999997138977, 1139.0999999046326, 1300.5, 1463.0, 1625.6999998092651, 1791.0999999046326, 1956.0, 2116.699999809265, 2277.7999997138977, 2444.4000000953674, 2606.4000000953674, 2767.4000000953674, 3089.0]",L,9,validation
879,mathur,L,3,L_orient3,21,1,mathur/L/orient3/tilt_neutral_away_1/landmarks_trimmed.json,21,21,18,"[0, 1, 2, 3, 4, 5, 7, 8, 9, 10, 11, 12, 14, 15, 16, 17, 18, 20]","[162.19999980926514, 326.69999980926514, 490.5, 652.5, 811.8999996185303, 976.6999998092651, 1299.3999996185303, 1460.5999999046326, 1545.2999997138977, 1708.5, 1791.5999999046326, 1950.6999998092651, 2200.7999997138977, 2362.2999997138977, 2519.5999999046326, 2687.5999999046326, 2848.699999809265, 3008.5]",L,9,validation
880,mathur,L,3,L_orient3,21,1,mathur/L/orient3/tilt_neutral_neutral_1/landmarks_trimmed.json,19,19,18,"[0, 1, 2, 3, 4, 5, 6, 7, 8, 9, 10, 11, 12, 13, 14, 15, 16, 18]","[164.19999980926514, 330.5, 496.59999990463257, 660.5999999046326, 821.5999999046326, 984.4000000953674, 1151.4000000953674, 1305.9000000953674, 1469.0, 1628.9000000953674, 1790.5999999046326, 1953.8000001907349, 2124.5999999046326, 2288.800000190735, 2367.0999999046326, 2525.9000000953674, 2690.0, 3019.5999999046326]",L,9,train
881,mathur,L,3,L_orient3,21,2,mathur/L/orient3/tilt_neutral_neutral_2/landmarks_trimmed.json,19,19,18,"[0, 1, 2, 3, 4, 5, 6, 7, 8, 9, 10, 11, 12, 13, 14, 15, 16, 18]","[168.89999961853027, 333.7999997138977, 498.69999980926514, 669.8999996185303, 831.5, 994.5, 1155.3999996185303, 1319.5999999046326, 1480.0, 1639.5, 1803.1999998092651, 1961.0999999046326, 2121.7999997138977, 2287.0999999046326, 2451.8999996185303, 2616.0999999046326, 2778.2999997138977, 3025.5999999046326]",L,9,train
882,mathur,L,3,L_orient3,21,1,mathur/L/orient3/tilt_neutral_toward_1/landmarks_trimmed.json,19,19,18,"[0, 1, 2, 3, 4, 5, 6, 7, 8, 9, 10, 11, 12, 13, 14, 15, 16, 18]","[180.0, 348.0, 502.80000019073486, 670.7000002861023, 830.4000000953674, 991.0, 1149.7000002861023, 1309.9000000953674, 1394.0, 1553.0999999046326, 1715.2000002861023, 1878.8000001907349, 2044.5999999046326, 2213.300000190735, 2374.9000000953674, 2540.5999999046326, 2700.0999999046326, 3044.300000190735]",L,9,train
883,mathur,M,1,M_orient1,22,1,mathur/M/orient1/tilt_back_neutral_1/landmarks_trimmed.json,18,18,18,"[0, 1, 2, 3, 4, 5, 6, 7, 8, 9, 10, 11, 12, 13, 14, 15, 16, 17]","[200.19999980926514, 391.5, 480.69999980926514, 670.1999998092651, 850.4000000953674, 1019.4000000953674, 1199.0999999046326, 1362.8000001907349, 1530.5, 1699.6999998092651, 1873.5999999046326, 2051.300000190735, 2226.699999809265, 2418.800000190735, 2607.300000190735, 2787.5, 2983.5, 3171.300000190735]",M,10,train
884,mathur,M,1,M_orient1,22,2,mathur/M/orient1/tilt_forward_neutral_2/landmarks_trimmed.json,18,18,18,"[0, 1, 2, 3, 4, 5, 6, 7, 8, 9, 10, 11, 12, 13, 14, 15, 16, 17]","[191.89999961853027, 291.09999990463257, 478.2999997138977, 658.6999998092651, 839.0999999046326, 1023.2999997138977, 1212.3999996185303, 1398.1999998092651, 1592.3999996185303, 1782.0, 1981.5999999046326, 2165.3999996185303, 2358.8999996185303, 2531.5999999046326, 2618.0, 2795.5, 2988.0, 3188.3999996185303]",M,10,train
885,mathur,M,2,M_orient2,23,2,mathur/M/orient2/tilt_back_neutral_2/landmarks_trimmed.json,18,18,18,"[0, 1, 2, 3, 4, 5, 6, 7, 8, 9, 10, 11, 12, 13, 14, 15, 16, 17]","[247.69999980926514, 436.69999980926514, 616.1999998092651, 785.1999998092651, 965.0999999046326, 1048.5, 1208.6999998092651, 1391.9000000953674, 1577.0, 1763.5, 1968.8000001907349, 2172.5, 2356.199999809265, 2445.699999809265, 2634.5, 2801.5999999046326, 2976.5, 3169.0]",M,10,validation
886,mathur,M,2,M_orient2,23,2,mathur/M/orient2/tilt_neutral_neutral_2/landmarks_trimmed.json,18,18,18,"[0, 1, 2, 3, 4, 5, 6, 7, 8, 9, 10, 11, 12, 13, 14, 15, 16, 17]","[168.0, 257.69999980926514, 434.59999990463257, 607.6999998092651, 788.5, 964.4000000953674, 1146.0999999046326, 1334.0999999046326, 1495.0999999046326, 1658.5999999046326, 1821.5999999046326, 1983.7999997138977, 2153.5999999046326, 2331.5, 2505.199999809265, 2678.4000000953674, 2840.199999809265, 3006.699999809265]",M,10,train
887,mathur,M,3,M_orient3,24,1,mathur/M/orient3/tilt_back_neutral_1/landmarks_trimmed.json,19,19,18,"[0, 1, 2, 3, 4, 5, 6, 7, 8, 9, 10, 11, 12, 13, 14, 15, 16, 18]","[177.30000019073486, 344.7000002861023, 515.5, 680.4000000953674, 847.5, 1021.0, 1186.3000001907349, 1267.6000003814697, 1427.6000003814697, 1587.6000003814697, 1752.6000003814697, 1914.4000000953674, 2081.1000003814697, 2244.7000002861023, 2417.7000002861023, 2587.0, 2775.0, 3052.7000002861023]",M,10,train
888,mathur,M,3,M_orient3,24,1,mathur/M/orient3/tilt_back_toward_1/landmarks_trimmed.json,18,18,18,"[0, 1, 2, 3, 4, 5, 6, 7, 8, 9, 10, 11, 12, 13, 14, 15, 16, 17]","[204.19999980926514, 406.69999980926514, 582.0, 750.3999996185303, 917.5999999046326, 1087.1999998092651, 1261.6999998092651, 1435.2999997138977, 1605.0999999046326, 1772.8999996185303, 1938.6999998092651, 2102.7999997138977, 2271.5, 2436.8999996185303, 2610.2999997138977, 2791.0999999046326, 2974.0999999046326, 3152.699999809265]",M,10,train
889,mathur,M,3,M_orient3,24,2,mathur/M/orient3/tilt_forward_neutral_2/landmarks_trimmed.json,18,18,18,"[0, 1, 2, 3, 4, 5, 6, 7, 8, 9, 10, 11, 12, 13, 14, 15, 16, 17]","[169.80000019073486, 345.69999980926514, 520.8000001907349, 694.1999998092651, 785.9000000953674, 980.9000000953674, 1149.8000001907349, 1315.5999999046326, 1482.3000001907349, 1665.5999999046326, 1844.1999998092651, 2029.8000001907349, 2218.5, 2395.9000000953674, 2587.300000190735, 2752.199999809265, 2918.699999809265, 3091.0]",M,10,train
890,mathur,M,3,M_orient3,24,1,mathur/M/orient3/tilt_neutral_away_1/landmarks_trimmed.json,18,18,18,"[0, 1, 2, 3, 4, 5, 6, 7, 8, 9, 10, 11, 12, 13, 14, 15, 16, 17]","[176.0, 346.19999980926514, 521.6999998092651, 709.3000001907349, 888.9000000953674, 1074.3000001907349, 1263.3000001907349, 1449.4000000953674, 1635.8000001907349, 1821.5, 1993.0, 2168.800000190735, 2253.9000000953674, 2350.5999999046326, 2537.0999999046326, 2736.0, 2906.300000190735, 3065.5999999046326]",M,10,train
891,mathur,N,1,N_orient1,25,1,mathur/N/orient1/tilt_back_away_1/landmarks_trimmed.json,18,18,18,"[0, 1, 2, 3, 4, 5, 6, 7, 8, 9, 10, 11, 12, 13, 14, 15, 16, 17]","[185.0, 347.7000002861023, 508.6000003814697, 684.7000002861023, 857.5, 1031.5, 1206.0, 1384.2000002861023, 1566.4000000953674, 1750.5, 1946.3000001907349, 2128.4000000953674, 2297.300000190735, 2382.7000002861023, 2550.300000190735, 2731.1000003814697, 2907.5, 3092.9000000953674]",N,11,train
892,mathur,N,1,N_orient1,25,1,mathur/N/orient1/tilt_back_neutral_1/landmarks_trimmed.json,19,19,18,"[0, 1, 2, 3, 4, 5, 6, 7, 8, 9, 10, 11, 12, 13, 14, 15, 16, 18]","[181.30000019073486, 341.5, 505.90000009536743, 590.4000000953674, 756.4000000953674, 922.1000003814697, 1098.7000002861023, 1281.7000002861023, 1465.1000003814697, 1652.7000002861023, 1847.2000002861023, 2009.4000000953674, 2179.0, 2344.5, 2515.300000190735, 2596.6000003814697, 2771.4000000953674, 3142.300000190735]",N,11,train
893,mathur,N,1,N_orient1,25,1,mathur/N/orient1/tilt_forward_away_1/landmarks_trimmed.json,18,18,18,"[0, 1, 2, 3, 4, 5, 6, 7, 8, 9, 10, 11, 12, 13, 14, 15, 16, 17]","[185.7999997138977, 365.2999997138977, 550.3999996185303, 731.7999997138977, 826.0, 980.7999997138977, 1144.3999996185303, 1317.3999996185303, 1486.0, 1658.0999999046326, 1817.8999996185303, 1987.5999999046326, 2070.7999997138977, 2246.199999809265, 2412.2999997138977, 2758.199999809265, 2925.8999996185303, 3088.699999809265]",N,11,train
894,mathur,N,1,N_orient1,25,1,mathur/N/orient1/tilt_forward_neutral_1/landmarks_trimmed.json,18,18,18,"[0, 1, 2, 3, 4, 5, 6, 7, 8, 9, 10, 11, 12, 13, 14, 15, 16, 17]","[175.89999961853027, 355.09999990463257, 509.8999996185303, 666.3999996185303, 832.2999997138977, 996.0999999046326, 1172.0, 1347.8999996185303, 1515.3999996185303, 1681.6999998092651, 1843.2999997138977, 2005.0, 2165.8999996185303, 2349.7999997138977, 2526.199999809265, 2723.2999997138977, 2885.699999809265, 3045.3999996185303]",N,11,train
895,mathur,N,1,N_orient1,25,1,mathur/N/orient1/tilt_forward_toward_1/landmarks_trimmed.json,18,18,18,"[0, 1, 2, 3, 4, 5, 6, 7, 8, 9, 10, 11, 12, 13, 14, 15, 16, 17]","[173.19999980926514, 334.8999996185303, 505.3999996185303, 667.6999998092651, 826.1999998092651, 983.3999996185303, 1158.7999997138977, 1335.1999998092651, 1526.1999998092651, 1684.3999996185303, 1845.5, 2020.8999996185303, 2196.8999996185303, 2372.7999997138977, 2563.5999999046326, 2735.3999996185303, 2891.5, 3062.199999809265]",N,11,train
896,mathur,N,1,N_orient1,25,1,mathur/N/orient1/tilt_neutral_away_1/landmarks_trimmed.json,19,19,18,"[0, 1, 2, 3, 4, 5, 6, 7, 8, 9, 10, 11, 12, 13, 14, 15, 16, 18]","[185.0, 376.7000002861023, 472.30000019073486, 666.8000001907349, 851.2000002861023, 1038.5, 1213.0, 1378.5, 1539.4000000953674, 1710.2000002861023, 1796.2000002861023, 1896.4000000953674, 2071.800000190735, 2242.4000000953674, 2415.0, 2593.2000002861023, 2768.0999999046326, 3127.7000002861023]",N,11,train
897,mathur,N,2,N_orient2,26,2,mathur/N/orient2/tilt_back_neutral_2/landmarks_trimmed.json,18,18,18,"[0, 1, 2, 3, 4, 5, 6, 7, 8, 9, 10, 11, 12, 13, 14, 15, 16, 17]","[192.09999990463257, 374.7999997138977, 577.7999997138977, 742.5, 912.0, 1081.5, 1256.1999998092651, 1432.5999999046326, 1607.9000000953674, 1777.6999998092651, 1953.0999999046326, 2130.0, 2304.0999999046326, 2473.9000000953674, 2648.2999997138977, 2821.9000000953674, 2998.5999999046326, 3179.0999999046326]",N,11,train
898,mathur,N,2,N_orient2,26,1,mathur/N/orient2/tilt_back_toward_1/landmarks_trimmed.json,18,18,18,"[0, 1, 2, 3, 4, 5, 6, 7, 8, 9, 10, 11, 12, 13, 14, 15, 16, 17]","[188.7999997138977, 359.7999997138977, 529.0, 700.5999999046326, 878.5, 1053.5, 1226.5999999046326, 1399.2999997138977, 1578.3999996185303, 1758.5, 1847.5, 2029.2999997138977, 2203.2999997138977, 2385.0999999046326, 2571.3999996185303, 2764.699999809265, 2955.699999809265, 3150.5]",N,11,train
899,mathur,N,2,N_orient2,26,1,mathur/N/orient2/tilt_neutral_neutral_1/landmarks_trimmed.json,19,19,18,"[0, 1, 2, 3, 4, 5, 6, 7, 8, 9, 10, 11, 12, 13, 14, 15, 16, 18]","[170.60000038146973, 335.80000019073486, 510.40000009536743, 688.2000002861023, 772.9000000953674, 935.9000000953674, 1111.5, 1296.2000002861023, 1476.1000003814697, 1631.4000000953674, 1789.8000001907349, 1950.4000000953674, 2120.1000003814697, 2298.6000003814697, 2463.0, 2628.300000190735, 2804.1000003814697, 3164.2000002861023]",N,11,train
900,mathur,N,2,N_orient2,26,2,mathur/N/orient2/tilt_neutral_neutral_2/landmarks_trimmed.json,18,18,18,"[0, 1, 2, 3, 4, 5, 6, 7, 8, 9, 10, 11, 12, 13, 14, 15, 16, 17]","[193.90000009536743, 362.19999980926514, 445.0, 622.5999999046326, 801.1999998092651, 982.9000000953674, 1175.9000000953674, 1360.5999999046326, 1541.9000000953674, 1743.6999998092651, 1906.9000000953674, 2075.7999997138977, 2159.9000000953674, 2334.699999809265, 2503.699999809265, 2685.0999999046326, 2858.5, 3031.7999997138977]",N,11,train
901,mathur,N,2,N_orient2,26,1,mathur/N/orient2/tilt_neutral_toward_1/landmarks_trimmed.json,18,18,18,"[0, 1, 2, 3, 4, 5, 6, 7, 8, 9, 10, 11, 12, 13, 14, 15, 16, 17]","[188.7000002861023, 374.40000009536743, 538.9000000953674, 700.5, 864.5, 1033.1000003814697, 1197.7000002861023, 1281.5, 1457.5, 1627.2000002861023, 1822.6000003814697, 2014.0, 2191.300000190735, 2384.1000003814697, 2576.300000190735, 2736.6000003814697, 2904.300000190735, 3070.9000000953674]",N,11,train
902,mathur,N,3,N_orient3,27,1,mathur/N/orient3/tilt_back_away_1/landmarks_trimmed.json,18,18,18,"[0, 1, 2, 3, 4, 5, 6, 7, 8, 9, 10, 11, 12, 13, 14, 15, 16, 17]","[184.09999990463257, 372.19999980926514, 549.6999998092651, 721.6999998092651, 891.2999997138977, 1062.0999999046326, 1250.6999998092651, 1418.3999996185303, 1580.2999997138977, 1752.5999999046326, 1924.0999999046326, 2108.699999809265, 2297.3999996185303, 2483.5, 2662.199999809265, 2824.5, 2998.699999809265, 3165.3999996185303]",N,11,train
903,mathur,N,3,N_orient3,27,1,mathur/N/orient3/tilt_back_neutral_1/landmarks_trimmed.json,18,18,18,"[0, 1, 2, 3, 4, 5, 6, 7, 8, 9, 10, 11, 12, 13, 14, 15, 16, 17]","[172.59999990463257, 339.7999997138977, 506.09999990463257, 679.2999997138977, 851.0, 1025.2999997138977, 1206.3999996185303, 1376.5, 1544.2999997138977, 1628.0999999046326, 1808.2999997138977, 1976.0, 2146.0999999046326, 2325.0999999046326, 2504.5, 2673.0, 2835.3999996185303, 3007.0999999046326]",N,11,validation
904,mathur,N,3,N_orient3,27,1,mathur/N/orient3/tilt_back_toward_1/landmarks_trimmed.json,19,19,18,"[0, 1, 2, 3, 4, 5, 6, 7, 8, 9, 10, 11, 12, 13, 14, 15, 16, 18]","[183.59999990463257, 372.0, 535.1999998092651, 621.2999997138977, 794.0999999046326, 955.7999997138977, 1134.2999997138977, 1214.6999998092651, 1394.5999999046326, 1569.1999998092651, 1744.4000000953674, 1919.5, 2097.699999809265, 2267.2999997138977, 2441.4000000953674, 2609.699999809265, 2789.199999809265, 3155.5]",N,11,train
905,mathur,N,3,N_orient3,27,1,mathur/N/orient3/tilt_neutral_toward_1/landmarks_trimmed.json,18,18,18,"[0, 1, 2, 3, 4, 5, 6, 7, 8, 9, 10, 11, 12, 13, 14, 15, 16, 17]","[171.2999997138977, 353.2999997138977, 525.7999997138977, 689.7999997138977, 852.2999997138977, 1012.9000000953674, 1189.5, 1356.9000000953674, 1532.5999999046326, 1700.9000000953674, 1862.6999998092651, 2014.5, 2175.2999997138977, 2334.5, 2498.9000000953674, 2667.5999999046326, 2830.699999809265, 3009.199999809265]",N,11,validation
906,mathur,O,1,O_orient1,28,1,mathur/O/orient1/tilt_back_away_1/landmarks_trimmed.json,20,20,18,"[0, 1, 2, 3, 4, 5, 6, 7, 8, 10, 11, 12, 13, 14, 15, 16, 17, 19]","[162.59999990463257, 315.0, 466.30000019073486, 615.0999999046326, 764.5999999046326, 916.5999999046326, 1073.8000001907349, 1229.0999999046326, 1388.0999999046326, 1700.5999999046326, 1857.5999999046326, 2013.0, 2165.699999809265, 2322.199999809265, 2475.800000190735, 2630.199999809265, 2787.0, 3097.5]",O,12,train
907,mathur,O,1,O_orient1,28,1,mathur/O/orient1/tilt_back_neutral_1/landmarks_trimmed.json,20,20,18,"[0, 1, 2, 3, 4, 5, 6, 7, 8, 10, 11, 12, 13, 14, 15, 16, 17, 19]","[169.90000009536743, 325.40000009536743, 471.59999990463257, 623.5999999046326, 782.7999997138977, 934.0999999046326, 1085.0999999046326, 1241.9000000953674, 1389.5, 1698.6999998092651, 1860.2999997138977, 2009.4000000953674, 2167.199999809265, 2325.0999999046326, 2474.4000000953674, 2558.0, 2710.9000000953674, 3018.7999997138977]",O,12,train
908,mathur,O,1,O_orient1,28,1,mathur/O/orient1/tilt_back_toward_1/landmarks_trimmed.json,20,20,18,"[0, 1, 2, 3, 4, 5, 6, 7, 8, 10, 11, 12, 13, 14, 15, 16, 17, 19]","[153.2999997138977, 231.59999990463257, 386.40000009536743, 530.2999997138977, 682.0999999046326, 836.4000000953674, 989.0999999046326, 1152.0, 1307.1999998092651, 1602.4000000953674, 1754.0999999046326, 1925.5999999046326, 2076.7999997138977, 2233.699999809265, 2390.9000000953674, 2542.0999999046326, 2690.2999997138977, 3016.199999809265]",O,12,train
909,mathur,O,1,O_orient1,28,1,mathur/O/orient1/tilt_neutral_away_1/landmarks_trimmed.json,20,20,18,"[0, 1, 2, 3, 4, 5, 6, 7, 8, 10, 11, 12, 13, 14, 15, 16, 17, 19]","[166.80000019073486, 327.30000019073486, 479.90000009536743, 629.9000000953674, 795.0, 953.4000000953674, 1107.2000002861023, 1263.1000003814697, 1428.4000000953674, 1735.6000003814697, 1889.0, 2040.7000002861023, 2196.6000003814697, 2351.0, 2503.4000000953674, 2657.6000003814697, 2813.300000190735, 3118.0]",O,12,train
910,mathur,O,1,O_orient1,28,1,mathur/O/orient1/tilt_neutral_neutral_1/landmarks_trimmed.json,20,20,18,"[0, 1, 2, 3, 4, 5, 6, 7, 8, 10, 11, 12, 13, 14, 15, 16, 17, 19]","[154.69999980926514, 307.59999990463257, 461.80000019073486, 615.5, 778.1999998092651, 938.5999999046326, 1101.6999998092651, 1258.3000001907349, 1408.1999998092651, 1708.6999998092651, 1863.3000001907349, 2018.0, 2174.0999999046326, 2326.5999999046326, 2475.800000190735, 2631.4000000953674, 2783.699999809265, 3102.699999809265]",O,12,train
911,mathur,O,1,O_orient1,28,2,mathur/O/orient1/tilt_neutral_neutral_2/landmarks_trimmed.json,20,20,18,"[0, 1, 2, 3, 4, 5, 6, 7, 8, 10, 11, 12, 13, 14, 15, 16, 17, 19]","[158.5, 306.5, 465.59999990463257, 622.0, 771.6999998092651, 934.3999996185303, 1088.5, 1244.0, 1396.3999996185303, 1709.0, 1863.8999996185303, 2022.0999999046326, 2177.199999809265, 2330.199999809265, 2479.199999809265, 2637.199999809265, 2791.5, 3103.7999997138977]",O,12,train
912,mathur,O,1,O_orient1,28,1,mathur/O/orient1/tilt_neutral_toward_1/landmarks_trimmed.json,21,21,18,"[0, 1, 2, 3, 4, 5, 7, 8, 9, 10, 11, 12, 14, 15, 16, 17, 18, 20]","[148.5, 300.7999997138977, 466.40000009536743, 566.9000000953674, 714.7999997138977, 868.7999997138977, 1173.1999998092651, 1333.5, 1485.0999999046326, 1647.0999999046326, 1802.0999999046326, 1877.1999998092651, 2196.5999999046326, 2352.5999999046326, 2431.2999997138977, 2586.0999999046326, 2742.5, 3046.9000000953674]",O,12,train
913,mathur,O,2,O_orient2,29,1,mathur/O/orient2/tilt_back_away_1/landmarks_trimmed.json,20,20,18,"[0, 1, 2, 3, 4, 5, 6, 7, 8, 10, 11, 12, 13, 14, 15, 16, 17, 19]","[154.40000009536743, 307.40000009536743, 466.40000009536743, 620.7999997138977, 781.5, 940.9000000953674, 1093.9000000953674, 1245.5999999046326, 1396.9000000953674, 1714.7999997138977, 1868.6999998092651, 2029.0, 2182.9000000953674, 2338.5, 2493.0999999046326, 2641.5999999046326, 2797.699999809265, 3113.199999809265]",O,12,train
914,mathur,O,2,O_orient2,29,1,mathur/O/orient2/tilt_back_neutral_1/landmarks_trimmed.json,20,20,18,"[0, 1, 2, 3, 4, 5, 6, 7, 8, 10, 11, 12, 13, 14, 15, 16, 17, 19]","[159.59999990463257, 312.90000009536743, 470.0, 616.0, 772.4000000953674, 935.2999997138977, 1084.1999998092651, 1240.5, 1396.7999997138977, 1707.9000000953674, 1863.0, 2017.1999998092651, 2166.9000000953674, 2314.9000000953674, 2466.0, 2625.5, 2783.2999997138977, 3081.199999809265]",O,12,train
915,mathur,O,2,O_orient2,29,2,mathur/O/orient2/tilt_back_neutral_2/landmarks_trimmed.json,20,20,18,"[0, 1, 2, 3, 4, 5, 6, 7, 8, 10, 11, 12, 13, 14, 15, 16, 17, 19]","[158.09999990463257, 310.2999997138977, 463.7999997138977, 622.3999996185303, 773.5999999046326, 920.2999997138977, 1085.8999996185303, 1244.3999996185303, 1396.1999998092651, 1707.6999998092651, 1862.0999999046326, 2028.0, 2176.5999999046326, 2335.3999996185303, 2485.7999997138977, 2631.3999996185303, 2786.5, 3088.5999999046326]",O,12,train
916,mathur,O,2,O_orient2,29,1,mathur/O/orient2/tilt_back_toward_1/landmarks_trimmed.json,20,20,18,"[0, 1, 2, 3, 4, 5, 6, 7, 8, 10, 11, 12, 13, 14, 15, 16, 17, 19]","[164.7000002861023, 328.40000009536743, 409.80000019073486, 565.3000001907349, 714.2000002861023, 872.7000002861023, 1015.3000001907349, 1161.5, 1304.2000002861023, 1612.2000002861023, 1774.1000003814697, 1929.8000001907349, 2087.4000000953674, 2244.1000003814697, 2394.4000000953674, 2553.1000003814697, 2707.9000000953674, 3015.4000000953674]",O,12,train
917,mathur,O,2,O_orient2,29,1,mathur/O/orient2/tilt_forward_away_1/landmarks_trimmed.json,20,20,18,"[0, 1, 2, 3, 4, 5, 6, 7, 8, 10, 11, 12, 13, 14, 15, 16, 17, 19]","[154.40000009536743, 316.0, 486.5, 635.4000000953674, 788.5, 946.0, 1092.0, 1238.9000000953674, 1387.8000001907349, 1689.5, 1845.1999998092651, 2001.1999998092651, 2148.5, 2302.9000000953674, 2450.0999999046326, 2605.5, 2769.5, 3075.199999809265]",O,12,train
918,mathur,O,2,O_orient2,29,1,mathur/O/orient2/tilt_forward_neutral_1/landmarks_trimmed.json,20,20,18,"[0, 1, 2, 3, 4, 5, 6, 7, 8, 10, 11, 12, 13, 14, 15, 16, 17, 19]","[158.0, 306.09999990463257, 383.0, 533.8000001907349, 691.7000002861023, 837.7000002861023, 996.8000001907349, 1150.0, 1296.0999999046326, 1525.5, 1680.0999999046326, 1978.4000000953674, 2135.5, 2293.0, 2442.800000190735, 2598.2000002861023, 2747.9000000953674, 3058.800000190735]",O,12,train
919,mathur,O,2,O_orient2,29,2,mathur/O/orient2/tilt_forward_neutral_2/landmarks_trimmed.json,20,20,18,"[0, 1, 2, 3, 4, 5, 6, 7, 8, 10, 11, 12, 13, 14, 15, 16, 17, 19]","[159.19999980926514, 305.09999990463257, 466.0, 623.5999999046326, 773.1999998092651, 929.6999998092651, 1087.9000000953674, 1246.3000001907349, 1399.5999999046326, 1719.4000000953674, 1873.0, 2021.8000001907349, 2177.5, 2332.699999809265, 2478.300000190735, 2636.300000190735, 2797.699999809265, 3097.300000190735]",O,12,train
920,mathur,O,2,O_orient2,29,1,mathur/O/orient2/tilt_forward_toward_1/landmarks_trimmed.json,21,21,18,"[0, 1, 2, 3, 4, 5, 7, 8, 9, 10, 11, 12, 14, 15, 16, 17, 18, 20]","[156.0, 310.7000002861023, 458.0, 608.3000001907349, 764.4000000953674, 842.8000001907349, 1147.6000003814697, 1307.6000003814697, 1455.9000000953674, 1534.0, 1691.1000003814697, 1846.8000001907349, 2164.0, 2330.4000000953674, 2478.4000000953674, 2623.5, 2779.5, 3083.300000190735]",O,12,train
921,mathur,O,2,O_orient2,29,1,mathur/O/orient2/tilt_neutral_away_1/landmarks_trimmed.json,20,20,18,"[0, 1, 2, 3, 4, 5, 6, 7, 8, 10, 11, 12, 13, 14, 15, 16, 17, 19]","[171.89999961853027, 329.2999997138977, 487.3999996185303, 634.2999997138977, 789.6999998092651, 949.0999999046326, 1097.3999996185303, 1255.0999999046326, 1411.5, 1723.1999998092651, 1881.0999999046326, 2038.3999996185303, 2197.7999997138977, 2346.8999996185303, 2428.7999997138977, 2586.199999809265, 2743.2999997138977, 3048.2999997138977]",O,12,train
922,mathur,O,2,O_orient2,29,1,mathur/O/orient2/tilt_neutral_neutral_1/landmarks_trimmed.json,20,20,18,"[0, 1, 2, 3, 4, 5, 6, 7, 8, 10, 11, 12, 13, 14, 15, 16, 17, 19]","[161.5, 314.7999997138977, 464.2999997138977, 618.5, 777.2999997138977, 935.0, 1093.0, 1248.5, 1324.5999999046326, 1637.5999999046326, 1795.1999998092651, 1948.5, 2109.5, 2261.5999999046326, 2426.8999996185303, 2580.0999999046326, 2733.8999996185303, 3058.3999996185303]",O,12,validation
923,mathur,O,2,O_orient2,29,2,mathur/O/orient2/tilt_neutral_neutral_2/landmarks_trimmed.json,20,20,18,"[0, 1, 2, 3, 4, 5, 6, 7, 8, 10, 11, 12, 13, 14, 15, 16, 17, 19]","[159.7999997138977, 319.69999980926514, 474.69999980926514, 629.8999996185303, 793.7999997138977, 954.5, 1108.7999997138977, 1267.5, 1429.5999999046326, 1736.5999999046326, 1893.0999999046326, 1975.5, 2133.2999997138977, 2288.199999809265, 2449.2999997138977, 2611.3999996185303, 2769.2999997138977, 3093.7999997138977]",O,12,train
924,mathur,O,2,O_orient2,29,1,mathur/O/orient2/tilt_neutral_toward_1/landmarks_trimmed.json,20,20,18,"[0, 1, 2, 3, 4, 5, 6, 7, 8, 10, 11, 12, 13, 14, 15, 16, 17, 19]","[142.0, 297.2999997138977, 452.09999990463257, 609.4000000953674, 757.1999998092651, 916.4000000953674, 1069.5, 1211.7999997138977, 1371.6999998092651, 1674.4000000953674, 1831.0999999046326, 1982.1999998092651, 2137.4000000953674, 2296.2999997138977, 2446.0, 2604.0999999046326, 2760.2999997138977, 3063.2999997138977]",O,12,train
925,mathur,O,3,O_orient3,30,1,mathur/O/orient3/tilt_back_away_1/landmarks_trimmed.json,20,20,18,"[0, 1, 2, 3, 4, 5, 6, 7, 8, 10, 11, 12, 13, 14, 15, 16, 17, 19]","[150.09999990463257, 305.19999980926514, 462.5, 618.7999997138977, 776.1999998092651, 939.1999998092651, 1092.9000000953674, 1245.5999999046326, 1400.1999998092651, 1716.5, 1872.4000000953674, 2027.6999998092651, 2181.2999997138977, 2339.0, 2494.7999997138977, 2651.5999999046326, 2804.5999999046326, 3100.4000000953674]",O,12,train
926,mathur,O,3,O_orient3,30,1,mathur/O/orient3/tilt_back_neutral_1/landmarks_trimmed.json,20,20,18,"[0, 1, 2, 3, 4, 5, 6, 7, 8, 10, 11, 12, 13, 14, 15, 16, 17, 19]","[157.2000002861023, 311.40000009536743, 458.5, 612.5, 760.6000003814697, 912.5, 1073.7000002861023, 1232.8000001907349, 1379.4000000953674, 1685.8000001907349, 1842.4000000953674, 1995.3000001907349, 2151.1000003814697, 2309.9000000953674, 2464.0, 2623.5, 2773.6000003814697, 3078.4000000953674]",O,12,train
927,mathur,O,3,O_orient3,30,2,mathur/O/orient3/tilt_back_neutral_2/landmarks_trimmed.json,20,20,18,"[0, 1, 2, 3, 4, 5, 6, 7, 8, 10, 11, 12, 13, 14, 15, 16, 17, 19]","[163.40000009536743, 315.5, 470.09999990463257, 629.1999998092651, 773.1999998092651, 928.9000000953674, 1009.4000000953674, 1166.5999999046326, 1316.5999999046326, 1635.0999999046326, 1796.5999999046326, 1953.2999997138977, 2109.4000000953674, 2263.4000000953674, 2411.199999809265, 2571.4000000953674, 2728.699999809265, 3029.9000000953674]",O,12,train
928,mathur,O,3,O_orient3,30,1,mathur/O/orient3/tilt_back_toward_1/landmarks_trimmed.json,20,20,18,"[0, 1, 2, 3, 4, 5, 6, 7, 8, 10, 11, 12, 13, 14, 15, 16, 17, 19]","[156.39999961853027, 314.59999990463257, 475.59999990463257, 638.7999997138977, 795.5, 959.6999998092651, 1108.1999998092651, 1265.7999997138977, 1428.2999997138977, 1736.7999997138977, 1891.5, 2048.8999996185303, 2191.199999809265, 2339.0999999046326, 2488.699999809265, 2640.5, 2792.8999996185303, 3100.699999809265]",O,12,train
929,mathur,O,3,O_orient3,30,1,mathur/O/orient3/tilt_neutral_away_1/landmarks_trimmed.json,20,20,18,"[0, 1, 2, 3, 4, 5, 6, 7, 8, 10, 11, 12, 13, 14, 15, 16, 17, 19]","[156.7999997138977, 310.8999996185303, 462.5, 616.0999999046326, 762.2999997138977, 916.2999997138977, 1071.6999998092651, 1225.6999998092651, 1383.3999996185303, 1700.5999999046326, 1856.1999998092651, 2014.2999997138977, 2165.5, 2314.7999997138977, 2469.3999996185303, 2621.199999809265, 2701.699999809265, 3003.0]",O,12,validation
930,mathur,O,3,O_orient3,30,1,mathur/O/orient3/tilt_neutral_neutral_1/landmarks_trimmed.json,20,20,18,"[0, 1, 2, 3, 4, 5, 6, 7, 8, 10, 11, 12, 13, 14, 15, 16, 17, 19]","[168.0, 326.40000009536743, 481.90000009536743, 632.5999999046326, 794.6999998092651, 946.7999997138977, 1106.2999997138977, 1266.5999999046326, 1417.0, 1723.6999998092651, 1879.7999997138977, 2029.7999997138977, 2183.699999809265, 2340.4000000953674, 2490.0999999046326, 2649.5999999046326, 2810.699999809265, 3113.4000000953674]",O,12,validation
931,mathur,O,3,O_orient3,30,2,mathur/O/orient3/tilt_neutral_neutral_2/landmarks_trimmed.json,20,20,18,"[0, 1, 2, 3, 4, 5, 6, 7, 8, 10, 11, 12, 13, 14, 15, 16, 17, 19]","[158.30000019073486, 317.40000009536743, 470.6000003814697, 636.1000003814697, 804.1000003814697, 957.0, 1118.8000001907349, 1269.5, 1430.3000001907349, 1736.9000000953674, 1891.9000000953674, 2039.8000001907349, 2197.300000190735, 2354.300000190735, 2511.6000003814697, 2663.6000003814697, 2817.0, 3132.5]",O,12,train
932,mathur,O,3,O_orient3,30,1,mathur/O/orient3/tilt_neutral_toward_1/landmarks_trimmed.json,20,20,18,"[0, 1, 2, 3, 4, 5, 6, 7, 8, 10, 11, 12, 13, 14, 15, 16, 17, 19]","[157.5, 313.5, 467.59999990463257, 622.8000001907349, 779.2000002861023, 942.5999999046326, 1101.9000000953674, 1265.7000002861023, 1421.2000002861023, 1647.4000000953674, 1796.5999999046326, 1954.0999999046326, 2112.2000002861023, 2270.2000002861023, 2419.5, 2578.4000000953674, 2735.2000002861023, 3046.0]",O,12,validation
933,mathur,P,1,P_orient1,31,1,mathur/P/orient1/tilt_back_neutral_1/landmarks_trimmed.json,20,20,18,"[0, 1, 2, 3, 4, 5, 6, 7, 8, 10, 11, 12, 13, 14, 15, 16, 17, 19]","[158.0, 314.7999997138977, 472.19999980926514, 629.5, 785.3999996185303, 931.8999996185303, 1085.1999998092651, 1236.5, 1379.8999996185303, 1686.0999999046326, 1844.0, 2001.7999997138977, 2153.8999996185303, 2317.8999996185303, 2468.7999997138977, 2617.3999996185303, 2775.7999997138977, 3072.0]",P,13,train
934,mathur,P,1,P_orient1,31,2,mathur/P/orient1/tilt_back_neutral_2/landmarks_trimmed.json,20,20,18,"[0, 1, 2, 3, 4, 5, 6, 7, 8, 10, 11, 12, 13, 14, 15, 16, 17, 19]","[162.7999997138977, 310.09999990463257, 463.0, 620.6999998092651, 775.5, 931.0999999046326, 1085.5, 1245.8999996185303, 1400.0, 1711.3999996185303, 1862.0999999046326, 2017.0999999046326, 2179.2999997138977, 2335.199999809265, 2488.3999996185303, 2638.699999809265, 2791.5, 3103.7999997138977]",P,13,train
935,mathur,P,1,P_orient1,31,1,mathur/P/orient1/tilt_back_toward_1/landmarks_trimmed.json,20,20,18,"[0, 1, 2, 3, 4, 5, 6, 7, 8, 10, 11, 12, 13, 14, 15, 16, 17, 19]","[156.59999990463257, 317.80000019073486, 476.40000009536743, 631.5999999046326, 789.8000001907349, 944.5, 1095.9000000953674, 1246.0999999046326, 1405.5999999046326, 1712.0, 1867.8000001907349, 2027.3000001907349, 2176.9000000953674, 2334.0999999046326, 2480.0, 2631.0999999046326, 2780.300000190735, 3093.0]",P,13,train
936,mathur,P,1,P_orient1,31,1,mathur/P/orient1/tilt_forward_away_1/landmarks_trimmed.json,20,20,18,"[0, 1, 2, 3, 4, 5, 6, 7, 8, 10, 11, 12, 13, 14, 15, 16, 17, 19]","[158.2999997138977, 318.09999990463257, 475.7999997138977, 637.1999998092651, 795.7999997138977, 950.4000000953674, 1104.4000000953674, 1259.4000000953674, 1412.6999998092651, 1722.6999998092651, 1879.5, 2026.2999997138977, 2189.699999809265, 2340.7999997138977, 2495.0999999046326, 2651.9000000953674, 2807.5, 3112.0999999046326]",P,13,train
937,mathur,P,1,P_orient1,31,1,mathur/P/orient1/tilt_forward_neutral_1/landmarks_trimmed.json,20,20,18,"[0, 1, 2, 3, 4, 5, 6, 7, 8, 10, 11, 12, 13, 14, 15, 16, 17, 19]","[159.89999961853027, 319.2999997138977, 485.0, 637.5, 789.3999996185303, 869.3999996185303, 1020.3999996185303, 1180.3999996185303, 1336.1999998092651, 1646.6999998092651, 1804.1999998092651, 1955.7999997138977, 2113.2999997138977, 2268.2999997138977, 2429.699999809265, 2588.3999996185303, 2743.5, 3060.8999996185303]",P,13,train
938,mathur,P,1,P_orient1,31,2,mathur/P/orient1/tilt_forward_neutral_2/landmarks_trimmed.json,20,20,18,"[0, 1, 2, 3, 4, 5, 6, 7, 8, 10, 11, 12, 13, 14, 15, 16, 17, 19]","[157.7999997138977, 318.59999990463257, 473.09999990463257, 629.7999997138977, 791.4000000953674, 939.0, 1016.9000000953674, 1172.2999997138977, 1331.5, 1644.6999998092651, 1789.5, 1947.1999998092651, 2094.7999997138977, 2255.199999809265, 2410.2999997138977, 2565.7999997138977, 2724.0, 3046.0999999046326]",P,13,train
939,mathur,P,1,P_orient1,31,1,mathur/P/orient1/tilt_forward_toward_1/landmarks_trimmed.json,20,20,18,"[0, 1, 2, 3, 4, 5, 6, 7, 8, 10, 11, 12, 13, 14, 15, 16, 17, 19]","[172.7999997138977, 323.2999997138977, 484.40000009536743, 644.6999998092651, 799.2999997138977, 949.0, 1108.4000000953674, 1263.1999998092651, 1410.9000000953674, 1639.6999998092651, 1797.2999997138977, 1943.5999999046326, 2099.0, 2258.9000000953674, 2411.4000000953674, 2565.7999997138977, 2721.4000000953674, 3033.7999997138977]",P,13,train
940,mathur,P,1,P_orient1,31,1,mathur/P/orient1/tilt_neutral_away_1/landmarks_trimmed.json,20,20,18,"[0, 1, 2, 3, 4, 5, 6, 7, 8, 10, 11, 12, 13, 14, 15, 16, 17, 19]","[150.2000002861023, 301.40000009536743, 446.40000009536743, 600.1000003814697, 754.4000000953674, 910.7000002861023, 1062.1000003814697, 1214.3000001907349, 1365.6000003814697, 1662.9000000953674, 1814.9000000953674, 1965.9000000953674, 2122.300000190735, 2276.7000002861023, 2432.4000000953674, 2585.7000002861023, 2739.0, 3051.9000000953674]",P,13,train
941,mathur,P,1,P_orient1,31,1,mathur/P/orient1/tilt_neutral_neutral_1/landmarks_trimmed.json,20,20,18,"[0, 1, 2, 3, 4, 5, 6, 7, 8, 10, 11, 12, 13, 14, 15, 16, 17, 19]","[158.40000009536743, 309.7000002861023, 468.7000002861023, 619.8000001907349, 774.0999999046326, 919.0999999046326, 1073.3000001907349, 1226.0999999046326, 1380.2000002861023, 1697.3000001907349, 1846.0999999046326, 2004.0999999046326, 2161.0999999046326, 2317.0999999046326, 2477.9000000953674, 2628.0999999046326, 2788.300000190735, 3094.7000002861023]",P,13,train
942,mathur,P,1,P_orient1,31,2,mathur/P/orient1/tilt_neutral_neutral_2/landmarks_trimmed.json,20,20,18,"[0, 1, 2, 3, 4, 5, 6, 7, 8, 10, 11, 12, 13, 14, 15, 16, 17, 19]","[152.69999980926514, 301.59999990463257, 469.69999980926514, 628.5999999046326, 780.6999998092651, 939.8000001907349, 1083.1999998092651, 1238.5, 1396.3000001907349, 1697.9000000953674, 1842.5999999046326, 2001.3000001907349, 2162.4000000953674, 2315.699999809265, 2472.0, 2627.0, 2776.5999999046326, 3084.4000000953674]",P,13,train
943,mathur,P,1,P_orient1,31,1,mathur/P/orient1/tilt_neutral_toward_1/landmarks_trimmed.json,20,20,18,"[0, 1, 2, 3, 4, 5, 6, 7, 8, 10, 11, 12, 13, 14, 15, 16, 17, 19]","[157.59999990463257, 311.59999990463257, 465.90000009536743, 618.0, 691.0999999046326, 853.1999998092651, 1002.6999998092651, 1158.4000000953674, 1316.0, 1630.9000000953674, 1779.4000000953674, 1944.5999999046326, 2102.9000000953674, 2263.4000000953674, 2418.300000190735, 2574.9000000953674, 2730.5, 3047.5]",P,13,train
944,mathur,P,2,P_orient2,32,1,mathur/P/orient2/tilt_back_away_1/landmarks_trimmed.json,20,20,18,"[0, 1, 2, 3, 4, 5, 6, 7, 8, 10, 11, 12, 13, 14, 15, 16, 17, 19]","[151.89999961853027, 300.0, 450.09999990463257, 600.8999996185303, 752.5999999046326, 905.0, 1061.0999999046326, 1216.0, 1370.3999996185303, 1678.0999999046326, 1830.1999998092651, 1984.6999998092651, 2132.5, 2283.5999999046326, 2442.199999809265, 2600.5, 2750.2999997138977, 3054.0999999046326]",P,13,train
945,mathur,P,2,P_orient2,32,1,mathur/P/orient2/tilt_back_neutral_1/landmarks_trimmed.json,21,21,18,"[0, 1, 2, 3, 4, 5, 7, 8, 9, 10, 11, 12, 14, 15, 16, 17, 18, 20]","[153.90000009536743, 310.0, 471.90000009536743, 630.7999997138977, 708.0999999046326, 870.2999997138977, 1173.1999998092651, 1327.7999997138977, 1408.1999998092651, 1582.6999998092651, 1733.7999997138977, 1894.0999999046326, 2199.0, 2344.199999809265, 2498.2999997138977, 2654.0999999046326, 2810.9000000953674, 3117.199999809265]",P,13,train
946,mathur,P,2,P_orient2,32,2,mathur/P/orient2/tilt_back_neutral_2/landmarks_trimmed.json,20,20,18,"[0, 1, 2, 3, 4, 5, 6, 7, 8, 10, 11, 12, 13, 14, 15, 16, 17, 19]","[152.0, 312.2000002861023, 470.40000009536743, 614.8000001907349, 764.3000001907349, 903.2000002861023, 1057.3000001907349, 1222.0, 1374.8000001907349, 1694.7000002861023, 1845.0, 2009.3000001907349, 2157.9000000953674, 2310.4000000953674, 2462.800000190735, 2612.800000190735, 2766.800000190735, 3086.9000000953674]",P,13,validation
947,mathur,P,2,P_orient2,32,1,mathur/P/orient2/tilt_back_toward_1/landmarks_trimmed.json,20,20,18,"[0, 1, 2, 3, 4, 5, 6, 7, 8, 10, 11, 12, 13, 14, 15, 16, 17, 19]","[162.80000019073486, 318.90000009536743, 476.80000019073486, 626.8000001907349, 782.0999999046326, 942.7000002861023, 1093.4000000953674, 1246.0, 1400.3000001907349, 1710.8000001907349, 1866.3000001907349, 2017.0999999046326, 2167.2000002861023, 2311.0999999046326, 2472.300000190735, 2627.4000000953674, 2784.4000000953674, 3090.5999999046326]",P,13,validation
948,mathur,P,2,P_orient2,32,1,mathur/P/orient2/tilt_neutral_away_1/landmarks_trimmed.json,20,20,18,"[0, 1, 2, 3, 4, 5, 6, 7, 8, 10, 11, 12, 13, 14, 15, 16, 17, 19]","[159.80000019073486, 317.2000002861023, 471.80000019073486, 618.7000002861023, 767.8000001907349, 922.7000002861023, 1087.2000002861023, 1242.1000003814697, 1410.4000000953674, 1719.5, 1871.6000003814697, 2028.1000003814697, 2181.300000190735, 2335.1000003814697, 2493.800000190735, 2647.0, 2793.7000002861023, 3096.0]",P,13,train
949,mathur,P,2,P_orient2,32,1,mathur/P/orient2/tilt_neutral_neutral_1/landmarks_trimmed.json,20,20,18,"[0, 1, 2, 3, 4, 5, 6, 7, 8, 10, 11, 12, 13, 14, 15, 16, 17, 19]","[168.59999990463257, 319.69999980926514, 469.59999990463257, 619.8000001907349, 774.0, 929.0, 1076.5999999046326, 1233.8000001907349, 1394.0, 1696.8000001907349, 1846.8000001907349, 1995.5, 2150.300000190735, 2298.300000190735, 2455.5999999046326, 2610.300000190735, 2761.699999809265, 3063.800000190735]",P,13,validation
950,mathur,P,2,P_orient2,32,1,mathur/P/orient2/tilt_neutral_toward_1/landmarks_trimmed.json,20,20,18,"[0, 1, 2, 3, 4, 5, 6, 7, 8, 10, 11, 12, 13, 14, 15, 16, 17, 19]","[154.59999990463257, 304.2999997138977, 466.7999997138977, 620.6999998092651, 775.7999997138977, 935.0999999046326, 1086.4000000953674, 1247.9000000953674, 1407.1999998092651, 1715.5, 1864.6999998092651, 2014.4000000953674, 2170.2999997138977, 2314.9000000953674, 2467.699999809265, 2611.699999809265, 2766.9000000953674, 3065.5999999046326]",P,13,train
951,mathur,Q,1,Q_orient1,33,1,mathur/Q/orient1/tilt_back_away_1/landmarks_trimmed.json,19,19,18,"[0, 1, 2, 3, 4, 5, 6, 7, 8, 9, 10, 11, 12, 13, 14, 15, 16, 18]","[179.0, 351.90000009536743, 510.19999980926514, 677.0, 850.9000000953674, 1024.6999998092651, 1177.5, 1323.3000001907349, 1471.8000001907349, 1627.9000000953674, 1782.5999999046326, 1934.9000000953674, 2105.699999809265, 2265.699999809265, 2421.300000190735, 2576.4000000953674, 2734.0, 3053.4000000953674]",Q,14,train
952,mathur,Q,1,Q_orient1,33,1,mathur/Q/orient1/tilt_back_neutral_1/landmarks_trimmed.json,20,20,18,"[0, 1, 2, 3, 4, 5, 6, 7, 8, 10, 11, 12, 13, 14, 15, 16, 17, 19]","[162.19999980926514, 316.40000009536743, 473.7999997138977, 628.6999998092651, 790.5999999046326, 951.1999998092651, 1137.2999997138977, 1276.0999999046326, 1425.5, 1725.9000000953674, 1873.6999998092651, 2035.9000000953674, 2196.5, 2345.199999809265, 2497.5999999046326, 2642.0999999046326, 2799.2999997138977, 3111.0999999046326]",Q,14,train
953,mathur,Q,1,Q_orient1,33,2,mathur/Q/orient1/tilt_back_neutral_2/landmarks_trimmed.json,20,20,18,"[0, 1, 2, 3, 4, 5, 6, 7, 8, 10, 11, 12, 13, 14, 15, 16, 17, 19]","[148.40000009536743, 302.0, 458.09999990463257, 607.4000000953674, 764.0999999046326, 926.0999999046326, 1083.2000002861023, 1234.5999999046326, 1391.2000002861023, 1699.0999999046326, 1855.5999999046326, 2013.8000001907349, 2174.800000190735, 2329.5, 2487.2000002861023, 2643.5999999046326, 2812.800000190735, 3174.0]",Q,14,train
954,mathur,Q,1,Q_orient1,33,1,mathur/Q/orient1/tilt_back_toward_1/landmarks_trimmed.json,20,20,18,"[0, 1, 2, 3, 4, 5, 6, 7, 8, 10, 11, 12, 13, 14, 15, 16, 17, 19]","[157.5, 307.0, 464.6000003814697, 626.5, 784.5, 937.7000002861023, 1097.0, 1249.9000000953674, 1403.9000000953674, 1710.2000002861023, 1869.8000001907349, 2012.4000000953674, 2165.1000003814697, 2324.800000190735, 2467.5, 2624.300000190735, 2782.2000002861023, 3092.300000190735]",Q,14,train
955,mathur,Q,1,Q_orient1,33,1,mathur/Q/orient1/tilt_neutral_away_1/landmarks_trimmed.json,20,20,18,"[0, 1, 2, 3, 4, 5, 6, 7, 8, 10, 11, 12, 13, 14, 15, 16, 17, 19]","[167.80000019073486, 320.30000019073486, 478.80000019073486, 632.7000002861023, 712.0999999046326, 862.5999999046326, 1018.0999999046326, 1161.7000002861023, 1317.8000001907349, 1633.9000000953674, 1798.5, 1951.0999999046326, 2109.300000190735, 2261.5, 2404.800000190735, 2562.800000190735, 2711.300000190735, 3020.4000000953674]",Q,14,train
956,mathur,Q,1,Q_orient1,33,1,mathur/Q/orient1/tilt_neutral_neutral_1/landmarks_trimmed.json,20,20,18,"[0, 1, 2, 3, 4, 5, 6, 7, 8, 10, 11, 12, 13, 14, 15, 16, 17, 19]","[166.0, 322.0, 470.59999990463257, 624.0999999046326, 782.0, 863.5, 1017.4000000953674, 1177.2999997138977, 1339.5, 1660.5, 1820.2999997138977, 1971.4000000953674, 2130.0999999046326, 2283.0999999046326, 2437.7999997138977, 2588.5999999046326, 2739.2999997138977, 3041.9000000953674]",Q,14,train
957,mathur,Q,1,Q_orient1,33,2,mathur/Q/orient1/tilt_neutral_neutral_2/landmarks_trimmed.json,20,20,18,"[0, 1, 2, 3, 4, 5, 6, 7, 8, 10, 11, 12, 13, 14, 15, 16, 17, 19]","[162.30000019073486, 321.1000003814697, 475.5, 623.5, 778.6000003814697, 934.8000001907349, 1093.3000001907349, 1242.9000000953674, 1400.8000001907349, 1699.6000003814697, 1849.3000001907349, 2006.6000003814697, 2156.7000002861023, 2317.2000002861023, 2473.2000002861023, 2616.1000003814697, 2781.1000003814697, 3083.6000003814697]",Q,14,train
958,mathur,Q,1,Q_orient1,33,1,mathur/Q/orient1/tilt_neutral_toward_1/landmarks_trimmed.json,20,20,18,"[0, 1, 2, 3, 4, 5, 6, 7, 8, 10, 11, 12, 13, 14, 15, 16, 17, 19]","[150.40000009536743, 305.19999980926514, 458.69999980926514, 615.1999998092651, 765.9000000953674, 921.9000000953674, 1099.0, 1251.0, 1402.6999998092651, 1704.0, 1859.4000000953674, 2017.1999998092651, 2176.9000000953674, 2321.0, 2470.7999997138977, 2620.2999997138977, 2780.9000000953674, 3095.9000000953674]",Q,14,validation
959,mathur,R,1,R_orient1,34,1,mathur/R/orient1/tilt_back_away_1/landmarks_trimmed.json,20,20,18,"[0, 1, 2, 3, 4, 5, 6, 7, 8, 10, 11, 12, 13, 14, 15, 16, 17, 19]","[146.2999997138977, 299.7999997138977, 454.3999996185303, 598.7999997138977, 744.3999996185303, 900.1999998092651, 1053.5999999046326, 1209.3999996185303, 1360.0999999046326, 1672.8999996185303, 1825.3999996185303, 1979.0999999046326, 2142.0999999046326, 2290.8999996185303, 2448.2999997138977, 2604.699999809265, 2755.199999809265, 3057.5999999046326]",R,15,train
960,mathur,R,1,R_orient1,34,1,mathur/R/orient1/tilt_back_neutral_1/landmarks_trimmed.json,20,20,18,"[0, 1, 2, 3, 4, 5, 6, 7, 8, 10, 11, 12, 13, 14, 15, 16, 17, 19]","[163.0, 308.2999997138977, 464.69999980926514, 620.4000000953674, 771.6999998092651, 925.4000000953674, 1077.0, 1228.0, 1382.0999999046326, 1696.0, 1845.5, 1999.9000000953674, 2150.199999809265, 2301.7999997138977, 2453.2999997138977, 2607.5999999046326, 2762.9000000953674, 3064.5]",R,15,train
961,mathur,R,1,R_orient1,34,2,mathur/R/orient1/tilt_back_neutral_2/landmarks_trimmed.json,20,20,18,"[0, 1, 2, 3, 4, 5, 6, 7, 8, 10, 11, 12, 13, 14, 15, 16, 17, 19]","[155.40000009536743, 310.80000019073486, 467.30000019073486, 617.0999999046326, 771.3000001907349, 925.9000000953674, 1087.9000000953674, 1243.3000001907349, 1395.4000000953674, 1705.5999999046326, 1849.7000002861023, 2005.7000002861023, 2165.4000000953674, 2323.800000190735, 2480.800000190735, 2636.300000190735, 2800.0999999046326, 3099.300000190735]",R,15,train
962,mathur,R,1,R_orient1,34,1,mathur/R/orient1/tilt_back_toward_1/landmarks_trimmed.json,20,20,18,"[0, 1, 2, 3, 4, 5, 6, 7, 8, 10, 11, 12, 13, 14, 15, 16, 17, 19]","[153.7999997138977, 233.2999997138977, 408.09999990463257, 566.0999999046326, 721.3999996185303, 876.8999996185303, 1036.5999999046326, 1199.5, 1352.0999999046326, 1673.5999999046326, 1828.3999996185303, 1983.3999996185303, 2158.0, 2319.699999809265, 2465.8999996185303, 2624.199999809265, 2782.699999809265, 3091.3999996185303]",R,15,validation
963,mathur,R,1,R_orient1,34,1,mathur/R/orient1/tilt_forward_away_1/landmarks_trimmed.json,20,20,18,"[0, 1, 2, 3, 4, 5, 6, 7, 8, 10, 11, 12, 13, 14, 15, 16, 17, 19]","[150.40000009536743, 309.40000009536743, 465.80000019073486, 618.0, 768.3000001907349, 918.8000001907349, 1076.4000000953674, 1239.0999999046326, 1390.1999998092651, 1699.6999998092651, 1858.0, 2016.5999999046326, 2164.0, 2320.0999999046326, 2469.5999999046326, 2626.0999999046326, 2787.800000190735, 3098.699999809265]",R,15,validation
964,mathur,R,1,R_orient1,34,1,mathur/R/orient1/tilt_forward_neutral_1/landmarks_trimmed.json,19,19,18,"[0, 1, 2, 3, 4, 5, 6, 7, 8, 9, 10, 11, 12, 13, 14, 15, 16, 18]","[152.09999990463257, 301.40000009536743, 453.19999980926514, 917.8000001907349, 1071.5, 1223.0999999046326, 1295.4000000953674, 1446.0999999046326, 1589.4000000953674, 1735.1999998092651, 1888.5999999046326, 2047.0, 2203.699999809265, 2280.699999809265, 2457.5999999046326, 2611.300000190735, 2768.300000190735, 3072.199999809265]",R,15,train
965,mathur,R,1,R_orient1,34,1,mathur/R/orient1/tilt_neutral_away_1/landmarks_trimmed.json,20,20,18,"[0, 1, 2, 3, 4, 5, 6, 7, 8, 10, 11, 12, 13, 14, 15, 16, 17, 19]","[161.19999980926514, 316.2999997138977, 462.3999996185303, 617.5999999046326, 767.1999998092651, 922.1999998092651, 1078.7999997138977, 1230.3999996185303, 1383.7999997138977, 1685.1999998092651, 1839.7999997138977, 1984.8999996185303, 2144.0999999046326, 2297.3999996185303, 2449.5, 2613.3999996185303, 2767.5999999046326, 3073.3999996185303]",R,15,train
966,mathur,R,1,R_orient1,34,1,mathur/R/orient1/tilt_neutral_neutral_1/landmarks_trimmed.json,22,22,18,"[0, 1, 2, 3, 4, 6, 7, 8, 9, 11, 12, 13, 14, 16, 17, 18, 19, 21]","[150.80000019073486, 227.69999980926514, 375.69999980926514, 512.4000000953674, 662.8000001907349, 959.0, 1102.4000000953674, 1172.3000001907349, 1316.9000000953674, 1610.8000001907349, 1766.0, 1910.6999998092651, 2057.0, 2359.699999809265, 2506.4000000953674, 2651.5999999046326, 2796.300000190735, 3086.0]",R,15,train
967,mathur,R,1,R_orient1,34,2,mathur/R/orient1/tilt_neutral_neutral_2/landmarks_trimmed.json,21,21,18,"[0, 1, 2, 3, 4, 5, 7, 8, 9, 10, 11, 12, 14, 15, 16, 17, 18, 20]","[141.7999997138977, 291.5, 445.5, 593.6999998092651, 742.0, 883.7999997138977, 1175.6999998092651, 1319.1999998092651, 1467.7999997138977, 1616.5999999046326, 1757.1999998092651, 1907.0, 2211.2999997138977, 2367.2999997138977, 2524.4000000953674, 2663.5999999046326, 2809.9000000953674, 3107.9000000953674]",R,15,validation
968,mathur,R,1,R_orient1,34,1,mathur/R/orient1/tilt_neutral_toward_1/landmarks_trimmed.json,23,23,18,"[0, 1, 2, 3, 5, 6, 7, 9, 10, 11, 12, 14, 15, 16, 18, 19, 20, 22]","[148.0, 293.90000009536743, 431.19999980926514, 578.1999998092651, 864.1999998092651, 1013.0999999046326, 1153.4000000953674, 1451.6999998092651, 1596.8000001907349, 1746.5, 1895.1999998092651, 2146.800000190735, 2255.0999999046326, 2375.300000190735, 2615.4000000953674, 2730.5, 2844.800000190735, 3078.300000190735]",R,15,train
969,mathur,R,2,R_orient2,35,1,mathur/R/orient2/tilt_back_away_1/landmarks_trimmed.json,20,20,18,"[0, 1, 2, 3, 4, 5, 6, 7, 8, 10, 11, 12, 13, 14, 15, 16, 17, 19]","[154.2999997138977, 306.59999990463257, 460.5, 615.7999997138977, 771.1999998092651, 930.7999997138977, 1074.1999998092651, 1238.0999999046326, 1393.6999998092651, 1699.2999997138977, 1850.0999999046326, 2011.8999996185303, 2080.699999809265, 2239.0, 2392.5999999046326, 2551.3999996185303, 2698.2999997138977, 3026.199999809265]",R,15,train
970,mathur,R,2,R_orient2,35,1,mathur/R/orient2/tilt_back_neutral_1/landmarks_trimmed.json,20,20,18,"[0, 1, 2, 3, 4, 5, 6, 7, 8, 10, 11, 12, 13, 14, 15, 16, 17, 19]","[158.0, 308.30000019073486, 469.30000019073486, 619.8000001907349, 773.1000003814697, 932.7000002861023, 1080.3000001907349, 1237.2000002861023, 1389.3000001907349, 1695.4000000953674, 1842.7000002861023, 1995.6000003814697, 2150.6000003814697, 2302.9000000953674, 2456.9000000953674, 2601.800000190735, 2761.4000000953674, 3077.300000190735]",R,15,train
971,mathur,R,2,R_orient2,35,2,mathur/R/orient2/tilt_back_neutral_2/landmarks_trimmed.json,19,19,18,"[0, 1, 2, 3, 4, 5, 6, 7, 8, 9, 10, 11, 12, 13, 14, 15, 16, 18]","[160.09999990463257, 317.7000002861023, 459.09999990463257, 610.0999999046326, 755.8000001907349, 910.0999999046326, 1059.8000001907349, 1208.9000000953674, 1359.5999999046326, 1515.3000001907349, 1661.5, 1814.0999999046326, 1975.7000002861023, 2136.5999999046326, 2296.7000002861023, 2602.7000002861023, 2754.5, 3062.9000000953674]",R,15,train
972,mathur,R,2,R_orient2,35,1,mathur/R/orient2/tilt_back_toward_1/landmarks_trimmed.json,20,20,18,"[0, 1, 2, 3, 4, 5, 6, 7, 8, 10, 11, 12, 13, 14, 15, 16, 17, 19]","[156.40000009536743, 309.90000009536743, 472.09999990463257, 623.2000002861023, 777.4000000953674, 936.4000000953674, 1091.3000001907349, 1245.5, 1399.4000000953674, 1708.8000001907349, 1864.5999999046326, 2025.0999999046326, 2173.4000000953674, 2328.7000002861023, 2477.5, 2631.5, 2788.7000002861023, 3096.4000000953674]",R,15,train
973,mathur,R,2,R_orient2,35,1,mathur/R/orient2/tilt_forward_away_1/landmarks_trimmed.json,20,20,18,"[0, 1, 2, 3, 4, 5, 6, 7, 8, 10, 11, 12, 13, 14, 15, 16, 17, 19]","[158.59999990463257, 315.19999980926514, 469.69999980926514, 622.5999999046326, 778.1999998092651, 929.4000000953674, 1075.0, 1224.5, 1377.0999999046326, 1686.7999997138977, 1837.0999999046326, 2000.1999998092651, 2154.699999809265, 2308.199999809265, 2461.199999809265, 2617.199999809265, 2769.699999809265, 3077.0999999046326]",R,15,train
974,mathur,R,2,R_orient2,35,1,mathur/R/orient2/tilt_forward_neutral_1/landmarks_trimmed.json,20,20,18,"[0, 1, 2, 3, 4, 5, 6, 7, 8, 10, 11, 12, 13, 14, 15, 16, 17, 19]","[160.5, 320.09999990463257, 468.0, 622.8000001907349, 781.0999999046326, 936.1999998092651, 1096.3000001907349, 1250.6999998092651, 1410.9000000953674, 1719.5, 1881.5999999046326, 2042.3000001907349, 2209.0, 2367.5, 2517.199999809265, 2667.5, 2821.5, 3128.5]",R,15,train
975,mathur,R,2,R_orient2,35,2,mathur/R/orient2/tilt_forward_neutral_2/landmarks_trimmed.json,20,20,18,"[0, 1, 2, 3, 4, 5, 6, 7, 8, 10, 11, 12, 13, 14, 15, 16, 17, 19]","[153.7999997138977, 310.5, 466.0, 614.5999999046326, 770.5, 920.1999998092651, 1072.0, 1227.5, 1386.1999998092651, 1708.0999999046326, 1865.2999997138977, 2007.6999998092651, 2147.7999997138977, 2300.2999997138977, 2450.199999809265, 2600.0999999046326, 2759.5999999046326, 3062.5]",R,15,train
976,mathur,R,2,R_orient2,35,1,mathur/R/orient2/tilt_forward_toward_1/landmarks_trimmed.json,20,20,18,"[0, 1, 2, 3, 4, 5, 6, 7, 8, 10, 11, 12, 13, 14, 15, 16, 17, 19]","[157.10000038146973, 305.0, 458.90000009536743, 631.2000002861023, 789.0, 940.5, 1094.9000000953674, 1247.3000001907349, 1405.2000002861023, 1710.3000001907349, 1860.4000000953674, 2015.0, 2168.0, 2310.7000002861023, 2462.6000003814697, 2620.300000190735, 2768.0, 3072.0]",R,15,train
977,mathur,R,2,R_orient2,35,1,mathur/R/orient2/tilt_neutral_away_1/landmarks_trimmed.json,20,20,18,"[0, 1, 2, 3, 4, 5, 6, 7, 8, 10, 11, 12, 13, 14, 15, 16, 17, 19]","[149.39999961853027, 302.3999996185303, 453.19999980926514, 605.7999997138977, 760.2999997138977, 906.5, 1065.3999996185303, 1218.0, 1363.7999997138977, 1675.0, 1830.2999997138977, 1987.0, 2161.7999997138977, 2329.2999997138977, 2475.199999809265, 2630.0999999046326, 2790.0, 3105.8999996185303]",R,15,train
978,mathur,R,2,R_orient2,35,1,mathur/R/orient2/tilt_neutral_neutral_1/landmarks_trimmed.json,21,21,18,"[0, 1, 2, 3, 4, 5, 7, 8, 9, 10, 11, 12, 14, 15, 16, 17, 18, 20]","[148.5, 298.69999980926514, 450.59999990463257, 588.0, 744.6999998092651, 897.1999998092651, 1210.1999998092651, 1355.5, 1508.5999999046326, 1663.9000000953674, 1818.4000000953674, 1899.8000001907349, 2194.199999809265, 2326.199999809265, 2468.4000000953674, 2612.300000190735, 2768.0999999046326, 3070.0999999046326]",R,15,train
979,mathur,R,2,R_orient2,35,2,mathur/R/orient2/tilt_neutral_neutral_2/landmarks_trimmed.json,21,21,18,"[0, 1, 2, 3, 4, 5, 7, 8, 9, 10, 11, 12, 14, 15, 16, 17, 18, 20]","[153.0, 303.30000019073486, 463.7000002861023, 613.1000003814697, 768.5, 928.4000000953674, 1241.4000000953674, 1389.1000003814697, 1537.2000002861023, 1610.9000000953674, 1760.1000003814697, 1907.1000003814697, 2135.2000002861023, 2281.7000002861023, 2436.2000002861023, 2581.1000003814697, 2732.1000003814697, 3040.0]",R,15,train
980,mathur,R,2,R_orient2,35,1,mathur/R/orient2/tilt_neutral_toward_1/landmarks_trimmed.json,20,20,18,"[0, 1, 2, 3, 4, 5, 6, 7, 8, 10, 11, 12, 13, 14, 15, 16, 17, 19]","[148.40000009536743, 305.90000009536743, 455.90000009536743, 609.3000001907349, 760.6000003814697, 916.1000003814697, 1070.2000002861023, 1227.7000002861023, 1384.4000000953674, 1694.3000001907349, 1849.3000001907349, 2002.9000000953674, 2164.5, 2321.5, 2472.9000000953674, 2627.7000002861023, 2778.800000190735, 3081.4000000953674]",R,15,train
981,mathur,R,3,R_orient3,36,1,mathur/R/orient3/tilt_back_away_1/landmarks_trimmed.json,20,20,18,"[0, 1, 2, 3, 4, 5, 6, 7, 8, 10, 11, 12, 13, 14, 15, 16, 17, 19]","[158.0, 311.5, 475.6000003814697, 630.1000003814697, 792.4000000953674, 945.9000000953674, 1099.5, 1252.9000000953674, 1401.6000003814697, 1710.6000003814697, 1864.8000001907349, 2013.5, 2181.1000003814697, 2334.1000003814697, 2487.0, 2652.800000190735, 2804.300000190735, 3117.1000003814697]",R,15,train
982,mathur,R,3,R_orient3,36,1,mathur/R/orient3/tilt_back_neutral_1/landmarks_trimmed.json,21,21,18,"[0, 1, 2, 3, 4, 5, 7, 8, 9, 10, 11, 12, 14, 15, 16, 17, 18, 20]","[152.59999990463257, 307.2000002861023, 452.7000002861023, 528.5999999046326, 676.2000002861023, 820.4000000953674, 1122.7000002861023, 1272.4000000953674, 1426.7000002861023, 1569.5, 1722.0999999046326, 1865.4000000953674, 2164.5999999046326, 2313.5999999046326, 2468.9000000953674, 2619.5999999046326, 2775.2000002861023, 3083.0999999046326]",R,15,train
983,mathur,R,3,R_orient3,36,2,mathur/R/orient3/tilt_back_neutral_2/landmarks_trimmed.json,21,21,18,"[0, 1, 2, 3, 4, 5, 7, 8, 9, 10, 11, 12, 14, 15, 16, 17, 18, 20]","[152.59999990463257, 305.09999990463257, 460.0, 618.7000002861023, 771.5, 927.2000002861023, 1160.8000001907349, 1312.2000002861023, 1467.0, 1625.0, 1784.8000001907349, 1932.0, 2222.300000190735, 2376.2000002861023, 2528.5999999046326, 2680.0999999046326, 2839.9000000953674, 3141.5]",R,15,train
984,mathur,R,3,R_orient3,36,1,mathur/R/orient3/tilt_back_toward_1/landmarks_trimmed.json,19,19,18,"[0, 1, 2, 3, 4, 5, 6, 7, 8, 9, 10, 11, 12, 13, 14, 15, 16, 18]","[172.59999990463257, 363.09999990463257, 519.0999999046326, 663.0999999046326, 818.2000002861023, 892.7000002861023, 1056.8000001907349, 1215.8000001907349, 1374.8000001907349, 1556.8000001907349, 1716.0, 1874.5, 2025.5999999046326, 2203.0999999046326, 2350.7000002861023, 2534.9000000953674, 2680.5999999046326, 3030.0]",R,15,train
985,mathur,R,3,R_orient3,36,1,mathur/R/orient3/tilt_forward_away_1/landmarks_trimmed.json,18,18,18,"[0, 1, 2, 3, 4, 5, 6, 7, 8, 9, 10, 11, 12, 13, 14, 15, 16, 17]","[185.19999980926514, 385.09999990463257, 554.0999999046326, 718.4000000953674, 880.2999997138977, 1049.0, 1214.7999997138977, 1389.7999997138977, 1547.0, 1727.0999999046326, 1889.5999999046326, 2053.0999999046326, 2217.9000000953674, 2375.9000000953674, 2536.699999809265, 2703.4000000953674, 2882.699999809265, 3051.0]",R,15,train
986,mathur,R,3,R_orient3,36,1,mathur/R/orient3/tilt_forward_neutral_1/landmarks_trimmed.json,20,20,18,"[0, 1, 2, 3, 4, 5, 6, 7, 8, 10, 11, 12, 13, 14, 15, 16, 17, 19]","[171.5, 342.0, 519.1999998092651, 687.8999996185303, 855.3999996185303, 1006.1999998092651, 1160.5999999046326, 1318.3999996185303, 1474.5, 1789.0, 1941.8999996185303, 2082.199999809265, 2233.3999996185303, 2378.8999996185303, 2524.2999997138977, 2673.0999999046326, 2821.8999996185303, 3128.8999996185303]",R,15,validation
987,mathur,R,3,R_orient3,36,2,mathur/R/orient3/tilt_forward_neutral_2/landmarks_trimmed.json,18,18,18,"[0, 1, 2, 3, 4, 5, 6, 7, 8, 9, 10, 11, 12, 13, 14, 15, 16, 17]","[163.5, 327.09999990463257, 489.09999990463257, 640.8000001907349, 800.3000001907349, 958.5, 1129.5, 1297.4000000953674, 1482.0999999046326, 1674.9000000953674, 1844.9000000953674, 2016.6999998092651, 2210.199999809265, 2369.699999809265, 2532.0, 2693.699999809265, 2857.5, 3016.0]",R,15,train
988,mathur,R,3,R_orient3,36,1,mathur/R/orient3/tilt_forward_toward_1/landmarks_trimmed.json,20,20,18,"[0, 1, 2, 3, 4, 5, 6, 7, 8, 10, 11, 12, 13, 14, 15, 16, 17, 19]","[165.30000019073486, 317.90000009536743, 478.0, 634.9000000953674, 793.5999999046326, 950.5999999046326, 1101.5999999046326, 1258.9000000953674, 1413.6999998092651, 1734.8000001907349, 1893.5999999046326, 2056.0999999046326, 2208.800000190735, 2364.5999999046326, 2510.699999809265, 2659.0, 2731.4000000953674, 3038.4000000953674]",R,15,train
989,mathur,R,3,R_orient3,36,1,mathur/R/orient3/tilt_neutral_away_1/landmarks_trimmed.json,20,20,18,"[0, 1, 2, 3, 4, 5, 6, 7, 8, 10, 11, 12, 13, 14, 15, 16, 17, 19]","[159.2000002861023, 233.7000002861023, 398.1000003814697, 553.9000000953674, 698.9000000953674, 845.6000003814697, 997.9000000953674, 1153.1000003814697, 1315.8000001907349, 1623.8000001907349, 1777.8000001907349, 1933.1000003814697, 2090.4000000953674, 2242.300000190735, 2386.9000000953674, 2543.300000190735, 2701.2000002861023, 3001.9000000953674]",R,15,train
990,mathur,R,3,R_orient3,36,1,mathur/R/orient3/tilt_neutral_neutral_1/landmarks_trimmed.json,19,19,18,"[0, 1, 2, 3, 4, 5, 6, 7, 8, 9, 10, 11, 12, 13, 14, 15, 16, 18]","[168.5, 343.69999980926514, 510.59999990463257, 663.6999998092651, 834.0, 989.5, 1148.9000000953674, 1306.9000000953674, 1471.7999997138977, 1632.5, 1790.4000000953674, 1944.6999998092651, 2108.0999999046326, 2268.9000000953674, 2422.7999997138977, 2575.0999999046326, 2734.5, 3049.2999997138977]",R,15,train
991,mathur,R,3,R_orient3,36,2,mathur/R/orient3/tilt_neutral_neutral_2/landmarks_trimmed.json,20,20,18,"[0, 1, 2, 3, 4, 5, 6, 7, 8, 10, 11, 12, 13, 14, 15, 16, 17, 19]","[167.2999997138977, 327.40000009536743, 485.90000009536743, 641.9000000953674, 798.6999998092651, 950.5, 1106.7999997138977, 1256.0, 1404.7999997138977, 1710.7999997138977, 1792.0, 1957.0, 2111.9000000953674, 2282.5999999046326, 2443.199999809265, 2590.0, 2741.9000000953674, 3046.2999997138977]",R,15,validation
992,mathur,S,1,S_orient1,37,1,mathur/S/orient1/tilt_back_away_1/landmarks_trimmed.json,20,20,18,"[0, 1, 2, 3, 4, 5, 6, 7, 8, 10, 11, 12, 13, 14, 15, 16, 17, 19]","[158.59999990463257, 302.30000019073486, 463.69999980926514, 613.1999998092651, 757.1999998092651, 908.0999999046326, 1057.5999999046326, 1208.8000001907349, 1359.4000000953674, 1661.1999998092651, 1820.0999999046326, 1985.0999999046326, 2142.4000000953674, 2302.5999999046326, 2379.0, 2535.5999999046326, 2683.5, 3147.800000190735]",S,16,validation
993,mathur,S,1,S_orient1,37,1,mathur/S/orient1/tilt_back_neutral_1/landmarks_trimmed.json,21,21,18,"[0, 1, 2, 3, 4, 5, 7, 8, 9, 10, 11, 12, 14, 15, 16, 17, 18, 20]","[163.19999980926514, 240.90000009536743, 409.09999990463257, 562.5999999046326, 716.1999998092651, 867.7999997138977, 1175.5999999046326, 1331.9000000953674, 1487.0, 1644.7999997138977, 1796.9000000953674, 1952.6999998092651, 2179.199999809265, 2331.7999997138977, 2485.199999809265, 2641.5, 2802.5999999046326, 3108.699999809265]",S,16,train
994,mathur,S,1,S_orient1,37,2,mathur/S/orient1/tilt_back_neutral_2/landmarks_trimmed.json,20,20,18,"[0, 1, 2, 3, 4, 5, 6, 7, 8, 10, 11, 12, 13, 14, 15, 16, 17, 19]","[161.90000009536743, 312.5, 470.0, 631.8000001907349, 786.8000001907349, 936.4000000953674, 1086.0, 1243.0, 1397.2000002861023, 1701.2000002861023, 1858.0999999046326, 2026.0, 2189.7000002861023, 2342.2000002861023, 2510.2000002861023, 2672.5999999046326, 2820.2000002861023, 3137.0]",S,16,train
995,mathur,S,1,S_orient1,37,1,mathur/S/orient1/tilt_back_toward_1/landmarks_trimmed.json,21,21,18,"[0, 1, 2, 3, 4, 5, 7, 8, 9, 10, 11, 12, 14, 15, 16, 17, 18, 20]","[148.10000038146973, 303.30000019073486, 459.80000019073486, 614.0, 765.3000001907349, 923.3000001907349, 1221.7000002861023, 1366.1000003814697, 1519.9000000953674, 1668.5, 1822.0, 1972.7000002861023, 2282.5, 2434.800000190735, 2581.0, 2734.0, 2813.7000002861023, 3107.5]",S,16,train
996,mathur,S,1,S_orient1,37,1,mathur/S/orient1/tilt_forward_away_1/landmarks_trimmed.json,19,19,18,"[0, 1, 2, 3, 4, 5, 6, 7, 8, 9, 10, 11, 12, 13, 14, 15, 16, 18]","[162.09999990463257, 310.59999990463257, 468.19999980926514, 624.0999999046326, 784.1999998092651, 945.8999996185303, 1097.7999997138977, 1259.0999999046326, 1411.1999998092651, 1563.5999999046326, 1726.0, 1910.5999999046326, 2080.2999997138977, 2238.5, 2387.3999996185303, 2535.5, 2691.2999997138977, 3030.5999999046326]",S,16,train
997,mathur,S,1,S_orient1,37,1,mathur/S/orient1/tilt_forward_neutral_1/landmarks_trimmed.json,20,20,18,"[0, 1, 2, 3, 4, 5, 6, 7, 8, 10, 11, 12, 13, 14, 15, 16, 17, 19]","[160.59999990463257, 310.40000009536743, 467.40000009536743, 614.4000000953674, 768.0999999046326, 921.3000001907349, 1072.8000001907349, 1231.0, 1381.5999999046326, 1692.9000000953674, 1835.5, 1991.1999998092651, 2149.800000190735, 2300.199999809265, 2455.5999999046326, 2605.699999809265, 2755.4000000953674, 3060.699999809265]",S,16,validation
998,mathur,S,1,S_orient1,37,2,mathur/S/orient1/tilt_forward_neutral_2/landmarks_trimmed.json,20,20,18,"[0, 1, 2, 3, 4, 5, 6, 7, 8, 10, 11, 12, 13, 14, 15, 16, 17, 19]","[161.59999990463257, 316.59999990463257, 468.90000009536743, 613.9000000953674, 772.2999997138977, 934.6999998092651, 1086.1999998092651, 1243.4000000953674, 1396.7999997138977, 1707.4000000953674, 1856.7999997138977, 2012.9000000953674, 2168.5999999046326, 2324.699999809265, 2477.699999809265, 2622.0, 2782.2999997138977, 3090.699999809265]",S,16,train
999,mathur,S,1,S_orient1,37,1,mathur/S/orient1/tilt_forward_toward_1/landmarks_trimmed.json,20,20,18,"[0, 1, 2, 3, 4, 5, 6, 7, 8, 10, 11, 12, 13, 14, 15, 16, 17, 19]","[161.59999990463257, 316.80000019073486, 471.40000009536743, 631.8000001907349, 782.4000000953674, 936.7000002861023, 1088.9000000953674, 1241.0, 1401.4000000953674, 1706.5999999046326, 1851.5, 2001.3000001907349, 2161.9000000953674, 2313.0, 2458.2000002861023, 2615.0, 2758.9000000953674, 3072.0]",S,16,train
1000,mathur,S,1,S_orient1,37,1,mathur/S/orient1/tilt_neutral_away_1/landmarks_trimmed.json,20,20,18,"[0, 1, 2, 3, 4, 5, 6, 7, 8, 10, 11, 12, 13, 14, 15, 16, 17, 19]","[152.69999980926514, 300.80000019073486, 446.5, 598.4000000953674, 750.5999999046326, 903.4000000953674, 1045.3000001907349, 1195.6999998092651, 1358.5, 1666.5, 1818.5999999046326, 1970.5, 2123.800000190735, 2263.699999809265, 2404.699999809265, 2564.300000190735, 2716.199999809265, 3014.4000000953674]",S,16,train
1001,mathur,S,1,S_orient1,37,1,mathur/S/orient1/tilt_neutral_neutral_1/landmarks_trimmed.json,20,20,18,"[0, 1, 2, 3, 4, 5, 6, 7, 8, 10, 11, 12, 13, 14, 15, 16, 17, 19]","[152.89999961853027, 313.2999997138977, 464.7999997138977, 617.0999999046326, 770.2999997138977, 920.7999997138977, 1071.8999996185303, 1228.0999999046326, 1376.5, 1684.5999999046326, 1844.5999999046326, 2004.1999998092651, 2155.0, 2304.199999809265, 2454.699999809265, 2601.7999997138977, 2763.5999999046326, 3077.0999999046326]",S,16,train
1002,mathur,S,1,S_orient1,37,2,mathur/S/orient1/tilt_neutral_neutral_2/landmarks_trimmed.json,21,21,18,"[0, 1, 2, 3, 4, 5, 7, 8, 9, 10, 11, 12, 14, 15, 16, 17, 18, 20]","[153.90000009536743, 302.40000009536743, 457.69999980926514, 537.5, 695.6999998092651, 843.3000001907349, 1152.6999998092651, 1294.3000001907349, 1450.8000001907349, 1596.6999998092651, 1751.5, 1910.6999998092651, 2220.300000190735, 2374.9000000953674, 2524.9000000953674, 2681.5, 2837.4000000953674, 3142.199999809265]",S,16,train
1003,mathur,S,1,S_orient1,37,1,mathur/S/orient1/tilt_neutral_toward_1/landmarks_trimmed.json,20,20,18,"[0, 1, 2, 3, 4, 5, 6, 7, 8, 10, 11, 12, 13, 14, 15, 16, 17, 19]","[156.0, 312.69999980926514, 470.3999996185303, 619.8999996185303, 770.3999996185303, 924.3999996185303, 1077.5999999046326, 1231.1999998092651, 1387.0, 1699.7999997138977, 1854.5999999046326, 2011.6999998092651, 2160.199999809265, 2317.0, 2471.8999996185303, 2623.5999999046326, 2786.7999997138977, 3099.199999809265]",S,16,train
1004,mathur,T,1,T_orient1,38,1,mathur/T/orient1/tilt_back_away_1/landmarks_trimmed.json,20,20,18,"[0, 1, 2, 3, 4, 5, 6, 7, 8, 10, 11, 12, 13, 14, 15, 16, 17, 19]","[166.0, 307.30000019073486, 458.19999980926514, 607.1999998092651, 761.9000000953674, 920.5999999046326, 1076.5999999046326, 1231.0999999046326, 1386.1999998092651, 1698.0, 1861.9000000953674, 2019.1999998092651, 2170.0, 2329.9000000953674, 2483.0, 2634.5, 2797.0, 3110.699999809265]",T,17,train
1005,mathur,T,1,T_orient1,38,1,mathur/T/orient1/tilt_back_neutral_1/landmarks_trimmed.json,20,20,18,"[0, 1, 2, 3, 4, 5, 6, 7, 8, 10, 11, 12, 13, 14, 15, 16, 17, 19]","[154.89999961853027, 312.8999996185303, 459.59999990463257, 612.5999999046326, 760.8999996185303, 909.0, 1069.6999998092651, 1217.7999997138977, 1377.2999997138977, 1687.0, 1849.2999997138977, 1992.3999996185303, 2142.7999997138977, 2294.7999997138977, 2444.8999996185303, 2605.199999809265, 2756.0999999046326, 3053.5]",T,17,train
1006,mathur,T,1,T_orient1,38,2,mathur/T/orient1/tilt_back_neutral_2/landmarks_trimmed.json,20,20,18,"[0, 1, 2, 3, 4, 5, 6, 7, 8, 10, 11, 12, 13, 14, 15, 16, 17, 19]","[158.69999980926514, 310.19999980926514, 468.09999990463257, 633.4000000953674, 791.6999998092651, 944.5999999046326, 1092.2999997138977, 1245.2999997138977, 1394.5, 1706.4000000953674, 1859.6999998092651, 2018.0999999046326, 2171.0, 2329.2999997138977, 2483.5999999046326, 2635.7999997138977, 2786.7999997138977, 3095.5]",T,17,train
1007,mathur,T,1,T_orient1,38,1,mathur/T/orient1/tilt_back_toward_1/landmarks_trimmed.json,20,20,18,"[0, 1, 2, 3, 4, 5, 6, 7, 8, 10, 11, 12, 13, 14, 15, 16, 17, 19]","[163.59999990463257, 325.40000009536743, 475.0, 627.5999999046326, 780.5, 935.6999998092651, 1086.9000000953674, 1243.6999998092651, 1402.4000000953674, 1704.5999999046326, 1851.6999998092651, 2004.0999999046326, 2148.7999997138977, 2303.5, 2460.4000000953674, 2622.2999997138977, 2771.4000000953674, 3081.7999997138977]",T,17,train
1008,mathur,T,1,T_orient1,38,1,mathur/T/orient1/tilt_forward_away_1/landmarks_trimmed.json,20,20,18,"[0, 1, 2, 3, 4, 5, 6, 7, 8, 10, 11, 12, 13, 14, 15, 16, 17, 19]","[158.09999990463257, 305.69999980926514, 464.59999990463257, 627.6999998092651, 780.9000000953674, 931.0999999046326, 1089.0, 1237.8000001907349, 1318.1999998092651, 1634.1999998092651, 1784.9000000953674, 1942.0999999046326, 2091.199999809265, 2247.9000000953674, 2405.0999999046326, 2558.800000190735, 2709.300000190735, 3030.9000000953674]",T,17,train
1009,mathur,T,1,T_orient1,38,1,mathur/T/orient1/tilt_forward_neutral_1/landmarks_trimmed.json,19,19,18,"[0, 1, 2, 3, 4, 5, 6, 7, 8, 9, 10, 11, 12, 13, 14, 15, 16, 18]","[181.09999990463257, 351.80000019073486, 523.3000001907349, 685.5, 851.9000000953674, 994.0999999046326, 1156.0999999046326, 1334.5999999046326, 1516.3000001907349, 1677.5999999046326, 1828.4000000953674, 2005.8000001907349, 2154.9000000953674, 2311.5, 2483.2000002861023, 2647.300000190735, 2810.4000000953674, 3124.5999999046326]",T,17,validation
1010,mathur,T,1,T_orient1,38,2,mathur/T/orient1/tilt_forward_neutral_2/landmarks_trimmed.json,20,20,18,"[0, 1, 2, 3, 4, 5, 6, 7, 8, 10, 11, 12, 13, 14, 15, 16, 17, 19]","[153.7000002861023, 306.40000009536743, 392.59999990463257, 465.5, 623.3000001907349, 782.5, 949.8000001907349, 1114.5999999046326, 1270.3000001907349, 1589.9000000953674, 1746.9000000953674, 1903.4000000953674, 2054.0, 2211.0, 2368.4000000953674, 2532.300000190735, 2700.4000000953674, 3015.2000002861023]",T,17,train
1011,mathur,T,1,T_orient1,38,1,mathur/T/orient1/tilt_forward_toward_1/landmarks_trimmed.json,19,19,18,"[0, 1, 2, 3, 4, 5, 6, 7, 8, 9, 10, 11, 12, 13, 14, 15, 16, 18]","[172.0, 337.5, 537.0999999046326, 720.5999999046326, 889.8000001907349, 1044.4000000953674, 1230.5999999046326, 1391.0999999046326, 1547.5, 1715.6999998092651, 1874.9000000953674, 2017.8000001907349, 2170.4000000953674, 2344.199999809265, 2511.5999999046326, 2590.5, 2752.9000000953674, 3098.5999999046326]",T,17,train
1012,mathur,T,1,T_orient1,38,1,mathur/T/orient1/tilt_neutral_away_1/landmarks_trimmed.json,20,20,18,"[0, 1, 2, 3, 4, 5, 6, 7, 8, 10, 11, 12, 13, 14, 15, 16, 17, 19]","[156.90000009536743, 245.7000002861023, 416.40000009536743, 564.6000003814697, 718.9000000953674, 870.2000002861023, 1023.8000001907349, 1180.4000000953674, 1331.0, 1631.9000000953674, 1783.8000001907349, 1939.7000002861023, 2088.0, 2244.9000000953674, 2395.7000002861023, 2545.5, 2700.6000003814697, 3002.5]",T,17,validation
1013,mathur,T,1,T_orient1,38,1,mathur/T/orient1/tilt_neutral_neutral_1/landmarks_trimmed.json,20,20,18,"[0, 1, 2, 3, 4, 5, 6, 7, 8, 10, 11, 12, 13, 14, 15, 16, 17, 19]","[163.30000019073486, 309.5, 466.6000003814697, 624.6000003814697, 784.9000000953674, 941.1000003814697, 1091.4000000953674, 1241.2000002861023, 1399.3000001907349, 1708.1000003814697, 1860.0, 2020.9000000953674, 2172.300000190735, 2323.4000000953674, 2484.4000000953674, 2628.0, 2787.300000190735, 3112.800000190735]",T,17,train
1014,mathur,T,1,T_orient1,38,2,mathur/T/orient1/tilt_neutral_neutral_2/landmarks_trimmed.json,20,20,18,"[0, 1, 2, 3, 4, 5, 6, 7, 8, 10, 11, 12, 13, 14, 15, 16, 17, 19]","[153.19999980926514, 297.69999980926514, 451.30000019073486, 601.4000000953674, 745.1999998092651, 899.5, 1050.3000001907349, 1209.4000000953674, 1361.6999998092651, 1675.5, 1837.1999998092651, 1987.4000000953674, 2144.9000000953674, 2294.800000190735, 2446.9000000953674, 2605.5, 2758.800000190735, 3059.199999809265]",T,17,train
1015,mathur,T,1,T_orient1,38,1,mathur/T/orient1/tilt_neutral_toward_1/landmarks_trimmed.json,20,20,18,"[0, 1, 2, 3, 4, 5, 6, 7, 8, 10, 11, 12, 13, 14, 15, 16, 17, 19]","[156.40000009536743, 302.7999997138977, 459.69999980926514, 613.0999999046326, 762.2999997138977, 920.0999999046326, 1072.0, 1230.0, 1389.4000000953674, 1702.1999998092651, 1847.5999999046326, 2002.1999998092651, 2162.5, 2317.0999999046326, 2477.199999809265, 2552.0, 2771.5, 3109.7999997138977]",T,17,train
1016,mathur,U,1,U_orient1,39,1,mathur/U/orient1/tilt_back_away_1/landmarks_trimmed.json,20,20,18,"[0, 1, 2, 3, 4, 5, 6, 7, 8, 10, 11, 12, 13, 14, 15, 16, 17, 19]","[152.09999990463257, 307.5, 462.0, 608.0, 755.6999998092651, 909.0999999046326, 1057.7999997138977, 1205.1999998092651, 1362.2999997138977, 1665.1999998092651, 1817.4000000953674, 1968.9000000953674, 2124.2999997138977, 2281.2999997138977, 2432.699999809265, 2586.0999999046326, 2737.5, 3040.9000000953674]",U,18,train
1017,mathur,U,1,U_orient1,39,1,mathur/U/orient1/tilt_back_neutral_1/landmarks_trimmed.json,20,20,18,"[0, 1, 2, 3, 4, 5, 6, 7, 8, 10, 11, 12, 13, 14, 15, 16, 17, 19]","[158.2999997138977, 306.5, 457.7999997138977, 615.3999996185303, 764.5, 921.3999996185303, 1082.0999999046326, 1236.6999998092651, 1396.3999996185303, 1707.0999999046326, 1866.5, 2024.6999998092651, 2179.199999809265, 2329.5999999046326, 2486.699999809265, 2641.8999996185303, 2792.0, 3116.2999997138977]",U,18,train
1018,mathur,U,1,U_orient1,39,2,mathur/U/orient1/tilt_back_neutral_2/landmarks_trimmed.json,20,20,18,"[0, 1, 2, 3, 4, 5, 6, 7, 8, 10, 11, 12, 13, 14, 15, 16, 17, 19]","[159.90000009536743, 317.90000009536743, 475.6000003814697, 620.0, 778.2000002861023, 938.5, 1093.1000003814697, 1249.0, 1414.9000000953674, 1728.6000003814697, 1884.2000002861023, 2052.300000190735, 2199.0, 2358.2000002861023, 2523.7000002861023, 2670.4000000953674, 2823.7000002861023, 3127.5]",U,18,train
1019,mathur,U,1,U_orient1,39,1,mathur/U/orient1/tilt_back_toward_1/landmarks_trimmed.json,20,20,18,"[0, 1, 2, 3, 4, 5, 6, 7, 8, 10, 11, 12, 13, 14, 15, 16, 17, 19]","[164.0, 311.5, 483.19999980926514, 634.8000001907349, 797.1999998092651, 957.4000000953674, 1113.0, 1274.4000000953674, 1437.6999998092651, 1761.6999998092651, 1909.5999999046326, 2064.5999999046326, 2209.199999809265, 2363.4000000953674, 2526.300000190735, 2673.5999999046326, 2830.5999999046326, 3139.9000000953674]",U,18,train
1020,mathur,U,1,U_orient1,39,1,mathur/U/orient1/tilt_forward_away_1/landmarks_trimmed.json,21,21,18,"[0, 1, 2, 3, 4, 5, 7, 8, 9, 10, 11, 12, 14, 15, 16, 17, 18, 20]","[155.5, 302.2000002861023, 455.80000019073486, 611.5999999046326, 687.5, 844.5999999046326, 1153.9000000953674, 1303.7000002861023, 1455.7000002861023, 1614.7000002861023, 1768.5, 1923.0, 2150.5, 2305.5, 2459.300000190735, 2605.9000000953674, 2765.5, 3065.0999999046326]",U,18,validation
1021,mathur,U,1,U_orient1,39,1,mathur/U/orient1/tilt_forward_neutral_1/landmarks_trimmed.json,21,21,18,"[0, 1, 2, 3, 4, 5, 7, 8, 9, 10, 11, 12, 14, 15, 16, 17, 18, 20]","[160.69999980926514, 311.30000019073486, 472.19999980926514, 623.4000000953674, 774.0, 928.0999999046326, 1231.5, 1387.1999998092651, 1539.6999998092651, 1619.6999998092651, 1775.0999999046326, 1923.0, 2234.5, 2379.699999809265, 2540.9000000953674, 2692.699999809265, 2845.9000000953674, 3143.300000190735]",U,18,train
1022,mathur,U,1,U_orient1,39,2,mathur/U/orient1/tilt_forward_neutral_2/landmarks_trimmed.json,20,20,18,"[0, 1, 2, 3, 4, 5, 6, 7, 8, 10, 11, 12, 13, 14, 15, 16, 17, 19]","[166.39999961853027, 328.7999997138977, 478.19999980926514, 639.8999996185303, 789.6999998092651, 939.2999997138977, 1101.0999999046326, 1254.8999996185303, 1417.5999999046326, 1731.2999997138977, 1887.5, 2039.5, 2184.3999996185303, 2338.7999997138977, 2489.0, 2642.5999999046326, 2790.5999999046326, 3105.0]",U,18,train
1023,mathur,U,1,U_orient1,39,1,mathur/U/orient1/tilt_forward_toward_1/landmarks_trimmed.json,20,20,18,"[0, 1, 2, 3, 4, 5, 6, 7, 8, 10, 11, 12, 13, 14, 15, 16, 17, 19]","[158.60000038146973, 307.40000009536743, 450.90000009536743, 608.2000002861023, 763.1000003814697, 915.8000001907349, 1067.1000003814697, 1216.5, 1368.7000002861023, 1677.2000002861023, 1832.1000003814697, 1991.9000000953674, 2143.9000000953674, 2302.300000190735, 2461.300000190735, 2611.1000003814697, 2766.2000002861023, 3076.7000002861023]",U,18,train
1024,mathur,U,1,U_orient1,39,1,mathur/U/orient1/tilt_neutral_away_1/landmarks_trimmed.json,21,21,18,"[0, 1, 2, 3, 4, 5, 7, 8, 9, 10, 11, 12, 14, 15, 16, 17, 18, 20]","[154.69999980926514, 303.8999996185303, 460.59999990463257, 607.0999999046326, 754.0, 902.0999999046326, 1205.1999998092651, 1285.0999999046326, 1441.8999996185303, 1587.0, 1745.8999996185303, 1900.2999997138977, 2209.7999997138977, 2362.3999996185303, 2518.2999997138977, 2678.3999996185303, 2838.699999809265, 3148.5]",U,18,train
1025,mathur,U,1,U_orient1,39,1,mathur/U/orient1/tilt_neutral_neutral_1/landmarks_trimmed.json,20,20,18,"[0, 1, 2, 3, 4, 5, 6, 7, 8, 10, 11, 12, 13, 14, 15, 16, 17, 19]","[159.69999980926514, 312.09999990463257, 454.69999980926514, 608.1999998092651, 760.0, 916.5, 1071.5999999046326, 1223.0999999046326, 1374.6999998092651, 1682.5, 1837.1999998092651, 1997.4000000953674, 2150.0999999046326, 2303.800000190735, 2454.0, 2608.4000000953674, 2764.0999999046326, 3122.0999999046326]",U,18,train
1026,mathur,U,1,U_orient1,39,2,mathur/U/orient1/tilt_neutral_neutral_2/landmarks_trimmed.json,20,20,18,"[0, 1, 2, 3, 4, 5, 6, 7, 8, 10, 11, 12, 13, 14, 15, 16, 17, 19]","[171.59999990463257, 341.7000002861023, 497.5, 655.0, 818.8000001907349, 964.8000001907349, 1122.7000002861023, 1284.0999999046326, 1438.3000001907349, 1748.0, 1900.5, 2054.2000002861023, 2210.0, 2366.300000190735, 2537.2000002861023, 2687.800000190735, 2836.2000002861023, 3137.300000190735]",U,18,train
1027,mathur,U,2,U_orient2,40,1,mathur/U/orient2/tilt_back_away_1/landmarks_trimmed.json,21,21,18,"[0, 1, 2, 3, 4, 5, 7, 8, 9, 10, 11, 12, 14, 15, 16, 17, 18, 20]","[155.09999990463257, 309.7999997138977, 466.8999996185303, 619.1999998092651, 779.0999999046326, 931.5, 1256.5, 1418.6999998092651, 1577.0, 1735.0999999046326, 1886.8999996185303, 2044.5999999046326, 2353.0999999046326, 2504.2999997138977, 2662.7999997138977, 2673.5999999046326, 2827.3999996185303, 3140.0]",U,18,train
1028,mathur,U,2,U_orient2,40,1,mathur/U/orient2/tilt_back_neutral_1/landmarks_trimmed.json,20,20,18,"[0, 1, 2, 3, 4, 5, 6, 7, 8, 10, 11, 12, 13, 14, 15, 16, 17, 19]","[161.5, 321.09999990463257, 467.3999996185303, 627.2999997138977, 782.2999997138977, 938.0999999046326, 1095.7999997138977, 1243.8999996185303, 1384.5999999046326, 1695.8999996185303, 1859.5999999046326, 2007.8999996185303, 2165.0999999046326, 2323.5, 2466.5999999046326, 2625.8999996185303, 2784.199999809265, 3093.5]",U,18,train
1029,mathur,U,2,U_orient2,40,2,mathur/U/orient2/tilt_back_neutral_2/landmarks_trimmed.json,20,20,18,"[0, 1, 2, 3, 4, 5, 6, 7, 8, 10, 11, 12, 13, 14, 15, 16, 17, 19]","[164.19999980926514, 323.40000009536743, 480.5, 640.0, 792.7999997138977, 947.6999998092651, 1095.9000000953674, 1247.7999997138977, 1407.2999997138977, 1716.0999999046326, 1868.1999998092651, 2016.9000000953674, 2175.0, 2319.5, 2478.5999999046326, 2630.5999999046326, 2783.2999997138977, 3091.9000000953674]",U,18,train
1030,mathur,U,2,U_orient2,40,1,mathur/U/orient2/tilt_back_toward_1/landmarks_trimmed.json,20,20,18,"[0, 1, 2, 3, 4, 5, 6, 7, 8, 10, 11, 12, 13, 14, 15, 16, 17, 19]","[158.0, 307.7000002861023, 476.0, 622.8000001907349, 781.2000002861023, 935.8000001907349, 1087.8000001907349, 1244.6000003814697, 1389.4000000953674, 1700.2000002861023, 1846.1000003814697, 2004.8000001907349, 2163.1000003814697, 2315.4000000953674, 2473.6000003814697, 2619.1000003814697, 2781.1000003814697, 3090.800000190735]",U,18,train
1031,mathur,U,2,U_orient2,40,1,mathur/U/orient2/tilt_forward_away_1/landmarks_trimmed.json,21,21,18,"[0, 1, 2, 3, 4, 5, 7, 8, 9, 10, 11, 12, 14, 15, 16, 17, 18, 20]","[165.59999990463257, 320.09999990463257, 400.19999980926514, 556.0, 702.7999997138977, 863.1999998092651, 1156.3999996185303, 1303.2999997138977, 1458.0999999046326, 1616.8999996185303, 1764.1999998092651, 1919.5, 2234.199999809265, 2386.5999999046326, 2546.699999809265, 2698.699999809265, 2774.3999996185303, 3092.5999999046326]",U,18,train
1032,mathur,U,2,U_orient2,40,1,mathur/U/orient2/tilt_forward_neutral_1/landmarks_trimmed.json,20,20,18,"[0, 1, 2, 3, 4, 5, 6, 7, 8, 10, 11, 12, 13, 14, 15, 16, 17, 19]","[162.90000009536743, 322.19999980926514, 477.40000009536743, 634.5999999046326, 793.4000000953674, 946.0999999046326, 1093.5999999046326, 1249.0999999046326, 1409.5999999046326, 1704.5999999046326, 1857.0999999046326, 2013.9000000953674, 2177.0, 2337.4000000953674, 2496.4000000953674, 2566.9000000953674, 2727.300000190735, 3040.800000190735]",U,18,validation
1033,mathur,U,2,U_orient2,40,2,mathur/U/orient2/tilt_forward_neutral_2/landmarks_trimmed.json,20,20,18,"[0, 1, 2, 3, 4, 5, 6, 7, 8, 10, 11, 12, 13, 14, 15, 16, 17, 19]","[151.2000002861023, 309.30000019073486, 465.7000002861023, 624.9000000953674, 779.0, 938.5, 1090.4000000953674, 1238.8000001907349, 1397.6000003814697, 1716.3000001907349, 1868.4000000953674, 2020.1000003814697, 2180.4000000953674, 2326.1000003814697, 2474.800000190735, 2638.2000002861023, 2790.800000190735, 3100.1000003814697]",U,18,train
1034,mathur,U,2,U_orient2,40,1,mathur/U/orient2/tilt_forward_toward_1/landmarks_trimmed.json,20,20,18,"[0, 1, 2, 3, 4, 5, 6, 7, 8, 10, 11, 12, 13, 14, 15, 16, 17, 19]","[158.5, 318.80000019073486, 472.0, 632.4000000953674, 801.7000002861023, 988.0, 1149.0, 1307.9000000953674, 1477.3000001907349, 1818.7000002861023, 1978.5, 2133.300000190735, 2275.1000003814697, 2419.6000003814697, 2574.2000002861023, 2717.5, 2861.800000190735, 3087.7000002861023]",U,18,train
1035,mathur,U,2,U_orient2,40,1,mathur/U/orient2/tilt_neutral_away_1/landmarks_trimmed.json,20,20,18,"[0, 1, 2, 3, 4, 5, 6, 7, 8, 10, 11, 12, 13, 14, 15, 16, 17, 19]","[150.0, 303.7000002861023, 460.80000019073486, 620.4000000953674, 777.7000002861023, 931.8000001907349, 1089.5, 1235.3000001907349, 1393.7000002861023, 1711.2000002861023, 1856.7000002861023, 2016.2000002861023, 2167.800000190735, 2316.5, 2394.800000190735, 2554.0, 2707.6000003814697, 3015.300000190735]",U,18,train
1036,mathur,U,2,U_orient2,40,2,mathur/U/orient2/tilt_neutral_neutral_2/landmarks_trimmed.json,20,20,18,"[0, 1, 2, 3, 4, 5, 6, 7, 8, 10, 11, 12, 13, 14, 15, 16, 17, 19]","[153.09999990463257, 311.0, 463.59999990463257, 616.9000000953674, 775.0, 930.3000001907349, 1098.0, 1254.9000000953674, 1406.5, 1698.1999998092651, 1846.5999999046326, 1986.5999999046326, 2140.699999809265, 2308.699999809265, 2463.0, 2624.800000190735, 2785.300000190735, 3092.699999809265]",U,18,train
1037,mathur,U,2,U_orient2,40,1,mathur/U/orient2/tilt_neutral_toward_1/landmarks_trimmed.json,20,20,18,"[0, 1, 2, 3, 4, 5, 6, 7, 8, 10, 11, 12, 13, 14, 15, 16, 17, 19]","[161.40000009536743, 306.7999997138977, 462.09999990463257, 614.2999997138977, 759.6999998092651, 901.9000000953674, 1061.0, 1216.9000000953674, 1360.6999998092651, 1653.5999999046326, 1810.0999999046326, 1961.9000000953674, 2115.0, 2272.5999999046326, 2419.699999809265, 2573.699999809265, 2728.5, 3038.5999999046326]",U,18,train
1038,mathur,U,3,U_orient3,41,1,mathur/U/orient3/tilt_back_away_1/landmarks_trimmed.json,20,20,18,"[0, 1, 2, 3, 4, 5, 6, 7, 8, 10, 11, 12, 13, 14, 15, 16, 17, 19]","[153.69999980926514, 314.09999990463257, 467.90000009536743, 626.0999999046326, 777.6999998092651, 931.0, 1084.0999999046326, 1237.4000000953674, 1392.5, 1698.3000001907349, 1857.6999998092651, 2017.4000000953674, 2170.0999999046326, 2325.0, 2468.800000190735, 2614.5999999046326, 2769.5999999046326, 3077.699999809265]",U,18,train
1039,mathur,U,3,U_orient3,41,1,mathur/U/orient3/tilt_back_neutral_1/landmarks_trimmed.json,20,20,18,"[0, 1, 2, 3, 4, 5, 6, 7, 8, 10, 11, 12, 13, 14, 15, 16, 17, 19]","[163.5, 318.0, 471.0, 617.2999997138977, 762.1999998092651, 915.4000000953674, 1060.4000000953674, 1208.0, 1364.9000000953674, 1667.0, 1818.0, 1965.0999999046326, 2116.5, 2267.9000000953674, 2419.2999997138977, 2579.4000000953674, 2730.699999809265, 3049.9000000953674]",U,18,train
1040,mathur,U,3,U_orient3,41,2,mathur/U/orient3/tilt_back_neutral_2/landmarks_trimmed.json,20,20,18,"[0, 1, 2, 3, 4, 5, 6, 7, 8, 10, 11, 12, 13, 14, 15, 16, 17, 19]","[143.90000009536743, 294.80000019073486, 449.6000003814697, 599.1000003814697, 743.2000002861023, 897.1000003814697, 1048.7000002861023, 1211.8000001907349, 1374.9000000953674, 1671.2000002861023, 1832.5, 1985.5, 2138.4000000953674, 2292.800000190735, 2444.5, 2604.7000002861023, 2759.300000190735, 3065.4000000953674]",U,18,train
1041,mathur,U,3,U_orient3,41,1,mathur/U/orient3/tilt_back_toward_1/landmarks_trimmed.json,20,20,18,"[0, 1, 2, 3, 4, 5, 6, 7, 8, 10, 11, 12, 13, 14, 15, 16, 17, 19]","[158.40000009536743, 302.80000019073486, 454.30000019073486, 598.0999999046326, 752.1999998092651, 898.3000001907349, 1053.3000001907349, 1214.1999998092651, 1360.0, 1657.4000000953674, 1815.5999999046326, 1969.6999998092651, 2125.5999999046326, 2277.0999999046326, 2434.9000000953674, 2586.699999809265, 2741.0, 3035.5999999046326]",U,18,train
1042,mathur,U,3,U_orient3,41,1,mathur/U/orient3/tilt_forward_away_1/landmarks_trimmed.json,20,20,18,"[0, 1, 2, 3, 4, 5, 6, 7, 8, 10, 11, 12, 13, 14, 15, 16, 17, 19]","[179.5, 329.59999990463257, 491.2999997138977, 653.0999999046326, 802.9000000953674, 954.6999998092651, 1119.2999997138977, 1280.5999999046326, 1439.4000000953674, 1741.5999999046326, 1895.2999997138977, 2052.5, 2224.0, 2322.9000000953674, 2473.0999999046326, 2626.0, 2792.0, 3112.2999997138977]",U,18,train
1043,mathur,U,3,U_orient3,41,1,mathur/U/orient3/tilt_forward_neutral_1/landmarks_trimmed.json,20,20,18,"[0, 1, 2, 3, 4, 5, 6, 7, 8, 10, 11, 12, 13, 14, 15, 16, 17, 19]","[165.30000019073486, 315.09999990463257, 467.30000019073486, 619.5999999046326, 775.9000000953674, 931.0, 1083.3000001907349, 1236.0, 1395.0999999046326, 1699.1999998092651, 1855.6999998092651, 2012.5, 2166.0, 2326.9000000953674, 2480.0, 2628.5, 2787.5999999046326, 3101.5]",U,18,validation
1044,mathur,U,3,U_orient3,41,2,mathur/U/orient3/tilt_forward_neutral_2/landmarks_trimmed.json,18,18,18,"[0, 1, 2, 3, 4, 5, 6, 7, 8, 9, 10, 11, 12, 13, 14, 15, 16, 17]","[172.09999990463257, 322.90000009536743, 472.7999997138977, 625.5, 782.6999998092651, 932.5, 1095.2999997138977, 1271.2999997138977, 1430.9000000953674, 1584.9000000953674, 1750.5999999046326, 1913.1999998092651, 2071.0, 2227.5, 2381.0, 2701.5999999046326, 2863.0999999046326, 3005.4000000953674]",U,18,train
1045,mathur,U,3,U_orient3,41,1,mathur/U/orient3/tilt_forward_toward_1/landmarks_trimmed.json,19,19,18,"[0, 1, 2, 3, 4, 5, 6, 7, 8, 9, 10, 11, 12, 13, 14, 15, 16, 18]","[159.69999980926514, 307.59999990463257, 462.69999980926514, 613.5, 931.3000001907349, 1084.9000000953674, 1236.5999999046326, 1390.9000000953674, 1544.5, 1699.8000001907349, 1855.4000000953674, 2010.9000000953674, 2160.5999999046326, 2315.800000190735, 2471.0, 2618.0, 2769.5, 3089.0]",U,18,train
1046,mathur,U,3,U_orient3,41,1,mathur/U/orient3/tilt_neutral_away_1/landmarks_trimmed.json,20,20,18,"[0, 1, 2, 3, 4, 5, 6, 7, 8, 10, 11, 12, 13, 14, 15, 16, 17, 19]","[161.30000019073486, 235.90000009536743, 393.19999980926514, 541.1999998092651, 698.0, 851.9000000953674, 1000.5, 1155.5999999046326, 1310.0, 1624.0999999046326, 1775.5, 1931.9000000953674, 2088.699999809265, 2245.800000190735, 2401.9000000953674, 2548.699999809265, 2710.300000190735, 3023.4000000953674]",U,18,validation
1047,mathur,U,3,U_orient3,41,1,mathur/U/orient3/tilt_neutral_neutral_1/landmarks_trimmed.json,20,20,18,"[0, 1, 2, 3, 4, 5, 6, 7, 8, 10, 11, 12, 13, 14, 15, 16, 17, 19]","[156.39999961853027, 308.19999980926514, 464.3999996185303, 625.2999997138977, 779.0, 938.5, 1092.8999996185303, 1250.3999996185303, 1396.5, 1697.6999998092651, 1852.6999998092651, 2007.3999996185303, 2171.2999997138977, 2325.5999999046326, 2481.199999809265, 2641.3999996185303, 2800.7999997138977, 3105.5]",U,18,validation
1048,mathur,U,3,U_orient3,41,2,mathur/U/orient3/tilt_neutral_neutral_2/landmarks_trimmed.json,19,19,18,"[0, 1, 2, 3, 4, 5, 6, 7, 8, 9, 10, 11, 12, 13, 14, 15, 16, 18]","[158.0, 323.90000009536743, 484.5, 636.8000001907349, 796.5, 956.4000000953674, 1106.9000000953674, 1266.5999999046326, 1426.0999999046326, 1583.6999998092651, 1740.1999998092651, 1893.1999998092651, 2049.5999999046326, 2363.300000190735, 2517.9000000953674, 2672.5, 2831.199999809265, 3144.5999999046326]",U,18,train
1049,mathur,U,3,U_orient3,41,1,mathur/U/orient3/tilt_neutral_toward_1/landmarks_trimmed.json,20,20,18,"[0, 1, 2, 3, 4, 5, 6, 7, 8, 10, 11, 12, 13, 14, 15, 16, 17, 19]","[166.59999990463257, 320.0, 468.69999980926514, 622.9000000953674, 793.4000000953674, 954.2999997138977, 1107.5999999046326, 1261.9000000953674, 1418.5, 1647.9000000953674, 1811.4000000953674, 1960.5999999046326, 2117.0999999046326, 2275.2999997138977, 2426.5999999046326, 2583.5999999046326, 2741.4000000953674, 3059.0]",U,18,train
1050,mathur,V,1,V_orient1,42,1,mathur/V/orient1/tilt_back_away_1/landmarks_trimmed.json,18,18,18,"[0, 1, 2, 3, 4, 5, 6, 7, 8, 9, 10, 11, 12, 13, 14, 15, 16, 17]","[188.59999990463257, 372.90000009536743, 552.9000000953674, 740.7999997138977, 837.1999998092651, 1028.4000000953674, 1220.5999999046326, 1404.6999998092651, 1587.5, 1778.6999998092651, 1969.2999997138977, 2139.699999809265, 2308.5999999046326, 2475.199999809265, 2642.9000000953674, 2813.0, 2982.4000000953674, 3070.0999999046326]",V,19,train
1051,mathur,V,1,V_orient1,42,1,mathur/V/orient1/tilt_back_neutral_1/landmarks_trimmed.json,18,18,18,"[0, 1, 2, 3, 4, 5, 6, 7, 8, 9, 10, 11, 12, 13, 14, 15, 16, 17]","[187.2999997138977, 281.7999997138977, 469.5, 648.5999999046326, 835.4000000953674, 1033.0, 1230.0999999046326, 1431.6999998092651, 1615.0, 1775.4000000953674, 1938.4000000953674, 2108.4000000953674, 2273.699999809265, 2441.0, 2527.2999997138977, 2702.699999809265, 2887.2999997138977, 3077.4000000953674]",V,19,train
1052,mathur,V,1,V_orient1,42,1,mathur/V/orient1/tilt_neutral_away_1/landmarks_trimmed.json,18,18,18,"[0, 1, 2, 3, 4, 5, 6, 7, 8, 9, 10, 11, 12, 13, 14, 15, 16, 17]","[192.0, 359.30000019073486, 524.8000001907349, 698.5999999046326, 880.0999999046326, 1055.5999999046326, 1222.3000001907349, 1390.0, 1560.3000001907349, 1648.5999999046326, 1825.3000001907349, 2017.6999998092651, 2205.699999809265, 2392.5999999046326, 2574.5999999046326, 2761.5, 2926.5999999046326, 3013.5]",V,19,validation
1053,mathur,V,1,V_orient1,42,1,mathur/V/orient1/tilt_neutral_neutral_1/landmarks_trimmed.json,18,18,18,"[0, 1, 2, 3, 4, 5, 6, 7, 8, 9, 10, 11, 12, 13, 14, 15, 16, 17]","[183.7999997138977, 349.3999996185303, 519.7999997138977, 687.2999997138977, 866.1999998092651, 1042.7999997138977, 1221.3999996185303, 1417.3999996185303, 1604.0999999046326, 1790.0999999046326, 1964.1999998092651, 2132.5999999046326, 2303.5999999046326, 2480.8999996185303, 2651.5999999046326, 2828.0999999046326, 2989.2999997138977, 3155.8999996185303]",V,19,train
1054,mathur,V,1,V_orient1,42,2,mathur/V/orient1/tilt_neutral_neutral_2/landmarks_trimmed.json,18,18,18,"[0, 1, 2, 3, 4, 5, 6, 7, 8, 9, 10, 11, 12, 13, 14, 15, 16, 17]","[178.90000009536743, 366.5, 546.5, 632.7000002861023, 814.1000003814697, 1001.9000000953674, 1187.1000003814697, 1378.7000002861023, 1478.7000002861023, 1672.5, 1767.7000002861023, 1955.9000000953674, 2134.6000003814697, 2322.300000190735, 2513.4000000953674, 2694.1000003814697, 2863.0, 3029.2000002861023]",V,19,train
1055,mathur,V,1,V_orient1,42,1,mathur/V/orient1/tilt_neutral_toward_1/landmarks_trimmed.json,18,18,18,"[0, 1, 2, 3, 4, 5, 6, 7, 8, 9, 10, 11, 12, 13, 14, 15, 16, 17]","[186.5, 354.09999990463257, 533.0999999046326, 709.8000001907349, 894.2000002861023, 1085.4000000953674, 1272.5, 1452.9000000953674, 1609.8000001907349, 1786.5, 1961.7000002861023, 2137.7000002861023, 2223.4000000953674, 2388.800000190735, 2554.0999999046326, 2717.5, 2897.9000000953674, 3069.2000002861023]",V,19,validation
1056,mathur,V,2,V_orient2,43,1,mathur/V/orient2/tilt_back_neutral_1/landmarks_trimmed.json,18,18,18,"[0, 1, 2, 3, 4, 5, 6, 7, 8, 9, 10, 11, 12, 13, 14, 15, 16, 17]","[182.0, 367.3999996185303, 549.3999996185303, 631.5999999046326, 794.0999999046326, 965.5, 1142.8999996185303, 1315.5, 1498.1999998092651, 1680.0, 1858.3999996185303, 2026.2999997138977, 2194.8999996185303, 2363.2999997138977, 2532.0999999046326, 2700.0, 2868.8999996185303, 3030.7999997138977]",V,19,train
1057,mathur,V,2,V_orient2,43,1,mathur/V/orient2/tilt_forward_toward_1/landmarks_trimmed.json,19,19,18,"[0, 1, 2, 3, 4, 5, 6, 7, 8, 9, 10, 11, 12, 13, 14, 15, 16, 18]","[175.2999997138977, 352.90000009536743, 536.0, 704.6999998092651, 867.6999998092651, 947.9000000953674, 1117.1999998092651, 1287.5, 1472.0, 1645.0, 1817.6999998092651, 1906.4000000953674, 2083.5999999046326, 2256.2999997138977, 2428.5, 2603.0999999046326, 2777.0, 3135.7999997138977]",V,19,train
1058,mathur,V,2,V_orient2,43,1,mathur/V/orient2/tilt_neutral_toward_1/landmarks_trimmed.json,19,19,18,"[0, 1, 2, 3, 4, 5, 6, 7, 8, 9, 10, 11, 12, 13, 14, 15, 16, 18]","[201.90000009536743, 378.0, 548.9000000953674, 716.3000001907349, 904.0999999046326, 989.3000001907349, 1079.8000001907349, 1260.4000000953674, 1436.0, 1615.0, 1709.0999999046326, 1888.5, 1981.9000000953674, 2165.0, 2348.9000000953674, 2528.0999999046326, 2714.0999999046326, 3001.9000000953674]",V,19,train
1059,mathur,V,3,V_orient3,44,1,mathur/V/orient3/tilt_back_toward_1/landmarks_trimmed.json,18,18,18,"[0, 1, 2, 3, 4, 5, 6, 7, 8, 9, 10, 11, 12, 13, 14, 15, 16, 17]","[185.5, 275.5, 449.69999980926514, 618.0, 801.5999999046326, 977.8000001907349, 1145.3000001907349, 1316.1999998092651, 1484.0999999046326, 1653.0999999046326, 1827.5, 1991.4000000953674, 2157.199999809265, 2328.5999999046326, 2498.0, 2678.300000190735, 2856.199999809265, 3036.0]",V,19,train
1060,mathur,V,3,V_orient3,44,1,mathur/V/orient3/tilt_forward_neutral_1/landmarks_trimmed.json,18,18,18,"[0, 1, 2, 3, 4, 5, 6, 7, 8, 9, 10, 11, 12, 13, 14, 15, 16, 17]","[188.59999990463257, 348.0, 508.59999990463257, 676.0999999046326, 849.9000000953674, 1017.2999997138977, 1204.1999998092651, 1375.1999998092651, 1543.7999997138977, 1709.7999997138977, 1886.2999997138977, 2050.9000000953674, 2214.5999999046326, 2386.9000000953674, 2474.5, 2658.7999997138977, 2849.0, 3025.0999999046326]",V,19,train
1061,mathur,V,3,V_orient3,44,2,mathur/V/orient3/tilt_forward_neutral_2/landmarks_trimmed.json,19,19,18,"[0, 1, 2, 3, 4, 5, 6, 7, 8, 9, 10, 11, 12, 13, 14, 15, 16, 18]","[166.0, 246.80000019073486, 412.30000019073486, 580.6000003814697, 758.3000001907349, 928.1000003814697, 1089.0, 1255.9000000953674, 1423.7000002861023, 1589.7000002861023, 1760.3000001907349, 1933.7000002861023, 2111.6000003814697, 2287.6000003814697, 2467.300000190735, 2654.800000190735, 2815.5, 3165.1000003814697]",V,19,train
1062,mathur,V,3,V_orient3,44,1,mathur/V/orient3/tilt_neutral_away_1/landmarks_trimmed.json,18,18,18,"[0, 1, 2, 3, 4, 5, 6, 7, 8, 9, 10, 11, 12, 13, 14, 15, 16, 17]","[187.10000038146973, 367.1000003814697, 544.7000002861023, 696.0, 855.2000002861023, 1021.1000003814697, 1192.5, 1358.1000003814697, 1523.1000003814697, 1692.1000003814697, 1863.5, 2028.7000002861023, 2198.1000003814697, 2370.5, 2551.6000003814697, 2708.800000190735, 2878.7000002861023, 3050.0]",V,19,train
1063,mathur,V,3,V_orient3,44,2,mathur/V/orient3/tilt_neutral_neutral_2/landmarks_trimmed.json,18,18,18,"[0, 1, 2, 3, 4, 5, 6, 7, 8, 9, 10, 11, 12, 13, 14, 15, 16, 17]","[183.0, 354.7000002861023, 520.8000001907349, 693.0999999046326, 868.8000001907349, 1046.0999999046326, 1210.8000001907349, 1391.7000002861023, 1565.9000000953674, 1736.5999999046326, 1899.4000000953674, 2076.5999999046326, 2243.2000002861023, 2422.0999999046326, 2611.0, 2790.5999999046326, 2987.5999999046326, 3171.5]",V,19,train
1064,mathur,W,1,W_orient1,45,1,mathur/W/orient1/tilt_forward_neutral_1/landmarks_trimmed.json,18,18,18,"[0, 1, 2, 3, 4, 5, 6, 7, 8, 9, 10, 11, 12, 13, 14, 15, 16, 17]","[170.5, 346.5, 434.90000009536743, 613.5, 806.7999997138977, 997.9000000953674, 1168.5, 1331.4000000953674, 1503.4000000953674, 1687.5, 1860.9000000953674, 2029.1999998092651, 2191.2999997138977, 2356.5999999046326, 2519.4000000953674, 2693.5999999046326, 2861.9000000953674, 3036.0]",W,20,train
1065,mathur,W,1,W_orient1,45,2,mathur/W/orient1/tilt_forward_neutral_2/landmarks_trimmed.json,18,18,18,"[0, 1, 2, 3, 4, 5, 6, 7, 8, 9, 10, 11, 12, 13, 14, 15, 16, 17]","[182.59999990463257, 349.59999990463257, 525.6999998092651, 699.8000001907349, 874.0, 1049.8000001907349, 1226.6999998092651, 1417.3000001907349, 1601.8000001907349, 1781.5999999046326, 1871.0, 2035.0999999046326, 2202.4000000953674, 2365.800000190735, 2530.9000000953674, 2696.5, 2865.5, 3050.5999999046326]",W,20,validation
1066,mathur,W,1,W_orient1,45,1,mathur/W/orient1/tilt_forward_toward_1/landmarks_trimmed.json,18,18,18,"[0, 1, 2, 3, 4, 5, 6, 7, 8, 9, 10, 11, 12, 13, 14, 15, 16, 17]","[194.2999997138977, 381.2999997138977, 566.0, 752.0999999046326, 914.4000000953674, 1083.0999999046326, 1262.1999998092651, 1444.7999997138977, 1629.2999997138977, 1825.6999998092651, 1917.1999998092651, 2105.2999997138977, 2291.2999997138977, 2478.7999997138977, 2575.2999997138977, 2758.199999809265, 2959.5999999046326, 3139.699999809265]",W,20,train
1067,mathur,W,1,W_orient1,45,1,mathur/W/orient1/tilt_neutral_away_1/landmarks_trimmed.json,18,18,18,"[0, 1, 2, 3, 4, 5, 6, 7, 8, 9, 10, 11, 12, 13, 14, 15, 16, 17]","[173.90000009536743, 359.7000002861023, 529.8000001907349, 701.3000001907349, 864.0999999046326, 1024.8000001907349, 1189.4000000953674, 1358.0999999046326, 1535.7000002861023, 1710.0, 1887.5, 1983.7000002861023, 2163.5999999046326, 2358.4000000953674, 2548.0, 2734.7000002861023, 2917.2000002861023, 3102.5999999046326]",W,20,train
1068,mathur,W,1,W_orient1,45,2,mathur/W/orient1/tilt_neutral_neutral_2/landmarks_trimmed.json,19,19,18,"[0, 1, 2, 3, 4, 5, 6, 7, 8, 9, 10, 11, 12, 13, 14, 15, 16, 18]","[172.0, 346.09999990463257, 517.4000000953674, 712.0, 873.0999999046326, 1039.1999998092651, 1212.2999997138977, 1384.5999999046326, 1547.5, 1715.0, 1884.5, 2055.2999997138977, 2145.2999997138977, 2304.9000000953674, 2465.199999809265, 2633.2999997138977, 2802.5999999046326, 3159.699999809265]",W,20,train
1069,mathur,X,1,X_orient1,46,1,mathur/X/orient1/tilt_back_neutral_1/landmarks_trimmed.json,18,18,18,"[0, 1, 2, 3, 4, 5, 6, 7, 8, 9, 10, 11, 12, 13, 14, 15, 16, 17]","[174.59999990463257, 343.09999990463257, 510.30000019073486, 685.4000000953674, 770.0999999046326, 947.0999999046326, 1032.5, 1217.3000001907349, 1398.5, 1586.2000002861023, 1775.8000001907349, 1973.8000001907349, 2168.0, 2351.0999999046326, 2537.7000002861023, 2718.4000000953674, 2893.5, 3065.7000002861023]",X,21,train
1070,mathur,X,1,X_orient1,46,2,mathur/X/orient1/tilt_back_neutral_2/landmarks_trimmed.json,18,18,18,"[0, 1, 2, 3, 4, 5, 6, 7, 8, 9, 10, 11, 12, 13, 14, 15, 16, 17]","[177.59999990463257, 347.59999990463257, 511.30000019073486, 683.8000001907349, 856.5999999046326, 1032.4000000953674, 1214.0, 1400.0, 1582.9000000953674, 1769.5, 1957.4000000953674, 2142.0999999046326, 2326.5, 2421.0, 2596.5, 2778.699999809265, 2967.800000190735, 3148.199999809265]",X,21,train
1071,mathur,X,1,X_orient1,46,1,mathur/X/orient1/tilt_neutral_toward_1/landmarks_trimmed.json,18,18,18,"[0, 1, 2, 3, 4, 5, 6, 7, 8, 9, 10, 11, 12, 13, 14, 15, 16, 17]","[187.19999980926514, 381.90000009536743, 573.7999997138977, 753.0, 928.9000000953674, 1104.9000000953674, 1277.4000000953674, 1446.6999998092651, 1609.9000000953674, 1770.9000000953674, 1948.4000000953674, 2124.7999997138977, 2293.0, 2465.7999997138977, 2643.699999809265, 2810.4000000953674, 2974.199999809265, 3067.0]",X,21,train
1072,mathur,Y,1,Y_orient1,47,1,mathur/Y/orient1/tilt_back_away_1/landmarks_trimmed.json,19,19,18,"[0, 1, 2, 3, 4, 5, 6, 7, 8, 9, 10, 11, 12, 13, 14, 15, 16, 18]","[172.09999990463257, 259.59999990463257, 445.5, 637.9000000953674, 825.5, 991.0999999046326, 1168.5999999046326, 1340.7999997138977, 1432.0, 1599.0, 1785.5, 1955.0999999046326, 2126.4000000953674, 2214.2999997138977, 2388.5, 2551.5999999046326, 2713.5, 3057.699999809265]",Y,22,train
1073,mathur,Y,1,Y_orient1,47,1,mathur/Y/orient1/tilt_back_neutral_1/landmarks_trimmed.json,18,18,18,"[0, 1, 2, 3, 4, 5, 6, 7, 8, 9, 10, 11, 12, 13, 14, 15, 16, 17]","[193.59999990463257, 379.09999990463257, 552.9000000953674, 730.5, 911.5, 1104.3000001907349, 1199.5999999046326, 1378.8000001907349, 1567.6999998092651, 1748.5999999046326, 1941.1999998092651, 2129.4000000953674, 2228.5, 2421.300000190735, 2613.5, 2805.699999809265, 2977.699999809265, 3151.800000190735]",Y,22,validation
1074,mathur,Y,1,Y_orient1,47,2,mathur/Y/orient1/tilt_back_neutral_2/landmarks_trimmed.json,18,18,18,"[0, 1, 2, 3, 4, 5, 6, 7, 8, 9, 10, 11, 12, 13, 14, 15, 16, 17]","[181.7000002861023, 370.40000009536743, 555.4000000953674, 735.5999999046326, 898.5999999046326, 1065.9000000953674, 1236.9000000953674, 1414.0, 1598.0, 1772.8000001907349, 1864.5999999046326, 2049.300000190735, 2234.4000000953674, 2412.4000000953674, 2587.5999999046326, 2766.800000190735, 2941.0999999046326, 3128.9000000953674]",Y,22,train
1075,mathur,Y,1,Y_orient1,47,2,mathur/Y/orient1/tilt_forward_neutral_2/landmarks_trimmed.json,18,18,18,"[0, 1, 2, 3, 4, 5, 6, 7, 8, 9, 10, 11, 12, 13, 14, 15, 16, 17]","[179.40000009536743, 360.2000002861023, 537.5, 713.1000003814697, 891.0, 1078.9000000953674, 1263.7000002861023, 1460.1000003814697, 1647.8000001907349, 1824.2000002861023, 1991.8000001907349, 2162.1000003814697, 2257.5, 2433.0, 2616.6000003814697, 2788.6000003814697, 2970.7000002861023, 3163.4000000953674]",Y,22,validation
1076,mathur,Y,1,Y_orient1,47,1,mathur/Y/orient1/tilt_forward_toward_1/landmarks_trimmed.json,18,18,18,"[0, 1, 2, 3, 4, 5, 6, 7, 8, 9, 10, 11, 12, 13, 14, 15, 16, 17]","[164.19999980926514, 344.7999997138977, 525.2999997138977, 693.4000000953674, 877.7999997138977, 1056.7999997138977, 1248.6999998092651, 1334.9000000953674, 1513.9000000953674, 1703.5999999046326, 1886.6999998092651, 1977.9000000953674, 2163.5, 2350.5, 2550.5999999046326, 2735.0, 2920.5999999046326, 3111.199999809265]",Y,22,train
1077,mathur,Y,1,Y_orient1,47,2,mathur/Y/orient1/tilt_neutral_neutral_2/landmarks_trimmed.json,18,18,18,"[0, 1, 2, 3, 4, 5, 6, 7, 8, 9, 10, 11, 12, 13, 14, 15, 16, 17]","[182.09999990463257, 353.30000019073486, 522.9000000953674, 691.5999999046326, 855.0999999046326, 1030.5, 1203.0999999046326, 1382.1999998092651, 1562.9000000953674, 1751.4000000953674, 1952.5999999046326, 2134.0999999046326, 2295.0999999046326, 2460.0, 2629.300000190735, 2797.5, 2974.699999809265, 3156.9000000953674]",Y,22,train
1078,mathur,Y,1,Y_orient1,47,1,mathur/Y/orient1/tilt_neutral_toward_1/landmarks_trimmed.json,19,19,18,"[0, 1, 2, 3, 4, 5, 6, 7, 8, 9, 10, 11, 12, 13, 14, 15, 16, 18]","[188.69999980926514, 281.5, 457.09999990463257, 645.6999998092651, 833.7999997138977, 1020.1999998092651, 1196.0999999046326, 1358.4000000953674, 1531.4000000953674, 1711.5999999046326, 1883.0, 2046.9000000953674, 2220.5999999046326, 2393.199999809265, 2564.9000000953674, 2651.0, 2817.0999999046326, 3156.5999999046326]",Y,22,train
1079,mathur,Y,2,Y_orient2,48,1,mathur/Y/orient2/tilt_back_away_1/landmarks_trimmed.json,18,18,18,"[0, 1, 2, 3, 4, 5, 6, 7, 8, 9, 10, 11, 12, 13, 14, 15, 16, 17]","[176.10000038146973, 348.40000009536743, 510.5, 597.5, 771.2000002861023, 955.4000000953674, 1134.1000003814697, 1312.6000003814697, 1487.4000000953674, 1657.5, 1830.7000002861023, 1999.9000000953674, 2170.2000002861023, 2340.300000190735, 2510.6000003814697, 2680.0, 2850.6000003814697, 3020.6000003814697]",Y,22,train
1080,mathur,Y,2,Y_orient2,48,2,mathur/Y/orient2/tilt_back_neutral_2/landmarks_trimmed.json,19,19,18,"[0, 1, 2, 3, 4, 5, 6, 7, 8, 9, 10, 11, 12, 13, 14, 15, 16, 18]","[172.2999997138977, 353.7999997138977, 530.7999997138977, 720.2999997138977, 904.6999998092651, 1090.5, 1269.0, 1432.7999997138977, 1604.9000000953674, 1775.6999998092651, 1945.6999998092651, 2111.5, 2279.4000000953674, 2455.199999809265, 2630.9000000953674, 2809.5999999046326, 2900.0, 3180.699999809265]",Y,22,train
1081,mathur,Y,2,Y_orient2,48,1,mathur/Y/orient2/tilt_back_toward_1/landmarks_trimmed.json,18,18,18,"[0, 1, 2, 3, 4, 5, 6, 7, 8, 9, 10, 11, 12, 13, 14, 15, 16, 17]","[169.2999997138977, 336.59999990463257, 502.0, 661.2999997138977, 833.5, 998.2999997138977, 1181.5, 1358.1999998092651, 1534.5, 1711.1999998092651, 1893.5999999046326, 2071.5999999046326, 2253.0999999046326, 2439.7999997138977, 2627.699999809265, 2804.7999997138977, 2992.699999809265, 3184.3999996185303]",Y,22,train
1082,mathur,Y,2,Y_orient2,48,1,mathur/Y/orient2/tilt_forward_neutral_1/landmarks_trimmed.json,18,18,18,"[0, 1, 2, 3, 4, 5, 6, 7, 8, 9, 10, 11, 12, 13, 14, 15, 16, 17]","[199.40000009536743, 395.6000003814697, 576.7000002861023, 747.0, 826.2000002861023, 1000.7000002861023, 1166.9000000953674, 1331.5, 1519.5, 1695.6000003814697, 1869.1000003814697, 2050.5, 2233.1000003814697, 2425.9000000953674, 2615.6000003814697, 2798.4000000953674, 2981.800000190735, 3075.4000000953674]",Y,22,train
1083,mathur,Y,2,Y_orient2,48,2,mathur/Y/orient2/tilt_forward_neutral_2/landmarks_trimmed.json,19,19,18,"[0, 1, 2, 3, 4, 5, 6, 7, 8, 9, 10, 11, 12, 13, 14, 15, 16, 18]","[169.19999980926514, 343.09999990463257, 506.59999990463257, 670.5999999046326, 826.0, 908.0999999046326, 1073.2999997138977, 1247.2999997138977, 1422.0, 1600.5999999046326, 1781.5999999046326, 1977.5, 2072.7999997138977, 2250.0, 2413.699999809265, 2586.2999997138977, 2760.699999809265, 3117.199999809265]",Y,22,train
1084,mathur,Z,1,Z_orient1,49,1,mathur/Z/orient1/tilt_back_neutral_1/landmarks_trimmed.json,19,19,18,"[0, 1, 2, 3, 4, 5, 6, 7, 8, 9, 10, 11, 12, 13, 14, 15, 16, 18]","[199.09999990463257, 395.59999990463257, 597.1999998092651, 688.9000000953674, 876.7999997138977, 1068.9000000953674, 1255.9000000953674, 1452.7999997138977, 1641.0999999046326, 1825.9000000953674, 1921.1999998092651, 2095.199999809265, 2173.2999997138977, 2338.0999999046326, 2417.7999997138977, 2580.5, 2749.699999809265, 3101.5]",Z,23,train
1085,mathur,Z,1,Z_orient1,49,1,mathur/Z/orient1/tilt_back_toward_1/landmarks_trimmed.json,18,18,18,"[0, 1, 2, 3, 4, 5, 6, 7, 8, 9, 10, 11, 12, 13, 14, 15, 16, 17]","[187.90000009536743, 365.59999990463257, 553.0, 736.8000001907349, 923.4000000953674, 1114.8000001907349, 1298.5, 1491.5999999046326, 1689.3000001907349, 1875.0, 2034.6999998092651, 2207.5999999046326, 2292.800000190735, 2464.4000000953674, 2636.0999999046326, 2811.199999809265, 2971.199999809265, 3147.800000190735]",Z,23,train
1086,mathur,Z,1,Z_orient1,49,1,mathur/Z/orient1/tilt_forward_neutral_1/landmarks_trimmed.json,18,18,18,"[0, 1, 2, 3, 4, 5, 6, 7, 8, 9, 10, 11, 12, 13, 14, 15, 16, 17]","[170.0, 350.90000009536743, 533.7999997138977, 698.5999999046326, 870.5999999046326, 1036.0, 1198.5, 1364.6999998092651, 1539.7999997138977, 1720.1999998092651, 1901.6999998092651, 2086.0999999046326, 2263.199999809265, 2431.0, 2515.9000000953674, 2699.5999999046326, 2877.4000000953674, 3059.4000000953674]",Z,23,train
1087,mathur,Z,1,Z_orient1,49,2,mathur/Z/orient1/tilt_forward_neutral_2/landmarks_trimmed.json,18,18,18,"[0, 1, 2, 3, 4, 5, 6, 7, 8, 9, 10, 11, 12, 13, 14, 15, 16, 17]","[161.10000038146973, 339.30000019073486, 511.7000002861023, 679.3000001907349, 847.7000002861023, 1016.0, 1190.9000000953674, 1369.6000003814697, 1462.7000002861023, 1640.2000002861023, 1822.5, 2009.1000003814697, 2200.9000000953674, 2369.9000000953674, 2542.800000190735, 2722.300000190735, 2896.4000000953674, 3079.7000002861023]",Z,23,train
1088,mathur,Z,1,Z_orient1,49,1,mathur/Z/orient1/tilt_forward_toward_1/landmarks_trimmed.json,18,18,18,"[0, 1, 2, 3, 4, 5, 6, 7, 8, 9, 10, 11, 12, 13, 14, 15, 16, 17]","[180.80000019073486, 360.30000019073486, 529.0999999046326, 693.0, 865.0999999046326, 1035.0, 1209.3000001907349, 1381.9000000953674, 1468.6999998092651, 1642.4000000953674, 1821.3000001907349, 1997.0, 2173.0, 2354.9000000953674, 2519.300000190735, 2687.5, 2861.0999999046326, 3044.199999809265]",Z,23,validation
1089,mathur,Z,1,Z_orient1,49,1,mathur/Z/orient1/tilt_neutral_away_1/landmarks_trimmed.json,18,18,18,"[0, 1, 2, 3, 4, 5, 6, 7, 8, 9, 10, 11, 12, 13, 14, 15, 16, 17]","[182.59999990463257, 370.8999996185303, 546.0, 735.5, 918.5999999046326, 1101.1999998092651, 1277.7999997138977, 1366.6999998092651, 1547.7999997138977, 1728.7999997138977, 1910.8999996185303, 2086.8999996185303, 2250.0, 2419.2999997138977, 2587.8999996185303, 2756.3999996185303, 2923.5999999046326, 3088.5999999046326]",Z,23,train
1090,rithika,A,1,A_orient1,0,1,rithika/A/orient1/tilt_back_away_1/landmarks_trimmed.json,61,61,18,"[0, 3, 7, 10, 14, 17, 21, 24, 28, 31, 35, 38, 42, 45, 49, 52, 56, 60]","[75.90000000596046, 276.2999999821186, 472.40000000596046, 642.6999999880791, 843.5, 967.0, 1211.7999999821186, 1336.5999999940395, 1575.2999999821186, 1684.4000000059605, 1876.4000000059605, 1966.4000000059605, 2107.9000000059605, 2212.2999999821186, 2444.0999999940395, 2575.199999988079, 2809.199999988079, 3045.7999999821186]",A,0,train
1091,rithika,A,1,A_orient1,0,1,rithika/A/orient1/tilt_back_neutral_1/landmarks_trimmed.json,82,82,18,"[0, 4, 9, 14, 19, 23, 28, 33, 38, 42, 47, 52, 57, 61, 66, 71, 76, 81]","[64.69999998807907, 198.7999999821186, 367.2999999821186, 533.4000000059605, 699.4000000059605, 832.9000000059605, 1028.0, 1198.5, 1401.5, 1528.5999999940395, 1766.5999999940395, 1930.0, 2130.199999988079, 2299.699999988079, 2461.9000000059605, 2633.2999999821186, 2795.2999999821186, 2970.199999988079]",A,0,train
1092,rithika,A,1,A_orient1,0,2,rithika/A/orient1/tilt_back_neutral_2/landmarks_trimmed.json,56,56,18,"[0, 3, 6, 9, 12, 16, 19, 22, 25, 29, 32, 35, 38, 42, 45, 48, 51, 55]","[33.400000005960464, 165.80000001192093, 331.59999999403954, 432.59999999403954, 666.9000000059605, 832.0, 965.3000000119209, 1106.199999988079, 1231.9000000059605, 1395.9000000059605, 1499.5999999940395, 1930.0, 2068.0, 2231.5, 2343.800000011921, 2530.699999988079, 2638.9000000059605, 2859.9000000059605]",A,0,train
1093,rithika,A,1,A_orient1,0,1,rithika/A/orient1/tilt_back_toward_1/landmarks_trimmed.json,53,53,18,"[0, 3, 6, 9, 12, 15, 18, 21, 24, 27, 30, 33, 36, 39, 42, 45, 48, 52]","[60.400000005960464, 165.90000000596046, 297.59999999403954, 429.7000000178814, 562.9000000059605, 730.0, 859.4000000059605, 1030.4000000059605, 1164.800000011921, 1300.0, 1797.0999999940395, 1930.4000000059605, 2298.9000000059605, 2432.0, 2632.300000011921, 2735.7000000178814, 2868.9000000059605, 3061.5999999940395]",A,0,train
1094,rithika,A,1,A_orient1,0,1,rithika/A/orient1/tilt_forward_away_1/landmarks_trimmed.json,45,45,18,"[0, 2, 5, 7, 10, 12, 15, 18, 20, 23, 25, 28, 31, 33, 36, 38, 41, 44]","[34.0, 131.5, 231.69999998807907, 297.7999999821186, 429.7999999821186, 566.0, 761.4000000059605, 926.1999999880791, 1029.2999999821186, 1231.7999999821186, 1358.699999988079, 1529.0, 1727.9000000059605, 1862.199999988079, 1991.0, 2130.5999999940395, 2260.9000000059605, 2430.699999988079]",A,0,train
1095,rithika,A,1,A_orient1,0,2,rithika/A/orient1/tilt_forward_neutral_2/landmarks_trimmed.json,67,67,18,"[0, 3, 7, 11, 15, 19, 23, 27, 31, 34, 38, 42, 46, 50, 54, 58, 62, 66]","[66.09999999403954, 165.09999999403954, 365.69999998807907, 497.7999999821186, 696.0, 899.8999999761581, 1064.8999999761581, 1267.699999988079, 1430.199999988079, 1597.7999999821186, 1766.0999999940395, 1933.0999999940395, 2134.899999976158, 2298.2999999821186, 2503.7999999821186, 2667.0, 2806.0, 3032.5]",A,0,train
1096,rithika,A,1,A_orient1,0,1,rithika/A/orient1/tilt_forward_toward_1/landmarks_trimmed.json,64,64,18,"[0, 3, 7, 11, 14, 18, 22, 25, 29, 33, 37, 40, 44, 48, 51, 55, 59, 63]","[61.0, 165.7999999821186, 330.59999999403954, 535.1999999880791, 693.5999999940395, 935.2999999821186, 1095.0999999940395, 1196.2999999821186, 1433.7999999821186, 1635.3999999761581, 1866.8999999761581, 1997.0999999940395, 2195.5, 2396.899999976158, 2567.7999999821186, 2690.0999999940395, 2863.399999976158, 3003.0]",A,0,validation
1097,rithika,A,1,A_orient1,0,1,rithika/A/orient1/tilt_neutral_away_1/landmarks_trimmed.json,89,89,18,"[0, 5, 10, 15, 20, 25, 31, 36, 41, 46, 51, 56, 62, 67, 72, 77, 82, 88]","[63.39999997615814, 198.7999999821186, 364.09999999403954, 531.8999999761581, 727.2999999821186, 897.5999999940395, 1094.3999999761581, 1264.699999988079, 1426.7999999821186, 1600.199999988079, 1759.7999999821186, 1929.5999999940395, 2130.5999999940395, 2298.5999999940395, 2463.0, 2632.0999999940395, 2795.899999976158, 3032.699999988079]",A,0,train
1098,rithika,A,1,A_orient1,0,1,rithika/A/orient1/tilt_neutral_neutral_1/landmarks_trimmed.json,77,77,18,"[0, 4, 8, 13, 17, 22, 26, 31, 35, 40, 44, 49, 53, 58, 62, 67, 71, 76]","[33.60000002384186, 166.40000000596046, 333.10000002384186, 567.9000000059605, 764.2000000178814, 933.6000000238419, 1107.4000000059605, 1298.300000011921, 1433.300000011921, 1636.5, 1767.0, 1998.9000000059605, 2134.100000023842, 2333.300000011921, 2466.0, 2699.5, 2835.600000023842, 3032.7000000178814]",A,0,train
1099,rithika,A,1,A_orient1,0,2,rithika/A/orient1/tilt_neutral_neutral_2/landmarks_trimmed.json,61,61,18,"[0, 3, 7, 10, 14, 17, 21, 24, 28, 31, 35, 38, 42, 45, 49, 52, 56, 60]","[34.30000001192093, 201.80000001192093, 369.09999999403954, 497.40000000596046, 700.0999999940395, 868.8000000119209, 998.0999999940395, 1200.9000000059605, 1398.300000011921, 1603.300000011921, 1799.9000000059605, 2001.0999999940395, 2199.800000011921, 2370.300000011921, 2509.300000011921, 2699.0, 2869.2000000178814, 3004.0]",A,0,train
1100,rithika,A,1,A_orient1,0,1,rithika/A/orient1/tilt_neutral_toward_1/landmarks_trimmed.json,63,63,18,"[0, 3, 7, 10, 14, 18, 21, 25, 29, 32, 36, 40, 43, 47, 51, 54, 58, 62]","[68.69999998807907, 238.69999998807907, 429.59999999403954, 602.1999999880791, 761.1999999880791, 1003.0, 1133.2999999821186, 1336.699999988079, 1538.2999999821186, 1628.0, 1800.2999999821186, 1997.2999999821186, 2168.899999976158, 2333.699999988079, 2533.199999988079, 2641.2999999821186, 2804.5999999940395, 3003.699999988079]",A,0,train
1101,rithika,A,2,A_orient2,1,1,rithika/A/orient2/tilt_back_away_1/landmarks_trimmed.json,45,45,18,"[0, 2, 5, 7, 10, 12, 15, 18, 20, 23, 25, 28, 31, 33, 36, 38, 41, 44]","[69.5, 171.59999999403954, 338.59999999403954, 433.0, 610.2999999821186, 1506.699999988079, 1638.4000000059605, 1797.2999999821186, 1943.699999988079, 2065.4000000059605, 2173.699999988079, 2298.5999999940395, 2437.0, 2507.5, 2640.5, 2739.199999988079, 2875.9000000059605, 3003.7999999821186]",A,0,train
1102,rithika,A,2,A_orient2,1,1,rithika/A/orient2/tilt_back_neutral_1/landmarks_trimmed.json,87,87,18,"[0, 5, 10, 15, 20, 25, 30, 35, 40, 45, 50, 55, 60, 65, 70, 75, 80, 86]","[34.099999994039536, 199.40000000596046, 367.59999999403954, 531.6999999880791, 700.5, 934.4000000059605, 1096.699999988079, 1267.0999999940395, 1432.9000000059605, 1599.5, 1800.7999999821186, 1967.2999999821186, 2132.2999999821186, 2331.9000000059605, 2500.9000000059605, 2662.2999999821186, 2833.7999999821186, 3003.0]",A,0,train
1103,rithika,A,2,A_orient2,1,2,rithika/A/orient2/tilt_back_neutral_2/landmarks_trimmed.json,67,67,18,"[0, 3, 7, 11, 15, 19, 23, 27, 31, 34, 38, 42, 46, 50, 54, 58, 62, 66]","[59.79999998211861, 165.39999997615814, 330.89999997615814, 534.7999999821186, 661.0999999940395, 927.2999999821186, 1131.5, 1261.699999988079, 1433.199999988079, 1599.7999999821186, 1761.3999999761581, 1964.8999999761581, 2133.199999988079, 2332.5999999940395, 2494.0999999940395, 2695.899999976158, 2889.899999976158, 3028.699999988079]",A,0,train
1104,rithika,A,2,A_orient2,1,1,rithika/A/orient2/tilt_forward_away_1/landmarks_trimmed.json,60,60,18,"[0, 3, 6, 10, 13, 17, 20, 24, 27, 31, 34, 38, 41, 45, 48, 52, 55, 59]","[33.29999998211861, 164.5, 297.09999999403954, 524.9000000059605, 595.5, 825.5999999940395, 964.5, 1165.0, 1323.7999999821186, 1525.2999999821186, 1733.5999999940395, 1932.7999999821186, 2092.4000000059605, 2292.0, 2465.9000000059605, 2658.5, 2865.2999999821186, 3000.699999988079]",A,0,train
1105,rithika,A,2,A_orient2,1,1,rithika/A/orient2/tilt_neutral_away_1/landmarks_trimmed.json,65,65,18,"[0, 3, 7, 11, 15, 18, 22, 26, 30, 33, 37, 41, 45, 48, 52, 56, 60, 64]","[71.40000000596046, 237.5, 436.0, 637.0999999940395, 767.4000000059605, 899.5999999940395, 1133.0, 1333.4000000059605, 1533.199999988079, 1698.300000011921, 1901.699999988079, 2035.0, 2300.5999999940395, 2432.5, 2596.9000000059605, 2734.9000000059605, 2838.699999988079, 3003.300000011921]",A,0,train
1106,rithika,A,2,A_orient2,1,1,rithika/A/orient2/tilt_neutral_neutral_1/landmarks_trimmed.json,56,56,18,"[0, 3, 6, 9, 12, 16, 19, 22, 25, 29, 32, 35, 38, 42, 45, 48, 51, 55]","[61.19999998807907, 133.09999999403954, 298.69999998807907, 430.39999997615814, 599.8999999761581, 799.5999999940395, 967.0999999940395, 1089.699999988079, 1296.5999999940395, 1534.199999988079, 1734.199999988079, 1895.5, 2089.399999976158, 2361.399999976158, 2564.5999999940395, 2726.899999976158, 2895.5999999940395, 3036.5]",A,0,validation
1107,rithika,A,2,A_orient2,1,2,rithika/A/orient2/tilt_neutral_neutral_2/landmarks_trimmed.json,64,64,18,"[0, 3, 7, 11, 14, 18, 22, 25, 29, 33, 37, 40, 44, 48, 51, 55, 59, 63]","[68.69999998807907, 201.69999998807907, 400.90000000596046, 635.6999999880791, 768.6999999880791, 994.9000000059605, 1204.2999999821186, 1302.699999988079, 1465.4000000059605, 1665.699999988079, 1869.5, 2030.5, 2301.199999988079, 2468.0999999940395, 2603.5, 2706.7999999821186, 2901.0999999940395, 3035.199999988079]",A,0,train
1108,rithika,A,2,A_orient2,1,1,rithika/A/orient2/tilt_neutral_toward_1/landmarks_trimmed.json,69,69,18,"[0, 4, 8, 12, 16, 20, 24, 28, 32, 36, 40, 44, 48, 52, 56, 60, 64, 68]","[67.59999999403954, 231.30000001192093, 364.2000000178814, 563.5999999940395, 762.5, 929.2000000178814, 1099.800000011921, 1267.5999999940395, 1431.5, 1665.7000000178814, 1796.9000000059605, 2034.9000000059605, 2197.5, 2363.800000011921, 2532.0999999940395, 2766.9000000059605, 2899.5999999940395, 3003.5]",A,0,train
1109,rithika,A,3,A_orient3,2,1,rithika/A/orient3/tilt_back_away_1/landmarks_trimmed.json,85,85,18,"[0, 4, 9, 14, 19, 24, 29, 34, 39, 44, 49, 54, 59, 64, 69, 74, 79, 84]","[34.0, 165.2000000178814, 334.2000000178814, 496.30000001192093, 728.3000000119209, 899.8000000119209, 1062.300000011921, 1229.7000000178814, 1396.5, 1564.7000000178814, 1726.7000000178814, 1897.7000000178814, 2064.2000000178814, 2297.600000023842, 2465.300000011921, 2663.100000023842, 2864.600000023842, 3036.2000000178814]",A,0,train
1110,rithika,A,3,A_orient3,2,1,rithika/A/orient3/tilt_back_neutral_1/landmarks_trimmed.json,63,63,18,"[0, 3, 7, 10, 14, 18, 21, 25, 29, 32, 36, 40, 43, 47, 51, 54, 58, 62]","[65.39999997615814, 197.59999999403954, 363.39999997615814, 530.2999999821186, 730.0, 894.5, 1065.2999999821186, 1264.699999988079, 1460.699999988079, 1595.3999999761581, 1794.3999999761581, 1993.199999988079, 2165.399999976158, 2289.899999976158, 2532.199999988079, 2660.699999988079, 2861.399999976158, 3005.199999988079]",A,0,train
1111,rithika,A,3,A_orient3,2,2,rithika/A/orient3/tilt_back_neutral_2/landmarks_trimmed.json,47,47,18,"[0, 2, 5, 8, 10, 13, 16, 18, 21, 24, 27, 29, 32, 35, 37, 40, 43, 46]","[33.5, 131.30000001192093, 231.30000001192093, 364.5, 429.7000000178814, 693.2000000178814, 828.5999999940395, 893.0, 1860.0, 2060.0, 2228.4000000059605, 2294.7000000178814, 2398.7000000178814, 2527.0999999940395, 2597.9000000059605, 2759.800000011921, 2863.5999999940395, 3030.7000000178814]",A,0,validation
1112,rithika,A,3,A_orient3,2,1,rithika/A/orient3/tilt_back_toward_1/landmarks_trimmed.json,86,86,18,"[0, 5, 10, 15, 20, 25, 30, 35, 40, 45, 50, 55, 60, 65, 70, 75, 80, 85]","[33.19999998807907, 198.80000001192093, 366.19999998807907, 532.9000000059605, 693.6999999880791, 868.0, 1027.800000011921, 1240.0, 1461.699999988079, 1633.0, 1796.4000000059605, 1962.9000000059605, 2131.9000000059605, 2277.4000000059605, 2498.800000011921, 2664.199999988079, 2834.199999988079, 3003.800000011921]",A,0,train
1113,rithika,A,3,A_orient3,2,1,rithika/A/orient3/tilt_forward_away_1/landmarks_trimmed.json,54,54,18,"[0, 3, 6, 9, 12, 15, 18, 21, 24, 28, 31, 34, 37, 40, 43, 46, 49, 53]","[34.0, 197.90000000596046, 462.40000000596046, 632.5999999940395, 796.0999999940395, 998.6999999880791, 1232.199999988079, 1433.199999988079, 1601.0, 1800.800000011921, 1932.0999999940395, 2060.9000000059605, 2233.699999988079, 2400.5, 2566.4000000059605, 2735.699999988079, 2839.4000000059605, 3003.5999999940395]",A,0,train
1114,rithika,A,3,A_orient3,2,1,rithika/A/orient3/tilt_neutral_away_1/landmarks_trimmed.json,61,61,18,"[0, 3, 7, 10, 14, 17, 21, 24, 28, 31, 35, 38, 42, 45, 49, 52, 56, 60]","[65.40000000596046, 198.80000001192093, 396.19999998807907, 529.1999999880791, 729.0999999940395, 899.5999999940395, 1134.199999988079, 1298.4000000059605, 1466.9000000059605, 1629.9000000059605, 1827.0999999940395, 1998.4000000059605, 2199.5, 2360.199999988079, 2596.199999988079, 2727.4000000059605, 2839.300000011921, 3033.300000011921]",A,0,validation
1115,rithika,A,3,A_orient3,2,1,rithika/A/orient3/tilt_neutral_neutral_1/landmarks_trimmed.json,50,50,18,"[0, 2, 5, 8, 11, 14, 17, 20, 23, 25, 28, 31, 34, 37, 40, 43, 46, 49]","[62.599999994039536, 133.80000001192093, 264.80000001192093, 364.09999999403954, 529.2000000178814, 661.0, 798.9000000059605, 930.5999999940395, 1232.9000000059605, 1330.300000011921, 1499.0999999940395, 1627.4000000059605, 1797.4000000059605, 1893.0999999940395, 2063.5, 2228.2000000178814, 2826.300000011921, 2938.7000000178814]",A,0,train
1116,rithika,A,3,A_orient3,2,2,rithika/A/orient3/tilt_neutral_neutral_2/landmarks_trimmed.json,58,58,18,"[0, 3, 6, 10, 13, 16, 20, 23, 26, 30, 33, 36, 40, 43, 46, 50, 53, 57]","[72.39999997615814, 241.59999999403954, 408.0, 601.5999999940395, 806.2999999821186, 1005.2999999821186, 1242.199999988079, 1365.3999999761581, 1506.5, 1771.0, 1934.5, 2013.7999999821186, 2230.7999999821186, 2310.5, 2442.699999988079, 2608.0, 2772.2999999821186, 3006.2999999821186]",A,0,train
1117,rithika,A,3,A_orient3,2,1,rithika/A/orient3/tilt_neutral_toward_1/landmarks_trimmed.json,62,62,18,"[0, 3, 7, 10, 14, 17, 21, 25, 28, 32, 35, 39, 43, 46, 50, 53, 57, 61]","[67.2000000178814, 268.40000000596046, 498.90000000596046, 664.8000000119209, 869.4000000059605, 1038.0999999940395, 1232.9000000059605, 1466.7000000178814, 1633.0999999940395, 1834.0, 2034.2000000178814, 2236.5999999940395, 2431.2000000178814, 2509.300000011921, 2641.4000000059605, 2739.800000011921, 2872.0999999940395, 3033.9000000059605]",A,0,train
1118,rithika,B,1,B_orient1,3,1,rithika/B/orient1/tilt_back_away_1/landmarks_trimmed.json,80,80,18,"[0, 4, 9, 13, 18, 23, 27, 32, 37, 41, 46, 51, 55, 60, 65, 69, 74, 79]","[66.40000000596046, 200.19999998807907, 399.59999999403954, 531.9000000059605, 767.0999999940395, 930.1999999880791, 1100.5999999940395, 1295.699999988079, 1496.5999999940395, 1665.4000000059605, 1831.0999999940395, 2001.0, 2129.199999988079, 2299.4000000059605, 2534.7999999821186, 2663.7999999821186, 2866.4000000059605, 3003.9000000059605]",B,1,train
1119,rithika,B,1,B_orient1,3,1,rithika/B/orient1/tilt_back_neutral_1/landmarks_trimmed.json,89,89,18,"[0, 5, 10, 15, 20, 25, 31, 36, 41, 46, 51, 56, 62, 67, 72, 77, 82, 88]","[33.5, 200.2999999821186, 363.7999999821186, 563.0999999940395, 732.3999999761581, 897.5, 1099.2999999821186, 1295.199999988079, 1463.5, 1634.0, 1794.7999999821186, 1966.3999999761581, 2167.0, 2330.5, 2500.0999999940395, 2667.199999988079, 2832.5, 3004.399999976158]",B,1,validation
1120,rithika,B,1,B_orient1,3,2,rithika/B/orient1/tilt_back_neutral_2/landmarks_trimmed.json,68,68,18,"[0, 3, 7, 11, 15, 19, 23, 27, 31, 35, 39, 43, 47, 51, 55, 59, 63, 67]","[33.5, 178.19999998807907, 372.59999999403954, 570.2999999821186, 736.6999999880791, 941.3999999761581, 1139.0, 1371.7999999821186, 1545.5999999940395, 1740.7999999821186, 1873.699999988079, 2014.199999988079, 2178.5, 2343.0, 2508.5, 2737.2999999821186, 2839.199999988079, 3036.2999999821186]",B,1,train
1121,rithika,B,1,B_orient1,3,1,rithika/B/orient1/tilt_back_toward_1/landmarks_trimmed.json,77,77,18,"[0, 4, 8, 13, 17, 22, 26, 31, 35, 40, 44, 49, 53, 58, 62, 67, 71, 76]","[61.599999994039536, 198.39999997615814, 330.7999999821186, 528.7999999821186, 693.8999999761581, 962.0999999940395, 1097.5999999940395, 1298.3999999761581, 1429.7999999821186, 1632.0999999940395, 1796.5, 2030.199999988079, 2164.5, 2328.7999999821186, 2496.0999999940395, 2665.0, 2826.899999976158, 3030.5999999940395]",B,1,train
1122,rithika,B,1,B_orient1,3,1,rithika/B/orient1/tilt_forward_neutral_1/landmarks_trimmed.json,79,79,18,"[0, 4, 9, 13, 18, 22, 27, 32, 36, 41, 45, 50, 55, 59, 64, 68, 73, 78]","[33.5, 498.19999998807907, 661.2999999821186, 798.2999999821186, 962.1999999880791, 1129.0, 1295.8999999761581, 1460.0999999940395, 1594.3999999761581, 1761.699999988079, 1896.5, 2063.0, 2230.5999999940395, 2364.699999988079, 2530.5999999940395, 2659.0, 2829.5999999940395, 3032.399999976158]",B,1,train
1123,rithika,B,1,B_orient1,3,2,rithika/B/orient1/tilt_forward_neutral_2/landmarks_trimmed.json,20,20,18,"[0, 1, 2, 3, 4, 5, 6, 7, 8, 10, 11, 12, 13, 14, 15, 16, 17, 19]","[698.0999999940395, 731.4000000059605, 794.0999999940395, 826.5999999940395, 859.8000000119209, 897.5999999940395, 1862.300000011921, 2196.0, 2226.800000011921, 2463.5, 2499.2000000178814, 2530.7000000178814, 2561.4000000059605, 2797.7000000178814, 2827.9000000059605, 2861.0999999940395, 2899.5, 3026.7000000178814]",B,1,validation
1124,rithika,B,1,B_orient1,3,1,rithika/B/orient1/tilt_neutral_away_1/landmarks_trimmed.json,65,65,18,"[0, 3, 7, 11, 15, 18, 22, 26, 30, 33, 37, 41, 45, 48, 52, 56, 60, 64]","[33.30000001192093, 165.5, 364.5, 529.4000000059605, 730.6999999880791, 899.5999999940395, 1101.699999988079, 1334.5, 1501.699999988079, 1664.800000011921, 1864.800000011921, 2064.5999999940395, 2233.9000000059605, 2398.9000000059605, 2570.800000011921, 2764.5999999940395, 2899.0, 3003.5999999940395]",B,1,train
1125,rithika,B,1,B_orient1,3,1,rithika/B/orient1/tilt_neutral_neutral_1/landmarks_trimmed.json,62,62,18,"[0, 3, 7, 10, 14, 17, 21, 25, 28, 32, 35, 39, 43, 46, 50, 53, 57, 61]","[67.80000001192093, 239.40000000596046, 439.40000000596046, 568.8000000119209, 770.6000000238419, 894.6000000238419, 1134.800000011921, 1336.4000000059605, 1541.5, 1807.7000000178814, 2007.0, 2170.300000011921, 2338.300000011921, 2440.600000023842, 2574.600000023842, 2700.600000023842, 2839.0, 3038.800000011921]",B,1,train
1126,rithika,B,1,B_orient1,3,2,rithika/B/orient1/tilt_neutral_neutral_2/landmarks_trimmed.json,81,81,18,"[0, 4, 9, 14, 18, 23, 28, 32, 37, 42, 47, 51, 56, 61, 65, 70, 75, 80]","[62.19999998807907, 165.39999997615814, 330.7999999821186, 564.5999999940395, 759.8999999761581, 927.0999999940395, 1095.699999988079, 1227.8999999761581, 1397.699999988079, 1563.7999999821186, 1794.0, 1930.199999988079, 2098.5, 2331.199999988079, 2461.399999976158, 2626.5999999940395, 2860.399999976158, 3003.399999976158]",B,1,train
1127,rithika,B,1,B_orient1,3,1,rithika/B/orient1/tilt_neutral_toward_1/landmarks_trimmed.json,64,64,18,"[0, 3, 7, 11, 14, 18, 22, 25, 29, 33, 37, 40, 44, 48, 51, 55, 59, 63]","[33.5, 165.59999999403954, 330.80000001192093, 530.5999999940395, 700.1999999880791, 862.5999999940395, 1066.0999999940395, 1190.5999999940395, 1429.300000011921, 1630.199999988079, 1794.4000000059605, 1961.300000011921, 2164.4000000059605, 2365.800000011921, 2499.9000000059605, 2640.9000000059605, 2838.800000011921, 3030.199999988079]",B,1,train
1128,rithika,B,2,B_orient2,4,1,rithika/B/orient2/tilt_back_neutral_1/landmarks_trimmed.json,59,59,18,"[0, 3, 6, 10, 13, 17, 20, 23, 27, 30, 34, 37, 40, 44, 47, 51, 54, 58]","[74.30000001192093, 199.7000000178814, 367.2000000178814, 601.4000000059605, 764.7000000178814, 965.8000000119209, 1170.4000000059605, 1299.0, 1533.4000000059605, 1702.0, 1899.7000000178814, 2070.4000000059605, 2263.0, 2467.2000000178814, 2575.100000023842, 2707.300000011921, 2868.9000000059605, 3004.300000011921]",B,1,train
1129,rithika,B,2,B_orient2,4,2,rithika/B/orient2/tilt_back_neutral_2/landmarks_trimmed.json,81,81,18,"[0, 4, 9, 14, 18, 23, 28, 32, 37, 42, 47, 51, 56, 61, 65, 70, 75, 80]","[33.39999997615814, 165.2999999821186, 395.5, 565.3999999761581, 694.7999999821186, 862.3999999761581, 1136.5999999940395, 1326.7999999821186, 1492.0, 1664.199999988079, 1864.0, 1992.8999999761581, 2163.699999988079, 2359.5, 2495.899999976158, 2696.7999999821186, 2863.2999999821186, 3029.2999999821186]",B,1,train
1130,rithika,B,2,B_orient2,4,1,rithika/B/orient2/tilt_back_toward_1/landmarks_trimmed.json,22,22,18,"[0, 1, 2, 3, 4, 6, 7, 8, 9, 11, 12, 13, 14, 16, 17, 18, 19, 21]","[1730.199999988079, 1932.0999999940395, 1998.5, 2066.199999988079, 2098.0, 2231.0999999940395, 2292.800000011921, 2367.5999999940395, 2397.9000000059605, 2498.300000011921, 2565.300000011921, 2626.800000011921, 2695.699999988079, 2828.5, 2863.0999999940395, 2902.4000000059605, 2933.800000011921, 3029.699999988079]",B,1,validation
1131,rithika,B,2,B_orient2,4,1,rithika/B/orient2/tilt_forward_away_1/landmarks_trimmed.json,51,51,18,"[0, 2, 5, 8, 11, 14, 17, 20, 23, 26, 29, 32, 35, 38, 41, 44, 47, 50]","[39.099999994039536, 175.09999999403954, 336.80000001192093, 508.40000000596046, 641.8000000119209, 773.4000000059605, 907.0, 1042.0, 1544.2000000178814, 1639.4000000059605, 1773.2000000178814, 2206.800000011921, 2278.0, 2408.2000000178814, 2541.4000000059605, 2741.9000000059605, 2871.2000000178814, 3006.7000000178814]",B,1,train
1132,rithika,B,2,B_orient2,4,1,rithika/B/orient2/tilt_forward_neutral_1/landmarks_trimmed.json,60,60,18,"[0, 3, 6, 10, 13, 17, 20, 24, 27, 31, 34, 38, 41, 45, 48, 52, 55, 59]","[70.89999997615814, 165.5, 332.39999997615814, 533.3999999761581, 700.7999999821186, 902.1999999880791, 1031.699999988079, 1299.199999988079, 1426.2999999821186, 1664.0999999940395, 1793.3999999761581, 2037.0999999940395, 2164.399999976158, 2436.0, 2565.0, 2737.2999999821186, 2865.7999999821186, 3003.2999999821186]",B,1,train
1133,rithika,B,2,B_orient2,4,2,rithika/B/orient2/tilt_forward_neutral_2/landmarks_trimmed.json,67,67,18,"[0, 3, 7, 11, 15, 19, 23, 27, 31, 34, 38, 42, 46, 50, 54, 58, 62, 66]","[34.099999994039536, 132.80000001192093, 264.59999999403954, 397.80000001192093, 561.8000000119209, 693.5999999940395, 866.0, 1100.300000011921, 1255.9000000059605, 1430.5, 1666.4000000059605, 1858.0999999940395, 2061.199999988079, 2267.5999999940395, 2532.699999988079, 2729.0999999940395, 2901.800000011921, 3003.800000011921]",B,1,train
1134,rithika,B,2,B_orient2,4,1,rithika/B/orient2/tilt_forward_toward_1/landmarks_trimmed.json,89,89,18,"[0, 5, 10, 15, 20, 25, 31, 36, 41, 46, 51, 56, 62, 67, 72, 77, 82, 88]","[33.10000002384186, 198.80000001192093, 363.60000002384186, 529.3000000119209, 698.8000000119209, 863.1000000238419, 1063.1000000238419, 1224.9000000059605, 1392.7000000178814, 1565.6000000238419, 1728.2000000178814, 1895.1000000238419, 2162.5, 2328.600000023842, 2490.2000000178814, 2663.100000023842, 2831.9000000059605, 3030.2000000178814]",B,1,train
1135,rithika,B,2,B_orient2,4,1,rithika/B/orient2/tilt_neutral_away_1/landmarks_trimmed.json,79,79,18,"[0, 4, 9, 13, 18, 22, 27, 32, 36, 41, 45, 50, 55, 59, 64, 68, 73, 78]","[67.60000002384186, 302.10000002384186, 538.1000000238419, 672.5, 835.9000000059605, 972.4000000059605, 1172.5, 1471.800000011921, 1633.9000000059605, 1804.6000000238419, 1933.6000000238419, 2104.9000000059605, 2270.600000023842, 2406.300000011921, 2541.0, 2673.2000000178814, 2838.7000000178814, 3004.600000023842]",B,1,train
1136,rithika,B,2,B_orient2,4,1,rithika/B/orient2/tilt_neutral_neutral_1/landmarks_trimmed.json,68,68,18,"[0, 3, 7, 11, 15, 19, 23, 27, 31, 35, 39, 43, 47, 51, 55, 59, 63, 67]","[67.90000000596046, 200.0, 364.09999999403954, 566.0999999940395, 733.3000000119209, 891.5, 1101.699999988079, 1266.9000000059605, 1497.5, 1632.0999999940395, 1832.0, 2032.0, 2197.300000011921, 2398.5, 2565.0999999940395, 2764.9000000059605, 2871.5999999940395, 3003.9000000059605]",B,1,train
1137,rithika,B,2,B_orient2,4,2,rithika/B/orient2/tilt_neutral_neutral_2/landmarks_trimmed.json,57,57,18,"[0, 3, 6, 9, 13, 16, 19, 23, 26, 29, 32, 36, 39, 42, 46, 49, 52, 56]","[33.599999994039536, 201.59999999403954, 330.90000000596046, 502.19999998807907, 702.6999999880791, 832.6999999880791, 1002.0999999940395, 1237.0999999940395, 1429.800000011921, 1635.800000011921, 1805.4000000059605, 2034.0, 2235.4000000059605, 2371.4000000059605, 2542.5, 2701.9000000059605, 2825.699999988079, 3003.4000000059605]",B,1,train
1138,rithika,B,2,B_orient2,4,1,rithika/B/orient2/tilt_neutral_toward_1/landmarks_trimmed.json,89,89,18,"[0, 5, 10, 15, 20, 25, 31, 36, 41, 46, 51, 56, 62, 67, 72, 77, 82, 88]","[61.60000002384186, 198.5, 363.5, 529.9000000059605, 727.3000000119209, 896.7000000178814, 1096.6000000238419, 1265.0, 1429.800000011921, 1592.300000011921, 1763.2000000178814, 1925.300000011921, 2128.4000000059605, 2295.2000000178814, 2500.100000023842, 2662.9000000059605, 2826.9000000059605, 3003.5]",B,1,train
1139,rithika,C,1,C_orient1,5,1,rithika/C/orient1/tilt_back_away_1/landmarks_trimmed.json,19,19,18,"[0, 1, 2, 3, 4, 5, 6, 7, 8, 9, 10, 11, 12, 13, 14, 15, 16, 18]","[33.400000005960464, 69.2000000178814, 144.40000000596046, 410.90000000596046, 499.2000000178814, 566.1000000238419, 599.6000000238419, 633.1000000238419, 666.6000000238419, 700.1000000238419, 768.6000000238419, 804.1000000238419, 880.0, 949.2000000178814, 1012.7000000178814, 1074.2000000178814, 1134.9000000059605, 1849.1000000238419]",C,2,train
1140,rithika,C,1,C_orient1,5,1,rithika/C/orient1/tilt_forward_away_1/landmarks_trimmed.json,49,49,18,"[0, 2, 5, 8, 11, 14, 16, 19, 22, 25, 28, 31, 33, 36, 39, 42, 45, 48]","[33.60000002384186, 364.40000000596046, 498.90000000596046, 632.7000000178814, 834.2000000178814, 1294.7000000178814, 1397.9000000059605, 1564.7000000178814, 1700.800000011921, 1831.1000000238419, 1998.300000011921, 2159.7000000178814, 2265.9000000059605, 2463.9000000059605, 2668.4000000059605, 2797.100000023842, 2903.600000023842, 3004.2000000178814]",C,2,validation
1141,rithika,C,1,C_orient1,5,1,rithika/C/orient1/tilt_forward_toward_1/landmarks_trimmed.json,60,60,18,"[0, 3, 6, 10, 13, 17, 20, 24, 27, 31, 34, 38, 41, 45, 48, 52, 55, 59]","[37.599999994039536, 169.69999998807907, 368.2999999821186, 605.0, 806.3999999761581, 994.7999999821186, 1204.3999999761581, 1402.699999988079, 1573.0999999940395, 1729.0999999940395, 1906.5999999940395, 2103.7999999821186, 2211.7999999821186, 2408.0, 2540.7999999821186, 2700.199999988079, 2840.7999999821186, 3003.0999999940395]",C,2,train
1142,rithika,C,1,C_orient1,5,1,rithika/C/orient1/tilt_neutral_neutral_1/landmarks_trimmed.json,62,62,18,"[0, 3, 7, 10, 14, 17, 21, 25, 28, 32, 35, 39, 43, 46, 50, 53, 57, 61]","[35.900000005960464, 202.2000000178814, 404.40000000596046, 538.0, 737.3000000119209, 902.5, 1103.0, 1339.5, 1469.9000000059605, 1666.4000000059605, 1837.5999999940395, 2069.0999999940395, 2238.300000011921, 2370.2000000178814, 2537.300000011921, 2607.5999999940395, 2838.5999999940395, 3005.800000011921]",C,2,train
1143,rithika,C,1,C_orient1,5,2,rithika/C/orient1/tilt_neutral_neutral_2/landmarks_trimmed.json,76,76,18,"[0, 4, 8, 13, 17, 22, 26, 30, 35, 39, 44, 48, 52, 57, 61, 66, 70, 75]","[95.59999999403954, 226.80000001192093, 396.19999998807907, 562.1999999880791, 694.0999999940395, 891.5, 1125.5999999940395, 1258.4000000059605, 1459.199999988079, 1629.300000011921, 1794.4000000059605, 1961.0, 2195.300000011921, 2392.0, 2561.0999999940395, 2722.0999999940395, 2859.0999999940395, 3004.800000011921]",C,2,train
1144,rithika,C,1,C_orient1,5,1,rithika/C/orient1/tilt_neutral_toward_1/landmarks_trimmed.json,46,46,18,"[0, 2, 5, 7, 10, 13, 15, 18, 21, 23, 26, 29, 31, 34, 37, 39, 42, 45]","[33.29999998211861, 129.0, 198.2999999821186, 297.2999999821186, 429.0, 562.1999999880791, 991.6999999880791, 1193.199999988079, 1327.0999999940395, 1423.699999988079, 1861.5999999940395, 1995.5, 2094.199999988079, 2193.0999999940395, 2390.5, 2461.2999999821186, 2657.5, 3056.9000000059605]",C,2,train
1145,rithika,D,1,D_orient1,6,1,rithika/D/orient1/tilt_back_away_1/landmarks_trimmed.json,52,52,18,"[0, 3, 6, 9, 12, 15, 18, 21, 24, 27, 30, 33, 36, 39, 42, 45, 48, 51]","[67.2999999821186, 197.7999999821186, 367.59999999403954, 536.0, 775.5, 902.1999999880791, 1002.5, 1166.0, 1300.199999988079, 1667.3999999761581, 1798.699999988079, 1969.0, 2098.899999976158, 2267.399999976158, 2365.7999999821186, 2538.399999976158, 2608.199999988079, 2706.7999999821186]",D,3,validation
1146,rithika,D,1,D_orient1,6,1,rithika/D/orient1/tilt_back_neutral_1/landmarks_trimmed.json,19,19,18,"[0, 1, 2, 3, 4, 5, 6, 7, 8, 9, 10, 11, 12, 13, 14, 15, 16, 18]","[1432.800000011921, 1530.9000000059605, 1664.300000011921, 1697.4000000059605, 1765.9000000059605, 1831.6000000238419, 1866.0, 1897.2000000178814, 1930.1000000238419, 1964.1000000238419, 2027.1000000238419, 2062.300000011921, 2100.5, 2165.300000011921, 2227.2000000178814, 2263.2000000178814, 2332.9000000059605, 2429.800000011921]",D,3,validation
1147,rithika,D,1,D_orient1,6,1,rithika/D/orient1/tilt_back_toward_1/landmarks_trimmed.json,60,60,18,"[0, 3, 6, 10, 13, 17, 20, 24, 27, 31, 34, 38, 41, 45, 48, 52, 55, 59]","[69.30000001192093, 165.0, 297.19999998807907, 534.5999999940395, 665.0, 932.0999999940395, 1128.9000000059605, 1361.699999988079, 1569.199999988079, 1801.699999988079, 1963.199999988079, 2168.300000011921, 2264.800000011921, 2496.800000011921, 2632.699999988079, 2767.4000000059605, 2864.9000000059605, 3001.300000011921]",D,3,train
1148,rithika,D,1,D_orient1,6,2,rithika/D/orient1/tilt_forward_neutral_2/landmarks_trimmed.json,25,25,18,"[0, 1, 2, 4, 5, 7, 8, 9, 11, 12, 14, 15, 16, 18, 19, 21, 22, 24]","[65.30000001192093, 263.40000000596046, 600.4000000059605, 696.5999999940395, 766.3000000119209, 865.7000000178814, 927.2000000178814, 999.7000000178814, 1100.7000000178814, 1129.300000011921, 1196.800000011921, 1263.9000000059605, 1333.5, 1431.300000011921, 1463.7000000178814, 1565.5, 1966.0, 3003.4000000059605]",D,3,train
1149,rithika,D,1,D_orient1,6,1,rithika/D/orient1/tilt_neutral_away_1/landmarks_trimmed.json,72,72,18,"[0, 4, 8, 12, 16, 20, 25, 29, 33, 37, 41, 45, 50, 54, 58, 62, 66, 71]","[33.20000001788139, 166.59999999403954, 297.40000000596046, 430.30000001192093, 628.8000000119209, 830.2000000178814, 997.9000000059605, 1198.0, 1364.5999999940395, 1567.2000000178814, 1766.800000011921, 1997.2000000178814, 2167.800000011921, 2362.300000011921, 2565.5, 2697.0, 2867.0, 3026.7000000178814]",D,3,train
1150,rithika,D,1,D_orient1,6,1,rithika/D/orient1/tilt_neutral_neutral_1/landmarks_trimmed.json,68,68,18,"[0, 3, 7, 11, 15, 19, 23, 27, 31, 35, 39, 43, 47, 51, 55, 59, 63, 67]","[64.0, 133.09999999403954, 331.0, 537.5, 698.7999999821186, 928.7999999821186, 1132.5999999940395, 1331.199999988079, 1528.199999988079, 1665.7999999821186, 1864.699999988079, 2066.399999976158, 2199.0, 2366.0, 2566.899999976158, 2764.199999988079, 2902.0, 3003.0999999940395]",D,3,train
1151,rithika,D,1,D_orient1,6,2,rithika/D/orient1/tilt_neutral_neutral_2/landmarks_trimmed.json,58,58,18,"[0, 3, 6, 10, 13, 16, 20, 23, 26, 30, 33, 36, 40, 43, 46, 50, 53, 57]","[33.79999998211861, 132.59999999403954, 297.2999999821186, 502.7999999821186, 663.0, 797.0999999940395, 1062.3999999761581, 1227.0999999940395, 1433.0, 1632.199999988079, 1765.3999999761581, 1931.699999988079, 2125.5, 2297.0999999940395, 2496.699999988079, 2726.5, 2863.7999999821186, 3000.699999988079]",D,3,train
1152,rithika,D,1,D_orient1,6,1,rithika/D/orient1/tilt_neutral_toward_1/landmarks_trimmed.json,61,61,18,"[0, 3, 7, 10, 14, 17, 21, 24, 28, 31, 35, 38, 42, 45, 49, 52, 56, 60]","[34.19999998807907, 164.59999999403954, 364.0, 531.5, 731.2999999821186, 893.8999999761581, 1097.3999999761581, 1263.0999999940395, 1500.5999999940395, 1624.3999999761581, 1898.2999999821186, 2035.0, 2263.399999976158, 2388.2999999821186, 2597.0, 2706.5999999940395, 2896.699999988079, 3004.899999976158]",D,3,train
1153,rithika,D,2,D_orient2,7,1,rithika/D/orient2/tilt_back_away_1/landmarks_trimmed.json,66,66,18,"[0, 3, 7, 11, 15, 19, 22, 26, 30, 34, 38, 42, 45, 49, 53, 57, 61, 65]","[561.4000000059605, 661.0, 797.5999999940395, 928.5, 1097.0, 1230.300000011921, 1325.0, 1497.0999999940395, 1730.800000011921, 1860.4000000059605, 2030.4000000059605, 2160.4000000059605, 2265.0, 2393.800000011921, 2531.5, 2660.0, 2896.0999999940395, 3026.300000011921]",D,3,train
1154,rithika,D,2,D_orient2,7,1,rithika/D/orient2/tilt_back_neutral_1/landmarks_trimmed.json,72,72,18,"[0, 4, 8, 12, 16, 20, 25, 29, 33, 37, 41, 45, 50, 54, 58, 62, 66, 71]","[33.400000005960464, 165.59999999403954, 330.59999999403954, 464.59999999403954, 663.5, 797.7999999821186, 1031.5, 1191.7999999821186, 1365.199999988079, 1498.199999988079, 1663.699999988079, 1863.2999999821186, 2095.9000000059605, 2302.9000000059605, 2461.0, 2631.9000000059605, 2772.199999988079, 3002.199999988079]",D,3,train
1155,rithika,D,2,D_orient2,7,2,rithika/D/orient2/tilt_back_neutral_2/landmarks_trimmed.json,60,60,18,"[0, 3, 6, 10, 13, 17, 20, 24, 27, 31, 34, 38, 41, 45, 48, 52, 55, 59]","[68.5, 199.19999998807907, 367.2999999821186, 561.1999999880791, 770.4000000059605, 997.0999999940395, 1168.2999999821186, 1399.5, 1494.9000000059605, 1731.0999999940395, 1900.7999999821186, 2099.699999988079, 2267.699999988079, 2500.699999988079, 2629.9000000059605, 2765.7999999821186, 2863.0, 3000.7999999821186]",D,3,train
1156,rithika,D,2,D_orient2,7,1,rithika/D/orient2/tilt_forward_away_1/landmarks_trimmed.json,38,38,18,"[0, 2, 4, 6, 8, 10, 13, 15, 17, 19, 21, 23, 26, 28, 30, 32, 34, 37]","[34.10000002384186, 474.80000001192093, 832.1000000238419, 999.4000000059605, 1166.9000000059605, 1235.5, 1333.800000011921, 1399.4000000059605, 1462.4000000059605, 1533.7000000178814, 1600.7000000178814, 1668.1000000238419, 1761.2000000178814, 1832.2000000178814, 1899.1000000238419, 1965.6000000238419, 2033.0, 2868.7000000178814]",D,3,train
1157,rithika,D,2,D_orient2,7,1,rithika/D/orient2/tilt_neutral_away_1/landmarks_trimmed.json,63,63,18,"[0, 3, 7, 10, 14, 18, 21, 25, 29, 32, 36, 40, 43, 47, 51, 54, 58, 62]","[69.5, 165.5, 364.19999998807907, 495.69999998807907, 698.3000000119209, 898.5999999940395, 1067.699999988079, 1264.800000011921, 1462.5999999940395, 1602.5999999940395, 1834.300000011921, 1996.300000011921, 2162.5, 2366.5999999940395, 2558.300000011921, 2700.300000011921, 2860.4000000059605, 3001.9000000059605]",D,3,train
1158,rithika,D,2,D_orient2,7,1,rithika/D/orient2/tilt_neutral_neutral_1/landmarks_trimmed.json,60,60,18,"[0, 3, 6, 10, 13, 17, 20, 24, 27, 31, 34, 38, 41, 45, 48, 52, 55, 59]","[71.30000001192093, 232.0, 401.69999998807907, 570.5, 696.5999999940395, 934.8000000119209, 1071.4000000059605, 1297.300000011921, 1497.9000000059605, 1696.5999999940395, 1866.4000000059605, 2098.699999988079, 2266.800000011921, 2467.699999988079, 2598.0999999940395, 2733.5, 2839.0999999940395, 3033.9000000059605]",D,3,train
1159,rithika,D,2,D_orient2,7,2,rithika/D/orient2/tilt_neutral_neutral_2/landmarks_trimmed.json,59,59,18,"[0, 3, 6, 10, 13, 17, 20, 23, 27, 30, 34, 37, 40, 44, 47, 51, 54, 58]","[67.09999999403954, 269.2999999821186, 400.09999999403954, 635.3999999761581, 803.0999999940395, 997.3999999761581, 1167.5999999940395, 1301.0999999940395, 1497.0999999940395, 1703.7999999821186, 1938.0, 2097.5999999940395, 2234.2999999821186, 2467.2999999821186, 2602.399999976158, 2707.0, 2838.5999999940395, 3030.2999999821186]",D,3,train
1160,rithika,E,1,E_orient1,8,1,rithika/E/orient1/tilt_back_away_1/landmarks_trimmed.json,35,35,18,"[0, 2, 4, 6, 8, 10, 12, 14, 16, 18, 20, 22, 24, 26, 28, 30, 32, 34]","[97.19999998807907, 368.5999999642372, 1325.2999999523163, 1468.3999999761581, 1601.2999999523163, 1697.5999999642372, 1798.0, 1898.199999988079, 1997.8999999761581, 2089.099999964237, 2234.199999988079, 2332.7999999523163, 2465.099999964237, 2697.599999964237, 2792.399999976158, 2859.899999976158, 2967.099999964237, 3003.099999964237]",E,4,train
1161,rithika,E,1,E_orient1,8,1,rithika/E/orient1/tilt_back_neutral_1/landmarks_trimmed.json,43,43,18,"[0, 2, 4, 7, 9, 12, 14, 17, 19, 22, 24, 27, 29, 32, 34, 37, 39, 42]","[173.20000004768372, 270.7000000476837, 504.10000002384186, 774.1000000238419, 838.5, 1000.3000000119209, 1103.2000000476837, 1501.800000011921, 1641.800000011921, 1803.0, 1971.6000000238419, 2107.600000023842, 2375.7000000476837, 2508.300000011921, 2608.2000000476837, 2739.400000035763, 2838.100000023842, 3004.0]",E,4,train
1162,rithika,E,1,E_orient1,8,2,rithika/E/orient1/tilt_back_neutral_2/landmarks_trimmed.json,66,66,18,"[0, 3, 7, 11, 15, 19, 22, 26, 30, 34, 38, 42, 45, 49, 53, 57, 61, 65]","[67.30000001192093, 233.60000002384186, 399.9000000357628, 600.1000000238419, 802.3000000119209, 1065.4000000357628, 1190.199999988079, 1397.9000000357628, 1597.199999988079, 1790.5, 1930.5, 2135.699999988079, 2289.900000035763, 2496.600000023842, 2632.5, 2765.900000035763, 2900.0, 3003.5]",E,4,train
1163,rithika,E,1,E_orient1,8,1,rithika/E/orient1/tilt_back_toward_1/landmarks_trimmed.json,66,66,18,"[0, 3, 7, 11, 15, 19, 22, 26, 30, 34, 38, 42, 45, 49, 53, 57, 61, 65]","[126.69999998807907, 319.39999997615814, 429.19999998807907, 760.0999999642372, 893.5, 1024.199999988079, 1359.2999999523163, 1594.5, 1725.7999999523163, 1855.5, 2032.2999999523163, 2193.199999988079, 2288.199999988079, 2428.099999964237, 2555.899999976158, 2760.599999964237, 2891.7999999523163, 3026.7999999523163]",E,4,train
1164,rithika,E,1,E_orient1,8,1,rithika/E/orient1/tilt_forward_away_1/landmarks_trimmed.json,59,59,18,"[0, 3, 6, 10, 13, 17, 20, 23, 27, 30, 34, 37, 40, 44, 47, 51, 54, 58]","[71.69999998807907, 202.10000002384186, 371.5, 571.4000000357628, 702.1000000238419, 936.1000000238419, 1103.6000000238419, 1304.300000011921, 1504.800000011921, 1635.1000000238419, 1833.5, 2006.199999988079, 2135.300000011921, 2308.199999988079, 2440.100000023842, 2607.600000023842, 2772.0, 2969.800000011921]",E,4,train
1165,rithika,E,1,E_orient1,8,1,rithika/E/orient1/tilt_forward_neutral_1/landmarks_trimmed.json,56,56,18,"[0, 3, 6, 9, 12, 16, 19, 22, 25, 29, 32, 35, 38, 42, 45, 48, 51, 55]","[69.59999999403954, 165.30000001192093, 336.40000000596046, 532.0, 660.8000000119209, 900.8000000119209, 994.4000000059605, 1166.9000000059605, 1331.4000000059605, 1530.7000000178814, 1696.5, 1900.2000000178814, 2067.800000011921, 2260.800000011921, 2535.4000000059605, 2705.0999999940395, 2833.0999999940395, 3001.300000011921]",E,4,train
1166,rithika,E,1,E_orient1,8,2,rithika/E/orient1/tilt_forward_neutral_2/landmarks_trimmed.json,76,76,18,"[0, 4, 8, 13, 17, 22, 26, 30, 35, 39, 44, 48, 52, 57, 61, 66, 70, 75]","[34.099999994039536, 166.09999999403954, 366.0, 529.8000000119209, 666.5, 865.5, 1032.8999999761581, 1165.0, 1369.0, 1533.3999999761581, 1736.1000000238419, 1967.5, 2100.399999976158, 2302.0, 2461.699999988079, 2639.300000011921, 2836.0, 3008.899999976158]",E,4,train
1167,rithika,E,1,E_orient1,8,1,rithika/E/orient1/tilt_forward_toward_1/landmarks_trimmed.json,69,69,18,"[0, 4, 8, 12, 16, 20, 24, 28, 32, 36, 40, 44, 48, 52, 56, 60, 64, 68]","[33.69999998807907, 198.69999998807907, 394.69999998807907, 596.0999999940395, 728.5, 929.0999999940395, 1133.199999988079, 1260.9000000059605, 1430.0999999940395, 1596.199999988079, 1790.9000000059605, 1964.699999988079, 2166.199999988079, 2336.2999999821186, 2525.5, 2640.699999988079, 2860.699999988079, 3060.0]",E,4,train
1168,rithika,E,1,E_orient1,8,1,rithika/E/orient1/tilt_neutral_away_1/landmarks_trimmed.json,63,63,18,"[0, 3, 7, 10, 14, 18, 21, 25, 29, 32, 36, 40, 43, 47, 51, 54, 58, 62]","[35.0, 198.10000002384186, 441.10000002384186, 562.1999999880791, 770.6999999880791, 931.1999999880791, 1101.199999988079, 1303.4000000357628, 1529.800000011921, 1644.800000011921, 1864.699999988079, 2067.400000035763, 2175.0, 2368.100000023842, 2531.900000035763, 2635.400000035763, 2772.900000035763, 2970.300000011921]",E,4,train
1169,rithika,E,1,E_orient1,8,1,rithika/E/orient1/tilt_neutral_neutral_1/landmarks_trimmed.json,61,61,18,"[0, 3, 7, 10, 14, 17, 21, 24, 28, 31, 35, 38, 42, 45, 49, 52, 56, 60]","[70.80000001192093, 233.39999997615814, 467.89999997615814, 633.8000000119209, 834.3000000119209, 1001.3000000119209, 1239.3999999761581, 1396.5, 1606.0, 1765.6000000238419, 1971.1000000238419, 2096.5, 2335.399999976158, 2470.0, 2575.300000011921, 2695.899999976158, 2805.699999988079, 3004.300000011921]",E,4,train
1170,rithika,E,1,E_orient1,8,2,rithika/E/orient1/tilt_neutral_neutral_2/landmarks_trimmed.json,88,88,18,"[0, 5, 10, 15, 20, 25, 30, 35, 40, 46, 51, 56, 61, 66, 71, 76, 81, 87]","[33.5, 198.69999998807907, 364.0, 561.8000000119209, 728.6999999880791, 896.0, 1065.6000000238419, 1261.4000000357628, 1428.1000000238419, 1631.4000000357628, 1793.699999988079, 1964.800000011921, 2157.699999988079, 2328.699999988079, 2497.600000023842, 2659.300000011921, 2829.699999988079, 3027.400000035763]",E,4,train
1171,rithika,E,1,E_orient1,8,1,rithika/E/orient1/tilt_neutral_toward_1/landmarks_trimmed.json,61,61,18,"[0, 3, 7, 10, 14, 17, 21, 24, 28, 31, 35, 38, 42, 45, 49, 52, 56, 60]","[70.30000001192093, 231.19999998807907, 405.10000002384186, 598.4000000357628, 772.1000000238419, 965.6999999880791, 1165.9000000357628, 1335.300000011921, 1536.5, 1667.6000000238419, 1867.5, 2036.1000000238419, 2232.600000023842, 2373.100000023842, 2566.400000035763, 2674.199999988079, 2863.199999988079, 3037.100000023842]",E,4,train
1172,rithika,E,2,E_orient2,9,1,rithika/E/orient2/tilt_back_away_1/landmarks_trimmed.json,62,62,18,"[0, 3, 7, 10, 14, 17, 21, 25, 28, 32, 35, 39, 43, 46, 50, 53, 57, 61]","[33.0, 202.4000000357628, 361.10000002384186, 502.10000002384186, 690.0, 836.1999999880791, 1067.199999988079, 1231.1000000238419, 1401.699999988079, 1598.1000000238419, 1764.9000000357628, 1965.199999988079, 2198.800000011921, 2331.600000023842, 2568.300000011921, 2673.5, 2838.699999988079, 3024.400000035763]",E,4,train
1173,rithika,E,2,E_orient2,9,1,rithika/E/orient2/tilt_back_neutral_1/landmarks_trimmed.json,61,61,18,"[0, 3, 7, 10, 14, 17, 21, 24, 28, 31, 35, 38, 42, 45, 49, 52, 56, 60]","[33.30000001192093, 197.19999998807907, 396.39999997615814, 535.6999999880791, 726.6000000238419, 870.8999999761581, 1097.8999999761581, 1224.300000011921, 1430.699999988079, 1564.6000000238419, 1694.3999999761581, 1795.8999999761581, 1964.300000011921, 2129.300000011921, 2331.5, 2497.0, 2739.5, 3001.0]",E,4,train
1174,rithika,E,2,E_orient2,9,2,rithika/E/orient2/tilt_back_neutral_2/landmarks_trimmed.json,42,42,18,"[0, 2, 4, 7, 9, 12, 14, 16, 19, 21, 24, 26, 28, 31, 33, 36, 38, 41]","[34.0, 132.89999997615814, 232.10000002384186, 399.60000002384186, 496.80000001192093, 635.3999999761581, 735.6000000238419, 834.1999999880791, 1002.8999999761581, 1165.8999999761581, 1366.0, 1465.1000000238419, 1565.0, 2397.300000011921, 2495.699999988079, 2773.300000011921, 2872.100000023842, 3034.0]",E,4,train
1175,rithika,E,2,E_orient2,9,1,rithika/E/orient2/tilt_back_toward_1/landmarks_trimmed.json,53,53,18,"[0, 3, 6, 9, 12, 15, 18, 21, 24, 27, 30, 33, 36, 39, 42, 45, 48, 52]","[69.69999998807907, 367.60000002384186, 562.1999999880791, 694.1999999880791, 868.5, 1029.6000000238419, 1167.699999988079, 1260.199999988079, 1362.9000000357628, 1528.800000011921, 1692.4000000357628, 1798.9000000357628, 2033.800000011921, 2166.5, 2263.900000035763, 2628.600000023842, 2795.900000035763, 3030.199999988079]",E,4,train
1176,rithika,E,2,E_orient2,9,1,rithika/E/orient2/tilt_forward_away_1/landmarks_trimmed.json,54,54,18,"[0, 3, 6, 9, 12, 15, 18, 21, 24, 28, 31, 34, 37, 40, 43, 46, 49, 53]","[61.40000003576279, 132.20000004768372, 298.2000000476837, 497.2000000476837, 667.8000000119209, 764.7000000476837, 933.3000000119209, 1095.1000000238419, 1264.300000011921, 1466.2000000476837, 1564.9000000357628, 1731.800000011921, 1832.300000011921, 1968.9000000357628, 2098.800000011921, 2231.7000000476837, 2399.800000011921, 2759.600000023842]",E,4,train
1177,rithika,E,2,E_orient2,9,2,rithika/E/orient2/tilt_forward_neutral_2/landmarks_trimmed.json,72,72,18,"[0, 4, 8, 12, 16, 20, 25, 29, 33, 37, 41, 45, 50, 54, 58, 62, 66, 71]","[56.69999998807907, 198.30000001192093, 331.0, 464.10000002384186, 594.1000000238419, 727.8000000119209, 895.4000000357628, 1030.9000000357628, 1157.199999988079, 1296.0, 1430.9000000357628, 1559.699999988079, 1729.300000011921, 1864.0, 2062.600000023842, 2528.400000035763, 2695.400000035763, 3028.800000011921]",E,4,validation
1178,rithika,E,2,E_orient2,9,1,rithika/E/orient2/tilt_forward_toward_1/landmarks_trimmed.json,30,30,18,"[0, 1, 3, 5, 6, 8, 10, 11, 13, 15, 17, 18, 20, 22, 23, 25, 27, 29]","[67.69999998807907, 135.5999999642372, 199.19999998807907, 301.5, 372.0, 468.0, 732.8999999761581, 1266.0, 1502.699999988079, 2138.599999964237, 2268.899999976158, 2468.199999988079, 2565.599999964237, 2664.399999976158, 2674.300000011921, 2740.399999976158, 2905.199999988079, 2971.099999964237]",E,4,train
1179,rithika,E,2,E_orient2,9,1,rithika/E/orient2/tilt_neutral_away_1/landmarks_trimmed.json,86,86,18,"[0, 5, 10, 15, 20, 25, 30, 35, 40, 45, 50, 55, 60, 65, 70, 75, 80, 85]","[34.5, 201.4000000357628, 368.4000000357628, 564.0, 764.2000000476837, 933.4000000357628, 1099.6000000238419, 1300.6000000238419, 1464.1000000238419, 1664.7000000476837, 1829.4000000357628, 1999.4000000357628, 2168.300000011921, 2328.300000011921, 2501.600000023842, 2663.2000000476837, 2868.2000000476837, 3003.5]",E,4,train
1180,rithika,E,2,E_orient2,9,1,rithika/E/orient2/tilt_neutral_neutral_1/landmarks_trimmed.json,54,54,18,"[0, 3, 6, 9, 12, 15, 18, 21, 24, 28, 31, 34, 37, 40, 43, 46, 49, 53]","[61.09999996423721, 167.29999995231628, 336.69999998807907, 498.0999999642372, 670.3999999761581, 837.0999999642372, 999.6999999880791, 1168.199999988079, 1336.5, 1536.0999999642372, 1699.3999999761581, 1902.0, 2068.599999964237, 2235.899999976158, 2400.0, 2475.5, 2871.199999988079, 3037.899999976158]",E,4,train
1181,rithika,E,2,E_orient2,9,2,rithika/E/orient2/tilt_neutral_neutral_2/landmarks_trimmed.json,60,60,18,"[0, 3, 6, 10, 13, 17, 20, 24, 27, 31, 34, 38, 41, 45, 48, 52, 55, 59]","[60.19999998807907, 163.5, 288.89999997615814, 422.0, 527.8000000119209, 762.3000000119209, 928.8000000119209, 1093.0999999642372, 1258.0, 1462.699999988079, 1659.5, 1929.199999988079, 2061.300000011921, 2256.399999976158, 2392.199999988079, 2594.099999964237, 2758.0, 2964.300000011921]",E,4,train
1182,rithika,E,2,E_orient2,9,1,rithika/E/orient2/tilt_neutral_toward_1/landmarks_trimmed.json,54,54,18,"[0, 3, 6, 9, 12, 15, 18, 21, 24, 28, 31, 34, 37, 40, 43, 46, 49, 53]","[66.30000001192093, 165.0, 333.39999997615814, 464.89999997615814, 630.1999999880791, 801.8999999761581, 933.0, 1098.199999988079, 1298.800000011921, 1566.3999999761581, 1764.0, 1901.5999999642372, 2037.199999988079, 2132.399999976158, 2298.599999964237, 2635.0, 2733.199999988079, 2838.800000011921]",E,4,validation
1183,rithika,E,3,E_orient3,10,1,rithika/E/orient3/tilt_back_away_1/landmarks_trimmed.json,58,58,18,"[0, 3, 6, 10, 13, 16, 20, 23, 26, 30, 33, 36, 40, 43, 46, 50, 53, 57]","[64.10000002384186, 193.70000004768372, 297.80000001192093, 430.2000000476837, 561.9000000357628, 726.2000000476837, 929.1000000238419, 1060.7000000476837, 1229.5, 1394.2000000476837, 1595.0, 1763.4000000357628, 1956.9000000357628, 2125.900000035763, 2293.0, 2559.5, 2759.5, 3027.600000023842]",E,4,train
1184,rithika,E,3,E_orient3,10,1,rithika/E/orient3/tilt_back_neutral_1/landmarks_trimmed.json,81,81,18,"[0, 4, 9, 14, 18, 23, 28, 32, 37, 42, 47, 51, 56, 61, 65, 70, 75, 80]","[34.5, 165.5, 332.2000000476837, 495.4000000357628, 631.3000000119209, 797.4000000357628, 965.7000000476837, 1099.2000000476837, 1304.5, 1464.5, 1630.800000011921, 1764.6000000238419, 1998.2000000476837, 2200.5, 2330.300000011921, 2533.900000035763, 2737.7000000476837, 3032.100000023842]",E,4,train
1185,rithika,E,3,E_orient3,10,2,rithika/E/orient3/tilt_back_neutral_2/landmarks_trimmed.json,62,62,18,"[0, 3, 7, 10, 14, 17, 21, 25, 28, 32, 35, 39, 43, 46, 50, 53, 57, 61]","[34.30000001192093, 198.39999997615814, 435.80000001192093, 566.0, 801.6999999880791, 931.0, 1128.8999999761581, 1333.3999999761581, 1502.699999988079, 1692.300000011921, 1866.1000000238419, 2068.0, 2264.800000011921, 2392.800000011921, 2600.399999976158, 2674.100000023842, 2838.899999976158, 3003.800000011921]",E,4,train
1186,rithika,E,3,E_orient3,10,1,rithika/E/orient3/tilt_back_toward_1/landmarks_trimmed.json,90,90,18,"[0, 5, 10, 15, 20, 26, 31, 36, 41, 47, 52, 57, 62, 68, 73, 78, 83, 89]","[33.59999996423721, 198.39999997615814, 364.0999999642372, 528.5999999642372, 696.5999999642372, 897.7999999523163, 1095.699999988079, 1264.0, 1430.5, 1626.0999999642372, 1797.0999999642372, 1964.5999999642372, 2126.0, 2327.7999999523163, 2497.199999988079, 2660.099999964237, 2831.099999964237, 3031.2999999523163]",E,4,train
1187,rithika,E,3,E_orient3,10,1,rithika/E/orient3/tilt_forward_away_1/landmarks_trimmed.json,61,61,18,"[0, 3, 7, 10, 14, 17, 21, 24, 28, 31, 35, 38, 42, 45, 49, 52, 56, 60]","[70.40000003576279, 231.4000000357628, 466.69999998807907, 595.0, 796.1000000238419, 1002.6000000238419, 1200.5, 1332.800000011921, 1533.4000000357628, 1698.199999988079, 1934.199999988079, 2064.300000011921, 2264.800000011921, 2396.900000035763, 2599.100000023842, 2706.699999988079, 2871.600000023842, 3003.699999988079]",E,4,validation
1188,rithika,E,3,E_orient3,10,2,rithika/E/orient3/tilt_forward_neutral_2/landmarks_trimmed.json,68,68,18,"[0, 3, 7, 11, 15, 19, 23, 27, 31, 35, 39, 43, 47, 51, 55, 59, 63, 67]","[105.69999998807907, 272.7999999523163, 431.5, 631.6999999880791, 831.5999999642372, 999.6999999880791, 1198.699999988079, 1333.5, 1571.199999988079, 1697.2999999523163, 1865.3999999761581, 2068.2999999523163, 2237.2999999523163, 2364.099999964237, 2497.199999988079, 2733.099999964237, 2864.699999988079, 3031.5]",E,4,train
1189,rithika,E,3,E_orient3,10,1,rithika/E/orient3/tilt_forward_toward_1/landmarks_trimmed.json,34,34,18,"[0, 1, 3, 5, 7, 9, 11, 13, 15, 17, 19, 21, 23, 25, 27, 29, 31, 33]","[1597.1000000238419, 1662.699999988079, 1727.800000011921, 1830.199999988079, 1895.800000011921, 1996.6000000238419, 2096.100000023842, 2163.5, 2229.399999976158, 2362.699999988079, 2430.100000023842, 2496.300000011921, 2598.0, 2696.300000011921, 2761.399999976158, 2864.399999976158, 2962.100000023842, 3024.899999976158]",E,4,train
1190,rithika,E,3,E_orient3,10,1,rithika/E/orient3/tilt_neutral_away_1/landmarks_trimmed.json,65,65,18,"[0, 3, 7, 11, 15, 18, 22, 26, 30, 33, 37, 41, 45, 48, 52, 56, 60, 64]","[33.0, 203.0999999642372, 431.0, 630.8000000119209, 803.3999999761581, 967.0, 1170.0, 1331.3999999761581, 1532.699999988079, 1703.0, 1830.699999988079, 2032.199999988079, 2230.800000011921, 2401.199999988079, 2508.899999976158, 2706.699999988079, 2893.899999976158, 3036.0]",E,4,train
1191,rithika,E,3,E_orient3,10,1,rithika/E/orient3/tilt_neutral_neutral_1/landmarks_trimmed.json,49,49,18,"[0, 2, 5, 8, 11, 14, 16, 19, 22, 25, 28, 31, 33, 36, 39, 42, 45, 48]","[33.10000002384186, 100.0, 301.80000001192093, 436.60000002384186, 637.6000000238419, 792.3999999761581, 864.3999999761581, 1028.5, 1200.300000011921, 1330.0, 1502.8999999761581, 1634.199999988079, 2331.800000011921, 2500.399999976158, 2630.800000011921, 2739.5, 2900.800000011921, 3000.800000011921]",E,4,validation
1192,rithika,E,3,E_orient3,10,2,rithika/E/orient3/tilt_neutral_neutral_2/landmarks_trimmed.json,89,89,18,"[0, 5, 10, 15, 20, 25, 31, 36, 41, 46, 51, 56, 62, 67, 72, 77, 82, 88]","[34.5, 201.39999997615814, 366.19999998807907, 533.1000000238419, 702.6000000238419, 863.8999999761581, 1066.199999988079, 1233.1000000238419, 1402.699999988079, 1601.3999999761581, 1762.0, 1935.1000000238419, 2170.699999988079, 2334.199999988079, 2499.600000023842, 2663.800000011921, 2834.199999988079, 3004.199999988079]",E,4,validation
1193,rithika,F,1,F_orient1,11,1,rithika/F/orient1/tilt_back_away_1/landmarks_trimmed.json,62,62,18,"[0, 3, 7, 10, 14, 17, 21, 25, 28, 32, 35, 39, 43, 46, 50, 53, 57, 61]","[33.5, 173.0, 364.10000002384186, 534.8000000119209, 730.8000000119209, 898.5, 1102.699999988079, 1265.199999988079, 1435.699999988079, 1636.1000000238419, 1803.699999988079, 1995.300000011921, 2203.0, 2331.0, 2509.400000035763, 2693.900000035763, 2838.800000011921, 3004.0]",F,5,validation
1194,rithika,F,1,F_orient1,11,1,rithika/F/orient1/tilt_back_neutral_1/landmarks_trimmed.json,54,54,18,"[0, 3, 6, 9, 12, 15, 18, 21, 24, 28, 31, 34, 37, 40, 43, 46, 49, 53]","[165.20000004768372, 330.2000000476837, 463.5, 631.7000000476837, 796.2000000476837, 996.2000000476837, 1165.0, 1300.0, 1495.1000000238419, 1762.800000011921, 1930.2000000476837, 2095.800000011921, 2260.7000000476837, 2432.2000000476837, 2629.600000023842, 2767.5, 2896.2000000476837, 3028.400000035763]",F,5,train
1195,rithika,F,1,F_orient1,11,2,rithika/F/orient1/tilt_back_neutral_2/landmarks_trimmed.json,70,70,18,"[0, 4, 8, 12, 16, 20, 24, 28, 32, 36, 40, 44, 48, 52, 56, 60, 64, 69]","[62.39999997615814, 199.5, 331.19999998807907, 496.0, 630.6999999880791, 796.6999999880791, 991.3999999761581, 1163.0999999642372, 1364.7999999523163, 1529.699999988079, 1696.8999999761581, 1862.0, 2067.599999964237, 2229.399999976158, 2440.899999976158, 2640.699999988079, 2806.599999964237, 3003.599999964237]",F,5,train
1196,rithika,F,1,F_orient1,11,1,rithika/F/orient1/tilt_back_toward_1/landmarks_trimmed.json,26,26,18,"[0, 1, 2, 4, 5, 7, 8, 10, 11, 13, 14, 16, 17, 19, 20, 22, 23, 25]","[134.69999998807907, 165.80000001192093, 236.19999998807907, 365.0, 435.0999999642372, 561.5, 594.1999999880791, 700.0, 768.6999999880791, 2431.899999976158, 2498.699999988079, 2574.399999976158, 2633.599999964237, 2700.300000011921, 2707.199999988079, 2773.199999988079, 2934.5, 2970.5]",F,5,train
1197,rithika,F,1,F_orient1,11,1,rithika/F/orient1/tilt_forward_away_1/landmarks_trimmed.json,79,79,18,"[0, 4, 9, 13, 18, 22, 27, 32, 36, 41, 45, 50, 55, 59, 64, 68, 73, 78]","[61.40000003576279, 363.4000000357628, 528.9000000357628, 661.7000000476837, 830.0, 960.5, 1129.300000011921, 1329.9000000357628, 1496.6000000238419, 1662.0, 1795.9000000357628, 1963.0, 2130.0, 2261.7000000476837, 2430.2000000476837, 2593.100000023842, 2826.400000035763, 3029.600000023842]",F,5,train
1198,rithika,F,1,F_orient1,11,1,rithika/F/orient1/tilt_forward_neutral_1/landmarks_trimmed.json,77,77,18,"[0, 4, 8, 13, 17, 22, 26, 31, 35, 40, 44, 49, 53, 58, 62, 67, 71, 76]","[33.5, 165.69999998807907, 299.89999997615814, 463.69999998807907, 600.0999999642372, 765.0, 897.3000000119209, 1062.199999988079, 1201.800000011921, 1365.8999999761581, 1498.800000011921, 1730.5, 1865.800000011921, 2030.800000011921, 2199.800000011921, 2433.0, 2630.5, 2801.199999988079]",F,5,train
1199,rithika,F,1,F_orient1,11,2,rithika/F/orient1/tilt_forward_neutral_2/landmarks_trimmed.json,63,63,18,"[0, 3, 7, 10, 14, 18, 21, 25, 29, 32, 36, 40, 43, 47, 51, 54, 58, 62]","[65.30000001192093, 198.10000002384186, 400.2000000476837, 528.8000000119209, 730.5, 894.4000000357628, 1026.1000000238419, 1233.5, 1400.800000011921, 1564.800000011921, 1765.9000000357628, 1963.1000000238419, 2128.900000035763, 2294.800000011921, 2496.2000000476837, 2662.400000035763, 2806.5, 3004.5]",F,5,train
1200,rithika,F,1,F_orient1,11,1,rithika/F/orient1/tilt_forward_toward_1/landmarks_trimmed.json,67,67,18,"[0, 3, 7, 11, 15, 19, 23, 27, 31, 34, 38, 42, 46, 50, 54, 58, 62, 66]","[35.40000003576279, 203.9000000357628, 365.80000001192093, 605.6000000238419, 767.7000000476837, 965.8000000119209, 1132.300000011921, 1338.4000000357628, 1535.7000000476837, 1704.0, 1865.800000011921, 2072.0, 2208.5, 2373.0, 2502.400000035763, 2671.600000023842, 2838.600000023842, 3004.0]",F,5,train
1201,rithika,F,1,F_orient1,11,1,rithika/F/orient1/tilt_neutral_neutral_1/landmarks_trimmed.json,57,57,18,"[0, 3, 6, 9, 13, 16, 19, 23, 26, 29, 32, 36, 39, 42, 46, 49, 52, 56]","[67.60000002384186, 231.4000000357628, 399.19999998807907, 568.1000000238419, 766.3000000119209, 900.1999999880791, 1103.699999988079, 1298.800000011921, 1498.800000011921, 1705.0, 1900.300000011921, 2135.0, 2371.100000023842, 2467.5, 2635.100000023842, 2706.800000011921, 2835.600000023842, 3002.800000011921]",F,5,train
1202,rithika,F,1,F_orient1,11,2,rithika/F/orient1/tilt_neutral_neutral_2/landmarks_trimmed.json,79,79,18,"[0, 4, 9, 13, 18, 22, 27, 32, 36, 41, 45, 50, 55, 59, 64, 68, 73, 78]","[33.39999997615814, 166.0, 330.5999999642372, 464.19999998807907, 931.5999999642372, 1059.0, 1230.8999999761581, 1397.5, 1532.5, 1729.3999999761581, 1865.8999999761581, 2031.199999988079, 2193.5, 2331.5, 2496.599999964237, 2632.899999976158, 2806.0, 3030.099999964237]",F,5,train
1203,rithika,F,1,F_orient1,11,1,rithika/F/orient1/tilt_neutral_toward_1/landmarks_trimmed.json,41,41,18,"[0, 2, 4, 7, 9, 11, 14, 16, 18, 21, 23, 25, 28, 30, 32, 35, 37, 40]","[61.5, 126.19999998807907, 196.69999998807907, 361.30000001192093, 462.9000000357628, 630.1000000238419, 929.4000000357628, 1265.6000000238419, 1356.5, 1525.9000000357628, 1631.5, 1759.699999988079, 1962.699999988079, 2128.800000011921, 2229.800000011921, 2394.900000035763, 2529.300000011921, 2695.400000035763]",F,5,train
1204,rithika,F,2,F_orient2,12,1,rithika/F/orient2/tilt_back_away_1/landmarks_trimmed.json,64,64,18,"[0, 3, 7, 11, 14, 18, 22, 25, 29, 33, 37, 40, 44, 48, 51, 55, 59, 63]","[34.30000001192093, 161.39999997615814, 264.80000001192093, 396.0, 563.0, 726.0, 993.8999999761581, 1190.0, 1431.3999999761581, 1629.1000000238419, 1860.199999988079, 1993.300000011921, 2163.300000011921, 2330.399999976158, 2428.199999988079, 2623.800000011921, 2827.0, 3025.800000011921]",F,5,train
1205,rithika,F,2,F_orient2,12,1,rithika/F/orient2/tilt_back_neutral_1/landmarks_trimmed.json,64,64,18,"[0, 3, 7, 11, 14, 18, 22, 25, 29, 33, 37, 40, 44, 48, 51, 55, 59, 63]","[33.39999997615814, 132.39999997615814, 297.30000001192093, 429.5999999642372, 529.5, 664.5, 793.8000000119209, 928.8999999761581, 1190.300000011921, 1528.699999988079, 1899.0, 2030.5999999642372, 2163.5, 2297.0, 2392.0, 2532.899999976158, 2663.199999988079, 2796.0]",F,5,train
1206,rithika,F,2,F_orient2,12,2,rithika/F/orient2/tilt_back_neutral_2/landmarks_trimmed.json,62,62,18,"[0, 3, 7, 10, 14, 17, 21, 25, 28, 32, 35, 39, 43, 46, 50, 53, 57, 61]","[35.89999997615814, 166.69999998807907, 341.80000001192093, 469.10000002384186, 668.6000000238419, 806.1000000238419, 969.3000000119209, 1135.1000000238419, 1301.699999988079, 1475.0, 1638.199999988079, 1870.0, 2038.800000011921, 2146.5, 2369.399999976158, 2468.699999988079, 2639.699999988079, 2805.600000023842]",F,5,train
1207,rithika,F,2,F_orient2,12,1,rithika/F/orient2/tilt_back_toward_1/landmarks_trimmed.json,50,50,18,"[0, 2, 5, 8, 11, 14, 17, 20, 23, 25, 28, 31, 34, 37, 40, 43, 46, 49]","[165.29999995231628, 330.7999999523163, 429.19999998807907, 898.2999999523163, 1131.0, 1763.7999999523163, 1965.8999999761581, 2066.599999964237, 2163.899999976158, 2233.099999964237, 2332.699999988079, 2433.699999988079, 2530.2999999523163, 2629.199999988079, 2734.0, 2833.399999976158, 2931.099999964237, 3003.7999999523163]",F,5,train
1208,rithika,F,2,F_orient2,12,1,rithika/F/orient2/tilt_forward_neutral_1/landmarks_trimmed.json,77,77,18,"[0, 4, 8, 13, 17, 22, 26, 31, 35, 40, 44, 49, 53, 58, 62, 67, 71, 76]","[69.10000002384186, 226.9000000357628, 363.7000000476837, 565.1000000238419, 694.1000000238419, 893.5, 1062.4000000357628, 1260.5, 1466.1000000238419, 1661.5, 1821.5, 1994.9000000357628, 2128.100000023842, 2356.900000035763, 2494.2000000476837, 2696.100000023842, 2859.0, 3026.900000035763]",F,5,validation
1209,rithika,F,2,F_orient2,12,1,rithika/F/orient2/tilt_forward_toward_1/landmarks_trimmed.json,57,57,18,"[0, 3, 6, 9, 13, 16, 19, 23, 26, 29, 32, 36, 39, 42, 46, 49, 52, 56]","[33.09999996423721, 194.89999997615814, 334.19999998807907, 495.5, 693.8999999761581, 901.1999999880791, 1029.0, 1260.199999988079, 1463.7999999523163, 1665.7999999523163, 1833.699999988079, 1996.5, 2169.099999964237, 2361.199999988079, 2595.599999964237, 2731.699999988079, 2838.2999999523163, 3003.5]",F,5,train
1210,rithika,F,2,F_orient2,12,1,rithika/F/orient2/tilt_neutral_away_1/landmarks_trimmed.json,62,62,18,"[0, 3, 7, 10, 14, 17, 21, 25, 28, 32, 35, 39, 43, 46, 50, 53, 57, 61]","[72.19999998807907, 199.0, 435.0, 530.3999999761581, 700.3999999761581, 837.1999999880791, 1002.5, 1131.699999988079, 1302.8999999761581, 1499.300000011921, 1698.5999999642372, 1960.3999999761581, 2198.099999964237, 2399.599999964237, 2598.399999976158, 2740.099999964237, 2871.599999964237, 3003.5]",F,5,train
1211,rithika,F,2,F_orient2,12,1,rithika/F/orient2/tilt_neutral_neutral_1/landmarks_trimmed.json,61,61,18,"[0, 3, 7, 10, 14, 17, 21, 24, 28, 31, 35, 38, 42, 45, 49, 52, 56, 60]","[68.0, 235.19999998807907, 468.89999997615814, 633.3999999761581, 862.8999999761581, 1003.0, 1201.3999999761581, 1369.199999988079, 1501.5, 1699.699999988079, 1903.7999999523163, 2098.7999999523163, 2335.399999976158, 2440.599999964237, 2574.7999999523163, 2673.899999976158, 2871.399999976158, 3003.399999976158]",F,5,validation
1212,rithika,F,2,F_orient2,12,2,rithika/F/orient2/tilt_neutral_neutral_2/landmarks_trimmed.json,60,60,18,"[0, 3, 6, 10, 13, 17, 20, 24, 27, 31, 34, 38, 41, 45, 48, 52, 55, 59]","[65.30000001192093, 232.0, 434.0, 635.1999999880791, 760.5, 996.6000000238419, 1169.5, 1403.800000011921, 1568.800000011921, 1800.1000000238419, 2002.6000000238419, 2193.0, 2367.800000011921, 2533.0, 2638.600000023842, 2772.900000035763, 2901.800000011921, 3034.900000035763]",F,5,train
1213,rithika,G,1,G_orient1,13,1,rithika/G/orient1/tilt_back_away_1/landmarks_trimmed.json,59,59,18,"[0, 3, 6, 10, 13, 17, 20, 23, 27, 30, 34, 37, 40, 44, 47, 51, 54, 58]","[71.40000003576279, 236.5, 330.7000000476837, 571.2000000476837, 729.0, 994.2000000476837, 1132.300000011921, 1302.4000000357628, 1535.7000000476837, 1736.300000011921, 1970.300000011921, 2099.800000011921, 2265.100000023842, 2470.100000023842, 2562.100000023842, 2705.400000035763, 2806.300000011921, 3004.0]",G,6,train
1214,rithika,G,1,G_orient1,13,1,rithika/G/orient1/tilt_back_neutral_1/landmarks_trimmed.json,64,64,18,"[0, 3, 7, 11, 14, 18, 22, 25, 29, 33, 37, 40, 44, 48, 51, 55, 59, 63]","[70.30000001192093, 230.80000001192093, 468.30000001192093, 669.2000000476837, 802.9000000357628, 1001.7000000476837, 1203.800000011921, 1331.4000000357628, 1537.7000000476837, 1702.300000011921, 1868.2000000476837, 2065.300000011921, 2303.300000011921, 2466.300000011921, 2570.300000011921, 2674.0, 2837.300000011921, 3003.900000035763]",G,6,validation
1215,rithika,G,1,G_orient1,13,1,rithika/G/orient1/tilt_back_toward_1/landmarks_trimmed.json,58,58,18,"[0, 3, 6, 10, 13, 16, 20, 23, 26, 30, 33, 36, 40, 43, 46, 50, 53, 57]","[69.39999997615814, 269.0999999642372, 402.2999999523163, 667.0999999642372, 872.5999999642372, 1035.0, 1302.0999999642372, 1502.5999999642372, 1668.5999999642372, 1869.2999999523163, 2072.0, 2196.099999964237, 2376.699999988079, 2496.399999976158, 2575.099999964237, 2764.699999988079, 2838.599999964237, 3003.099999964237]",G,6,train
1216,rithika,G,1,G_orient1,13,1,rithika/G/orient1/tilt_forward_away_1/landmarks_trimmed.json,45,45,18,"[0, 2, 5, 7, 10, 12, 15, 18, 20, 23, 25, 28, 31, 33, 36, 38, 41, 44]","[268.19999998807907, 398.60000002384186, 666.5, 803.1999999880791, 936.6000000238419, 1037.199999988079, 1195.0, 1868.699999988079, 2001.800000011921, 2200.800000011921, 2334.5, 2465.100000023842, 2568.400000035763, 2637.100000023842, 2736.400000035763, 2802.900000035763, 2897.400000035763, 3003.699999988079]",G,6,train
1217,rithika,G,1,G_orient1,13,1,rithika/G/orient1/tilt_forward_neutral_1/landmarks_trimmed.json,61,61,18,"[0, 3, 7, 10, 14, 17, 21, 24, 28, 31, 35, 38, 42, 45, 49, 52, 56, 60]","[64.80000001192093, 202.80000001192093, 434.2000000476837, 564.7000000476837, 765.3000000119209, 968.3000000119209, 1169.9000000357628, 1331.300000011921, 1598.800000011921, 1768.7000000476837, 1963.9000000357628, 2136.100000023842, 2302.900000035763, 2435.900000035763, 2636.7000000476837, 2735.300000011921, 2839.300000011921, 3003.900000035763]",G,6,train
1218,rithika,G,1,G_orient1,13,2,rithika/G/orient1/tilt_forward_neutral_2/landmarks_trimmed.json,53,53,18,"[0, 3, 6, 9, 12, 15, 18, 21, 24, 27, 30, 33, 36, 39, 42, 45, 48, 52]","[33.69999998807907, 163.80000001192093, 265.80000001192093, 363.5999999642372, 467.5999999642372, 601.0, 695.6999999880791, 800.5, 930.0999999642372, 1068.800000011921, 1231.5, 1331.8999999761581, 1434.0, 1530.800000011921, 1665.0999999642372, 1798.0999999642372, 2198.599999964237, 3003.399999976158]",G,6,train
1219,rithika,G,1,G_orient1,13,1,rithika/G/orient1/tilt_forward_toward_1/landmarks_trimmed.json,34,34,18,"[0, 1, 3, 5, 7, 9, 11, 13, 15, 17, 19, 21, 23, 25, 27, 29, 31, 33]","[70.69999998807907, 101.30000001192093, 238.10000002384186, 332.80000001192093, 473.69999998807907, 568.1999999880791, 671.1999999880791, 763.5, 902.3000000119209, 1038.5, 1134.0, 1236.199999988079, 1331.9000000357628, 1468.9000000357628, 1535.300000011921, 1636.199999988079, 1730.5, 1837.9000000357628]",G,6,train
1220,rithika,G,1,G_orient1,13,1,rithika/G/orient1/tilt_neutral_away_1/landmarks_trimmed.json,39,39,18,"[0, 2, 4, 6, 8, 11, 13, 15, 17, 20, 22, 24, 26, 29, 31, 33, 35, 38]","[33.60000002384186, 99.20000004768372, 228.9000000357628, 302.10000002384186, 434.5, 594.6000000238419, 836.6000000238419, 962.1000000238419, 1033.5, 1159.2000000476837, 1269.6000000238419, 1398.1000000238419, 1500.1000000238419, 1590.300000011921, 1663.300000011921, 1764.0, 1862.9000000357628, 2004.0]",G,6,train
1221,rithika,G,1,G_orient1,13,1,rithika/G/orient1/tilt_neutral_neutral_1/landmarks_trimmed.json,68,68,18,"[0, 3, 7, 11, 15, 19, 23, 27, 31, 35, 39, 43, 47, 51, 55, 59, 63, 67]","[36.69999998807907, 200.39999997615814, 338.30000001192093, 504.10000002384186, 666.5, 871.1000000238419, 1094.800000011921, 1295.800000011921, 1500.6000000238419, 1701.8999999761581, 1903.1000000238419, 2033.6000000238419, 2235.899999976158, 2402.699999988079, 2566.899999976158, 2702.300000011921, 2805.699999988079, 3003.899999976158]",G,6,validation
1222,rithika,G,1,G_orient1,13,2,rithika/G/orient1/tilt_neutral_neutral_2/landmarks_trimmed.json,53,53,18,"[0, 3, 6, 9, 12, 15, 18, 21, 24, 27, 30, 33, 36, 39, 42, 45, 48, 52]","[55.89999997615814, 132.5999999642372, 293.7999999523163, 495.2999999523163, 694.0999999642372, 895.7999999523163, 1160.5999999642372, 1324.199999988079, 1530.7999999523163, 1696.5999999642372, 1826.8999999761581, 1997.3999999761581, 2165.199999988079, 2323.399999976158, 2564.199999988079, 2690.7999999523163, 2829.5, 3003.5]",G,6,train
1223,rithika,I,1,I_orient1,14,2,rithika/I/orient1/tilt_back_neutral_2/landmarks_trimmed.json,28,28,18,"[0, 1, 3, 4, 6, 7, 9, 11, 12, 14, 15, 17, 19, 20, 22, 23, 25, 27]","[827.2000000476837, 936.3000000119209, 1465.7000000476837, 1496.5, 1599.9000000357628, 1663.0, 1732.0, 1833.800000011921, 1902.4000000357628, 1992.300000011921, 2032.2000000476837, 2165.5, 2230.5, 2268.900000035763, 2368.100000023842, 2531.100000023842, 2764.900000035763, 2838.0]",I,7,train
1224,rithika,I,1,I_orient1,14,1,rithika/I/orient1/tilt_back_toward_1/landmarks_trimmed.json,59,59,18,"[0, 3, 6, 10, 13, 17, 20, 23, 27, 30, 34, 37, 40, 44, 47, 51, 54, 58]","[66.19999998807907, 200.0, 368.39999997615814, 599.5, 734.3000000119209, 933.0999999642372, 1102.3999999761581, 1261.199999988079, 1533.5, 1701.199999988079, 1901.0999999642372, 2066.699999988079, 2235.099999964237, 2438.5, 2595.199999988079, 2706.699999988079, 2867.199999988079, 3000.599999964237]",I,7,train
1225,rithika,I,1,I_orient1,14,1,rithika/I/orient1/tilt_forward_neutral_1/landmarks_trimmed.json,69,69,18,"[0, 4, 8, 12, 16, 20, 24, 28, 32, 36, 40, 44, 48, 52, 56, 60, 64, 68]","[33.60000002384186, 231.80000001192093, 364.9000000357628, 495.5, 629.6000000238419, 997.3000000119209, 1224.800000011921, 1395.6000000238419, 1529.800000011921, 1663.1000000238419, 1863.199999988079, 2030.0, 2162.600000023842, 2295.800000011921, 2493.699999988079, 2631.0, 2897.699999988079, 3025.199999988079]",I,7,train
1226,rithika,I,1,I_orient1,14,2,rithika/I/orient1/tilt_forward_neutral_2/landmarks_trimmed.json,60,60,18,"[0, 3, 6, 10, 13, 17, 20, 24, 27, 31, 34, 38, 41, 45, 48, 52, 55, 59]","[62.69999998807907, 192.30000001192093, 265.0, 427.19999998807907, 561.1000000238419, 797.3999999761581, 1126.699999988079, 1295.5, 1426.699999988079, 1595.0, 1762.800000011921, 1961.199999988079, 2092.899999976158, 2292.699999988079, 2494.300000011921, 2694.600000023842, 2861.600000023842, 3027.199999988079]",I,7,train
1227,rithika,I,1,I_orient1,14,1,rithika/I/orient1/tilt_forward_toward_1/landmarks_trimmed.json,40,40,18,"[0, 2, 4, 6, 9, 11, 13, 16, 18, 20, 22, 25, 27, 29, 32, 34, 36, 39]","[68.40000003576279, 166.80000001192093, 265.10000002384186, 401.5, 569.1000000238419, 667.9000000357628, 727.0, 900.6999999880791, 1035.199999988079, 1133.800000011921, 1363.199999988079, 2464.600000023842, 2532.0, 2600.400000035763, 2772.600000023842, 2864.300000011921, 2931.900000035763, 3003.0]",I,7,train
1228,rithika,I,1,I_orient1,14,1,rithika/I/orient1/tilt_neutral_neutral_1/landmarks_trimmed.json,21,21,18,"[0, 1, 2, 3, 4, 5, 7, 8, 9, 10, 11, 12, 14, 15, 16, 17, 18, 20]","[2034.1000000238419, 2097.300000011921, 2268.5, 2364.399999976158, 2396.699999988079, 2429.199999988079, 2496.399999976158, 2530.600000023842, 2562.5, 2597.399999976158, 2630.600000023842, 2662.800000011921, 2726.100000023842, 2763.800000011921, 2796.0, 2829.300000011921, 2962.699999988079, 3029.0]",I,7,train
1229,rithika,I,2,I_orient2,15,1,rithika/I/orient2/tilt_back_away_1/landmarks_trimmed.json,62,62,18,"[0, 3, 7, 10, 14, 17, 21, 25, 28, 32, 35, 39, 43, 46, 50, 53, 57, 61]","[68.69999998807907, 265.5999999642372, 469.69999998807907, 564.8999999761581, 800.8000000119209, 929.5, 1097.5, 1298.8999999761581, 1466.699999988079, 1666.3999999761581, 1834.3999999761581, 2031.300000011921, 2235.800000011921, 2361.099999964237, 2566.800000011921, 2692.800000011921, 2865.5, 3028.699999988079]",I,7,train
1230,rithika,I,2,I_orient2,15,1,rithika/I/orient2/tilt_back_neutral_1/landmarks_trimmed.json,64,64,18,"[0, 3, 7, 11, 14, 18, 22, 25, 29, 33, 37, 40, 44, 48, 51, 55, 59, 63]","[33.30000001192093, 168.0999999642372, 332.39999997615814, 532.8000000119209, 663.8999999761581, 867.0, 1063.300000011921, 1229.699999988079, 1469.3999999761581, 1599.0999999642372, 1862.300000011921, 2027.8999999761581, 2235.199999988079, 2399.599999964237, 2564.899999976158, 2768.599999964237, 2896.5, 3003.699999988079]",I,7,train
1231,rithika,I,2,I_orient2,15,2,rithika/I/orient2/tilt_back_neutral_2/landmarks_trimmed.json,64,64,18,"[0, 3, 7, 11, 14, 18, 22, 25, 29, 33, 37, 40, 44, 48, 51, 55, 59, 63]","[34.10000002384186, 165.20000004768372, 401.10000002384186, 562.6000000238419, 695.9000000357628, 930.3000000119209, 1090.9000000357628, 1300.9000000357628, 1496.1000000238419, 1697.300000011921, 1896.5, 2061.900000035763, 2232.800000011921, 2430.800000011921, 2570.900000035763, 2707.5, 2898.5, 3003.600000023842]",I,7,train
1232,rithika,I,2,I_orient2,15,1,rithika/I/orient2/tilt_back_toward_1/landmarks_trimmed.json,58,58,18,"[0, 3, 6, 10, 13, 16, 20, 23, 26, 30, 33, 36, 40, 43, 46, 50, 53, 57]","[498.5999999642372, 598.6999999880791, 765.0, 898.1999999880791, 1000.3999999761581, 1097.2999999523163, 1231.8999999761581, 1330.199999988079, 1432.0999999642372, 1567.199999988079, 1701.2999999523163, 1833.3999999761581, 1963.0, 2263.099999964237, 2366.2999999523163, 2633.2999999523163, 2799.099999964237, 2933.899999976158]",I,7,validation
1233,rithika,I,2,I_orient2,15,1,rithika/I/orient2/tilt_forward_away_1/landmarks_trimmed.json,45,45,18,"[0, 2, 5, 7, 10, 12, 15, 18, 20, 23, 25, 28, 31, 33, 36, 38, 41, 44]","[135.5, 368.80000001192093, 499.89999997615814, 597.1999999880791, 798.8999999761581, 901.5999999642372, 1066.5999999642372, 1236.300000011921, 1336.5, 1703.5999999642372, 1802.0, 2134.800000011921, 2274.699999988079, 2362.099999964237, 2460.199999988079, 2534.099999964237, 2664.599999964237, 2739.699999988079]",I,7,train
1234,rithika,I,2,I_orient2,15,1,rithika/I/orient2/tilt_forward_neutral_1/landmarks_trimmed.json,33,33,18,"[0, 1, 3, 5, 7, 9, 11, 13, 15, 16, 18, 20, 22, 24, 26, 28, 30, 32]","[67.39999997615814, 100.59999996423721, 667.2999999523163, 766.6999999880791, 966.3999999761581, 1069.7999999523163, 1134.5, 1200.3999999761581, 1268.5999999642372, 1298.8999999761581, 1398.2999999523163, 1531.8999999761581, 1733.199999988079, 2132.899999976158, 2234.399999976158, 2299.7999999523163, 2398.2999999523163, 2534.7999999523163]",I,7,train
1235,rithika,I,2,I_orient2,15,2,rithika/I/orient2/tilt_forward_neutral_2/landmarks_trimmed.json,63,63,18,"[0, 3, 7, 10, 14, 18, 21, 25, 29, 32, 36, 40, 43, 47, 51, 54, 58, 62]","[33.5, 163.10000002384186, 297.0, 465.5, 694.7000000476837, 864.2000000476837, 1030.2000000476837, 1197.6000000238419, 1402.6000000238419, 1536.0, 1701.800000011921, 1929.300000011921, 2091.600000023842, 2295.2000000476837, 2529.900000035763, 2697.100000023842, 2894.2000000476837, 3034.100000023842]",I,7,train
1236,rithika,I,2,I_orient2,15,1,rithika/I/orient2/tilt_forward_toward_1/landmarks_trimmed.json,41,41,18,"[0, 2, 4, 7, 9, 11, 14, 16, 18, 21, 23, 25, 28, 30, 32, 35, 37, 40]","[399.2000000476837, 495.10000002384186, 599.9000000357628, 735.4000000357628, 835.5, 935.0, 1063.1000000238419, 1164.6000000238419, 1263.2000000476837, 1362.2000000476837, 1466.2000000476837, 1565.6000000238419, 1698.0, 1799.0, 1864.4000000357628, 1960.0, 2064.0, 2196.300000011921]",I,7,train
1237,rithika,I,2,I_orient2,15,1,rithika/I/orient2/tilt_neutral_away_1/landmarks_trimmed.json,68,68,18,"[0, 3, 7, 11, 15, 19, 23, 27, 31, 35, 39, 43, 47, 51, 55, 59, 63, 67]","[33.30000001192093, 194.39999997615814, 361.39999997615814, 496.69999998807907, 735.0, 892.1000000238419, 1095.3999999761581, 1270.300000011921, 1461.699999988079, 1627.800000011921, 1832.199999988079, 1962.6000000238419, 2129.100000023842, 2366.699999988079, 2494.899999976158, 2661.100000023842, 2860.0, 3035.699999988079]",I,7,train
1238,rithika,I,2,I_orient2,15,1,rithika/I/orient2/tilt_neutral_neutral_1/landmarks_trimmed.json,34,34,18,"[0, 1, 3, 5, 7, 9, 11, 13, 15, 17, 19, 21, 23, 25, 27, 29, 31, 33]","[736.6000000238419, 929.8999999761581, 1105.1000000238419, 1200.1000000238419, 1262.699999988079, 1368.6000000238419, 1502.300000011921, 1636.0, 1736.1000000238419, 1870.800000011921, 1973.0, 2104.600000023842, 2162.699999988079, 2237.600000023842, 2344.0, 2460.800000011921, 2541.699999988079, 2837.600000023842]",I,7,train
1239,rithika,I,3,I_orient3,16,1,rithika/I/orient3/tilt_back_away_1/landmarks_trimmed.json,71,71,18,"[0, 4, 8, 12, 16, 20, 24, 28, 32, 37, 41, 45, 49, 53, 57, 61, 65, 70]","[33.19999998807907, 165.5999999642372, 298.0, 430.80000001192093, 564.8999999761581, 693.3000000119209, 992.5, 1460.8999999761581, 1598.300000011921, 1761.0999999642372, 2029.800000011921, 2164.300000011921, 2307.899999976158, 2464.800000011921, 2598.5, 2730.300000011921, 2864.300000011921, 3031.0]",I,7,validation
1240,rithika,I,3,I_orient3,16,1,rithika/I/orient3/tilt_back_neutral_1/landmarks_trimmed.json,62,62,18,"[0, 3, 7, 10, 14, 17, 21, 25, 28, 32, 35, 39, 43, 46, 50, 53, 57, 61]","[65.59999996423721, 204.30000001192093, 366.80000001192093, 533.0, 771.0, 862.8000000119209, 1069.0, 1301.3999999761581, 1502.0, 1736.199999988079, 1867.0999999642372, 2066.899999976158, 2262.800000011921, 2366.0, 2567.899999976158, 2673.399999976158, 2829.199999988079, 3000.199999988079]",I,7,train
1241,rithika,I,3,I_orient3,16,2,rithika/I/orient3/tilt_back_neutral_2/landmarks_trimmed.json,41,41,18,"[0, 2, 4, 7, 9, 11, 14, 16, 18, 21, 23, 25, 28, 30, 32, 35, 37, 40]","[432.80000001192093, 731.5, 901.5, 1069.0, 1369.5, 1467.7000000476837, 1635.300000011921, 1869.1000000238419, 1968.800000011921, 2134.900000035763, 2234.900000035763, 2331.2000000476837, 2505.300000011921, 2599.300000011921, 2671.300000011921, 2828.800000011921, 2897.7000000476837, 3003.600000023842]",I,7,train
1242,rithika,I,3,I_orient3,16,1,rithika/I/orient3/tilt_back_toward_1/landmarks_trimmed.json,54,54,18,"[0, 3, 6, 9, 12, 15, 18, 21, 24, 28, 31, 34, 37, 40, 43, 46, 49, 53]","[198.60000002384186, 495.4000000357628, 595.7000000476837, 727.1000000238419, 867.5, 1066.6000000238419, 1160.9000000357628, 1368.300000011921, 1463.800000011921, 1594.5, 1733.9000000357628, 1828.5, 1928.7000000476837, 2063.400000035763, 2195.5, 2428.800000011921, 2563.900000035763, 2929.100000023842]",I,7,train
1243,rithika,I,3,I_orient3,16,1,rithika/I/orient3/tilt_forward_neutral_1/landmarks_trimmed.json,74,74,18,"[0, 4, 8, 12, 17, 21, 25, 30, 34, 38, 42, 47, 51, 55, 60, 64, 68, 73]","[33.59999996423721, 165.39999997615814, 331.0999999642372, 528.0, 727.5999999642372, 927.6999999880791, 1130.0999999642372, 1327.0999999642372, 1496.0, 1630.0999999642372, 1796.5, 1996.199999988079, 2126.300000011921, 2294.399999976158, 2462.0, 2690.199999988079, 2862.300000011921, 3026.899999976158]",I,7,train
1244,rithika,I,3,I_orient3,16,2,rithika/I/orient3/tilt_forward_neutral_2/landmarks_trimmed.json,62,62,18,"[0, 3, 7, 10, 14, 17, 21, 25, 28, 32, 35, 39, 43, 46, 50, 53, 57, 61]","[61.40000003576279, 133.19999998807907, 264.4000000357628, 393.19999998807907, 526.5, 694.0, 892.6000000238419, 1127.5, 1261.0, 1493.4000000357628, 1662.1000000238419, 1892.5, 2129.199999988079, 2262.199999988079, 2460.800000011921, 2592.300000011921, 2792.900000035763, 3028.800000011921]",I,7,train
1245,rithika,I,3,I_orient3,16,1,rithika/I/orient3/tilt_forward_toward_1/landmarks_trimmed.json,62,62,18,"[0, 3, 7, 10, 14, 17, 21, 25, 28, 32, 35, 39, 43, 46, 50, 53, 57, 61]","[58.59999996423721, 132.69999998807907, 264.5, 392.89999997615814, 526.8000000119209, 692.8000000119209, 925.3999999761581, 1122.699999988079, 1294.699999988079, 1528.3999999761581, 1657.0999999642372, 1862.199999988079, 2028.0, 2159.699999988079, 2391.199999988079, 2591.399999976158, 2828.699999988079, 3029.599999964237]",I,7,train
1246,rithika,I,3,I_orient3,16,1,rithika/I/orient3/tilt_neutral_away_1/landmarks_trimmed.json,80,80,18,"[0, 4, 9, 13, 18, 23, 27, 32, 37, 41, 46, 51, 55, 60, 65, 69, 74, 79]","[36.799999952316284, 233.79999995231628, 467.0999999642372, 637.8999999761581, 869.5999999642372, 1073.0, 1237.3999999761581, 1405.5, 1571.3999999761581, 1684.2999999523163, 1904.7999999523163, 2104.7999999523163, 2238.0, 2404.5, 2541.599999964237, 2673.699999988079, 2838.2999999523163, 3003.699999988079]",I,7,validation
1247,rithika,I,3,I_orient3,16,1,rithika/I/orient3/tilt_neutral_neutral_1/landmarks_trimmed.json,64,64,18,"[0, 3, 7, 11, 14, 18, 22, 25, 29, 33, 37, 40, 44, 48, 51, 55, 59, 63]","[66.5, 200.0, 331.0, 498.0, 660.3999999761581, 863.8999999761581, 1064.0, 1204.0, 1433.0999999642372, 1632.199999988079, 1799.199999988079, 1965.3999999761581, 2164.399999976158, 2333.099999964237, 2500.599999964237, 2698.800000011921, 2864.399999976158, 3002.399999976158]",I,7,train
1248,rithika,I,3,I_orient3,16,2,rithika/I/orient3/tilt_neutral_neutral_2/landmarks_trimmed.json,58,58,18,"[0, 3, 6, 10, 13, 16, 20, 23, 26, 30, 33, 36, 40, 43, 46, 50, 53, 57]","[65.29999995231628, 198.79999995231628, 364.39999997615814, 565.5, 696.1999999880791, 860.5, 1099.3999999761581, 1228.8999999761581, 1399.0999999642372, 1598.0999999642372, 1761.8999999761581, 1932.199999988079, 2130.899999976158, 2294.899999976158, 2465.599999964237, 2730.0, 2839.099999964237, 3003.899999976158]",I,7,train
1249,rithika,I,3,I_orient3,16,1,rithika/I/orient3/tilt_neutral_toward_1/landmarks_trimmed.json,72,72,18,"[0, 4, 8, 12, 16, 20, 25, 29, 33, 37, 41, 45, 50, 54, 58, 62, 66, 71]","[33.19999998807907, 229.80000001192093, 429.9000000357628, 602.0, 767.8000000119209, 897.3000000119209, 1098.300000011921, 1259.699999988079, 1397.4000000357628, 1570.9000000357628, 1796.800000011921, 1930.800000011921, 2165.0, 2324.600000023842, 2530.0, 2640.400000035763, 2862.600000023842, 3003.900000035763]",I,7,validation
1250,rithika,K,1,K_orient1,17,1,rithika/K/orient1/tilt_back_away_1/landmarks_trimmed.json,48,48,18,"[0, 2, 5, 8, 11, 13, 16, 19, 22, 24, 27, 30, 33, 35, 38, 41, 44, 47]","[67.69999998807907, 133.19999998807907, 232.39999997615814, 430.39999997615814, 566.3999999761581, 661.8999999761581, 825.5, 999.6000000238419, 1160.0, 1268.1000000238419, 1396.699999988079, 1599.0, 1733.3999999761581, 1829.800000011921, 2031.6000000238419, 2198.800000011921, 2327.600000023842, 2500.100000023842]",K,8,train
1251,rithika,K,1,K_orient1,17,1,rithika/K/orient1/tilt_back_neutral_1/landmarks_trimmed.json,64,64,18,"[0, 3, 7, 11, 14, 18, 22, 25, 29, 33, 37, 40, 44, 48, 51, 55, 59, 63]","[70.20000004768372, 200.60000002384186, 396.80000001192093, 635.7000000476837, 768.1000000238419, 966.3000000119209, 1169.4000000357628, 1300.1000000238419, 1498.1000000238419, 1737.1000000238419, 1936.1000000238419, 2059.900000035763, 2268.2000000476837, 2434.7000000476837, 2541.600000023842, 2697.2000000476837, 2825.0, 3005.7000000476837]",K,8,validation
1252,rithika,K,1,K_orient1,17,2,rithika/K/orient1/tilt_back_neutral_2/landmarks_trimmed.json,59,59,18,"[0, 3, 6, 10, 13, 17, 20, 23, 27, 30, 34, 37, 40, 44, 47, 51, 54, 58]","[64.30000001192093, 162.69999998807907, 264.5, 396.5, 599.0, 832.1999999880791, 960.0, 1131.3999999761581, 1396.0, 1597.0, 1791.5, 1965.199999988079, 2128.100000023842, 2399.399999976158, 2566.5, 2763.699999988079, 2894.0, 3031.5]",K,8,train
1253,rithika,K,1,K_orient1,17,1,rithika/K/orient1/tilt_back_toward_1/landmarks_trimmed.json,41,41,18,"[0, 2, 4, 7, 9, 11, 14, 16, 18, 21, 23, 25, 28, 30, 32, 35, 37, 40]","[307.2000000476837, 367.10000002384186, 469.2000000476837, 638.9000000357628, 738.8000000119209, 801.0, 935.3000000119209, 998.0, 1099.2000000476837, 1272.4000000357628, 2402.400000035763, 2472.5, 2571.100000023842, 2633.300000011921, 2704.2000000476837, 2804.0, 2906.7000000476837, 3039.600000023842]",K,8,train
1254,rithika,K,1,K_orient1,17,1,rithika/K/orient1/tilt_forward_away_1/landmarks_trimmed.json,60,60,18,"[0, 3, 6, 10, 13, 17, 20, 24, 27, 31, 34, 38, 41, 45, 48, 52, 55, 59]","[64.90000003576279, 231.70000004768372, 397.0, 601.9000000357628, 697.9000000357628, 893.4000000357628, 1070.1000000238419, 1302.6000000238419, 1496.7000000476837, 1701.0, 1860.6000000238419, 2101.7000000476837, 2236.300000011921, 2461.600000023842, 2639.100000023842, 2796.5, 2871.400000035763, 3003.400000035763]",K,8,validation
1255,rithika,K,1,K_orient1,17,1,rithika/K/orient1/tilt_forward_neutral_1/landmarks_trimmed.json,60,60,18,"[0, 3, 6, 10, 13, 17, 20, 24, 27, 31, 34, 38, 41, 45, 48, 52, 55, 59]","[65.20000004768372, 166.20000004768372, 369.0, 568.4000000357628, 698.2000000476837, 898.1000000238419, 1065.300000011921, 1262.4000000357628, 1433.300000011921, 1630.5, 1799.5, 2003.300000011921, 2164.5, 2435.7000000476837, 2533.0, 2725.7000000476837, 2866.7000000476837, 3035.400000035763]",K,8,train
1256,rithika,K,1,K_orient1,17,2,rithika/K/orient1/tilt_forward_neutral_2/landmarks_trimmed.json,70,70,18,"[0, 4, 8, 12, 16, 20, 24, 28, 32, 36, 40, 44, 48, 52, 56, 60, 64, 69]","[55.700000047683716, 165.9000000357628, 330.0, 462.9000000357628, 595.9000000357628, 727.2000000476837, 1002.9000000357628, 1203.0, 1392.7000000476837, 1560.1000000238419, 1759.800000011921, 1965.5, 2123.300000011921, 2329.300000011921, 2529.7000000476837, 2698.0, 2865.800000011921, 3003.800000011921]",K,8,train
1257,rithika,K,1,K_orient1,17,1,rithika/K/orient1/tilt_forward_toward_1/landmarks_trimmed.json,61,61,18,"[0, 3, 7, 10, 14, 17, 21, 24, 28, 31, 35, 38, 42, 45, 49, 52, 56, 60]","[58.30000001192093, 132.80000001192093, 331.0, 429.10000002384186, 695.5, 863.3999999761581, 1067.199999988079, 1197.8999999761581, 1428.300000011921, 1592.8999999761581, 1797.5, 1896.6000000238419, 2063.100000023842, 2229.800000011921, 2433.600000023842, 2594.100000023842, 2828.800000011921, 3004.0]",K,8,train
1258,rithika,K,1,K_orient1,17,1,rithika/K/orient1/tilt_neutral_away_1/landmarks_trimmed.json,61,61,18,"[0, 3, 7, 10, 14, 17, 21, 24, 28, 31, 35, 38, 42, 45, 49, 52, 56, 60]","[65.30000001192093, 228.19999998807907, 363.19999998807907, 495.5, 760.5, 998.3999999761581, 1197.800000011921, 1328.300000011921, 1528.3999999761581, 1696.8999999761581, 1862.8999999761581, 2027.1000000238419, 2194.199999988079, 2290.800000011921, 2491.300000011921, 2625.0, 2863.699999988079, 3004.199999988079]",K,8,train
1259,rithika,K,1,K_orient1,17,1,rithika/K/orient1/tilt_neutral_neutral_1/landmarks_trimmed.json,60,60,18,"[0, 3, 6, 10, 13, 17, 20, 24, 27, 31, 34, 38, 41, 45, 48, 52, 55, 59]","[62.19999998807907, 162.39999997615814, 264.60000002384186, 462.39999997615814, 628.8999999761581, 829.6999999880791, 960.0, 1190.3999999761581, 1333.0, 1518.6000000238419, 1728.5, 1967.199999988079, 2157.300000011921, 2396.600000023842, 2525.899999976158, 2761.199999988079, 2871.399999976158, 3026.800000011921]",K,8,train
1260,rithika,K,1,K_orient1,17,2,rithika/K/orient1/tilt_neutral_neutral_2/landmarks_trimmed.json,62,62,18,"[0, 3, 7, 10, 14, 17, 21, 25, 28, 32, 35, 39, 43, 46, 50, 53, 57, 61]","[64.89999997615814, 199.0, 365.0, 532.8000000119209, 768.8000000119209, 866.8999999761581, 1066.0, 1267.800000011921, 1399.1000000238419, 1597.800000011921, 1731.0, 1966.699999988079, 2162.600000023842, 2364.399999976158, 2597.199999988079, 2729.699999988079, 2838.800000011921, 3004.399999976158]",K,8,validation
1261,rithika,K,1,K_orient1,17,1,rithika/K/orient1/tilt_neutral_toward_1/landmarks_trimmed.json,64,64,18,"[0, 3, 7, 11, 14, 18, 22, 25, 29, 33, 37, 40, 44, 48, 51, 55, 59, 63]","[34.09999996423721, 200.5, 399.19999998807907, 600.0999999642372, 735.8999999761581, 967.2999999523163, 1167.699999988079, 1299.0999999642372, 1495.3999999761581, 1697.2999999523163, 1895.7999999523163, 2067.2999999523163, 2230.399999976158, 2392.0, 2562.099999964237, 2697.099999964237, 2894.0, 3004.5]",K,8,train
1262,rithika,K,2,K_orient2,18,1,rithika/K/orient2/tilt_back_away_1/landmarks_trimmed.json,60,60,18,"[0, 3, 6, 10, 13, 17, 20, 24, 27, 31, 34, 38, 41, 45, 48, 52, 55, 59]","[65.79999995231628, 199.39999997615814, 363.2999999523163, 595.8999999761581, 736.1999999880791, 935.7999999523163, 1066.5999999642372, 1268.0, 1433.3999999761581, 1634.199999988079, 1835.5999999642372, 2030.7999999523163, 2236.0, 2426.199999988079, 2600.5, 2707.099999964237, 2866.0, 3003.0]",K,8,train
1263,rithika,K,2,K_orient2,18,1,rithika/K/orient2/tilt_back_neutral_1/landmarks_trimmed.json,70,70,18,"[0, 4, 8, 12, 16, 20, 24, 28, 32, 36, 40, 44, 48, 52, 56, 60, 64, 69]","[63.69999998807907, 202.19999998807907, 366.19999998807907, 528.8000000119209, 765.6999999880791, 895.4000000357628, 1066.6000000238419, 1196.5, 1436.699999988079, 1597.4000000357628, 1831.199999988079, 2001.4000000357628, 2164.100000023842, 2401.800000011921, 2529.300000011921, 2662.100000023842, 2773.800000011921, 3033.699999988079]",K,8,train
1264,rithika,K,2,K_orient2,18,2,rithika/K/orient2/tilt_back_neutral_2/landmarks_trimmed.json,51,51,18,"[0, 2, 5, 8, 11, 14, 17, 20, 23, 26, 29, 32, 35, 38, 41, 44, 47, 50]","[135.5, 471.5, 600.5, 866.6000000238419, 998.1000000238419, 1268.1000000238419, 1437.4000000357628, 1570.2000000476837, 1737.2000000476837, 1903.300000011921, 2069.400000035763, 2242.7000000476837, 2397.2000000476837, 2506.400000035763, 2605.800000011921, 2706.600000023842, 2905.900000035763, 3003.400000035763]",K,8,train
1265,rithika,K,2,K_orient2,18,1,rithika/K/orient2/tilt_back_toward_1/landmarks_trimmed.json,59,59,18,"[0, 3, 6, 10, 13, 17, 20, 23, 27, 30, 34, 37, 40, 44, 47, 51, 54, 58]","[135.39999997615814, 332.69999998807907, 501.89999997615814, 736.0, 866.1999999880791, 1066.6000000238419, 1235.5, 1402.800000011921, 1598.800000011921, 1767.6000000238419, 1966.800000011921, 2133.600000023842, 2299.600000023842, 2535.0, 2609.0, 2739.5, 2838.800000011921, 3003.199999988079]",K,8,train
1266,rithika,K,2,K_orient2,18,1,rithika/K/orient2/tilt_forward_neutral_1/landmarks_trimmed.json,63,63,18,"[0, 3, 7, 10, 14, 18, 21, 25, 29, 32, 36, 40, 43, 47, 51, 54, 58, 62]","[33.90000003576279, 132.4000000357628, 265.10000002384186, 430.5, 562.0, 762.6999999880791, 894.3000000119209, 1128.199999988079, 1298.1000000238419, 1427.1000000238419, 1629.1000000238419, 1762.6000000238419, 1928.800000011921, 2292.300000011921, 2464.600000023842, 2563.400000035763, 2698.300000011921, 2894.600000023842]",K,8,train
1267,rithika,K,2,K_orient2,18,1,rithika/K/orient2/tilt_forward_toward_1/landmarks_trimmed.json,61,61,18,"[0, 3, 7, 10, 14, 17, 21, 24, 28, 31, 35, 38, 42, 45, 49, 52, 56, 60]","[57.5, 163.39999997615814, 297.5, 396.69999998807907, 594.6999999880791, 758.3000000119209, 959.8000000119209, 1128.0999999642372, 1327.5999999642372, 1495.199999988079, 1698.5999999642372, 1796.3999999761581, 2060.899999976158, 2261.899999976158, 2427.300000011921, 2600.300000011921, 2798.0, 3027.800000011921]",K,8,train
1268,rithika,K,2,K_orient2,18,1,rithika/K/orient2/tilt_neutral_away_1/landmarks_trimmed.json,64,64,18,"[0, 3, 7, 11, 14, 18, 22, 25, 29, 33, 37, 40, 44, 48, 51, 55, 59, 63]","[33.700000047683716, 165.60000002384186, 363.80000001192093, 564.3000000119209, 732.7000000476837, 894.5, 1100.0, 1229.6000000238419, 1428.0, 1630.4000000357628, 1830.9000000357628, 1960.5, 2197.600000023842, 2401.400000035763, 2534.2000000476837, 2704.100000023842, 2839.300000011921, 3004.300000011921]",K,8,train
1269,rithika,K,2,K_orient2,18,1,rithika/K/orient2/tilt_neutral_neutral_1/landmarks_trimmed.json,86,86,18,"[0, 5, 10, 15, 20, 25, 30, 35, 40, 45, 50, 55, 60, 65, 70, 75, 80, 85]","[33.19999998807907, 198.79999995231628, 396.69999998807907, 596.5, 798.3999999761581, 962.3999999761581, 1132.0, 1293.7999999523163, 1467.2999999523163, 1629.699999988079, 1798.0, 1964.0, 2197.399999976158, 2366.899999976158, 2527.5, 2696.899999976158, 2864.599999964237, 3031.599999964237]",K,8,train
1270,rithika,K,2,K_orient2,18,2,rithika/K/orient2/tilt_neutral_neutral_2/landmarks_trimmed.json,77,77,18,"[0, 4, 8, 13, 17, 22, 26, 31, 35, 40, 44, 49, 53, 58, 62, 67, 71, 76]","[94.09999996423721, 222.5999999642372, 359.5, 495.19999998807907, 700.8999999761581, 892.8000000119209, 1024.800000011921, 1190.0, 1323.800000011921, 1526.800000011921, 1697.0, 1890.5, 2064.300000011921, 2326.599999964237, 2487.800000011921, 2655.899999976158, 2830.5, 3061.099999964237]",K,8,train
1271,rithika,K,2,K_orient2,18,1,rithika/K/orient2/tilt_neutral_toward_1/landmarks_trimmed.json,78,78,18,"[0, 4, 9, 13, 18, 22, 27, 31, 36, 40, 45, 49, 54, 58, 63, 67, 72, 77]","[34.10000002384186, 263.30000001192093, 429.60000002384186, 595.5, 766.5, 930.1000000238419, 1133.4000000357628, 1264.300000011921, 1461.9000000357628, 1632.4000000357628, 1864.699999988079, 2028.5, 2264.0, 2396.5, 2566.0, 2696.600000023842, 2866.5, 3003.199999988079]",K,8,train
1272,rithika,L,1,L_orient1,19,1,rithika/L/orient1/tilt_back_away_1/landmarks_trimmed.json,84,84,18,"[0, 4, 9, 14, 19, 24, 29, 34, 39, 43, 48, 53, 58, 63, 68, 73, 78, 83]","[33.69999998807907, 168.39999997615814, 330.89999997615814, 502.7999999523163, 697.7999999523163, 967.3999999761581, 1134.2999999523163, 1302.0, 1529.0, 1668.8999999761581, 1864.7999999523163, 2032.8999999761581, 2201.899999976158, 2364.399999976158, 2535.899999976158, 2697.899999976158, 2838.399999976158, 3003.5]",L,9,train
1273,rithika,L,1,L_orient1,19,1,rithika/L/orient1/tilt_back_neutral_1/landmarks_trimmed.json,59,59,18,"[0, 3, 6, 10, 13, 17, 20, 23, 27, 30, 34, 37, 40, 44, 47, 51, 54, 58]","[72.69999998807907, 238.69999998807907, 401.5, 638.7999999523163, 771.7999999523163, 969.8999999761581, 1102.699999988079, 1270.199999988079, 1539.0, 1668.8999999761581, 1899.7999999523163, 2071.699999988079, 2233.2999999523163, 2410.199999988079, 2568.399999976158, 2674.199999988079, 2806.099999964237, 3005.399999976158]",L,9,validation
1274,rithika,L,1,L_orient1,19,2,rithika/L/orient1/tilt_back_neutral_2/landmarks_trimmed.json,65,65,18,"[0, 3, 7, 11, 15, 18, 22, 26, 30, 33, 37, 41, 45, 48, 52, 56, 60, 64]","[33.09999996423721, 165.5999999642372, 363.5999999642372, 529.0, 769.0999999642372, 898.6999999880791, 1062.5, 1229.3999999761581, 1396.0, 1533.5999999642372, 1697.0999999642372, 1898.7999999523163, 2098.399999976158, 2267.7999999523163, 2432.599999964237, 2731.7999999523163, 2872.5, 3034.5]",L,9,train
1275,rithika,L,1,L_orient1,19,1,rithika/L/orient1/tilt_back_toward_1/landmarks_trimmed.json,55,55,18,"[0, 3, 6, 9, 12, 15, 19, 22, 25, 28, 31, 34, 38, 41, 44, 47, 50, 54]","[67.59999996423721, 204.69999998807907, 393.0999999642372, 505.0999999642372, 698.0999999642372, 868.5, 1137.0, 1267.199999988079, 1433.7999999523163, 1600.7999999523163, 1771.3999999761581, 1938.199999988079, 2130.5, 2274.7999999523163, 2366.099999964237, 2475.899999976158, 2869.399999976158, 3031.899999976158]",L,9,train
1276,rithika,L,1,L_orient1,19,1,rithika/L/orient1/tilt_neutral_away_1/landmarks_trimmed.json,64,64,18,"[0, 3, 7, 11, 14, 18, 22, 25, 29, 33, 37, 40, 44, 48, 51, 55, 59, 63]","[61.30000001192093, 133.0, 297.9000000357628, 432.10000002384186, 628.7000000476837, 830.1000000238419, 1063.300000011921, 1160.6000000238419, 1395.0, 1630.800000011921, 1798.5, 1964.6000000238419, 2128.2000000476837, 2359.7000000476837, 2465.600000023842, 2630.400000035763, 2866.300000011921, 3003.400000035763]",L,9,train
1277,rithika,L,1,L_orient1,19,1,rithika/L/orient1/tilt_neutral_neutral_1/landmarks_trimmed.json,90,90,18,"[0, 5, 10, 15, 20, 26, 31, 36, 41, 47, 52, 57, 62, 68, 73, 78, 83, 89]","[33.80000001192093, 200.30000001192093, 363.69999998807907, 533.6999999880791, 732.8999999761581, 929.8999999761581, 1100.300000011921, 1267.0, 1430.300000011921, 1632.199999988079, 1798.800000011921, 1964.800000011921, 2133.599999964237, 2334.099999964237, 2495.899999976158, 2667.199999988079, 2833.599999964237, 3029.199999988079]",L,9,validation
1278,rithika,L,1,L_orient1,19,2,rithika/L/orient1/tilt_neutral_neutral_2/landmarks_trimmed.json,56,56,18,"[0, 3, 6, 9, 12, 16, 19, 22, 25, 29, 32, 35, 38, 42, 45, 48, 51, 55]","[67.39999997615814, 165.89999997615814, 333.30000001192093, 498.39999997615814, 631.8000000119209, 865.8000000119209, 1030.699999988079, 1200.5999999642372, 1432.0, 1626.3999999761581, 1766.800000011921, 1934.199999988079, 2101.5, 2364.300000011921, 2564.800000011921, 2737.0, 2869.0, 3026.099999964237]",L,9,train
1279,rithika,L,1,L_orient1,19,1,rithika/L/orient1/tilt_neutral_toward_1/landmarks_trimmed.json,74,74,18,"[0, 4, 8, 12, 17, 21, 25, 30, 34, 38, 42, 47, 51, 55, 60, 64, 68, 73]","[67.40000003576279, 233.10000002384186, 431.10000002384186, 598.6000000238419, 765.7000000476837, 962.5, 1103.0, 1332.0, 1464.0, 1628.7000000476837, 1830.7000000476837, 2034.0, 2165.400000035763, 2331.600000023842, 2566.300000011921, 2734.400000035763, 2838.800000011921, 3003.100000023842]",L,9,validation
1280,rithika,L,2,L_orient2,20,1,rithika/L/orient2/tilt_back_away_1/landmarks_trimmed.json,67,67,18,"[0, 3, 7, 11, 15, 19, 23, 27, 31, 34, 38, 42, 46, 50, 54, 58, 62, 66]","[62.09999996423721, 193.19999998807907, 334.0999999642372, 598.3999999761581, 726.7999999523163, 893.1999999880791, 1061.0, 1265.0, 1427.5, 1528.3999999761581, 1728.199999988079, 1928.3999999761581, 2099.099999964237, 2261.599999964237, 2461.899999976158, 2662.399999976158, 2805.2999999523163, 3003.399999976158]",L,9,train
1281,rithika,L,2,L_orient2,20,1,rithika/L/orient2/tilt_back_neutral_1/landmarks_trimmed.json,61,61,18,"[0, 3, 7, 10, 14, 17, 21, 24, 28, 31, 35, 38, 42, 45, 49, 52, 56, 60]","[66.39999997615814, 165.69999998807907, 331.0999999642372, 463.19999998807907, 995.3999999761581, 1096.5999999642372, 1294.800000011921, 1428.699999988079, 1596.0999999642372, 1728.8999999761581, 2062.800000011921, 2193.800000011921, 2331.699999988079, 2462.5, 2596.0, 2732.300000011921, 2862.199999988079, 3030.899999976158]",L,9,train
1282,rithika,L,2,L_orient2,20,2,rithika/L/orient2/tilt_back_neutral_2/landmarks_trimmed.json,52,52,18,"[0, 3, 6, 9, 12, 15, 18, 21, 24, 27, 30, 33, 36, 39, 42, 45, 48, 51]","[67.0, 267.69999998807907, 467.5999999642372, 637.1999999880791, 800.8999999761581, 968.6999999880791, 1137.5999999642372, 1300.0, 1501.199999988079, 1735.800000011921, 1868.300000011921, 2035.5999999642372, 2167.699999988079, 2434.800000011921, 2508.800000011921, 2636.099999964237, 2732.099999964237, 2805.599999964237]",L,9,train
1283,rithika,L,2,L_orient2,20,1,rithika/L/orient2/tilt_back_toward_1/landmarks_trimmed.json,62,62,18,"[0, 3, 7, 10, 14, 17, 21, 25, 28, 32, 35, 39, 43, 46, 50, 53, 57, 61]","[68.80000001192093, 201.30000001192093, 402.5, 531.4000000357628, 693.3000000119209, 865.9000000357628, 1093.0, 1336.6000000238419, 1501.0, 1729.9000000357628, 1900.5, 2102.300000011921, 2262.7000000476837, 2396.600000023842, 2601.400000035763, 2695.900000035763, 2806.2000000476837, 3002.5]",L,9,train
1284,rithika,L,2,L_orient2,20,1,rithika/L/orient2/tilt_neutral_away_1/landmarks_trimmed.json,83,83,18,"[0, 4, 9, 14, 19, 24, 28, 33, 38, 43, 48, 53, 57, 62, 67, 72, 77, 82]","[34.80000001192093, 169.10000002384186, 433.0, 633.5, 798.3999999761581, 967.3999999761581, 1163.1000000238419, 1336.199999988079, 1497.199999988079, 1668.3999999761581, 1833.1000000238419, 2030.300000011921, 2167.199999988079, 2333.399999976158, 2500.600000023842, 2702.5, 2864.800000011921, 3004.399999976158]",L,9,train
1285,rithika,L,2,L_orient2,20,1,rithika/L/orient2/tilt_neutral_neutral_1/landmarks_trimmed.json,66,66,18,"[0, 3, 7, 11, 15, 19, 22, 26, 30, 34, 38, 42, 45, 49, 53, 57, 61, 65]","[70.5, 201.39999997615814, 364.69999998807907, 533.1999999880791, 731.5, 934.5999999642372, 1066.0999999642372, 1196.7999999523163, 1404.3999999761581, 1604.2999999523163, 1771.5, 1967.199999988079, 2136.5, 2299.099999964237, 2410.099999964237, 2635.199999988079, 2794.5, 3003.5]",L,9,train
1286,rithika,L,2,L_orient2,20,2,rithika/L/orient2/tilt_neutral_neutral_2/landmarks_trimmed.json,56,56,18,"[0, 3, 6, 9, 12, 16, 19, 22, 25, 29, 32, 35, 38, 42, 45, 48, 51, 55]","[59.10000002384186, 133.4000000357628, 232.19999998807907, 392.9000000357628, 463.69999998807907, 666.1999999880791, 763.9000000357628, 866.3000000119209, 998.8000000119209, 1131.199999988079, 1295.300000011921, 1395.1000000238419, 1532.5, 1663.5, 1798.199999988079, 1929.1000000238419, 2027.6000000238419, 2164.699999988079]",L,9,train
1287,rithika,L,2,L_orient2,20,1,rithika/L/orient2/tilt_neutral_toward_1/landmarks_trimmed.json,69,69,18,"[0, 4, 8, 12, 16, 20, 24, 28, 32, 36, 40, 44, 48, 52, 56, 60, 64, 68]","[63.09999996423721, 166.0999999642372, 331.39999997615814, 501.5999999642372, 664.6999999880791, 829.5, 1031.0999999642372, 1270.8999999761581, 1426.699999988079, 1628.300000011921, 1893.5999999642372, 2031.5, 2270.199999988079, 2430.399999976158, 2562.899999976158, 2728.399999976158, 2838.399999976158, 3036.800000011921]",L,9,train
1288,rithika,L,3,L_orient3,21,1,rithika/L/orient3/tilt_back_away_1/landmarks_trimmed.json,56,56,18,"[0, 3, 6, 9, 12, 16, 19, 22, 25, 29, 32, 35, 38, 42, 45, 48, 51, 55]","[69.5, 196.79999995231628, 398.0, 597.0, 761.8999999761581, 1000.5999999642372, 1167.8999999761581, 1335.5999999642372, 1501.7999999523163, 1733.5, 1899.699999988079, 2064.599999964237, 2234.699999988079, 2435.599999964237, 2572.5, 2730.099999964237, 2806.099999964237, 3003.399999976158]",L,9,train
1289,rithika,L,3,L_orient3,21,1,rithika/L/orient3/tilt_back_neutral_1/landmarks_trimmed.json,59,59,18,"[0, 3, 6, 10, 13, 17, 20, 23, 27, 30, 34, 37, 40, 44, 47, 51, 54, 58]","[65.60000002384186, 229.10000002384186, 332.5, 529.6999999880791, 726.0, 924.6999999880791, 1062.699999988079, 1226.9000000357628, 1424.9000000357628, 1635.300000011921, 1831.800000011921, 1991.1000000238419, 2129.0, 2356.400000035763, 2532.199999988079, 2730.800000011921, 2862.400000035763, 3003.5]",L,9,train
1290,rithika,L,3,L_orient3,21,2,rithika/L/orient3/tilt_back_neutral_2/landmarks_trimmed.json,67,67,18,"[0, 3, 7, 11, 15, 19, 23, 27, 31, 34, 38, 42, 46, 50, 54, 58, 62, 66]","[34.10000002384186, 186.30000001192093, 298.0, 462.4000000357628, 594.2000000476837, 761.7000000476837, 927.4000000357628, 1164.0, 1296.2000000476837, 1456.2000000476837, 1661.5, 1825.9000000357628, 2054.7000000476837, 2262.400000035763, 2461.600000023842, 2659.300000011921, 2851.300000011921, 3029.800000011921]",L,9,train
1291,rithika,L,3,L_orient3,21,1,rithika/L/orient3/tilt_back_toward_1/landmarks_trimmed.json,58,58,18,"[0, 3, 6, 10, 13, 16, 20, 23, 26, 30, 33, 36, 40, 43, 46, 50, 53, 57]","[63.69999998807907, 132.39999997615814, 298.19999998807907, 464.5, 666.0999999642372, 832.6999999880791, 1029.2999999523163, 1236.0, 1396.699999988079, 1595.7999999523163, 1765.2999999523163, 1968.199999988079, 2231.7999999523163, 2400.099999964237, 2564.899999976158, 2769.5, 2898.099999964237, 3003.599999964237]",L,9,train
1292,rithika,L,3,L_orient3,21,1,rithika/L/orient3/tilt_forward_away_1/landmarks_trimmed.json,69,69,18,"[0, 4, 8, 12, 16, 20, 24, 28, 32, 36, 40, 44, 48, 52, 56, 60, 64, 68]","[33.59999996423721, 197.30000001192093, 398.5999999642372, 564.8999999761581, 729.5999999642372, 929.3000000119209, 1097.8999999761581, 1264.0999999642372, 1431.5, 1597.699999988079, 1800.300000011921, 2031.3999999761581, 2265.0, 2432.0, 2599.399999976158, 2764.899999976158, 2899.599999964237, 3003.899999976158]",L,9,train
1293,rithika,L,3,L_orient3,21,1,rithika/L/orient3/tilt_forward_neutral_1/landmarks_trimmed.json,59,59,18,"[0, 3, 6, 10, 13, 17, 20, 23, 27, 30, 34, 37, 40, 44, 47, 51, 54, 58]","[60.60000002384186, 161.4000000357628, 296.60000002384186, 462.9000000357628, 630.1000000238419, 829.6000000238419, 996.1000000238419, 1130.1000000238419, 1329.6000000238419, 1499.4000000357628, 1730.7000000476837, 1899.300000011921, 2027.300000011921, 2260.800000011921, 2457.0, 2727.800000011921, 2899.0, 3028.0]",L,9,train
1294,rithika,L,3,L_orient3,21,2,rithika/L/orient3/tilt_forward_neutral_2/landmarks_trimmed.json,61,61,18,"[0, 3, 7, 10, 14, 17, 21, 24, 28, 31, 35, 38, 42, 45, 49, 52, 56, 60]","[67.19999998807907, 233.89999997615814, 467.5999999642372, 627.5, 802.5999999642372, 970.6999999880791, 1099.5999999642372, 1301.699999988079, 1500.800000011921, 1665.5, 1899.0999999642372, 2067.5, 2267.099999964237, 2430.5, 2574.300000011921, 2707.099999964237, 2838.399999976158, 3032.0]",L,9,train
1295,rithika,L,3,L_orient3,21,1,rithika/L/orient3/tilt_forward_toward_1/landmarks_trimmed.json,55,55,18,"[0, 3, 6, 9, 12, 15, 19, 22, 25, 28, 31, 34, 38, 41, 44, 47, 50, 54]","[33.90000003576279, 199.10000002384186, 429.7000000476837, 602.6000000238419, 732.7000000476837, 900.1000000238419, 1090.2000000476837, 1267.300000011921, 1397.300000011921, 1565.5, 1735.2000000476837, 1864.1000000238419, 2092.600000023842, 2266.600000023842, 2430.2000000476837, 2542.0, 2763.100000023842, 3003.900000035763]",L,9,train
1296,rithika,L,3,L_orient3,21,1,rithika/L/orient3/tilt_neutral_away_1/landmarks_trimmed.json,68,68,18,"[0, 3, 7, 11, 15, 19, 23, 27, 31, 35, 39, 43, 47, 51, 55, 59, 63, 67]","[35.09999996423721, 132.19999998807907, 296.5999999642372, 431.0999999642372, 632.8000000119209, 801.3999999761581, 966.3000000119209, 1200.5, 1334.699999988079, 1563.5999999642372, 1764.5999999642372, 1930.5999999642372, 2132.699999988079, 2332.5, 2533.099999964237, 2733.099999964237, 2859.800000011921, 3000.399999976158]",L,9,validation
1297,rithika,L,3,L_orient3,21,1,rithika/L/orient3/tilt_neutral_neutral_1/landmarks_trimmed.json,83,83,18,"[0, 4, 9, 14, 19, 24, 28, 33, 38, 43, 48, 53, 57, 62, 67, 72, 77, 82]","[33.90000003576279, 199.10000002384186, 366.80000001192093, 597.8000000119209, 766.9000000357628, 932.7000000476837, 1064.800000011921, 1232.9000000357628, 1402.1000000238419, 1631.9000000357628, 1802.1000000238419, 1966.5, 2099.600000023842, 2304.600000023842, 2467.400000035763, 2607.400000035763, 2833.100000023842, 3032.600000023842]",L,9,train
1298,rithika,L,3,L_orient3,21,2,rithika/L/orient3/tilt_neutral_neutral_2/landmarks_trimmed.json,61,61,18,"[0, 3, 7, 10, 14, 17, 21, 24, 28, 31, 35, 38, 42, 45, 49, 52, 56, 60]","[66.0, 165.39999997615814, 365.19999998807907, 496.69999998807907, 695.6999999880791, 892.0, 1094.0, 1230.8999999761581, 1432.5999999642372, 1628.5, 1831.0999999642372, 1928.800000011921, 2128.899999976158, 2291.800000011921, 2525.800000011921, 2662.899999976158, 2863.399999976158, 3031.599999964237]",L,9,train
1299,rithika,L,3,L_orient3,21,1,rithika/L/orient3/tilt_neutral_toward_1/landmarks_trimmed.json,83,83,18,"[0, 4, 9, 14, 19, 24, 28, 33, 38, 43, 48, 53, 57, 62, 67, 72, 77, 82]","[33.60000002384186, 165.30000001192093, 331.9000000357628, 498.80000001192093, 699.0, 893.4000000357628, 1064.699999988079, 1266.6000000238419, 1466.199999988079, 1632.800000011921, 1832.699999988079, 1993.699999988079, 2163.900000035763, 2330.199999988079, 2497.100000023842, 2666.800000011921, 2865.600000023842, 3028.400000035763]",L,9,train
1300,rithika,M,1,M_orient1,22,1,rithika/M/orient1/tilt_back_away_1/landmarks_trimmed.json,59,59,18,"[0, 3, 6, 10, 13, 17, 20, 23, 27, 30, 34, 37, 40, 44, 47, 51, 54, 58]","[33.60000002384186, 166.80000001192093, 301.0, 466.4000000357628, 628.0, 933.9000000357628, 1062.6000000238419, 1198.800000011921, 1400.800000011921, 1561.9000000357628, 1797.800000011921, 1964.199999988079, 2097.600000023842, 2364.400000035763, 2564.800000011921, 2766.5, 2838.5, 3035.600000023842]",M,10,train
1301,rithika,M,1,M_orient1,22,1,rithika/M/orient1/tilt_back_neutral_1/landmarks_trimmed.json,46,46,18,"[0, 2, 5, 7, 10, 13, 15, 18, 21, 23, 26, 29, 31, 34, 37, 39, 42, 45]","[62.69999998807907, 118.59999996423721, 232.5999999642372, 354.69999998807907, 465.80000001192093, 622.6999999880791, 660.8999999761581, 824.8999999761581, 957.1999999880791, 1057.199999988079, 1262.199999988079, 1666.3999999761581, 1895.3999999761581, 2058.699999988079, 2230.199999988079, 2330.199999988079, 2461.5, 3061.300000011921]",M,10,validation
1302,rithika,M,1,M_orient1,22,2,rithika/M/orient1/tilt_back_neutral_2/landmarks_trimmed.json,30,30,18,"[0, 1, 3, 5, 6, 8, 10, 11, 13, 15, 17, 18, 20, 22, 23, 25, 27, 29]","[98.69999998807907, 132.89999997615814, 199.0, 724.0999999642372, 726.6999999880791, 866.2999999523163, 967.7999999523163, 996.5999999642372, 1132.0, 1228.699999988079, 1329.2999999523163, 1465.0, 1564.8999999761581, 1697.8999999761581, 1766.199999988079, 1864.7999999523163, 1960.5, 3063.699999988079]",M,10,train
1303,rithika,M,1,M_orient1,22,1,rithika/M/orient1/tilt_back_toward_1/landmarks_trimmed.json,71,71,18,"[0, 4, 8, 12, 16, 20, 24, 28, 32, 37, 41, 45, 49, 53, 57, 61, 65, 70]","[33.80000001192093, 198.69999998807907, 364.30000001192093, 534.5999999642372, 702.1999999880791, 828.8000000119209, 1027.699999988079, 1265.0999999642372, 1465.3999999761581, 1730.199999988079, 1896.699999988079, 2101.699999988079, 2265.599999964237, 2430.099999964237, 2596.599999964237, 2730.0, 2865.599999964237, 3035.099999964237]",M,10,train
1304,rithika,M,1,M_orient1,22,1,rithika/M/orient1/tilt_forward_away_1/landmarks_trimmed.json,59,59,18,"[0, 3, 6, 10, 13, 17, 20, 23, 27, 30, 34, 37, 40, 44, 47, 51, 54, 58]","[66.80000001192093, 165.10000002384186, 301.4000000357628, 498.5, 667.6000000238419, 902.6000000238419, 1064.0, 1234.6000000238419, 1469.0, 1596.6000000238419, 1866.1000000238419, 2032.4000000357628, 2194.2000000476837, 2435.0, 2561.800000011921, 2735.900000035763, 2830.7000000476837, 3001.5]",M,10,train
1305,rithika,M,1,M_orient1,22,1,rithika/M/orient1/tilt_forward_neutral_1/landmarks_trimmed.json,63,63,18,"[0, 3, 7, 10, 14, 18, 21, 25, 29, 32, 36, 40, 43, 47, 51, 54, 58, 62]","[67.90000003576279, 200.9000000357628, 365.30000001192093, 536.1000000238419, 734.6999999880791, 929.8000000119209, 1102.6000000238419, 1302.1000000238419, 1500.9000000357628, 1634.300000011921, 1836.300000011921, 2034.800000011921, 2165.100000023842, 2364.199999988079, 2564.600000023842, 2673.800000011921, 2838.800000011921, 3031.699999988079]",M,10,validation
1306,rithika,M,1,M_orient1,22,2,rithika/M/orient1/tilt_forward_neutral_2/landmarks_trimmed.json,60,60,18,"[0, 3, 6, 10, 13, 17, 20, 24, 27, 31, 34, 38, 41, 45, 48, 52, 55, 59]","[33.09999996423721, 200.29999995231628, 330.7999999523163, 534.5, 698.5999999642372, 967.1999999880791, 1098.2999999523163, 1299.2999999523163, 1430.3999999761581, 1662.0, 1829.5999999642372, 2031.3999999761581, 2232.599999964237, 2431.0, 2595.7999999523163, 2793.0, 2871.7999999523163, 3030.2999999523163]",M,10,train
1307,rithika,M,1,M_orient1,22,1,rithika/M/orient1/tilt_forward_toward_1/landmarks_trimmed.json,77,77,18,"[0, 4, 8, 13, 17, 22, 26, 31, 35, 40, 44, 49, 53, 58, 62, 67, 71, 76]","[34.10000002384186, 229.69999998807907, 364.10000002384186, 569.5, 698.1999999880791, 864.8000000119209, 997.5, 1196.8999999761581, 1364.1000000238419, 1626.5, 1765.699999988079, 1969.300000011921, 2097.0, 2334.199999988079, 2501.100000023842, 2700.800000011921, 2837.0, 3028.100000023842]",M,10,train
1308,rithika,M,1,M_orient1,22,1,rithika/M/orient1/tilt_neutral_away_1/landmarks_trimmed.json,89,89,18,"[0, 5, 10, 15, 20, 25, 31, 36, 41, 46, 51, 56, 62, 67, 72, 77, 82, 88]","[34.60000002384186, 200.4000000357628, 365.60000002384186, 534.6000000238419, 697.3000000119209, 867.0, 1063.0, 1234.5, 1397.4000000357628, 1569.4000000357628, 1767.300000011921, 1933.699999988079, 2136.100000023842, 2299.5, 2467.0, 2629.600000023842, 2828.699999988079, 3003.199999988079]",M,10,train
1309,rithika,M,1,M_orient1,22,1,rithika/M/orient1/tilt_neutral_neutral_1/landmarks_trimmed.json,66,66,18,"[0, 3, 7, 11, 15, 19, 22, 26, 30, 34, 38, 42, 45, 49, 53, 57, 61, 65]","[33.30000001192093, 201.30000001192093, 401.10000002384186, 599.3000000119209, 764.0, 929.5, 1099.300000011921, 1301.0, 1464.5, 1664.0, 1862.3999999761581, 2067.800000011921, 2162.600000023842, 2366.899999976158, 2505.300000011921, 2673.0, 2865.699999988079, 2971.0]",M,10,train
1310,rithika,M,1,M_orient1,22,2,rithika/M/orient1/tilt_neutral_neutral_2/landmarks_trimmed.json,60,60,18,"[0, 3, 6, 10, 13, 17, 20, 24, 27, 31, 34, 38, 41, 45, 48, 52, 55, 59]","[67.69999998807907, 198.69999998807907, 334.10000002384186, 535.0, 701.0, 896.0, 1066.300000011921, 1301.6000000238419, 1427.800000011921, 1667.699999988079, 1831.4000000357628, 2031.199999988079, 2199.699999988079, 2429.600000023842, 2600.800000011921, 2706.800000011921, 2866.699999988079, 3027.5]",M,10,train
1311,rithika,M,1,M_orient1,22,1,rithika/M/orient1/tilt_neutral_toward_1/landmarks_trimmed.json,69,69,18,"[0, 4, 8, 12, 16, 20, 24, 28, 32, 36, 40, 44, 48, 52, 56, 60, 64, 68]","[69.10000002384186, 237.4000000357628, 430.19999998807907, 595.8000000119209, 834.1000000238419, 1001.1999999880791, 1167.6000000238419, 1330.800000011921, 1529.5, 1735.4000000357628, 1891.300000011921, 2032.0, 2198.0, 2399.0, 2560.199999988079, 2695.699999988079, 2839.100000023842, 3000.900000035763]",M,10,train
1312,rithika,M,2,M_orient2,23,1,rithika/M/orient2/tilt_back_away_1/landmarks_trimmed.json,68,68,18,"[0, 3, 7, 11, 15, 19, 23, 27, 31, 35, 39, 43, 47, 51, 55, 59, 63, 67]","[69.5, 166.39999997615814, 365.5, 570.6999999880791, 771.0, 933.6999999880791, 1133.3999999761581, 1297.300000011921, 1504.5, 1702.5, 1899.1000000238419, 2105.100000023842, 2239.800000011921, 2400.199999988079, 2571.899999976158, 2704.0, 2837.100000023842, 3003.300000011921]",M,10,train
1313,rithika,M,2,M_orient2,23,1,rithika/M/orient2/tilt_back_neutral_1/landmarks_trimmed.json,89,89,18,"[0, 5, 10, 15, 20, 25, 31, 36, 41, 46, 51, 56, 62, 67, 72, 77, 82, 88]","[63.19999998807907, 199.29999995231628, 365.0, 529.2999999523163, 699.0999999642372, 860.8999999761581, 1067.7999999523163, 1228.0, 1400.2999999523163, 1566.699999988079, 1730.3999999761581, 1899.8999999761581, 2096.699999988079, 2266.5, 2429.099999964237, 2632.7999999523163, 2800.7999999523163, 3003.5]",M,10,train
1314,rithika,M,2,M_orient2,23,2,rithika/M/orient2/tilt_back_neutral_2/landmarks_trimmed.json,67,67,18,"[0, 3, 7, 11, 15, 19, 23, 27, 31, 34, 38, 42, 46, 50, 54, 58, 62, 66]","[34.10000002384186, 367.69999998807907, 501.9000000357628, 637.3000000119209, 875.4000000357628, 1036.4000000357628, 1272.4000000357628, 1399.9000000357628, 1566.6000000238419, 1701.1000000238419, 1910.5, 2100.199999988079, 2270.199999988079, 2404.300000011921, 2568.100000023842, 2701.300000011921, 2866.800000011921, 3004.400000035763]",M,10,train
1315,rithika,M,2,M_orient2,23,1,rithika/M/orient2/tilt_back_toward_1/landmarks_trimmed.json,70,70,18,"[0, 4, 8, 12, 16, 20, 24, 28, 32, 36, 40, 44, 48, 52, 56, 60, 64, 69]","[65.30000001192093, 200.19999998807907, 330.5, 466.39999997615814, 596.0, 733.5, 861.5999999642372, 1066.699999988079, 1201.0, 1333.5, 1463.699999988079, 1631.0, 1767.199999988079, 2060.099999964237, 2295.300000011921, 2434.5, 2561.5, 3034.099999964237]",M,10,train
1316,rithika,M,2,M_orient2,23,1,rithika/M/orient2/tilt_forward_away_1/landmarks_trimmed.json,63,63,18,"[0, 3, 7, 10, 14, 18, 21, 25, 29, 32, 36, 40, 43, 47, 51, 54, 58, 62]","[33.39999997615814, 201.39999997615814, 400.5, 533.8999999761581, 734.1999999880791, 933.6000000238419, 1063.800000011921, 1262.8999999761581, 1498.699999988079, 1597.8999999761581, 1829.800000011921, 1995.8999999761581, 2167.600000023842, 2332.0, 2530.699999988079, 2640.199999988079, 2838.199999988079, 3000.699999988079]",M,10,train
1317,rithika,M,2,M_orient2,23,1,rithika/M/orient2/tilt_forward_neutral_1/landmarks_trimmed.json,82,82,18,"[0, 4, 9, 14, 19, 23, 28, 33, 38, 42, 47, 52, 57, 61, 66, 71, 76, 81]","[63.30000001192093, 166.0, 363.89999997615814, 531.1000000238419, 693.5, 896.8000000119209, 1128.6000000238419, 1296.0, 1494.199999988079, 1628.8999999761581, 1794.3999999761581, 1998.300000011921, 2159.399999976158, 2297.600000023842, 2492.199999988079, 2659.899999976158, 2831.300000011921, 3026.199999988079]",M,10,train
1318,rithika,M,2,M_orient2,23,2,rithika/M/orient2/tilt_forward_neutral_2/landmarks_trimmed.json,70,70,18,"[0, 4, 8, 12, 16, 20, 24, 28, 32, 36, 40, 44, 48, 52, 56, 60, 64, 69]","[33.90000003576279, 272.0, 400.10000002384186, 568.4000000357628, 738.8000000119209, 905.1999999880791, 1034.800000011921, 1236.1000000238419, 1369.6000000238419, 1563.0, 1839.4000000357628, 2000.9000000357628, 2133.0, 2301.400000035763, 2467.199999988079, 2601.5, 2771.199999988079, 3003.600000023842]",M,10,train
1319,rithika,M,2,M_orient2,23,1,rithika/M/orient2/tilt_neutral_away_1/landmarks_trimmed.json,60,60,18,"[0, 3, 6, 10, 13, 17, 20, 24, 27, 31, 34, 38, 41, 45, 48, 52, 55, 59]","[33.69999998807907, 193.19999998807907, 298.19999998807907, 497.80000001192093, 630.6999999880791, 829.3000000119209, 967.5999999642372, 1155.800000011921, 1332.300000011921, 1528.0, 1699.0999999642372, 1900.0999999642372, 2029.800000011921, 2262.199999988079, 2529.399999976158, 2731.0, 2839.099999964237, 3004.199999988079]",M,10,validation
1320,rithika,M,2,M_orient2,23,1,rithika/M/orient2/tilt_neutral_neutral_1/landmarks_trimmed.json,63,63,18,"[0, 3, 7, 10, 14, 18, 21, 25, 29, 32, 36, 40, 43, 47, 51, 54, 58, 62]","[93.39999997615814, 192.69999998807907, 327.69999998807907, 397.0999999642372, 562.5, 760.3000000119209, 929.3999999761581, 1131.5999999642372, 1360.699999988079, 1495.8999999761581, 1729.800000011921, 1963.699999988079, 2061.800000011921, 2260.599999964237, 2494.399999976158, 2662.300000011921, 2859.800000011921, 3063.0]",M,10,train
1321,rithika,M,2,M_orient2,23,2,rithika/M/orient2/tilt_neutral_neutral_2/landmarks_trimmed.json,72,72,18,"[0, 4, 8, 12, 16, 20, 25, 29, 33, 37, 41, 45, 50, 54, 58, 62, 66, 71]","[34.0, 199.69999998807907, 368.39999997615814, 534.3000000119209, 703.6000000238419, 867.5, 1101.199999988079, 1272.800000011921, 1435.5, 1601.800000011921, 1806.5, 1977.0, 2201.699999988079, 2367.600000023842, 2503.399999976158, 2608.0, 2805.399999976158, 3004.0]",M,10,train
1322,rithika,M,2,M_orient2,23,1,rithika/M/orient2/tilt_neutral_toward_1/landmarks_trimmed.json,59,59,18,"[0, 3, 6, 10, 13, 17, 20, 23, 27, 30, 34, 37, 40, 44, 47, 51, 54, 58]","[70.60000002384186, 167.0, 337.2000000476837, 530.1000000238419, 701.0, 961.8000000119209, 1163.5, 1335.0, 1570.2000000476837, 1735.0, 1933.0, 2102.300000011921, 2269.7000000476837, 2435.800000011921, 2567.100000023842, 2732.2000000476837, 2838.800000011921, 3003.600000023842]",M,10,train
1323,rithika,M,3,M_orient3,24,1,rithika/M/orient3/tilt_back_away_1/landmarks_trimmed.json,62,62,18,"[0, 3, 7, 10, 14, 17, 21, 25, 28, 32, 35, 39, 43, 46, 50, 53, 57, 61]","[33.10000002384186, 132.30000001192093, 330.60000002384186, 490.10000002384186, 660.9000000357628, 760.5, 1130.7000000476837, 1461.5, 1628.1000000238419, 1794.5, 1993.5, 2196.900000035763, 2330.600000023842, 2431.7000000476837, 2595.300000011921, 2696.400000035763, 2863.900000035763, 3030.600000023842]",M,10,validation
1324,rithika,M,3,M_orient3,24,1,rithika/M/orient3/tilt_back_neutral_1/landmarks_trimmed.json,88,88,18,"[0, 5, 10, 15, 20, 25, 30, 35, 40, 46, 51, 56, 61, 66, 71, 76, 81, 87]","[33.89999997615814, 198.10000002384186, 363.39999997615814, 529.1999999880791, 697.5, 895.6000000238419, 1060.800000011921, 1230.6000000238419, 1395.5, 1626.8999999761581, 1798.199999988079, 1962.1000000238419, 2131.699999988079, 2296.199999988079, 2462.800000011921, 2664.5, 2826.0, 3030.5]",M,10,train
1325,rithika,M,3,M_orient3,24,2,rithika/M/orient3/tilt_back_neutral_2/landmarks_trimmed.json,52,52,18,"[0, 3, 6, 9, 12, 15, 18, 21, 24, 27, 30, 33, 36, 39, 42, 45, 48, 51]","[65.19999998807907, 262.5, 471.39999997615814, 561.8000000119209, 736.1999999880791, 868.1999999880791, 1003.0999999642372, 1202.0999999642372, 1435.0999999642372, 1566.699999988079, 1766.5999999642372, 1934.8999999761581, 2238.399999976158, 2370.099999964237, 2534.399999976158, 2607.699999988079, 2706.899999976158, 2937.699999988079]",M,10,train
1326,rithika,M,3,M_orient3,24,1,rithika/M/orient3/tilt_back_toward_1/landmarks_trimmed.json,66,66,18,"[0, 3, 7, 11, 15, 19, 22, 26, 30, 34, 38, 42, 45, 49, 53, 57, 61, 65]","[62.30000001192093, 133.19999998807907, 264.60000002384186, 397.0, 561.6999999880791, 790.6999999880791, 928.0, 1093.1000000238419, 1328.4000000357628, 1528.9000000357628, 1693.300000011921, 1925.4000000357628, 2059.600000023842, 2259.699999988079, 2459.900000035763, 2660.5, 2861.5, 3060.400000035763]",M,10,train
1327,rithika,M,3,M_orient3,24,1,rithika/M/orient3/tilt_forward_away_1/landmarks_trimmed.json,49,49,18,"[0, 2, 5, 8, 11, 14, 16, 19, 22, 25, 28, 31, 33, 36, 39, 42, 45, 48]","[92.0, 292.5, 453.89999997615814, 592.1999999880791, 719.5999999642372, 792.3999999761581, 927.3000000119209, 1057.800000011921, 1227.199999988079, 1354.3999999761581, 1490.699999988079, 1661.199999988079, 1957.8999999761581, 2088.899999976158, 2329.199999988079, 2496.300000011921, 2630.300000011921, 3026.300000011921]",M,10,train
1328,rithika,M,3,M_orient3,24,1,rithika/M/orient3/tilt_forward_neutral_1/landmarks_trimmed.json,53,53,18,"[0, 3, 6, 9, 12, 15, 18, 21, 24, 27, 30, 33, 36, 39, 42, 45, 48, 52]","[70.5, 199.69999998807907, 368.30000001192093, 597.6999999880791, 766.3000000119209, 968.3000000119209, 1133.699999988079, 1297.300000011921, 1463.8999999761581, 1632.3999999761581, 1804.300000011921, 1965.699999988079, 2404.399999976158, 2504.199999988079, 2634.599999964237, 2706.899999976158, 2833.699999988079, 3000.599999964237]",M,10,train
1329,rithika,M,3,M_orient3,24,2,rithika/M/orient3/tilt_forward_neutral_2/landmarks_trimmed.json,60,60,18,"[0, 3, 6, 10, 13, 17, 20, 24, 27, 31, 34, 38, 41, 45, 48, 52, 55, 59]","[62.0, 154.89999997615814, 262.0999999642372, 396.19999998807907, 530.6999999880791, 724.8999999761581, 859.6999999880791, 1092.3999999761581, 1259.199999988079, 1458.699999988079, 1660.699999988079, 1929.0999999642372, 2057.2999999523163, 2293.2999999523163, 2460.199999988079, 2695.099999964237, 2861.899999976158, 3029.199999988079]",M,10,train
1330,rithika,M,3,M_orient3,24,1,rithika/M/orient3/tilt_forward_toward_1/landmarks_trimmed.json,62,62,18,"[0, 3, 7, 10, 14, 17, 21, 25, 28, 32, 35, 39, 43, 46, 50, 53, 57, 61]","[33.5, 170.29999995231628, 403.0999999642372, 575.0, 808.3999999761581, 936.2999999523163, 1206.199999988079, 1439.699999988079, 1568.699999988079, 1805.8999999761581, 1971.7999999523163, 2104.399999976158, 2272.7999999523163, 2376.199999988079, 2508.199999988079, 2675.0, 2840.199999988079, 3034.2999999523163]",M,10,validation
1331,rithika,M,3,M_orient3,24,1,rithika/M/orient3/tilt_neutral_away_1/landmarks_trimmed.json,59,59,18,"[0, 3, 6, 10, 13, 17, 20, 23, 27, 30, 34, 37, 40, 44, 47, 51, 54, 58]","[60.69999998807907, 189.19999998807907, 264.10000002384186, 429.80000001192093, 528.9000000357628, 829.9000000357628, 966.6000000238419, 1060.699999988079, 1228.6000000238419, 1326.1000000238419, 1493.1000000238419, 1792.800000011921, 1894.0, 2334.100000023842, 2494.0, 2720.800000011921, 2862.800000011921, 3025.100000023842]",M,10,train
1332,rithika,M,3,M_orient3,24,1,rithika/M/orient3/tilt_neutral_neutral_1/landmarks_trimmed.json,38,38,18,"[0, 2, 4, 6, 8, 10, 13, 15, 17, 19, 21, 23, 26, 28, 30, 32, 34, 37]","[69.40000003576279, 167.10000002384186, 303.0, 403.30000001192093, 503.69999998807907, 567.6999999880791, 660.4000000357628, 730.1000000238419, 796.9000000357628, 864.0, 931.5, 996.9000000357628, 1172.199999988079, 1304.300000011921, 1404.0, 1503.800000011921, 1604.4000000357628, 1732.5]",M,10,train
1333,rithika,M,3,M_orient3,24,2,rithika/M/orient3/tilt_neutral_neutral_2/landmarks_trimmed.json,54,54,18,"[0, 3, 6, 9, 12, 15, 18, 21, 24, 28, 31, 34, 37, 40, 43, 46, 49, 53]","[33.89999997615814, 166.0999999642372, 297.30000001192093, 428.5999999642372, 599.5999999642372, 732.0, 899.0999999642372, 1063.5, 1230.800000011921, 1498.0999999642372, 1696.0, 1898.199999988079, 2096.399999976158, 2265.099999964237, 2430.599999964237, 2598.0, 2699.599999964237, 2838.699999988079]",M,10,train
1334,rithika,M,3,M_orient3,24,1,rithika/M/orient3/tilt_neutral_toward_1/landmarks_trimmed.json,56,56,18,"[0, 3, 6, 9, 12, 16, 19, 22, 25, 29, 32, 35, 38, 42, 45, 48, 51, 55]","[72.30000001192093, 261.19999998807907, 668.1000000238419, 801.3000000119209, 964.8999999761581, 1198.199999988079, 1392.8999999761581, 1602.800000011921, 1735.0, 1928.3999999761581, 2103.0, 2228.600000023842, 2400.600000023842, 2533.800000011921, 2608.300000011921, 2740.0, 2838.600000023842, 3004.100000023842]",M,10,train
1335,rithika,N,1,N_orient1,25,1,rithika/N/orient1/tilt_back_away_1/landmarks_trimmed.json,60,60,18,"[0, 3, 6, 10, 13, 17, 20, 24, 27, 31, 34, 38, 41, 45, 48, 52, 55, 59]","[55.5, 168.89999997615814, 331.0999999642372, 530.0999999642372, 700.0999999642372, 896.1999999880791, 1066.8999999761581, 1264.3999999761581, 1428.3999999761581, 1661.8999999761581, 1836.199999988079, 2030.5, 2198.2999999523163, 2435.0, 2602.0, 2771.099999964237, 2872.599999964237, 3035.5]",N,11,train
1336,rithika,N,1,N_orient1,25,1,rithika/N/orient1/tilt_back_neutral_1/landmarks_trimmed.json,55,55,18,"[0, 3, 6, 9, 12, 15, 19, 22, 25, 28, 31, 34, 38, 41, 44, 47, 50, 54]","[72.0, 267.5, 440.10000002384186, 576.1000000238419, 779.1999999880791, 976.3999999761581, 1240.199999988079, 1374.6000000238419, 1472.800000011921, 1636.3999999761581, 1810.699999988079, 1905.300000011921, 2046.8999999761581, 2146.199999988079, 2505.899999976158, 2641.0, 2809.0, 3010.100000023842]",N,11,train
1337,rithika,N,1,N_orient1,25,2,rithika/N/orient1/tilt_back_neutral_2/landmarks_trimmed.json,59,59,18,"[0, 3, 6, 10, 13, 17, 20, 23, 27, 30, 34, 37, 40, 44, 47, 51, 54, 58]","[63.5, 132.5999999642372, 328.0, 462.69999998807907, 630.6999999880791, 824.3999999761581, 996.6999999880791, 1192.800000011921, 1395.3999999761581, 1596.5, 1795.3999999761581, 1932.8999999761581, 2093.0, 2293.099999964237, 2460.800000011921, 2661.800000011921, 2799.599999964237, 3000.199999988079]",N,11,train
1338,rithika,N,1,N_orient1,25,1,rithika/N/orient1/tilt_back_toward_1/landmarks_trimmed.json,57,57,18,"[0, 3, 6, 9, 13, 16, 19, 23, 26, 29, 32, 36, 39, 42, 46, 49, 52, 56]","[65.90000003576279, 198.5, 332.0, 429.30000001192093, 628.6000000238419, 827.1999999880791, 995.9000000357628, 1232.6000000238419, 1399.800000011921, 1562.6000000238419, 1763.0, 1998.1000000238419, 2129.600000023842, 2295.600000023842, 2531.300000011921, 2660.5, 2828.800000011921, 3023.199999988079]",N,11,train
1339,rithika,N,1,N_orient1,25,1,rithika/N/orient1/tilt_forward_away_1/landmarks_trimmed.json,58,58,18,"[0, 3, 6, 10, 13, 16, 20, 23, 26, 30, 33, 36, 40, 43, 46, 50, 53, 57]","[68.19999998807907, 198.89999997615814, 367.5999999642372, 533.5999999642372, 696.1999999880791, 862.3999999761581, 1031.199999988079, 1200.199999988079, 1363.5, 1563.5999999642372, 1766.0, 1931.8999999761581, 2164.399999976158, 2332.5, 2497.699999988079, 2731.5, 2867.7999999523163, 3003.699999988079]",N,11,validation
1340,rithika,N,1,N_orient1,25,1,rithika/N/orient1/tilt_neutral_away_1/landmarks_trimmed.json,58,58,18,"[0, 3, 6, 10, 13, 16, 20, 23, 26, 30, 33, 36, 40, 43, 46, 50, 53, 57]","[64.0, 163.5999999642372, 298.0, 499.0999999642372, 661.5, 827.0999999642372, 1063.8999999761581, 1296.699999988079, 1462.5, 1731.5, 1861.3999999761581, 2032.699999988079, 2228.7999999523163, 2397.7999999523163, 2564.899999976158, 2721.099999964237, 2834.699999988079, 3003.899999976158]",N,11,validation
1341,rithika,N,1,N_orient1,25,1,rithika/N/orient1/tilt_neutral_neutral_1/landmarks_trimmed.json,87,87,18,"[0, 5, 10, 15, 20, 25, 30, 35, 40, 45, 50, 55, 60, 65, 70, 75, 80, 86]","[61.19999998807907, 198.80000001192093, 363.10000002384186, 529.6999999880791, 696.1000000238419, 861.3000000119209, 1061.1000000238419, 1225.300000011921, 1394.3999999761581, 1558.800000011921, 1758.6000000238419, 1963.3999999761581, 2123.899999976158, 2296.5, 2496.0, 2658.100000023842, 2829.800000011921, 3025.100000023842]",N,11,train
1342,rithika,N,1,N_orient1,25,2,rithika/N/orient1/tilt_neutral_neutral_2/landmarks_trimmed.json,61,61,18,"[0, 3, 7, 10, 14, 17, 21, 24, 28, 31, 35, 38, 42, 45, 49, 52, 56, 60]","[33.09999996423721, 191.89999997615814, 324.0999999642372, 396.89999997615814, 592.1999999880791, 725.8999999761581, 925.0999999642372, 1094.3999999761581, 1328.3999999761581, 1491.699999988079, 1696.699999988079, 1826.2999999523163, 2061.0, 2159.7999999523163, 2391.099999964237, 2596.099999964237, 2826.699999988079, 3024.7999999523163]",N,11,train
1343,rithika,N,1,N_orient1,25,1,rithika/N/orient1/tilt_neutral_toward_1/landmarks_trimmed.json,63,63,18,"[0, 3, 7, 10, 14, 18, 21, 25, 29, 32, 36, 40, 43, 47, 51, 54, 58, 62]","[65.19999998807907, 231.30000001192093, 432.30000001192093, 562.9000000357628, 800.5, 1029.1000000238419, 1166.5, 1330.0, 1530.699999988079, 1699.699999988079, 1866.5, 2029.9000000357628, 2198.300000011921, 2364.800000011921, 2593.5, 2697.5, 2869.400000035763, 3003.5]",N,11,train
1344,rithika,N,2,N_orient2,26,1,rithika/N/orient2/tilt_back_away_1/landmarks_trimmed.json,21,21,18,"[0, 1, 2, 3, 4, 5, 7, 8, 9, 10, 11, 12, 14, 15, 16, 17, 18, 20]","[269.80000001192093, 300.10000002384186, 330.69999998807907, 364.89999997615814, 433.5, 468.30000001192093, 529.3999999761581, 562.8000000119209, 2667.399999976158, 2700.5, 2733.800000011921, 2765.100000023842, 2830.399999976158, 2867.199999988079, 2900.899999976158, 2904.399999976158, 2967.399999976158, 3003.699999988079]",N,11,train
1345,rithika,N,2,N_orient2,26,1,rithika/N/orient2/tilt_back_neutral_1/landmarks_trimmed.json,66,66,18,"[0, 3, 7, 11, 15, 19, 22, 26, 30, 34, 38, 42, 45, 49, 53, 57, 61, 65]","[33.700000047683716, 167.10000002384186, 365.60000002384186, 567.1000000238419, 833.4000000357628, 1002.2000000476837, 1134.9000000357628, 1371.800000011921, 1499.6000000238419, 1701.4000000357628, 1871.800000011921, 2071.900000035763, 2202.2000000476837, 2343.800000011921, 2535.600000023842, 2668.300000011921, 2838.900000035763, 3003.600000023842]",N,11,validation
1346,rithika,N,2,N_orient2,26,2,rithika/N/orient2/tilt_back_neutral_2/landmarks_trimmed.json,59,59,18,"[0, 3, 6, 10, 13, 17, 20, 23, 27, 30, 34, 37, 40, 44, 47, 51, 54, 58]","[66.69999998807907, 166.30000001192093, 333.30000001192093, 535.5999999642372, 660.5999999642372, 859.0999999642372, 1000.3999999761581, 1169.5, 1394.3999999761581, 1596.0999999642372, 1866.8999999761581, 2036.699999988079, 2196.199999988079, 2468.099999964237, 2575.199999988079, 2773.800000011921, 2898.300000011921, 3031.599999964237]",N,11,train
1347,rithika,N,2,N_orient2,26,1,rithika/N/orient2/tilt_back_toward_1/landmarks_trimmed.json,85,85,18,"[0, 4, 9, 14, 19, 24, 29, 34, 39, 44, 49, 54, 59, 64, 69, 74, 79, 84]","[33.90000003576279, 165.5, 331.2000000476837, 498.60000002384186, 660.8000000119209, 831.7000000476837, 998.3000000119209, 1165.4000000357628, 1363.9000000357628, 1528.2000000476837, 1765.1000000238419, 1927.5, 2126.400000035763, 2331.800000011921, 2495.900000035763, 2698.100000023842, 2864.600000023842, 3031.100000023842]",N,11,train
1348,rithika,N,2,N_orient2,26,1,rithika/N/orient2/tilt_forward_away_1/landmarks_trimmed.json,55,55,18,"[0, 3, 6, 9, 12, 15, 19, 22, 25, 28, 31, 34, 38, 41, 44, 47, 50, 54]","[63.10000002384186, 162.60000002384186, 264.69999998807907, 429.89999997615814, 628.6000000238419, 833.6999999880791, 1030.6000000238419, 1230.8999999761581, 1396.8999999761581, 1559.699999988079, 1726.8999999761581, 1865.6000000238419, 2127.5, 2333.399999976158, 2495.5, 2624.300000011921, 2767.5, 2872.300000011921]",N,11,validation
1349,rithika,N,2,N_orient2,26,1,rithika/N/orient2/tilt_forward_neutral_1/landmarks_trimmed.json,54,54,18,"[0, 3, 6, 9, 12, 15, 18, 21, 24, 28, 31, 34, 37, 40, 43, 46, 49, 53]","[33.10000002384186, 701.1999999880791, 829.4000000357628, 1000.1000000238419, 1128.199999988079, 1262.800000011921, 1433.199999988079, 1564.5, 1733.300000011921, 1895.9000000357628, 1993.1000000238419, 2128.400000035763, 2300.400000035763, 2431.400000035763, 2570.699999988079, 2699.699999988079, 2831.300000011921, 3000.300000011921]",N,11,train
1350,rithika,N,2,N_orient2,26,2,rithika/N/orient2/tilt_forward_neutral_2/landmarks_trimmed.json,55,55,18,"[0, 3, 6, 9, 12, 15, 19, 22, 25, 28, 31, 34, 38, 41, 44, 47, 50, 54]","[66.90000003576279, 235.4000000357628, 430.19999998807907, 734.1000000238419, 863.9000000357628, 1033.800000011921, 1260.199999988079, 1433.0, 1556.9000000357628, 1766.199999988079, 1970.5, 2168.400000035763, 2367.400000035763, 2505.0, 2637.100000023842, 2799.199999988079, 2894.800000011921, 3035.600000023842]",N,11,train
1351,rithika,N,2,N_orient2,26,1,rithika/N/orient2/tilt_forward_toward_1/landmarks_trimmed.json,51,51,18,"[0, 2, 5, 8, 11, 14, 17, 20, 23, 26, 29, 32, 35, 38, 41, 44, 47, 50]","[69.19999998807907, 166.79999995231628, 502.2999999523163, 669.8999999761581, 794.5999999642372, 1000.1999999880791, 1165.5999999642372, 1362.699999988079, 1568.199999988079, 1734.2999999523163, 1928.199999988079, 2100.0, 2295.099999964237, 2436.0, 2542.7999999523163, 2700.599999964237, 2801.7999999523163, 3003.2999999523163]",N,11,train
1352,rithika,N,2,N_orient2,26,1,rithika/N/orient2/tilt_neutral_away_1/landmarks_trimmed.json,71,71,18,"[0, 4, 8, 12, 16, 20, 24, 28, 32, 37, 41, 45, 49, 53, 57, 61, 65, 70]","[33.19999998807907, 264.9000000357628, 396.0, 559.6999999880791, 729.0, 927.0, 1092.199999988079, 1291.1000000238419, 1495.0, 1663.1000000238419, 1830.4000000357628, 2132.900000035763, 2260.699999988079, 2395.600000023842, 2527.900000035763, 2692.100000023842, 2829.5, 3029.900000035763]",N,11,train
1353,rithika,N,2,N_orient2,26,1,rithika/N/orient2/tilt_neutral_neutral_1/landmarks_trimmed.json,61,61,18,"[0, 3, 7, 10, 14, 17, 21, 24, 28, 31, 35, 38, 42, 45, 49, 52, 56, 60]","[68.09999996423721, 199.39999997615814, 402.30000001192093, 496.39999997615814, 734.1999999880791, 900.5999999642372, 1099.5, 1266.5999999642372, 1501.0999999642372, 1632.0999999642372, 1866.199999988079, 2029.0, 2234.199999988079, 2395.199999988079, 2632.300000011921, 2706.899999976158, 2838.899999976158, 3004.099999964237]",N,11,train
1354,rithika,N,2,N_orient2,26,2,rithika/N/orient2/tilt_neutral_neutral_2/landmarks_trimmed.json,62,62,18,"[0, 3, 7, 10, 14, 17, 21, 25, 28, 32, 35, 39, 43, 46, 50, 53, 57, 61]","[35.60000002384186, 168.0, 369.60000002384186, 570.1000000238419, 772.9000000357628, 903.1000000238419, 1103.300000011921, 1299.6000000238419, 1462.0, 1671.6000000238419, 1832.699999988079, 2096.800000011921, 2335.199999988079, 2467.900000035763, 2599.900000035763, 2702.0, 2835.5, 3031.5]",N,11,train
1355,rithika,N,2,N_orient2,26,1,rithika/N/orient2/tilt_neutral_toward_1/landmarks_trimmed.json,67,67,18,"[0, 3, 7, 11, 15, 19, 23, 27, 31, 34, 38, 42, 46, 50, 54, 58, 62, 66]","[69.79999995231628, 233.89999997615814, 402.5999999642372, 563.8999999761581, 764.8999999761581, 962.3999999761581, 1127.8999999761581, 1297.199999988079, 1501.2999999523163, 1597.199999988079, 1769.2999999523163, 1969.699999988079, 2136.599999964237, 2324.199999988079, 2505.899999976158, 2700.699999988079, 2863.099999964237, 3003.7999999523163]",N,11,train
1356,rithika,N,3,N_orient3,27,1,rithika/N/orient3/tilt_back_away_1/landmarks_trimmed.json,60,60,18,"[0, 3, 6, 10, 13, 17, 20, 24, 27, 31, 34, 38, 41, 45, 48, 52, 55, 59]","[33.30000001192093, 203.30000001192093, 435.0, 669.0, 802.6999999880791, 1036.0999999642372, 1135.800000011921, 1368.699999988079, 1536.0, 1732.300000011921, 1869.800000011921, 2072.199999988079, 2201.899999976158, 2432.399999976158, 2539.0, 2736.800000011921, 2805.399999976158, 3003.199999988079]",N,11,train
1357,rithika,N,3,N_orient3,27,1,rithika/N/orient3/tilt_back_neutral_1/landmarks_trimmed.json,84,84,18,"[0, 4, 9, 14, 19, 24, 29, 34, 39, 43, 48, 53, 58, 63, 68, 73, 78, 83]","[33.09999996423721, 197.19999998807907, 363.69999998807907, 530.3000000119209, 694.3000000119209, 894.5999999642372, 1195.8999999761581, 1366.8999999761581, 1530.3999999761581, 1664.800000011921, 1831.5999999642372, 1998.0999999642372, 2161.899999976158, 2332.800000011921, 2494.800000011921, 2662.699999988079, 2833.800000011921, 3029.699999988079]",N,11,train
1358,rithika,N,3,N_orient3,27,2,rithika/N/orient3/tilt_back_neutral_2/landmarks_trimmed.json,66,66,18,"[0, 3, 7, 11, 15, 19, 22, 26, 30, 34, 38, 42, 45, 49, 53, 57, 61, 65]","[33.10000002384186, 132.60000002384186, 265.30000001192093, 396.9000000357628, 594.1000000238419, 792.1000000238419, 928.1000000238419, 1095.300000011921, 1296.300000011921, 1485.4000000357628, 1693.9000000357628, 1862.199999988079, 1996.199999988079, 2148.5, 2360.100000023842, 2528.0, 2758.800000011921, 3026.400000035763]",N,11,train
1359,rithika,N,3,N_orient3,27,1,rithika/N/orient3/tilt_back_toward_1/landmarks_trimmed.json,56,56,18,"[0, 3, 6, 9, 12, 16, 19, 22, 25, 29, 32, 35, 38, 42, 45, 48, 51, 55]","[64.69999998807907, 199.30000001192093, 368.89999997615814, 537.8999999761581, 668.8000000119209, 865.0999999642372, 1033.800000011921, 1169.300000011921, 1298.199999988079, 1498.199999988079, 1836.0999999642372, 2034.3999999761581, 2201.699999988079, 2367.899999976158, 2535.599999964237, 2640.899999976158, 2772.599999964237, 2904.399999976158]",N,11,train
1360,rithika,N,3,N_orient3,27,1,rithika/N/orient3/tilt_forward_away_1/landmarks_trimmed.json,91,91,18,"[0, 5, 10, 15, 21, 26, 31, 37, 42, 47, 52, 58, 63, 68, 74, 79, 84, 90]","[36.5, 200.9000000357628, 366.9000000357628, 535.1000000238419, 737.3000000119209, 903.6999999880791, 1070.4000000357628, 1270.0, 1433.199999988079, 1600.4000000357628, 1767.9000000357628, 1968.4000000357628, 2136.900000035763, 2303.300000011921, 2504.5, 2668.800000011921, 2806.300000011921, 3004.800000011921]",N,11,train
1361,rithika,N,3,N_orient3,27,1,rithika/N/orient3/tilt_forward_neutral_1/landmarks_trimmed.json,67,67,18,"[0, 3, 7, 11, 15, 19, 23, 27, 31, 34, 38, 42, 46, 50, 54, 58, 62, 66]","[33.5, 164.39999997615814, 331.0, 532.5, 726.8999999761581, 928.5, 1128.2999999523163, 1326.5999999642372, 1521.199999988079, 1696.5, 1865.199999988079, 2061.099999964237, 2298.2999999523163, 2432.199999988079, 2599.0, 2730.699999988079, 2896.099999964237, 3032.7999999523163]",N,11,train
1362,rithika,N,3,N_orient3,27,2,rithika/N/orient3/tilt_forward_neutral_2/landmarks_trimmed.json,54,54,18,"[0, 3, 6, 9, 12, 15, 18, 21, 24, 28, 31, 34, 37, 40, 43, 46, 49, 53]","[65.5, 203.10000002384186, 334.4000000357628, 537.3000000119209, 663.0, 833.6000000238419, 1000.1000000238419, 1170.300000011921, 1634.9000000357628, 1868.800000011921, 2033.0, 2200.2000000476837, 2366.2000000476837, 2501.400000035763, 2605.300000011921, 2763.300000011921, 2838.300000011921, 3002.300000011921]",N,11,train
1363,rithika,N,3,N_orient3,27,1,rithika/N/orient3/tilt_forward_toward_1/landmarks_trimmed.json,74,74,18,"[0, 4, 8, 12, 17, 21, 25, 30, 34, 38, 42, 47, 51, 55, 60, 64, 68, 73]","[33.10000002384186, 198.60000002384186, 396.0, 531.3000000119209, 763.1999999880791, 938.1000000238419, 1092.199999988079, 1302.800000011921, 1431.0, 1626.0, 1763.800000011921, 2036.0, 2200.0, 2343.800000011921, 2562.899999976158, 2730.600000023842, 2868.699999988079, 3002.899999976158]",N,11,train
1364,rithika,N,3,N_orient3,27,1,rithika/N/orient3/tilt_neutral_away_1/landmarks_trimmed.json,50,50,18,"[0, 2, 5, 8, 11, 14, 17, 20, 23, 25, 28, 31, 34, 37, 40, 43, 46, 49]","[38.19999998807907, 270.10000002384186, 403.0, 637.9000000357628, 805.9000000357628, 974.5, 1274.1000000238419, 1403.199999988079, 1566.6000000238419, 1672.6000000238419, 1839.300000011921, 2274.5, 2365.100000023842, 2475.699999988079, 2574.800000011921, 2733.300000011921, 2806.199999988079, 3004.5]",N,11,train
1365,rithika,N,3,N_orient3,27,1,rithika/N/orient3/tilt_neutral_neutral_1/landmarks_trimmed.json,58,58,18,"[0, 3, 6, 10, 13, 16, 20, 23, 26, 30, 33, 36, 40, 43, 46, 50, 53, 57]","[61.10000002384186, 166.10000002384186, 295.4000000357628, 429.5, 594.3000000119209, 760.8000000119209, 958.2000000476837, 1127.1000000238419, 1291.9000000357628, 1527.7000000476837, 1659.2000000476837, 1829.300000011921, 2056.2000000476837, 2227.900000035763, 2424.900000035763, 2686.400000035763, 2863.2000000476837, 3062.300000011921]",N,11,train
1366,rithika,N,3,N_orient3,27,2,rithika/N/orient3/tilt_neutral_neutral_2/landmarks_trimmed.json,60,60,18,"[0, 3, 6, 10, 13, 17, 20, 24, 27, 31, 34, 38, 41, 45, 48, 52, 55, 59]","[58.39999997615814, 165.5, 294.30000001192093, 423.69999998807907, 496.0, 726.3000000119209, 928.6999999880791, 1090.5, 1253.699999988079, 1492.5, 1657.5, 1924.0, 2094.5, 2290.600000023842, 2458.800000011921, 2685.0, 2824.699999988079, 3027.699999988079]",N,11,validation
1367,rithika,N,3,N_orient3,27,1,rithika/N/orient3/tilt_neutral_toward_1/landmarks_trimmed.json,65,65,18,"[0, 3, 7, 11, 15, 18, 22, 26, 30, 33, 37, 41, 45, 48, 52, 56, 60, 64]","[33.30000001192093, 228.0999999642372, 402.30000001192093, 600.6999999880791, 799.5, 968.5999999642372, 1169.8999999761581, 1336.5999999642372, 1530.699999988079, 1701.5, 1900.8999999761581, 2132.199999988079, 2333.300000011921, 2469.5, 2634.599999964237, 2767.800000011921, 2871.099999964237, 3003.899999976158]",N,11,train
1368,rithika,O,1,O_orient1,28,1,rithika/O/orient1/tilt_back_away_1/landmarks_trimmed.json,58,58,18,"[0, 3, 6, 10, 13, 16, 20, 23, 26, 30, 33, 36, 40, 43, 46, 50, 53, 57]","[86.80000001192093, 165.80000001192093, 329.4000000357628, 462.5, 654.9000000357628, 726.4000000357628, 924.3000000119209, 1092.4000000357628, 1259.300000011921, 1490.800000011921, 1659.199999988079, 1824.9000000357628, 2063.199999988079, 2224.800000011921, 2392.400000035763, 2654.900000035763, 2793.400000035763, 3023.800000011921]",O,12,train
1369,rithika,O,1,O_orient1,28,1,rithika/O/orient1/tilt_back_neutral_1/landmarks_trimmed.json,85,85,18,"[0, 4, 9, 14, 19, 24, 29, 34, 39, 44, 49, 54, 59, 64, 69, 74, 79, 84]","[34.5, 167.39999997615814, 332.39999997615814, 499.89999997615814, 665.7999999523163, 833.6999999880791, 1028.0, 1200.0, 1363.0999999642372, 1532.2999999523163, 1798.199999988079, 1963.0999999642372, 2166.5, 2333.699999988079, 2496.5, 2699.899999976158, 2864.699999988079, 3003.699999988079]",O,12,train
1370,rithika,O,1,O_orient1,28,2,rithika/O/orient1/tilt_back_neutral_2/landmarks_trimmed.json,68,68,18,"[0, 3, 7, 11, 15, 19, 23, 27, 31, 35, 39, 43, 47, 51, 55, 59, 63, 67]","[68.80000001192093, 203.5, 399.10000002384186, 571.1999999880791, 765.6999999880791, 937.0, 1136.699999988079, 1335.4000000357628, 1497.4000000357628, 1702.5, 1865.699999988079, 2062.0, 2232.600000023842, 2406.400000035763, 2596.900000035763, 2706.800000011921, 2868.5, 3003.199999988079]",O,12,train
1371,rithika,O,1,O_orient1,28,1,rithika/O/orient1/tilt_back_toward_1/landmarks_trimmed.json,68,68,18,"[0, 3, 7, 11, 15, 19, 23, 27, 31, 35, 39, 43, 47, 51, 55, 59, 63, 67]","[33.69999998807907, 232.0999999642372, 437.19999998807907, 599.1999999880791, 761.0999999642372, 894.6999999880791, 1062.8999999761581, 1264.300000011921, 1458.5999999642372, 1667.0999999642372, 1862.0999999642372, 2101.399999976158, 2241.399999976158, 2428.0, 2565.199999988079, 2737.0, 2838.899999976158, 3038.0]",O,12,train
1372,rithika,O,1,O_orient1,28,1,rithika/O/orient1/tilt_forward_away_1/landmarks_trimmed.json,56,56,18,"[0, 3, 6, 9, 12, 16, 19, 22, 25, 29, 32, 35, 38, 42, 45, 48, 51, 55]","[33.5, 198.5, 365.10000002384186, 465.4000000357628, 596.6999999880791, 828.8000000119209, 1027.1000000238419, 1198.5, 1329.0, 1465.5, 1633.199999988079, 1765.199999988079, 1898.800000011921, 2429.400000035763, 2595.800000011921, 2761.699999988079, 2871.5, 3030.199999988079]",O,12,validation
1373,rithika,O,1,O_orient1,28,1,rithika/O/orient1/tilt_forward_neutral_1/landmarks_trimmed.json,57,57,18,"[0, 3, 6, 9, 13, 16, 19, 23, 26, 29, 32, 36, 39, 42, 46, 49, 52, 56]","[62.89999997615814, 133.19999998807907, 333.19999998807907, 433.0, 734.1999999880791, 900.3000000119209, 1091.800000011921, 1332.5, 1464.5999999642372, 1632.5, 1801.3999999761581, 1998.5999999642372, 2166.599999964237, 2431.899999976158, 2630.099999964237, 2802.199999988079, 2898.099999964237, 3003.800000011921]",O,12,train
1374,rithika,O,1,O_orient1,28,2,rithika/O/orient1/tilt_forward_neutral_2/landmarks_trimmed.json,58,58,18,"[0, 3, 6, 10, 13, 16, 20, 23, 26, 30, 33, 36, 40, 43, 46, 50, 53, 57]","[70.10000002384186, 270.10000002384186, 399.9000000357628, 636.6999999880791, 762.1999999880791, 934.8000000119209, 1167.5, 1336.800000011921, 1467.1000000238419, 1703.5, 1869.199999988079, 2034.300000011921, 2241.400000035763, 2399.400000035763, 2476.100000023842, 2640.5, 2803.600000023842, 3003.400000035763]",O,12,train
1375,rithika,O,1,O_orient1,28,1,rithika/O/orient1/tilt_forward_toward_1/landmarks_trimmed.json,78,78,18,"[0, 4, 9, 13, 18, 22, 27, 31, 36, 40, 45, 49, 54, 58, 63, 67, 72, 77]","[33.700000047683716, 165.80000001192093, 331.4000000357628, 498.60000002384186, 663.5, 928.3000000119209, 1097.1000000238419, 1228.2000000476837, 1465.1000000238419, 1699.7000000476837, 1864.0, 2032.5, 2196.300000011921, 2332.900000035763, 2495.2000000476837, 2633.400000035763, 2794.0, 3028.800000011921]",O,12,train
1376,rithika,O,1,O_orient1,28,1,rithika/O/orient1/tilt_neutral_away_1/landmarks_trimmed.json,58,58,18,"[0, 3, 6, 10, 13, 16, 20, 23, 26, 30, 33, 36, 40, 43, 46, 50, 53, 57]","[66.89999997615814, 165.80000001192093, 330.19999998807907, 528.6999999880791, 664.6000000238419, 830.1999999880791, 1030.300000011921, 1232.1000000238419, 1365.5, 1700.8999999761581, 1866.699999988079, 2065.699999988079, 2265.300000011921, 2467.800000011921, 2598.699999988079, 2765.0, 2871.699999988079, 3031.600000023842]",O,12,train
1377,rithika,O,1,O_orient1,28,1,rithika/O/orient1/tilt_neutral_neutral_1/landmarks_trimmed.json,81,81,18,"[0, 4, 9, 14, 18, 23, 28, 32, 37, 42, 47, 51, 56, 61, 65, 70, 75, 80]","[34.200000047683716, 199.10000002384186, 366.0, 530.6000000238419, 666.6000000238419, 829.6000000238419, 1000.8000000119209, 1170.300000011921, 1361.9000000357628, 1564.5, 1765.1000000238419, 1966.5, 2166.600000023842, 2332.600000023842, 2443.600000023842, 2669.600000023842, 2868.2000000476837, 3004.2000000476837]",O,12,train
1378,rithika,O,1,O_orient1,28,1,rithika/O/orient1/tilt_neutral_toward_1/landmarks_trimmed.json,89,89,18,"[0, 5, 10, 15, 20, 25, 31, 36, 41, 46, 51, 56, 62, 67, 72, 77, 82, 88]","[36.19999998807907, 198.69999998807907, 401.80000001192093, 567.5, 734.0, 902.1000000238419, 1097.5, 1268.199999988079, 1435.6000000238419, 1599.0, 1800.5, 1964.699999988079, 2168.899999976158, 2336.0, 2497.399999976158, 2667.600000023842, 2805.399999976158, 3003.399999976158]",O,12,validation
1379,rithika,O,2,O_orient2,29,1,rithika/O/orient2/tilt_back_away_1/landmarks_trimmed.json,62,62,18,"[0, 3, 7, 10, 14, 17, 21, 25, 28, 32, 35, 39, 43, 46, 50, 53, 57, 61]","[69.39999997615814, 165.5, 370.0, 505.7999999523163, 695.3999999761581, 840.0, 1006.8999999761581, 1200.5999999642372, 1367.699999988079, 1667.2999999523163, 1836.7999999523163, 1996.7999999523163, 2164.7999999523163, 2296.699999988079, 2466.199999988079, 2707.199999988079, 2866.599999964237, 3034.699999988079]",O,12,train
1380,rithika,O,2,O_orient2,29,1,rithika/O/orient2/tilt_back_neutral_1/landmarks_trimmed.json,60,60,18,"[0, 3, 6, 10, 13, 17, 20, 24, 27, 31, 34, 38, 41, 45, 48, 52, 55, 59]","[33.69999998807907, 132.69999998807907, 268.19999998807907, 397.0, 533.0, 696.0999999642372, 837.5999999642372, 998.0999999642372, 1101.7999999523163, 1300.3999999761581, 1399.3999999761581, 1565.5, 1697.0, 1863.8999999761581, 1999.2999999523163, 2167.899999976158, 2265.399999976158, 2400.099999964237]",O,12,train
1381,rithika,O,2,O_orient2,29,2,rithika/O/orient2/tilt_back_neutral_2/landmarks_trimmed.json,33,33,18,"[0, 1, 3, 5, 7, 9, 11, 13, 15, 16, 18, 20, 22, 24, 26, 28, 30, 32]","[87.40000003576279, 124.30000001192093, 193.0, 426.5, 494.2000000476837, 588.7000000476837, 653.4000000357628, 726.4000000357628, 826.0, 883.8000000119209, 956.6000000238419, 1089.1000000238419, 1158.5, 1290.5, 1557.300000011921, 2391.0, 2658.300000011921, 2889.300000011921]",O,12,validation
1382,rithika,O,2,O_orient2,29,1,rithika/O/orient2/tilt_back_toward_1/landmarks_trimmed.json,67,67,18,"[0, 3, 7, 11, 15, 19, 23, 27, 31, 34, 38, 42, 46, 50, 54, 58, 62, 66]","[59.5, 192.80000001192093, 297.89999997615814, 463.69999998807907, 627.5999999642372, 828.3999999761581, 1024.0, 1268.300000011921, 1458.699999988079, 1629.5, 1792.0, 2033.199999988079, 2199.0, 2358.699999988079, 2527.399999976158, 2731.899999976158, 2896.099999964237, 3024.699999988079]",O,12,train
1383,rithika,O,2,O_orient2,29,1,rithika/O/orient2/tilt_forward_away_1/landmarks_trimmed.json,62,62,18,"[0, 3, 7, 10, 14, 17, 21, 25, 28, 32, 35, 39, 43, 46, 50, 53, 57, 61]","[75.29999995231628, 232.19999998807907, 438.5, 569.1999999880791, 772.6999999880791, 903.3999999761581, 1096.199999988079, 1301.7999999523163, 1469.0999999642372, 1701.2999999523163, 1868.199999988079, 2076.0, 2271.2999999523163, 2401.599999964237, 2509.0, 2607.7999999523163, 2804.899999976158, 3003.399999976158]",O,12,train
1384,rithika,O,2,O_orient2,29,1,rithika/O/orient2/tilt_forward_neutral_1/landmarks_trimmed.json,48,48,18,"[0, 2, 5, 8, 11, 13, 16, 19, 22, 24, 27, 30, 33, 35, 38, 41, 44, 47]","[267.5, 367.5, 534.5999999642372, 702.0, 832.0999999642372, 931.3000000119209, 1063.0, 1333.5999999642372, 1600.0, 1698.199999988079, 1992.699999988079, 2232.0, 2401.699999988079, 2497.099999964237, 2632.899999976158, 2740.0, 2872.699999988079, 3036.199999988079]",O,12,train
1385,rithika,O,2,O_orient2,29,1,rithika/O/orient2/tilt_forward_toward_1/landmarks_trimmed.json,38,38,18,"[0, 2, 4, 6, 8, 10, 13, 15, 17, 19, 21, 23, 26, 28, 30, 32, 34, 37]","[132.39999997615814, 463.89999997615814, 701.8999999761581, 1231.199999988079, 1330.8999999761581, 1397.199999988079, 1531.0, 1597.300000011921, 1663.5, 1728.800000011921, 1831.5999999642372, 1897.3999999761581, 1997.8999999761581, 2091.199999988079, 2162.5, 2265.599999964237, 2365.199999988079, 2496.599999964237]",O,12,train
1386,rithika,O,2,O_orient2,29,1,rithika/O/orient2/tilt_neutral_away_1/landmarks_trimmed.json,58,58,18,"[0, 3, 6, 10, 13, 16, 20, 23, 26, 30, 33, 36, 40, 43, 46, 50, 53, 57]","[57.39999997615814, 132.69999998807907, 324.19999998807907, 496.39999997615814, 658.3999999761581, 798.8000000119209, 1065.3999999761581, 1263.5, 1428.199999988079, 1663.8999999761581, 1830.300000011921, 1993.300000011921, 2195.699999988079, 2367.399999976158, 2495.600000023842, 2733.100000023842, 2838.100000023842, 3003.899999976158]",O,12,train
1387,rithika,O,2,O_orient2,29,1,rithika/O/orient2/tilt_neutral_neutral_1/landmarks_trimmed.json,49,49,18,"[0, 2, 5, 8, 11, 14, 16, 19, 22, 25, 28, 31, 33, 36, 39, 42, 45, 48]","[34.0, 100.39999997615814, 427.69999998807907, 562.1000000238419, 694.3000000119209, 825.3999999761581, 961.3000000119209, 1124.5, 1259.300000011921, 1462.3999999761581, 1629.199999988079, 1824.199999988079, 1961.3999999761581, 2062.399999976158, 2223.899999976158, 2394.199999988079, 2726.600000023842, 3028.199999988079]",O,12,train
1388,rithika,O,2,O_orient2,29,2,rithika/O/orient2/tilt_neutral_neutral_2/landmarks_trimmed.json,70,70,18,"[0, 4, 8, 12, 16, 20, 24, 28, 32, 36, 40, 44, 48, 52, 56, 60, 64, 69]","[99.40000003576279, 333.4000000357628, 465.9000000357628, 631.6000000238419, 830.9000000357628, 1000.8000000119209, 1165.6000000238419, 1334.800000011921, 1501.5, 1668.300000011921, 1797.4000000357628, 2001.199999988079, 2163.900000035763, 2302.900000035763, 2498.800000011921, 2730.900000035763, 2866.699999988079, 3003.699999988079]",O,12,validation
1389,rithika,O,2,O_orient2,29,1,rithika/O/orient2/tilt_neutral_toward_1/landmarks_trimmed.json,56,56,18,"[0, 3, 6, 9, 12, 16, 19, 22, 25, 29, 32, 35, 38, 42, 45, 48, 51, 55]","[33.80000001192093, 132.60000002384186, 231.10000002384186, 330.69999998807907, 497.5, 1262.0, 1730.0, 1893.6000000238419, 1996.6000000238419, 2163.0, 2262.699999988079, 2361.199999988079, 2462.300000011921, 2596.699999988079, 2693.399999976158, 2796.5, 2896.5, 3028.300000011921]",O,12,train
1390,rithika,O,3,O_orient3,30,1,rithika/O/orient3/tilt_back_away_1/landmarks_trimmed.json,59,59,18,"[0, 3, 6, 10, 13, 17, 20, 23, 27, 30, 34, 37, 40, 44, 47, 51, 54, 58]","[34.19999998807907, 233.69999998807907, 398.89999997615814, 633.3999999761581, 799.3000000119209, 993.3999999761581, 1200.300000011921, 1328.0, 1567.1000000238419, 1700.0, 1933.199999988079, 2100.300000011921, 2267.800000011921, 2461.699999988079, 2631.199999988079, 2797.899999976158, 2871.199999988079, 3034.899999976158]",O,12,train
1391,rithika,O,3,O_orient3,30,1,rithika/O/orient3/tilt_back_neutral_1/landmarks_trimmed.json,84,84,18,"[0, 4, 9, 14, 19, 24, 29, 34, 39, 43, 48, 53, 58, 63, 68, 73, 78, 83]","[33.80000001192093, 166.0, 331.10000002384186, 530.3000000119209, 698.6000000238419, 864.4000000357628, 1095.800000011921, 1263.9000000357628, 1498.199999988079, 1660.699999988079, 1831.0, 1998.5, 2163.699999988079, 2328.600000023842, 2475.600000023842, 2696.100000023842, 2867.800000011921, 3030.699999988079]",O,12,validation
1392,rithika,O,3,O_orient3,30,2,rithika/O/orient3/tilt_back_neutral_2/landmarks_trimmed.json,67,67,18,"[0, 3, 7, 11, 15, 19, 23, 27, 31, 34, 38, 42, 46, 50, 54, 58, 62, 66]","[33.30000001192093, 165.10000002384186, 331.0, 495.19999998807907, 699.3999999761581, 900.1999999880791, 1060.699999988079, 1228.8999999761581, 1394.699999988079, 1528.8999999761581, 1732.699999988079, 1934.8999999761581, 2167.600000023842, 2324.100000023842, 2497.300000011921, 2690.800000011921, 2806.100000023842, 3004.399999976158]",O,12,train
1393,rithika,O,3,O_orient3,30,1,rithika/O/orient3/tilt_back_toward_1/landmarks_trimmed.json,60,60,18,"[0, 3, 6, 10, 13, 17, 20, 24, 27, 31, 34, 38, 41, 45, 48, 52, 55, 59]","[37.19999998807907, 200.80000001192093, 335.69999998807907, 1168.199999988079, 1336.199999988079, 1533.699999988079, 1631.6000000238419, 1799.800000011921, 1903.300000011921, 2033.0, 2136.600000023842, 2300.900000035763, 2433.699999988079, 2568.900000035763, 2640.800000011921, 2772.400000035763, 2871.0, 3004.800000011921]",O,12,train
1394,rithika,O,3,O_orient3,30,1,rithika/O/orient3/tilt_forward_away_1/landmarks_trimmed.json,55,55,18,"[0, 3, 6, 9, 12, 15, 19, 22, 25, 28, 31, 34, 38, 41, 44, 47, 50, 54]","[33.299999952316284, 223.69999998807907, 297.69999998807907, 397.69999998807907, 495.7999999523163, 627.2999999523163, 796.1999999880791, 1132.699999988079, 1259.3999999761581, 1396.5, 1558.7999999523163, 1761.7999999523163, 1959.199999988079, 2127.599999964237, 2328.599999964237, 2594.5, 2730.599999964237, 3027.899999976158]",O,12,train
1395,rithika,O,3,O_orient3,30,1,rithika/O/orient3/tilt_forward_neutral_1/landmarks_trimmed.json,62,62,18,"[0, 3, 7, 10, 14, 17, 21, 25, 28, 32, 35, 39, 43, 46, 50, 53, 57, 61]","[69.90000003576279, 235.80000001192093, 398.0, 570.3000000119209, 733.1000000238419, 937.4000000357628, 1137.1000000238419, 1302.6000000238419, 1468.800000011921, 1695.1000000238419, 1869.0, 2134.300000011921, 2374.100000023842, 2502.0, 2607.300000011921, 2735.900000035763, 2871.0, 3003.800000011921]",O,12,train
1396,rithika,O,3,O_orient3,30,2,rithika/O/orient3/tilt_forward_neutral_2/landmarks_trimmed.json,59,59,18,"[0, 3, 6, 10, 13, 17, 20, 23, 27, 30, 34, 37, 40, 44, 47, 51, 54, 58]","[66.5, 198.9000000357628, 330.30000001192093, 529.1999999880791, 667.6999999880791, 865.4000000357628, 997.3000000119209, 1160.1000000238419, 1433.199999988079, 1599.199999988079, 1832.9000000357628, 1963.9000000357628, 2164.100000023842, 2397.400000035763, 2595.5, 2796.699999988079, 2898.699999988079, 3003.400000035763]",O,12,train
1397,rithika,O,3,O_orient3,30,1,rithika/O/orient3/tilt_forward_toward_1/landmarks_trimmed.json,62,62,18,"[0, 3, 7, 10, 14, 17, 21, 25, 28, 32, 35, 39, 43, 46, 50, 53, 57, 61]","[70.69999998807907, 202.10000002384186, 401.89999997615814, 535.3000000119209, 734.1000000238419, 905.3000000119209, 1105.1000000238419, 1301.300000011921, 1470.800000011921, 1704.1000000238419, 1871.1000000238419, 2062.800000011921, 2245.0, 2405.300000011921, 2508.699999988079, 2607.5, 2806.199999988079, 3004.600000023842]",O,12,train
1398,rithika,O,3,O_orient3,30,1,rithika/O/orient3/tilt_neutral_away_1/landmarks_trimmed.json,72,72,18,"[0, 4, 8, 12, 16, 20, 25, 29, 33, 37, 41, 45, 50, 54, 58, 62, 66, 71]","[33.90000003576279, 166.69999998807907, 342.5, 504.30000001192093, 706.8000000119209, 874.9000000357628, 1064.4000000357628, 1309.6000000238419, 1500.9000000357628, 1635.1000000238419, 1800.800000011921, 1973.5, 2146.5, 2340.800000011921, 2468.400000035763, 2637.400000035763, 2773.100000023842, 3004.0]",O,12,train
1399,rithika,O,3,O_orient3,30,1,rithika/O/orient3/tilt_neutral_neutral_1/landmarks_trimmed.json,54,54,18,"[0, 3, 6, 9, 12, 15, 18, 21, 24, 28, 31, 34, 37, 40, 43, 46, 49, 53]","[228.19999998807907, 363.60000002384186, 597.3999999761581, 830.6000000238419, 997.8000000119209, 1160.199999988079, 1296.1000000238419, 1461.800000011921, 1597.1000000238419, 1797.6000000238419, 1963.3999999761581, 2095.100000023842, 2262.100000023842, 2426.5, 2597.800000011921, 2696.5, 2860.5, 3031.199999988079]",O,12,train
1400,rithika,O,3,O_orient3,30,2,rithika/O/orient3/tilt_neutral_neutral_2/landmarks_trimmed.json,83,83,18,"[0, 4, 9, 14, 19, 24, 28, 33, 38, 43, 48, 53, 57, 62, 67, 72, 77, 82]","[33.30000001192093, 165.80000001192093, 400.30000001192093, 602.6999999880791, 798.4000000357628, 967.6999999880791, 1099.300000011921, 1297.5, 1501.5, 1664.800000011921, 1834.9000000357628, 1996.0, 2199.0, 2367.0, 2534.5, 2700.800000011921, 2863.300000011921, 3004.199999988079]",O,12,train
1401,rithika,O,3,O_orient3,30,1,rithika/O/orient3/tilt_neutral_toward_1/landmarks_trimmed.json,89,89,18,"[0, 5, 10, 15, 20, 25, 31, 36, 41, 46, 51, 56, 62, 67, 72, 77, 82, 88]","[33.19999998807907, 198.89999997615814, 363.89999997615814, 530.5, 729.1999999880791, 893.6999999880791, 1098.699999988079, 1260.5999999642372, 1429.5, 1592.3999999761581, 1763.300000011921, 1926.5999999642372, 2163.599999964237, 2330.0, 2493.5, 2663.5, 2823.699999988079, 3030.099999964237]",O,12,train
1402,rithika,P,1,P_orient1,31,1,rithika/P/orient1/tilt_back_away_1/landmarks_trimmed.json,73,73,18,"[0, 4, 8, 12, 16, 21, 25, 29, 33, 38, 42, 46, 50, 55, 59, 63, 67, 72]","[63.19999998807907, 198.5, 330.4000000357628, 464.9000000357628, 628.4000000357628, 796.1000000238419, 929.5, 1130.199999988079, 1334.800000011921, 1532.199999988079, 1699.0, 1870.5, 2070.0, 2332.600000023842, 2461.900000035763, 2608.400000035763, 2830.600000023842, 3000.699999988079]",P,13,train
1403,rithika,P,1,P_orient1,31,1,rithika/P/orient1/tilt_back_neutral_1/landmarks_trimmed.json,65,65,18,"[0, 3, 7, 11, 15, 18, 22, 26, 30, 33, 37, 41, 45, 48, 52, 56, 60, 64]","[57.80000001192093, 166.9000000357628, 331.4000000357628, 562.4000000357628, 764.0, 895.0, 1099.4000000357628, 1263.300000011921, 1463.800000011921, 1597.7000000476837, 1799.0, 1999.800000011921, 2161.800000011921, 2334.7000000476837, 2533.800000011921, 2704.7000000476837, 2838.800000011921, 3033.300000011921]",P,13,train
1404,rithika,P,1,P_orient1,31,2,rithika/P/orient1/tilt_back_neutral_2/landmarks_trimmed.json,59,59,18,"[0, 3, 6, 10, 13, 17, 20, 23, 27, 30, 34, 37, 40, 44, 47, 51, 54, 58]","[59.89999997615814, 133.0999999642372, 259.5999999642372, 396.0999999642372, 559.5999999642372, 761.0999999642372, 893.7999999523163, 1058.199999988079, 1292.5, 1454.0999999642372, 1662.2999999523163, 1830.0, 1956.3999999761581, 2227.0, 2393.399999976158, 2593.5, 2794.599999964237, 3027.899999976158]",P,13,train
1405,rithika,P,1,P_orient1,31,1,rithika/P/orient1/tilt_back_toward_1/landmarks_trimmed.json,88,88,18,"[0, 5, 10, 15, 20, 25, 30, 35, 40, 46, 51, 56, 61, 66, 71, 76, 81, 87]","[34.19999998807907, 200.5999999642372, 363.5999999642372, 533.6999999880791, 701.0999999642372, 862.0999999642372, 1034.699999988079, 1200.199999988079, 1429.2999999523163, 1630.7999999523163, 1800.0, 1964.2999999523163, 2134.699999988079, 2296.899999976158, 2467.199999988079, 2636.2999999523163, 2798.599999964237, 3003.199999988079]",P,13,train
1406,rithika,P,1,P_orient1,31,1,rithika/P/orient1/tilt_forward_away_1/landmarks_trimmed.json,61,61,18,"[0, 3, 7, 10, 14, 17, 21, 24, 28, 31, 35, 38, 42, 45, 49, 52, 56, 60]","[33.30000001192093, 132.89999997615814, 297.69999998807907, 396.39999997615814, 596.0, 694.1000000238419, 897.8000000119209, 995.1999999880791, 1195.800000011921, 1297.3999999761581, 1464.8999999761581, 1561.5, 2030.8999999761581, 2398.300000011921, 2530.300000011921, 2694.5, 2828.100000023842, 3032.100000023842]",P,13,train
1407,rithika,P,1,P_orient1,31,1,rithika/P/orient1/tilt_forward_neutral_1/landmarks_trimmed.json,57,57,18,"[0, 3, 6, 9, 13, 16, 19, 23, 26, 29, 32, 36, 39, 42, 46, 49, 52, 56]","[58.89999997615814, 133.0, 298.19999998807907, 430.5999999642372, 665.0999999642372, 831.5, 1032.699999988079, 1261.0, 1568.7999999523163, 1694.2999999523163, 1898.699999988079, 2129.199999988079, 2297.699999988079, 2435.0, 2602.899999976158, 2766.399999976158, 2872.399999976158, 3004.199999988079]",P,13,validation
1408,rithika,P,1,P_orient1,31,2,rithika/P/orient1/tilt_forward_neutral_2/landmarks_trimmed.json,67,67,18,"[0, 3, 7, 11, 15, 19, 23, 27, 31, 34, 38, 42, 46, 50, 54, 58, 62, 66]","[32.90000003576279, 162.19999998807907, 330.69999998807907, 566.3000000119209, 699.6999999880791, 865.9000000357628, 1065.4000000357628, 1264.800000011921, 1464.699999988079, 1601.300000011921, 1832.300000011921, 2001.1000000238419, 2233.199999988079, 2400.600000023842, 2600.100000023842, 2732.699999988079, 2837.900000035763, 3003.800000011921]",P,13,train
1409,rithika,P,1,P_orient1,31,1,rithika/P/orient1/tilt_neutral_away_1/landmarks_trimmed.json,59,59,18,"[0, 3, 6, 10, 13, 17, 20, 23, 27, 30, 34, 37, 40, 44, 47, 51, 54, 58]","[33.799999952316284, 198.5999999642372, 363.2999999523163, 565.3999999761581, 734.5, 932.7999999523163, 1057.7999999523163, 1226.5999999642372, 1465.7999999523163, 1595.3999999761581, 1832.199999988079, 1995.2999999523163, 2162.0, 2356.599999964237, 2566.599999964237, 2729.5, 2896.599999964237, 3003.199999988079]",P,13,train
1410,rithika,P,1,P_orient1,31,1,rithika/P/orient1/tilt_neutral_neutral_1/landmarks_trimmed.json,28,28,18,"[0, 1, 3, 4, 6, 7, 9, 11, 12, 14, 15, 17, 19, 20, 22, 23, 25, 27]","[33.19999998807907, 100.0, 165.39999997615814, 198.29999995231628, 265.0, 333.0999999642372, 396.0999999642372, 497.5999999642372, 566.7999999523163, 662.5999999642372, 732.2999999523163, 822.5, 893.8999999761581, 963.5, 1062.5, 1095.3999999761581, 1231.0, 1392.3999999761581]",P,13,train
1411,rithika,P,1,P_orient1,31,1,rithika/P/orient1/tilt_neutral_toward_1/landmarks_trimmed.json,58,58,18,"[0, 3, 6, 10, 13, 16, 20, 23, 26, 30, 33, 36, 40, 43, 46, 50, 53, 57]","[68.70000004768372, 232.0, 400.30000001192093, 670.7000000476837, 836.6000000238419, 1037.2000000476837, 1235.5, 1433.5, 1599.9000000357628, 1830.7000000476837, 2030.6000000238419, 2202.900000035763, 2372.600000023842, 2469.900000035763, 2542.7000000476837, 2673.100000023842, 2804.2000000476837, 3003.300000011921]",P,13,train
1412,rithika,P,2,P_orient2,32,1,rithika/P/orient2/tilt_back_away_1/landmarks_trimmed.json,90,90,18,"[0, 5, 10, 15, 20, 26, 31, 36, 41, 47, 52, 57, 62, 68, 73, 78, 83, 89]","[34.200000047683716, 198.60000002384186, 364.2000000476837, 533.4000000357628, 696.3000000119209, 934.2000000476837, 1098.1000000238419, 1259.4000000357628, 1431.1000000238419, 1629.1000000238419, 1795.7000000476837, 1965.5, 2129.2000000476837, 2327.300000011921, 2498.100000023842, 2663.400000035763, 2832.2000000476837, 3038.400000035763]",P,13,train
1413,rithika,P,2,P_orient2,32,2,rithika/P/orient2/tilt_back_neutral_2/landmarks_trimmed.json,57,57,18,"[0, 3, 6, 9, 13, 16, 19, 23, 26, 29, 32, 36, 39, 42, 46, 49, 52, 56]","[73.19999998807907, 267.30000001192093, 436.10000002384186, 737.6999999880791, 967.5, 1170.9000000357628, 1340.4000000357628, 1495.0, 1673.4000000357628, 1802.699999988079, 1965.699999988079, 2169.800000011921, 2278.600000023842, 2436.5, 2597.600000023842, 2707.0, 2869.199999988079, 3037.400000035763]",P,13,train
1414,rithika,P,2,P_orient2,32,1,rithika/P/orient2/tilt_back_toward_1/landmarks_trimmed.json,29,29,18,"[0, 1, 3, 4, 6, 8, 9, 11, 13, 14, 16, 18, 19, 21, 23, 24, 26, 28]","[64.19999998807907, 66.69999998807907, 204.5, 232.19999998807907, 371.80000001192093, 466.5, 535.1999999880791, 669.3999999761581, 803.3000000119209, 935.3999999761581, 1069.300000011921, 1203.6000000238419, 1233.699999988079, 1536.199999988079, 1701.3999999761581, 1804.6000000238419, 1898.6000000238419, 2002.300000011921]",P,13,train
1415,rithika,P,2,P_orient2,32,1,rithika/P/orient2/tilt_forward_away_1/landmarks_trimmed.json,55,55,18,"[0, 3, 6, 9, 12, 15, 19, 22, 25, 28, 31, 34, 38, 41, 44, 47, 50, 54]","[33.39999997615814, 132.19999998807907, 429.89999997615814, 561.6999999880791, 663.5, 764.3000000119209, 898.1000000238419, 1260.0, 1364.8999999761581, 1463.800000011921, 1663.5, 1898.199999988079, 2029.3999999761581, 2127.399999976158, 2229.399999976158, 2331.5, 2827.899999976158, 3030.600000023842]",P,13,validation
1416,rithika,P,2,P_orient2,32,1,rithika/P/orient2/tilt_forward_neutral_1/landmarks_trimmed.json,69,69,18,"[0, 4, 8, 12, 16, 20, 24, 28, 32, 36, 40, 44, 48, 52, 56, 60, 64, 68]","[364.30000001192093, 496.2000000476837, 697.8000000119209, 891.8000000119209, 1258.800000011921, 1397.1000000238419, 1528.800000011921, 1658.300000011921, 1796.1000000238419, 1926.4000000357628, 2063.2000000476837, 2198.0, 2326.5, 2462.600000023842, 2596.800000011921, 2731.0, 2839.100000023842, 3029.900000035763]",P,13,train
1417,rithika,P,2,P_orient2,32,2,rithika/P/orient2/tilt_forward_neutral_2/landmarks_trimmed.json,51,51,18,"[0, 2, 5, 8, 11, 14, 17, 20, 23, 26, 29, 32, 35, 38, 41, 44, 47, 50]","[33.80000001192093, 169.69999998807907, 304.0, 401.19999998807907, 569.8000000119209, 771.3999999761581, 973.1999999880791, 1202.3999999761581, 1466.8999999761581, 1636.800000011921, 2005.0, 2105.099999964237, 2269.699999988079, 2440.899999976158, 2700.399999976158, 2836.0, 2906.399999976158, 3004.300000011921]",P,13,train
1418,rithika,P,2,P_orient2,32,1,rithika/P/orient2/tilt_forward_toward_1/landmarks_trimmed.json,70,70,18,"[0, 4, 8, 12, 16, 20, 24, 28, 32, 36, 40, 44, 48, 52, 56, 60, 64, 69]","[64.20000004768372, 165.10000002384186, 366.2000000476837, 534.0, 733.4000000357628, 901.7000000476837, 1099.800000011921, 1298.300000011921, 1468.7000000476837, 1665.7000000476837, 1865.1000000238419, 2035.6000000238419, 2164.900000035763, 2334.5, 2566.100000023842, 2732.2000000476837, 2866.600000023842, 3029.300000011921]",P,13,train
1419,rithika,P,2,P_orient2,32,1,rithika/P/orient2/tilt_neutral_away_1/landmarks_trimmed.json,61,61,18,"[0, 3, 7, 10, 14, 17, 21, 24, 28, 31, 35, 38, 42, 45, 49, 52, 56, 60]","[34.10000002384186, 200.10000002384186, 394.60000002384186, 566.6999999880791, 767.3000000119209, 897.8999999761581, 1096.8999999761581, 1262.6000000238419, 1489.199999988079, 1636.1000000238419, 1856.8999999761581, 2033.300000011921, 2230.300000011921, 2402.800000011921, 2599.600000023842, 2689.800000011921, 2898.5, 3036.399999976158]",P,13,train
1420,rithika,P,2,P_orient2,32,1,rithika/P/orient2/tilt_neutral_neutral_1/landmarks_trimmed.json,82,82,18,"[0, 4, 9, 14, 19, 23, 28, 33, 38, 42, 47, 52, 57, 61, 66, 71, 76, 81]","[34.10000002384186, 166.70000004768372, 331.4000000357628, 500.10000002384186, 664.4000000357628, 800.6000000238419, 965.0, 1134.4000000357628, 1299.6000000238419, 1433.2000000476837, 1630.4000000357628, 1800.0, 2100.400000035763, 2230.600000023842, 2400.300000011921, 2564.5, 2867.600000023842, 3003.900000035763]",P,13,validation
1421,rithika,P,2,P_orient2,32,2,rithika/P/orient2/tilt_neutral_neutral_2/landmarks_trimmed.json,80,80,18,"[0, 4, 9, 13, 18, 23, 27, 32, 37, 41, 46, 51, 55, 60, 65, 69, 74, 79]","[34.0, 165.20000004768372, 330.60000002384186, 462.9000000357628, 631.3000000119209, 830.5, 1003.2000000476837, 1197.6000000238419, 1364.7000000476837, 1498.300000011921, 1660.1000000238419, 1832.7000000476837, 2072.600000023842, 2263.900000035763, 2442.300000011921, 2630.2000000476837, 2805.2000000476837, 3003.800000011921]",P,13,train
1422,rithika,P,2,P_orient2,32,1,rithika/P/orient2/tilt_neutral_toward_1/landmarks_trimmed.json,62,62,18,"[0, 3, 7, 10, 14, 17, 21, 25, 28, 32, 35, 39, 43, 46, 50, 53, 57, 61]","[71.60000002384186, 237.10000002384186, 400.0, 571.1999999880791, 765.6000000238419, 938.9000000357628, 1139.6000000238419, 1337.0, 1467.800000011921, 1693.9000000357628, 1872.699999988079, 2072.199999988079, 2239.900000035763, 2398.5, 2537.0, 2641.400000035763, 2805.5, 3003.699999988079]",P,13,train
1423,rithika,Q,1,Q_orient1,33,1,rithika/Q/orient1/tilt_back_away_1/landmarks_trimmed.json,59,59,18,"[0, 3, 6, 10, 13, 17, 20, 23, 27, 30, 34, 37, 40, 44, 47, 51, 54, 58]","[68.59999996423721, 199.39999997615814, 337.69999998807907, 563.1999999880791, 737.3999999761581, 941.0, 1140.0999999642372, 1268.2999999523163, 1536.2999999523163, 1704.2999999523163, 1937.0, 2103.7999999523163, 2237.399999976158, 2404.0, 2509.2999999523163, 2674.399999976158, 2834.899999976158, 3003.399999976158]",Q,14,train
1424,rithika,Q,1,Q_orient1,33,1,rithika/Q/orient1/tilt_back_neutral_1/landmarks_trimmed.json,76,76,18,"[0, 4, 8, 13, 17, 22, 26, 30, 35, 39, 44, 48, 52, 57, 61, 66, 70, 75]","[35.59999996423721, 208.19999998807907, 396.69999998807907, 570.0, 701.0, 867.5, 1071.800000011921, 1197.5, 1400.5999999642372, 1569.699999988079, 1803.5999999642372, 1936.300000011921, 2080.0, 2303.300000011921, 2442.899999976158, 2608.300000011921, 2810.300000011921, 3004.399999976158]",Q,14,train
1425,rithika,Q,1,Q_orient1,33,2,rithika/Q/orient1/tilt_back_neutral_2/landmarks_trimmed.json,46,46,18,"[0, 2, 5, 7, 10, 13, 15, 18, 21, 23, 26, 29, 31, 34, 37, 39, 42, 45]","[92.80000001192093, 132.5, 282.5, 355.4000000357628, 461.9000000357628, 594.5, 689.0, 794.5, 927.4000000357628, 990.9000000357628, 1194.6000000238419, 1321.0, 1388.1000000238419, 1589.7000000476837, 1749.2000000476837, 1897.0, 2059.400000035763, 2191.300000011921]",Q,14,train
1426,rithika,Q,1,Q_orient1,33,1,rithika/Q/orient1/tilt_back_toward_1/landmarks_trimmed.json,55,55,18,"[0, 3, 6, 9, 12, 15, 19, 22, 25, 28, 31, 34, 38, 41, 44, 47, 50, 54]","[70.5, 231.60000002384186, 400.30000001192093, 570.0, 697.0, 902.3000000119209, 1135.4000000357628, 1303.9000000357628, 1431.0, 1633.7000000476837, 1799.6000000238419, 1995.7000000476837, 2264.400000035763, 2427.900000035763, 2508.900000035763, 2641.2000000476837, 2799.900000035763, 3025.300000011921]",Q,14,validation
1427,rithika,Q,1,Q_orient1,33,1,rithika/Q/orient1/tilt_forward_away_1/landmarks_trimmed.json,68,68,18,"[0, 3, 7, 11, 15, 19, 23, 27, 31, 35, 39, 43, 47, 51, 55, 59, 63, 67]","[64.80000001192093, 165.4000000357628, 393.60000002384186, 566.0, 764.3000000119209, 996.9000000357628, 1167.5, 1332.2000000476837, 1532.7000000476837, 1732.6000000238419, 1899.4000000357628, 2067.2000000476837, 2229.600000023842, 2435.800000011921, 2565.100000023842, 2768.400000035763, 2871.900000035763, 3028.100000023842]",Q,14,train
1428,rithika,Q,1,Q_orient1,33,1,rithika/Q/orient1/tilt_forward_neutral_1/landmarks_trimmed.json,62,62,18,"[0, 3, 7, 10, 14, 17, 21, 25, 28, 32, 35, 39, 43, 46, 50, 53, 57, 61]","[56.10000002384186, 161.0, 264.10000002384186, 364.10000002384186, 495.19999998807907, 594.6000000238419, 728.3000000119209, 860.1000000238419, 961.8999999761581, 1095.199999988079, 1189.5, 1357.0, 1527.699999988079, 1626.699999988079, 1762.300000011921, 1861.3999999761581, 1996.0, 3026.5]",Q,14,train
1429,rithika,Q,1,Q_orient1,33,2,rithika/Q/orient1/tilt_forward_neutral_2/landmarks_trimmed.json,75,75,18,"[0, 4, 8, 13, 17, 21, 26, 30, 34, 39, 43, 47, 52, 56, 60, 65, 69, 74]","[33.30000001192093, 199.5999999642372, 331.19999998807907, 496.30000001192093, 627.6999999880791, 794.5999999642372, 964.0999999642372, 1224.5999999642372, 1363.800000011921, 1637.5999999642372, 1834.800000011921, 1997.3999999761581, 2227.599999964237, 2397.899999976158, 2562.5, 2731.099999964237, 2865.899999976158, 3003.800000011921]",Q,14,train
1430,rithika,Q,1,Q_orient1,33,1,rithika/Q/orient1/tilt_forward_toward_1/landmarks_trimmed.json,39,39,18,"[0, 2, 4, 6, 8, 11, 13, 15, 17, 20, 22, 24, 26, 29, 31, 33, 35, 38]","[68.5, 133.4000000357628, 303.5, 404.0, 464.9000000357628, 636.6000000238419, 737.0, 798.9000000357628, 898.3000000119209, 1068.5, 1169.0, 1432.2000000476837, 1534.300000011921, 1704.4000000357628, 1804.7000000476837, 2102.900000035763, 2233.2000000476837, 2641.0]",Q,14,train
1431,rithika,Q,1,Q_orient1,33,1,rithika/Q/orient1/tilt_neutral_away_1/landmarks_trimmed.json,68,68,18,"[0, 3, 7, 11, 15, 19, 23, 27, 31, 35, 39, 43, 47, 51, 55, 59, 63, 67]","[33.90000003576279, 170.5, 363.9000000357628, 563.9000000357628, 769.9000000357628, 931.6999999880791, 1097.5, 1301.699999988079, 1468.0, 1631.300000011921, 1833.699999988079, 2001.4000000357628, 2163.900000035763, 2367.300000011921, 2508.800000011921, 2706.699999988079, 2899.5, 3003.5]",Q,14,train
1432,rithika,Q,1,Q_orient1,33,1,rithika/Q/orient1/tilt_neutral_neutral_1/landmarks_trimmed.json,61,61,18,"[0, 3, 7, 10, 14, 17, 21, 24, 28, 31, 35, 38, 42, 45, 49, 52, 56, 60]","[67.60000002384186, 276.80000001192093, 463.69999998807907, 676.1000000238419, 903.1000000238419, 1068.800000011921, 1303.800000011921, 1440.3999999761581, 1628.0, 1803.8999999761581, 1998.800000011921, 2110.399999976158, 2274.399999976158, 2366.100000023842, 2508.399999976158, 2632.699999988079, 2837.0, 3005.600000023842]",Q,14,validation
1433,rithika,Q,1,Q_orient1,33,2,rithika/Q/orient1/tilt_neutral_neutral_2/landmarks_trimmed.json,61,61,18,"[0, 3, 7, 10, 14, 17, 21, 24, 28, 31, 35, 38, 42, 45, 49, 52, 56, 60]","[35.40000003576279, 202.10000002384186, 436.60000002384186, 600.3000000119209, 868.7000000476837, 1038.5, 1198.6000000238419, 1336.7000000476837, 1543.2000000476837, 1706.4000000357628, 1899.4000000357628, 2103.5, 2300.900000035763, 2401.2000000476837, 2539.2000000476837, 2638.400000035763, 2804.100000023842, 3003.300000011921]",Q,14,train
1434,rithika,Q,1,Q_orient1,33,1,rithika/Q/orient1/tilt_neutral_toward_1/landmarks_trimmed.json,77,77,18,"[0, 4, 8, 13, 17, 22, 26, 31, 35, 40, 44, 49, 53, 58, 62, 67, 71, 76]","[33.60000002384186, 165.10000002384186, 297.4000000357628, 830.6000000238419, 958.6000000238419, 1128.4000000357628, 1261.699999988079, 1428.199999988079, 1561.5, 1728.199999988079, 1863.300000011921, 2027.199999988079, 2195.100000023842, 2396.100000023842, 2560.800000011921, 2729.699999988079, 2860.699999988079, 3025.400000035763]",Q,14,train
1435,rithika,R,1,R_orient1,34,1,rithika/R/orient1/tilt_back_away_1/landmarks_trimmed.json,56,56,18,"[0, 3, 6, 9, 12, 16, 19, 22, 25, 29, 32, 35, 38, 42, 45, 48, 51, 55]","[67.69999998807907, 232.0999999642372, 435.69999998807907, 603.5999999642372, 760.6999999880791, 1001.2999999523163, 1130.0999999642372, 1299.2999999523163, 1501.7999999523163, 1735.8999999761581, 1859.2999999523163, 2034.5999999642372, 2233.099999964237, 2500.5, 2608.5, 2739.599999964237, 2901.2999999523163, 3003.2999999523163]",R,15,validation
1436,rithika,R,1,R_orient1,34,1,rithika/R/orient1/tilt_back_neutral_1/landmarks_trimmed.json,55,55,18,"[0, 3, 6, 9, 12, 15, 19, 22, 25, 28, 31, 34, 38, 41, 44, 47, 50, 54]","[373.60000002384186, 531.1000000238419, 709.5, 839.5, 999.7000000476837, 1174.2000000476837, 1409.6000000238419, 1576.0, 1739.5, 1908.0, 1980.9000000357628, 2136.900000035763, 2277.7000000476837, 2376.400000035763, 2542.300000011921, 2674.600000023842, 2836.0, 3040.2000000476837]",R,15,train
1437,rithika,R,1,R_orient1,34,2,rithika/R/orient1/tilt_back_neutral_2/landmarks_trimmed.json,66,66,18,"[0, 3, 7, 11, 15, 19, 22, 26, 30, 34, 38, 42, 45, 49, 53, 57, 61, 65]","[93.39999997615814, 188.19999998807907, 387.30000001192093, 559.0999999642372, 694.0999999642372, 826.0, 958.0999999642372, 1154.5999999642372, 1288.199999988079, 1527.3999999761581, 1725.699999988079, 1926.0, 2055.599999964237, 2257.099999964237, 2426.5, 2629.199999988079, 2860.599999964237, 3059.800000011921]",R,15,train
1438,rithika,R,1,R_orient1,34,1,rithika/R/orient1/tilt_back_toward_1/landmarks_trimmed.json,38,38,18,"[0, 2, 4, 6, 8, 10, 13, 15, 17, 19, 21, 23, 26, 28, 30, 32, 34, 37]","[33.10000002384186, 132.69999998807907, 231.4000000357628, 330.10000002384186, 462.19999998807907, 728.4000000357628, 896.6999999880791, 1024.800000011921, 1128.6000000238419, 1262.699999988079, 1398.300000011921, 1566.199999988079, 2266.0, 2400.199999988079, 2498.600000023842, 2696.0, 2905.100000023842, 3025.600000023842]",R,15,train
1439,rithika,R,1,R_orient1,34,1,rithika/R/orient1/tilt_forward_neutral_1/landmarks_trimmed.json,87,87,18,"[0, 5, 10, 15, 20, 25, 30, 35, 40, 45, 50, 55, 60, 65, 70, 75, 80, 86]","[33.39999997615814, 198.89999997615814, 364.60000002384186, 532.5, 698.8999999761581, 860.0, 1029.800000011921, 1199.300000011921, 1365.6000000238419, 1566.3999999761581, 1726.6000000238419, 1931.5, 2098.5, 2262.399999976158, 2432.199999988079, 2594.399999976158, 2797.300000011921, 3033.0]",R,15,validation
1440,rithika,R,1,R_orient1,34,1,rithika/R/orient1/tilt_forward_toward_1/landmarks_trimmed.json,58,58,18,"[0, 3, 6, 10, 13, 16, 20, 23, 26, 30, 33, 36, 40, 43, 46, 50, 53, 57]","[33.80000001192093, 201.10000002384186, 297.10000002384186, 494.4000000357628, 627.0, 766.8000000119209, 962.0, 1163.6000000238419, 1297.5, 1464.4000000357628, 1632.1000000238419, 1833.199999988079, 1996.199999988079, 2232.199999988079, 2399.5, 2696.800000011921, 2829.600000023842, 3004.5]",R,15,train
1441,rithika,R,1,R_orient1,34,1,rithika/R/orient1/tilt_neutral_away_1/landmarks_trimmed.json,65,65,18,"[0, 3, 7, 11, 15, 18, 22, 26, 30, 33, 37, 41, 45, 48, 52, 56, 60, 64]","[33.200000047683716, 197.80000001192093, 330.5, 568.5, 727.4000000357628, 897.5, 1129.5, 1327.7000000476837, 1503.1000000238419, 1696.5, 1866.4000000357628, 2095.300000011921, 2263.0, 2435.300000011921, 2574.2000000476837, 2766.900000035763, 2871.100000023842, 3035.300000011921]",R,15,train
1442,rithika,R,1,R_orient1,34,1,rithika/R/orient1/tilt_neutral_neutral_1/landmarks_trimmed.json,42,42,18,"[0, 2, 4, 7, 9, 12, 14, 16, 19, 21, 24, 26, 28, 31, 33, 36, 38, 41]","[1327.699999988079, 1395.0, 1495.800000011921, 1593.800000011921, 1696.300000011921, 1795.1000000238419, 1859.800000011921, 1963.199999988079, 2096.600000023842, 2160.100000023842, 2331.400000035763, 2394.600000023842, 2460.800000011921, 2627.900000035763, 2696.199999988079, 2798.900000035763, 2895.699999988079, 3031.400000035763]",R,15,train
1443,rithika,R,1,R_orient1,34,1,rithika/R/orient1/tilt_neutral_toward_1/landmarks_trimmed.json,69,69,18,"[0, 4, 8, 12, 16, 20, 24, 28, 32, 36, 40, 44, 48, 52, 56, 60, 64, 68]","[61.19999998807907, 165.39999997615814, 330.69999998807907, 535.5999999642372, 693.8000000119209, 829.3999999761581, 1067.5, 1192.5999999642372, 1362.0, 1529.3999999761581, 1702.300000011921, 1970.300000011921, 2123.199999988079, 2331.300000011921, 2493.300000011921, 2659.800000011921, 2805.800000011921, 3001.599999964237]",R,15,train
1444,rithika,R,2,R_orient2,35,1,rithika/R/orient2/tilt_back_away_1/landmarks_trimmed.json,79,79,18,"[0, 4, 9, 13, 18, 22, 27, 32, 36, 41, 45, 50, 55, 59, 64, 68, 73, 78]","[33.0, 165.69999998807907, 330.0999999642372, 500.89999997615814, 661.5, 795.8000000119209, 1032.699999988079, 1194.699999988079, 1328.5999999642372, 1529.3999999761581, 1731.0, 1963.0999999642372, 2129.300000011921, 2295.699999988079, 2462.699999988079, 2662.199999988079, 2862.599999964237, 3034.399999976158]",R,15,train
1445,rithika,R,2,R_orient2,35,1,rithika/R/orient2/tilt_back_neutral_1/landmarks_trimmed.json,67,67,18,"[0, 3, 7, 11, 15, 19, 23, 27, 31, 34, 38, 42, 46, 50, 54, 58, 62, 66]","[33.30000001192093, 132.89999997615814, 298.0, 464.19999998807907, 669.0, 830.8999999761581, 1001.8999999761581, 1167.8999999761581, 1362.0, 1463.800000011921, 1690.6000000238419, 1824.800000011921, 2068.300000011921, 2265.100000023842, 2465.600000023842, 2673.899999976158, 2864.5, 3035.699999988079]",R,15,train
1446,rithika,R,2,R_orient2,35,2,rithika/R/orient2/tilt_back_neutral_2/landmarks_trimmed.json,87,87,18,"[0, 5, 10, 15, 20, 25, 30, 35, 40, 45, 50, 55, 60, 65, 70, 75, 80, 86]","[34.40000003576279, 198.19999998807907, 397.4000000357628, 561.1000000238419, 730.8000000119209, 897.6999999880791, 1057.699999988079, 1231.199999988079, 1397.9000000357628, 1564.199999988079, 1758.699999988079, 1930.699999988079, 2092.100000023842, 2264.600000023842, 2430.5, 2628.699999988079, 2827.800000011921, 3030.600000023842]",R,15,train
1447,rithika,R,2,R_orient2,35,1,rithika/R/orient2/tilt_back_toward_1/landmarks_trimmed.json,85,85,18,"[0, 4, 9, 14, 19, 24, 29, 34, 39, 44, 49, 54, 59, 64, 69, 74, 79, 84]","[57.69999998807907, 195.5, 330.0999999642372, 495.7999999523163, 726.5999999642372, 895.2999999523163, 1064.2999999523163, 1228.699999988079, 1396.199999988079, 1562.699999988079, 1727.699999988079, 1959.0, 2131.099999964237, 2292.199999988079, 2529.2999999523163, 2691.599999964237, 2864.199999988079, 3028.599999964237]",R,15,train
1448,rithika,R,2,R_orient2,35,1,rithika/R/orient2/tilt_neutral_away_1/landmarks_trimmed.json,68,68,18,"[0, 3, 7, 11, 15, 19, 23, 27, 31, 35, 39, 43, 47, 51, 55, 59, 63, 67]","[33.10000002384186, 132.19999998807907, 295.5, 430.19999998807907, 764.4000000357628, 963.1999999880791, 1096.6000000238419, 1262.1000000238419, 1432.0, 1628.4000000357628, 1799.0, 2066.600000023842, 2222.800000011921, 2397.100000023842, 2564.800000011921, 2731.400000035763, 2866.0, 3030.699999988079]",R,15,train
1449,rithika,R,2,R_orient2,35,1,rithika/R/orient2/tilt_neutral_neutral_1/landmarks_trimmed.json,60,60,18,"[0, 3, 6, 10, 13, 17, 20, 24, 27, 31, 34, 38, 41, 45, 48, 52, 55, 59]","[62.700000047683716, 132.9000000357628, 231.70000004768372, 459.7000000476837, 595.6000000238419, 830.1000000238419, 962.1000000238419, 1230.800000011921, 1327.2000000476837, 1527.4000000357628, 1662.4000000357628, 1861.9000000357628, 2062.800000011921, 2293.300000011921, 2496.800000011921, 2691.7000000476837, 2862.400000035763, 3030.7000000476837]",R,15,train
1450,rithika,R,2,R_orient2,35,2,rithika/R/orient2/tilt_neutral_neutral_2/landmarks_trimmed.json,62,62,18,"[0, 3, 7, 10, 14, 17, 21, 25, 28, 32, 35, 39, 43, 46, 50, 53, 57, 61]","[67.0, 267.60000002384186, 469.39999997615814, 599.8000000119209, 829.0, 968.0, 1167.199999988079, 1366.3999999761581, 1498.300000011921, 1733.3999999761581, 1901.5, 2062.600000023842, 2336.899999976158, 2501.899999976158, 2607.800000011921, 2736.0, 2896.0, 3033.699999988079]",R,15,train
1451,rithika,R,2,R_orient2,35,1,rithika/R/orient2/tilt_neutral_toward_1/landmarks_trimmed.json,68,68,18,"[0, 3, 7, 11, 15, 19, 23, 27, 31, 35, 39, 43, 47, 51, 55, 59, 63, 67]","[34.59999996423721, 166.19999998807907, 368.89999997615814, 533.8999999761581, 703.3000000119209, 869.6999999880791, 1032.800000011921, 1199.300000011921, 1364.699999988079, 1533.0999999642372, 1697.3999999761581, 1932.0999999642372, 2100.5, 2232.099999964237, 2460.699999988079, 2732.199999988079, 2839.0, 3000.399999976158]",R,15,train
1452,rithika,R,3,R_orient3,36,1,rithika/R/orient3/tilt_back_away_1/landmarks_trimmed.json,91,91,18,"[0, 5, 10, 15, 21, 26, 31, 37, 42, 47, 52, 58, 63, 68, 74, 79, 84, 90]","[33.5, 199.39999997615814, 364.19999998807907, 529.1999999880791, 727.3999999761581, 891.6999999880791, 1057.2999999523163, 1254.5999999642372, 1420.0, 1584.5999999642372, 1749.5999999642372, 1949.5, 2112.5, 2278.599999964237, 2475.099999964237, 2641.099999964237, 2805.599999964237, 3003.7999999523163]",R,15,train
1453,rithika,R,3,R_orient3,36,1,rithika/R/orient3/tilt_back_neutral_1/landmarks_trimmed.json,63,63,18,"[0, 3, 7, 10, 14, 18, 21, 25, 29, 32, 36, 40, 43, 47, 51, 54, 58, 62]","[67.19999998807907, 266.9000000357628, 501.60000002384186, 660.5, 868.1999999880791, 1068.699999988079, 1201.4000000357628, 1400.1000000238419, 1568.1000000238419, 1729.6000000238419, 1933.800000011921, 2135.800000011921, 2268.400000035763, 2431.100000023842, 2607.699999988079, 2707.199999988079, 2871.100000023842, 3003.400000035763]",R,15,train
1454,rithika,R,3,R_orient3,36,2,rithika/R/orient3/tilt_back_neutral_2/landmarks_trimmed.json,91,91,18,"[0, 5, 10, 15, 21, 26, 31, 37, 42, 47, 52, 58, 63, 68, 74, 79, 84, 90]","[38.30000001192093, 200.0999999642372, 364.69999998807907, 529.6999999880791, 726.3999999761581, 894.3999999761581, 1059.8999999761581, 1256.5, 1421.5999999642372, 1588.5, 1753.8999999761581, 1949.699999988079, 2116.0, 2281.099999964237, 2477.800000011921, 2643.0, 2806.800000011921, 3004.800000011921]",R,15,train
1455,rithika,R,3,R_orient3,36,1,rithika/R/orient3/tilt_back_toward_1/landmarks_trimmed.json,57,57,18,"[0, 3, 6, 9, 13, 16, 19, 23, 26, 29, 32, 36, 39, 42, 46, 49, 52, 56]","[69.19999998807907, 236.80000001192093, 435.5, 607.6000000238419, 810.0, 1008.5, 1169.4000000357628, 1437.699999988079, 1607.6000000238419, 1805.800000011921, 2004.699999988079, 2203.5, 2310.100000023842, 2410.5, 2569.800000011921, 2673.400000035763, 2805.400000035763, 3006.400000035763]",R,15,train
1456,rithika,R,3,R_orient3,36,1,rithika/R/orient3/tilt_forward_neutral_1/landmarks_trimmed.json,90,90,18,"[0, 5, 10, 15, 20, 26, 31, 36, 41, 47, 52, 57, 62, 68, 73, 78, 83, 89]","[33.60000002384186, 198.69999998807907, 365.19999998807907, 531.8000000119209, 732.0, 930.8000000119209, 1097.5, 1262.1000000238419, 1429.300000011921, 1627.800000011921, 1797.5, 1964.8999999761581, 2129.800000011921, 2331.600000023842, 2494.5, 2665.100000023842, 2829.800000011921, 3027.699999988079]",R,15,train
1457,rithika,R,3,R_orient3,36,1,rithika/R/orient3/tilt_neutral_away_1/landmarks_trimmed.json,57,57,18,"[0, 3, 6, 9, 13, 16, 19, 23, 26, 29, 32, 36, 39, 42, 46, 49, 52, 56]","[63.80000001192093, 160.60000002384186, 231.89999997615814, 396.39999997615814, 560.3999999761581, 693.0, 861.5, 1062.300000011921, 1195.8999999761581, 1361.6000000238419, 1530.1000000238419, 1791.3999999761581, 1961.199999988079, 2127.800000011921, 2362.5, 2528.100000023842, 2789.800000011921, 3027.899999976158]",R,15,validation
1458,rithika,R,3,R_orient3,36,1,rithika/R/orient3/tilt_neutral_neutral_1/landmarks_trimmed.json,67,67,18,"[0, 3, 7, 11, 15, 19, 23, 27, 31, 34, 38, 42, 46, 50, 54, 58, 62, 66]","[33.30000001192093, 162.0, 296.10000002384186, 496.30000001192093, 661.3999999761581, 862.1999999880791, 993.6999999880791, 1226.1000000238419, 1364.699999988079, 1496.3999999761581, 1694.1000000238419, 1927.1000000238419, 2125.5, 2331.5, 2462.100000023842, 2663.800000011921, 2797.300000011921, 3025.300000011921]",R,15,train
1459,rithika,R,3,R_orient3,36,2,rithika/R/orient3/tilt_neutral_neutral_2/landmarks_trimmed.json,59,59,18,"[0, 3, 6, 10, 13, 17, 20, 23, 27, 30, 34, 37, 40, 44, 47, 51, 54, 58]","[68.09999996423721, 230.39999997615814, 401.5999999642372, 600.5, 770.8999999761581, 1002.8999999761581, 1167.199999988079, 1329.0999999642372, 1534.8999999761581, 1665.8999999761581, 1903.199999988079, 2064.5, 2236.0, 2433.5, 2556.399999976158, 2706.599999964237, 2870.899999976158, 3035.899999976158]",R,15,train
1460,rithika,R,3,R_orient3,36,1,rithika/R/orient3/tilt_neutral_toward_1/landmarks_trimmed.json,74,74,18,"[0, 4, 8, 12, 17, 21, 25, 30, 34, 38, 42, 47, 51, 55, 60, 64, 68, 73]","[34.59999996423721, 233.0, 364.0, 633.5, 832.8000000119209, 1034.0, 1265.3999999761581, 1432.8999999761581, 1567.300000011921, 1700.3999999761581, 1939.300000011921, 2097.5, 2267.699999988079, 2397.899999976158, 2542.099999964237, 2734.599999964237, 2866.5, 3041.099999964237]",R,15,validation
1461,rithika,S,1,S_orient1,37,1,rithika/S/orient1/tilt_back_away_1/landmarks_trimmed.json,47,47,18,"[0, 2, 5, 8, 10, 13, 16, 18, 21, 24, 27, 29, 32, 35, 37, 40, 43, 46]","[66.19999998807907, 132.39999997615814, 295.80000001192093, 496.0999999642372, 629.3999999761581, 829.1999999880791, 1029.699999988079, 1164.5, 1327.0, 1495.3999999761581, 1663.699999988079, 1795.8999999761581, 1995.3999999761581, 2329.300000011921, 2463.599999964237, 2661.699999988079, 2863.199999988079, 3027.800000011921]",S,16,train
1462,rithika,S,1,S_orient1,37,1,rithika/S/orient1/tilt_back_neutral_1/landmarks_trimmed.json,61,61,18,"[0, 3, 7, 10, 14, 17, 21, 24, 28, 31, 35, 38, 42, 45, 49, 52, 56, 60]","[68.29999995231628, 233.69999998807907, 396.69999998807907, 571.7999999523163, 767.0, 936.1999999880791, 1131.2999999523163, 1268.699999988079, 1494.7999999523163, 1670.699999988079, 1869.3999999761581, 2000.3999999761581, 2236.0, 2365.599999964237, 2567.5, 2674.199999988079, 2805.5, 3004.099999964237]",S,16,train
1463,rithika,S,1,S_orient1,37,2,rithika/S/orient1/tilt_back_neutral_2/landmarks_trimmed.json,43,43,18,"[0, 2, 4, 7, 9, 12, 14, 17, 19, 22, 24, 27, 29, 32, 34, 37, 39, 42]","[90.80000001192093, 156.19999998807907, 229.69999998807907, 358.30000001192093, 524.3999999761581, 627.5, 758.1000000238419, 890.5, 1020.8999999761581, 1127.5, 1223.8999999761581, 1390.199999988079, 1528.6000000238419, 1691.5, 1826.6000000238419, 2091.399999976158, 2593.5, 3025.399999976158]",S,16,validation
1464,rithika,S,1,S_orient1,37,1,rithika/S/orient1/tilt_back_toward_1/landmarks_trimmed.json,68,68,18,"[0, 3, 7, 11, 15, 19, 23, 27, 31, 35, 39, 43, 47, 51, 55, 59, 63, 67]","[33.59999996423721, 170.5999999642372, 330.5, 462.80000001192093, 596.0999999642372, 760.0, 963.0999999642372, 1095.699999988079, 1230.0, 1430.800000011921, 1561.0, 1729.300000011921, 1863.5999999642372, 2028.199999988079, 2163.300000011921, 2330.399999976158, 2696.099999964237, 3025.199999988079]",S,16,train
1465,rithika,S,1,S_orient1,37,1,rithika/S/orient1/tilt_forward_away_1/landmarks_trimmed.json,78,78,18,"[0, 4, 9, 13, 18, 22, 27, 31, 36, 40, 45, 49, 54, 58, 63, 67, 72, 77]","[132.10000002384186, 364.10000002384186, 562.8000000119209, 696.1999999880791, 862.3999999761581, 997.1999999880791, 1193.5, 1363.5, 1530.1000000238419, 1663.199999988079, 1828.0, 1964.0, 2161.399999976158, 2295.100000023842, 2463.800000011921, 2596.199999988079, 2828.0, 3022.800000011921]",S,16,train
1466,rithika,S,1,S_orient1,37,1,rithika/S/orient1/tilt_forward_neutral_1/landmarks_trimmed.json,91,91,18,"[0, 5, 10, 15, 21, 26, 31, 37, 42, 47, 52, 58, 63, 68, 74, 79, 84, 90]","[33.69999998807907, 199.0, 363.4000000357628, 529.6000000238419, 727.1000000238419, 892.1999999880791, 1057.5, 1254.199999988079, 1421.1000000238419, 1585.699999988079, 1750.199999988079, 1947.300000011921, 2113.400000035763, 2277.800000011921, 2476.100000023842, 2641.199999988079, 2805.800000011921, 3003.400000035763]",S,16,train
1467,rithika,S,1,S_orient1,37,2,rithika/S/orient1/tilt_forward_neutral_2/landmarks_trimmed.json,54,54,18,"[0, 3, 6, 9, 12, 15, 18, 21, 24, 28, 31, 34, 37, 40, 43, 46, 49, 53]","[66.30000001192093, 231.4000000357628, 433.80000001192093, 599.3000000119209, 864.9000000357628, 1039.2000000476837, 1300.0, 1467.9000000357628, 1632.1000000238419, 1832.9000000357628, 2001.1000000238419, 2201.100000023842, 2366.0, 2529.600000023842, 2637.900000035763, 2767.300000011921, 2871.600000023842, 3003.100000023842]",S,16,train
1468,rithika,S,1,S_orient1,37,1,rithika/S/orient1/tilt_forward_toward_1/landmarks_trimmed.json,91,91,18,"[0, 5, 10, 15, 21, 26, 31, 37, 42, 47, 52, 58, 63, 68, 74, 79, 84, 90]","[33.80000001192093, 198.9000000357628, 364.69999998807907, 528.5, 727.9000000357628, 891.8000000119209, 1056.6000000238419, 1254.6000000238419, 1419.9000000357628, 1585.0, 1750.699999988079, 1947.800000011921, 2113.400000035763, 2279.100000023842, 2476.100000023842, 2640.5, 2805.400000035763, 3004.400000035763]",S,16,train
1469,rithika,S,1,S_orient1,37,1,rithika/S/orient1/tilt_neutral_away_1/landmarks_trimmed.json,52,52,18,"[0, 3, 6, 9, 12, 15, 18, 21, 24, 27, 30, 33, 36, 39, 42, 45, 48, 51]","[34.19999998807907, 165.29999995231628, 335.0999999642372, 499.5999999642372, 632.0999999642372, 798.6999999880791, 1131.3999999761581, 1359.699999988079, 1633.199999988079, 1802.5999999642372, 1930.5, 2133.0, 2333.399999976158, 2503.599999964237, 2666.0, 2801.0, 2904.5, 3031.399999976158]",S,16,train
1470,rithika,S,1,S_orient1,37,1,rithika/S/orient1/tilt_neutral_neutral_1/landmarks_trimmed.json,86,86,18,"[0, 5, 10, 15, 20, 25, 30, 35, 40, 45, 50, 55, 60, 65, 70, 75, 80, 85]","[33.19999998807907, 198.80000001192093, 363.19999998807907, 531.3000000119209, 698.0, 861.8999999761581, 1028.8999999761581, 1197.5999999642372, 1361.3999999761581, 1529.699999988079, 1694.5, 1864.8999999761581, 2030.300000011921, 2194.399999976158, 2364.0, 2597.599999964237, 2825.099999964237, 3029.699999988079]",S,16,train
1471,rithika,S,1,S_orient1,37,2,rithika/S/orient1/tilt_neutral_neutral_2/landmarks_trimmed.json,57,57,18,"[0, 3, 6, 9, 13, 16, 19, 23, 26, 29, 32, 36, 39, 42, 46, 49, 52, 56]","[73.19999998807907, 166.39999997615814, 337.80000001192093, 462.89999997615814, 704.5999999642372, 902.8000000119209, 1027.8999999761581, 1237.5, 1359.199999988079, 1606.3999999761581, 1736.5, 2061.099999964237, 2268.899999976158, 2378.0, 2535.599999964237, 2634.5, 2739.5, 3004.899999976158]",S,16,train
1472,rithika,S,1,S_orient1,37,1,rithika/S/orient1/tilt_neutral_toward_1/landmarks_trimmed.json,59,59,18,"[0, 3, 6, 10, 13, 17, 20, 23, 27, 30, 34, 37, 40, 44, 47, 51, 54, 58]","[71.90000003576279, 202.4000000357628, 367.60000002384186, 563.1000000238419, 705.3000000119209, 968.9000000357628, 1065.699999988079, 1237.300000011921, 1433.9000000357628, 1604.800000011921, 1771.699999988079, 1962.5, 2102.600000023842, 2329.800000011921, 2434.0, 2575.100000023842, 2726.100000023842, 2902.800000011921]",S,16,validation
1473,rithika,T,1,T_orient1,38,1,rithika/T/orient1/tilt_back_away_1/landmarks_trimmed.json,28,28,18,"[0, 1, 3, 4, 6, 7, 9, 11, 12, 14, 15, 17, 19, 20, 22, 23, 25, 27]","[62.799999952316284, 67.19999998807907, 201.89999997615814, 231.39999997615814, 1165.7999999523163, 1233.5999999642372, 1364.199999988079, 1433.0999999642372, 1498.5999999642372, 2067.5, 2133.199999988079, 2233.599999964237, 2331.399999976158, 2395.7999999523163, 2498.5, 2565.099999964237, 2700.399999976158, 2806.099999964237]",T,17,train
1474,rithika,T,1,T_orient1,38,1,rithika/T/orient1/tilt_back_neutral_1/landmarks_trimmed.json,46,46,18,"[0, 2, 5, 7, 10, 13, 15, 18, 21, 23, 26, 29, 31, 34, 37, 39, 42, 45]","[71.30000001192093, 133.69999998807907, 273.10000002384186, 366.30000001192093, 502.60000002384186, 595.1999999880791, 700.3000000119209, 866.0, 992.3999999761581, 1063.1000000238419, 1271.0, 1395.0, 1466.699999988079, 1901.0, 2200.0, 2401.800000011921, 2772.699999988079, 2935.399999976158]",T,17,validation
1475,rithika,T,1,T_orient1,38,1,rithika/T/orient1/tilt_forward_neutral_1/landmarks_trimmed.json,40,40,18,"[0, 2, 4, 6, 9, 11, 13, 16, 18, 20, 22, 25, 27, 29, 32, 34, 36, 39]","[69.30000001192093, 403.10000002384186, 505.30000001192093, 601.8999999761581, 870.6000000238419, 936.1000000238419, 1305.6000000238419, 1466.199999988079, 1632.5, 1737.0, 1837.0, 2000.0, 2138.600000023842, 2665.0, 2740.199999988079, 2828.5, 2898.300000011921, 3034.100000023842]",T,17,train
1476,rithika,T,1,T_orient1,38,2,rithika/T/orient1/tilt_forward_neutral_2/landmarks_trimmed.json,56,56,18,"[0, 3, 6, 9, 12, 16, 19, 22, 25, 29, 32, 35, 38, 42, 45, 48, 51, 55]","[33.30000001192093, 166.0, 330.0, 495.89999997615814, 598.8000000119209, 797.8999999761581, 965.8999999761581, 1096.5999999642372, 1296.0999999642372, 1499.300000011921, 1663.800000011921, 1833.5, 1930.199999988079, 2196.099999964237, 2397.699999988079, 2562.5, 2728.899999976158, 2929.899999976158]",T,17,train
1477,rithika,T,1,T_orient1,38,1,rithika/T/orient1/tilt_forward_toward_1/landmarks_trimmed.json,56,56,18,"[0, 3, 6, 9, 12, 16, 19, 22, 25, 29, 32, 35, 38, 42, 45, 48, 51, 55]","[68.60000002384186, 199.20000004768372, 330.30000001192093, 495.5, 631.9000000357628, 900.6000000238419, 1031.9000000357628, 1164.9000000357628, 1299.5, 1598.7000000476837, 1865.1000000238419, 1995.5, 2195.0, 2465.400000035763, 2634.400000035763, 2732.7000000476837, 2839.800000011921, 3031.300000011921]",T,17,train
1478,rithika,T,1,T_orient1,38,1,rithika/T/orient1/tilt_neutral_away_1/landmarks_trimmed.json,65,65,18,"[0, 3, 7, 11, 15, 18, 22, 26, 30, 33, 37, 41, 45, 48, 52, 56, 60, 64]","[70.60000002384186, 198.19999998807907, 401.60000002384186, 528.8000000119209, 729.9000000357628, 859.0, 1064.6000000238419, 1223.800000011921, 1396.5, 1603.5, 1762.699999988079, 1962.1000000238419, 2136.300000011921, 2290.0, 2530.5, 2694.699999988079, 2806.0, 3038.100000023842]",T,17,train
1479,rithika,U,1,U_orient1,39,1,rithika/U/orient1/tilt_back_away_1/landmarks_trimmed.json,87,87,18,"[0, 5, 10, 15, 20, 25, 30, 35, 40, 45, 50, 55, 60, 65, 70, 75, 80, 86]","[33.60000002384186, 198.5, 365.60000002384186, 532.1000000238419, 698.3000000119209, 864.6999999880791, 1031.6000000238419, 1199.6000000238419, 1498.8999999761581, 1664.8999999761581, 1832.1000000238419, 1997.0, 2165.399999976158, 2332.100000023842, 2499.600000023842, 2666.199999988079, 2829.0, 3031.300000011921]",U,18,train
1480,rithika,U,1,U_orient1,39,1,rithika/U/orient1/tilt_back_neutral_1/landmarks_trimmed.json,49,49,18,"[0, 2, 5, 8, 11, 14, 16, 19, 22, 25, 28, 31, 33, 36, 39, 42, 45, 48]","[67.10000002384186, 170.70000004768372, 333.7000000476837, 534.1000000238419, 734.3000000119209, 934.6000000238419, 1068.1000000238419, 1267.5, 1437.9000000357628, 1567.5, 1734.2000000476837, 1934.5, 2133.800000011921, 2438.900000035763, 2534.400000035763, 2608.2000000476837, 2772.7000000476837, 2904.800000011921]",U,18,train
1481,rithika,U,1,U_orient1,39,2,rithika/U/orient1/tilt_back_neutral_2/landmarks_trimmed.json,90,90,18,"[0, 5, 10, 15, 20, 26, 31, 36, 41, 47, 52, 57, 62, 68, 73, 78, 83, 89]","[62.10000002384186, 199.0, 364.19999998807907, 528.6000000238419, 696.4000000357628, 896.6000000238419, 1061.0, 1229.9000000357628, 1393.4000000357628, 1595.199999988079, 1763.5, 1929.5, 2096.600000023842, 2294.900000035763, 2459.800000011921, 2662.199999988079, 2829.600000023842, 3028.699999988079]",U,18,train
1482,rithika,U,1,U_orient1,39,1,rithika/U/orient1/tilt_forward_neutral_1/landmarks_trimmed.json,82,82,18,"[0, 4, 9, 14, 19, 23, 28, 33, 38, 42, 47, 52, 57, 61, 66, 71, 76, 81]","[33.39999997615814, 166.30000001192093, 330.19999998807907, 496.19999998807907, 660.8999999761581, 796.3000000119209, 995.6999999880791, 1163.199999988079, 1361.6000000238419, 1529.199999988079, 1693.3999999761581, 1894.8999999761581, 2094.800000011921, 2260.300000011921, 2428.300000011921, 2630.100000023842, 2829.899999976158, 3026.600000023842]",U,18,train
1483,rithika,U,1,U_orient1,39,2,rithika/U/orient1/tilt_forward_neutral_2/landmarks_trimmed.json,85,85,18,"[0, 4, 9, 14, 19, 24, 29, 34, 39, 44, 49, 54, 59, 64, 69, 74, 79, 84]","[33.40000003576279, 165.10000002384186, 363.10000002384186, 530.9000000357628, 697.5, 863.6999999880791, 1031.6000000238419, 1194.800000011921, 1364.1000000238419, 1530.699999988079, 1697.199999988079, 1863.699999988079, 2129.199999988079, 2296.199999988079, 2462.0, 2629.5, 2772.300000011921, 3030.400000035763]",U,18,train
1484,rithika,U,1,U_orient1,39,1,rithika/U/orient1/tilt_forward_toward_1/landmarks_trimmed.json,59,59,18,"[0, 3, 6, 10, 13, 17, 20, 23, 27, 30, 34, 37, 40, 44, 47, 51, 54, 58]","[65.0, 234.30000001192093, 331.89999997615814, 564.8999999761581, 763.5, 969.0, 1098.8999999761581, 1226.6000000238419, 1466.3999999761581, 1630.800000011921, 1870.5, 2063.800000011921, 2234.699999988079, 2399.899999976158, 2562.100000023842, 2766.0, 2871.800000011921, 3035.399999976158]",U,18,train
1485,rithika,U,1,U_orient1,39,1,rithika/U/orient1/tilt_neutral_away_1/landmarks_trimmed.json,55,55,18,"[0, 3, 6, 9, 12, 15, 19, 22, 25, 28, 31, 34, 38, 41, 44, 47, 50, 54]","[70.0, 201.5, 368.2000000476837, 532.3000000119209, 704.3000000119209, 834.6000000238419, 1038.7000000476837, 1233.0, 1396.6000000238419, 1601.0, 1804.9000000357628, 1961.800000011921, 2366.7000000476837, 2472.7000000476837, 2602.2000000476837, 2705.300000011921, 2838.400000035763, 3003.7000000476837]",U,18,train
1486,rithika,U,1,U_orient1,39,1,rithika/U/orient1/tilt_neutral_neutral_1/landmarks_trimmed.json,61,61,18,"[0, 3, 7, 10, 14, 17, 21, 24, 28, 31, 35, 38, 42, 45, 49, 52, 56, 60]","[68.30000001192093, 270.0, 470.5, 602.3000000119209, 760.5, 969.8000000119209, 1134.699999988079, 1304.5, 1464.6000000238419, 1631.300000011921, 1867.5, 2026.1000000238419, 2272.899999976158, 2430.5, 2602.600000023842, 2705.100000023842, 2866.800000011921, 3037.5]",U,18,validation
1487,rithika,U,1,U_orient1,39,2,rithika/U/orient1/tilt_neutral_neutral_2/landmarks_trimmed.json,72,72,18,"[0, 4, 8, 12, 16, 20, 25, 29, 33, 37, 41, 45, 50, 54, 58, 62, 66, 71]","[33.30000001192093, 199.69999998807907, 364.89999997615814, 496.5, 665.0999999642372, 904.0, 1066.8999999761581, 1259.0999999642372, 1468.0, 1666.199999988079, 1829.3999999761581, 1995.8999999761581, 2166.199999988079, 2300.300000011921, 2459.5, 2703.300000011921, 2832.0, 3004.800000011921]",U,18,train
1488,rithika,U,1,U_orient1,39,1,rithika/U/orient1/tilt_neutral_toward_1/landmarks_trimmed.json,63,63,18,"[0, 3, 7, 10, 14, 18, 21, 25, 29, 32, 36, 40, 43, 47, 51, 54, 58, 62]","[65.30000001192093, 234.10000002384186, 397.7000000476837, 530.9000000357628, 735.3000000119209, 965.1000000238419, 1131.0, 1361.1000000238419, 1568.9000000357628, 1764.2000000476837, 1934.1000000238419, 2068.100000023842, 2231.600000023842, 2468.100000023842, 2634.400000035763, 2767.600000023842, 2896.900000035763, 3003.7000000476837]",U,18,train
1489,rithika,U,2,U_orient2,40,1,rithika/U/orient2/tilt_back_away_1/landmarks_trimmed.json,65,65,18,"[0, 3, 7, 11, 15, 18, 22, 26, 30, 33, 37, 41, 45, 48, 52, 56, 60, 64]","[33.89999997615814, 132.39999997615814, 336.5, 462.5, 668.1999999880791, 792.3999999761581, 1034.8999999761581, 1201.8999999761581, 1402.0999999642372, 1523.0999999642372, 1756.2999999523163, 1966.3999999761581, 2170.199999988079, 2334.199999988079, 2463.199999988079, 2695.5, 2867.2999999523163, 3022.5]",U,18,train
1490,rithika,U,2,U_orient2,40,1,rithika/U/orient2/tilt_back_neutral_1/landmarks_trimmed.json,81,81,18,"[0, 4, 9, 14, 18, 23, 28, 32, 37, 42, 47, 51, 56, 61, 65, 70, 75, 80]","[71.30000001192093, 334.19999998807907, 629.8000000119209, 796.8000000119209, 964.3000000119209, 1132.199999988079, 1296.8999999761581, 1430.300000011921, 1598.1000000238419, 1763.699999988079, 1931.5, 2065.699999988079, 2230.899999976158, 2398.800000011921, 2530.800000011921, 2690.600000023842, 2838.199999988079, 3004.0]",U,18,train
1491,rithika,U,2,U_orient2,40,2,rithika/U/orient2/tilt_back_neutral_2/landmarks_trimmed.json,63,63,18,"[0, 3, 7, 10, 14, 18, 21, 25, 29, 32, 36, 40, 43, 47, 51, 54, 58, 62]","[33.30000001192093, 132.5999999642372, 965.0, 1064.5999999642372, 1197.8999999761581, 1331.300000011921, 1429.5, 1563.0999999642372, 1739.0, 1860.5, 2066.399999976158, 2195.300000011921, 2327.699999988079, 2496.399999976158, 2659.800000011921, 2762.399999976158, 2897.099999964237, 3030.599999964237]",U,18,validation
1492,rithika,U,2,U_orient2,40,1,rithika/U/orient2/tilt_back_toward_1/landmarks_trimmed.json,62,62,18,"[0, 3, 7, 10, 14, 17, 21, 25, 28, 32, 35, 39, 43, 46, 50, 53, 57, 61]","[33.5, 165.5999999642372, 364.80000001192093, 533.0, 698.3999999761581, 859.5999999642372, 1063.699999988079, 1263.5, 1395.5999999642372, 1594.3999999761581, 1767.3999999761581, 1922.699999988079, 2168.599999964237, 2293.899999976158, 2533.899999976158, 2702.0, 2854.099999964237, 3004.0]",U,18,train
1493,rithika,U,2,U_orient2,40,1,rithika/U/orient2/tilt_forward_away_1/landmarks_trimmed.json,47,47,18,"[0, 2, 5, 8, 10, 13, 16, 18, 21, 24, 27, 29, 32, 35, 37, 40, 43, 46]","[562.1999999880791, 664.5, 858.1000000238419, 1186.199999988079, 1221.4000000357628, 1398.4000000357628, 1554.9000000357628, 1692.699999988079, 1861.5, 1997.1000000238419, 2125.0, 2233.100000023842, 2351.5, 2527.800000011921, 2626.900000035763, 2764.100000023842, 2897.699999988079, 3061.300000011921]",U,18,train
1494,rithika,U,2,U_orient2,40,1,rithika/U/orient2/tilt_forward_neutral_1/landmarks_trimmed.json,61,61,18,"[0, 3, 7, 10, 14, 17, 21, 24, 28, 31, 35, 38, 42, 45, 49, 52, 56, 60]","[63.39999997615814, 190.89999997615814, 297.89999997615814, 460.80000001192093, 627.6000000238419, 759.3000000119209, 924.1000000238419, 1090.699999988079, 1362.0, 1527.1000000238419, 1727.0, 1854.5, 2093.5, 2223.399999976158, 2461.800000011921, 2586.100000023842, 2794.0, 3026.800000011921]",U,18,train
1495,rithika,U,2,U_orient2,40,2,rithika/U/orient2/tilt_forward_neutral_2/landmarks_trimmed.json,83,83,18,"[0, 4, 9, 14, 19, 24, 28, 33, 38, 43, 48, 53, 57, 62, 67, 72, 77, 82]","[33.19999998807907, 165.39999997615814, 330.60000002384186, 497.30000001192093, 664.8999999761581, 928.8000000119209, 1062.699999988079, 1229.5, 1398.199999988079, 1628.1000000238419, 1794.3999999761581, 1963.1000000238419, 2098.800000011921, 2362.100000023842, 2530.399999976158, 2696.699999988079, 2863.300000011921, 3029.899999976158]",U,18,train
1496,rithika,U,2,U_orient2,40,1,rithika/U/orient2/tilt_forward_toward_1/landmarks_trimmed.json,64,64,18,"[0, 3, 7, 11, 14, 18, 22, 25, 29, 33, 37, 40, 44, 48, 51, 55, 59, 63]","[95.70000004768372, 220.70000004768372, 366.7000000476837, 496.0, 627.6000000238419, 831.7000000476837, 990.7000000476837, 1162.7000000476837, 1322.300000011921, 1532.9000000357628, 1688.6000000238419, 1863.1000000238419, 2053.300000011921, 2300.100000023842, 2465.900000035763, 2699.600000023842, 2827.300000011921, 3060.5]",U,18,validation
1497,rithika,U,2,U_orient2,40,1,rithika/U/orient2/tilt_neutral_away_1/landmarks_trimmed.json,65,65,18,"[0, 3, 7, 11, 15, 18, 22, 26, 30, 33, 37, 41, 45, 48, 52, 56, 60, 64]","[33.09999996423721, 132.80000001192093, 330.39999997615814, 537.3000000119209, 701.1999999880791, 830.0, 1066.199999988079, 1299.5, 1531.0, 1733.3999999761581, 1899.5999999642372, 2096.599999964237, 2302.399999976158, 2465.0, 2633.099999964237, 2766.800000011921, 2900.099999964237, 3031.0]",U,18,train
1498,rithika,U,2,U_orient2,40,1,rithika/U/orient2/tilt_neutral_neutral_1/landmarks_trimmed.json,54,54,18,"[0, 3, 6, 9, 12, 15, 18, 21, 24, 28, 31, 34, 37, 40, 43, 46, 49, 53]","[198.60000002384186, 469.69999998807907, 659.9000000357628, 801.8000000119209, 969.6999999880791, 1097.9000000357628, 1269.4000000357628, 1395.5, 1560.699999988079, 1832.199999988079, 2033.1000000238419, 2159.800000011921, 2371.100000023842, 2499.100000023842, 2575.600000023842, 2707.300000011921, 2837.400000035763, 3001.5]",U,18,train
1499,rithika,U,2,U_orient2,40,2,rithika/U/orient2/tilt_neutral_neutral_2/landmarks_trimmed.json,38,38,18,"[0, 2, 4, 6, 8, 10, 13, 15, 17, 19, 21, 23, 26, 28, 30, 32, 34, 37]","[65.09999996423721, 202.5, 298.2999999523163, 437.7999999523163, 537.5999999642372, 634.0, 832.0, 967.5, 1102.2999999523163, 1231.2999999523163, 1368.699999988079, 1468.3999999761581, 1631.5999999642372, 1768.199999988079, 1863.8999999761581, 1969.7999999523163, 2063.0, 2362.899999976158]",U,18,train
1500,rithika,U,2,U_orient2,40,1,rithika/U/orient2/tilt_neutral_toward_1/landmarks_trimmed.json,60,60,18,"[0, 3, 6, 10, 13, 17, 20, 24, 27, 31, 34, 38, 41, 45, 48, 52, 55, 59]","[34.69999998807907, 169.0, 367.69999998807907, 569.5999999642372, 735.5999999642372, 1000.0999999642372, 1104.199999988079, 1365.300000011921, 1535.5, 1837.300000011921, 1970.5, 2167.800000011921, 2400.899999976158, 2541.899999976158, 2640.899999976158, 2772.5, 2901.0, 3035.099999964237]",U,18,train
1501,rithika,U,3,U_orient3,41,1,rithika/U/orient3/tilt_back_away_1/landmarks_trimmed.json,57,57,18,"[0, 3, 6, 9, 13, 16, 19, 23, 26, 29, 32, 36, 39, 42, 46, 49, 52, 56]","[59.90000003576279, 190.19999998807907, 265.4000000357628, 396.9000000357628, 595.1999999880791, 756.1999999880791, 894.8000000119209, 1163.0, 1329.0, 1493.4000000357628, 1693.5, 1927.6000000238419, 2094.600000023842, 2264.0, 2465.300000011921, 2662.400000035763, 2826.5, 3063.199999988079]",U,18,train
1502,rithika,U,3,U_orient3,41,1,rithika/U/orient3/tilt_back_neutral_1/landmarks_trimmed.json,51,51,18,"[0, 2, 5, 8, 11, 14, 17, 20, 23, 26, 29, 32, 35, 38, 41, 44, 47, 50]","[67.0, 135.20000004768372, 330.9000000357628, 465.60000002384186, 899.7000000476837, 1265.0, 1433.2000000476837, 1533.5, 1672.300000011921, 1907.0, 2072.800000011921, 2197.600000023842, 2471.800000011921, 2564.7000000476837, 2702.7000000476837, 2772.100000023842, 2928.300000011921, 3003.300000011921]",U,18,train
1503,rithika,U,3,U_orient3,41,2,rithika/U/orient3/tilt_back_neutral_2/landmarks_trimmed.json,75,75,18,"[0, 4, 8, 13, 17, 21, 26, 30, 34, 39, 43, 47, 52, 56, 60, 65, 69, 74]","[231.39999997615814, 396.0999999642372, 529.1999999880791, 696.5, 829.8000000119209, 1027.8999999761581, 1226.0999999642372, 1431.0, 1564.0999999642372, 1726.0999999642372, 1864.199999988079, 1994.800000011921, 2163.099999964237, 2296.399999976158, 2430.199999988079, 2629.599999964237, 2830.0, 3029.0]",U,18,train
1504,rithika,U,3,U_orient3,41,1,rithika/U/orient3/tilt_back_toward_1/landmarks_trimmed.json,87,87,18,"[0, 5, 10, 15, 20, 25, 30, 35, 40, 45, 50, 55, 60, 65, 70, 75, 80, 86]","[33.80000001192093, 201.10000002384186, 365.19999998807907, 531.8000000119209, 701.1999999880791, 863.6000000238419, 1032.199999988079, 1199.1000000238419, 1368.0, 1632.9000000357628, 1796.4000000357628, 1996.300000011921, 2163.699999988079, 2330.699999988079, 2501.400000035763, 2666.0, 2831.5, 3031.699999988079]",U,18,validation
1505,rithika,U,3,U_orient3,41,1,rithika/U/orient3/tilt_forward_away_1/landmarks_trimmed.json,59,59,18,"[0, 3, 6, 10, 13, 17, 20, 23, 27, 30, 34, 37, 40, 44, 47, 51, 54, 58]","[68.90000003576279, 234.70000004768372, 402.4000000357628, 600.8000000119209, 766.8000000119209, 1001.0, 1200.4000000357628, 1338.0, 1571.2000000476837, 1734.800000011921, 1939.0, 2068.900000035763, 2274.300000011921, 2410.100000023842, 2568.900000035763, 2699.800000011921, 2805.7000000476837, 3004.400000035763]",U,18,train
1506,rithika,U,3,U_orient3,41,1,rithika/U/orient3/tilt_forward_neutral_1/landmarks_trimmed.json,58,58,18,"[0, 3, 6, 10, 13, 16, 20, 23, 26, 30, 33, 36, 40, 43, 46, 50, 53, 57]","[65.19999998807907, 230.30000001192093, 365.30000001192093, 566.5, 727.1999999880791, 904.4000000357628, 1060.800000011921, 1239.699999988079, 1400.1000000238419, 1632.199999988079, 1799.699999988079, 1933.199999988079, 2165.699999988079, 2364.300000011921, 2563.100000023842, 2766.5, 2871.699999988079, 3033.699999988079]",U,18,train
1507,rithika,U,3,U_orient3,41,2,rithika/U/orient3/tilt_forward_neutral_2/landmarks_trimmed.json,59,59,18,"[0, 3, 6, 10, 13, 17, 20, 23, 27, 30, 34, 37, 40, 44, 47, 51, 54, 58]","[62.5, 163.80000001192093, 333.4000000357628, 532.8000000119209, 699.1999999880791, 931.1999999880791, 1099.300000011921, 1231.699999988079, 1465.800000011921, 1662.300000011921, 1866.800000011921, 1966.9000000357628, 2130.699999988079, 2330.600000023842, 2530.900000035763, 2764.199999988079, 2897.300000011921, 3003.5]",U,18,train
1508,rithika,U,3,U_orient3,41,1,rithika/U/orient3/tilt_forward_toward_1/landmarks_trimmed.json,60,60,18,"[0, 3, 6, 10, 13, 17, 20, 24, 27, 31, 34, 38, 41, 45, 48, 52, 55, 59]","[68.70000004768372, 229.30000001192093, 361.7000000476837, 496.2000000476837, 699.4000000357628, 826.3000000119209, 995.7000000476837, 1230.0, 1395.800000011921, 1631.2000000476837, 1799.5, 1955.7000000476837, 2095.0, 2294.7000000476837, 2499.300000011921, 2695.300000011921, 2862.300000011921, 3029.800000011921]",U,18,validation
1509,rithika,U,3,U_orient3,41,1,rithika/U/orient3/tilt_neutral_away_1/landmarks_trimmed.json,82,82,18,"[0, 4, 9, 14, 19, 23, 28, 33, 38, 42, 47, 52, 57, 61, 66, 71, 76, 81]","[34.60000002384186, 166.80000001192093, 400.69999998807907, 568.6000000238419, 765.6000000238419, 967.0, 1134.300000011921, 1334.1000000238419, 1535.3999999761581, 1665.1000000238419, 1835.199999988079, 1999.6000000238419, 2168.5, 2302.399999976158, 2536.199999988079, 2702.399999976158, 2838.800000011921, 3003.300000011921]",U,18,train
1510,rithika,U,3,U_orient3,41,1,rithika/U/orient3/tilt_neutral_neutral_1/landmarks_trimmed.json,65,65,18,"[0, 3, 7, 11, 15, 18, 22, 26, 30, 33, 37, 41, 45, 48, 52, 56, 60, 64]","[34.09999996423721, 169.80000001192093, 331.89999997615814, 505.0, 666.8000000119209, 834.1999999880791, 999.3999999761581, 1200.0, 1401.0, 1571.199999988079, 1771.0, 1965.300000011921, 2206.300000011921, 2329.800000011921, 2532.300000011921, 2641.699999988079, 2858.599999964237, 3037.0]",U,18,train
1511,rithika,U,3,U_orient3,41,2,rithika/U/orient3/tilt_neutral_neutral_2/landmarks_trimmed.json,58,58,18,"[0, 3, 6, 10, 13, 16, 20, 23, 26, 30, 33, 36, 40, 43, 46, 50, 53, 57]","[60.90000003576279, 162.80000001192093, 296.30000001192093, 430.0, 561.8000000119209, 662.6000000238419, 1062.7000000476837, 1398.5, 1561.9000000357628, 1799.1000000238419, 1893.0, 1995.1000000238419, 2195.400000035763, 2296.0, 2431.2000000476837, 2595.600000023842, 2694.7000000476837, 3004.7000000476837]",U,18,train
1512,rithika,U,3,U_orient3,41,1,rithika/U/orient3/tilt_neutral_toward_1/landmarks_trimmed.json,60,60,18,"[0, 3, 6, 10, 13, 17, 20, 24, 27, 31, 34, 38, 41, 45, 48, 52, 55, 59]","[33.80000001192093, 204.19999998807907, 297.19999998807907, 534.8999999761581, 699.3999999761581, 966.5999999642372, 1164.5999999642372, 1434.0, 1565.800000011921, 1767.699999988079, 1902.5, 2133.399999976158, 2299.300000011921, 2498.399999976158, 2631.5, 2801.899999976158, 2899.300000011921, 3024.800000011921]",U,18,train
1513,rithika,V,1,V_orient1,42,1,rithika/V/orient1/tilt_back_away_1/landmarks_trimmed.json,90,90,18,"[0, 5, 10, 15, 20, 26, 31, 36, 41, 47, 52, 57, 62, 68, 73, 78, 83, 89]","[34.0, 198.0999999642372, 364.0999999642372, 530.8999999761581, 694.5, 896.6999999880791, 1060.8999999761581, 1230.7999999523163, 1396.199999988079, 1626.5999999642372, 1797.2999999523163, 1963.199999988079, 2127.099999964237, 2330.2999999523163, 2496.699999988079, 2662.599999964237, 2830.5, 3026.599999964237]",V,19,train
1514,rithika,V,1,V_orient1,42,1,rithika/V/orient1/tilt_back_neutral_1/landmarks_trimmed.json,71,71,18,"[0, 4, 8, 12, 16, 20, 24, 28, 32, 37, 41, 45, 49, 53, 57, 61, 65, 70]","[34.60000002384186, 205.19999998807907, 364.80000001192093, 499.0, 672.9000000357628, 895.0, 1033.5, 1226.9000000357628, 1436.800000011921, 1629.5, 1804.9000000357628, 1933.699999988079, 2092.800000011921, 2333.5, 2443.100000023842, 2660.699999988079, 2831.900000035763, 3033.199999988079]",V,19,train
1515,rithika,V,1,V_orient1,42,2,rithika/V/orient1/tilt_back_neutral_2/landmarks_trimmed.json,78,78,18,"[0, 4, 9, 13, 18, 22, 27, 31, 36, 40, 45, 49, 54, 58, 63, 67, 72, 77]","[33.19999998807907, 166.0999999642372, 364.5, 530.8999999761581, 729.0999999642372, 963.2999999523163, 1131.699999988079, 1296.8999999761581, 1498.7999999523163, 1632.5999999642372, 1832.699999988079, 1966.2999999523163, 2165.2999999523163, 2298.199999988079, 2466.199999988079, 2631.399999976158, 2832.599999964237, 3032.7999999523163]",V,19,train
1516,rithika,V,1,V_orient1,42,1,rithika/V/orient1/tilt_back_toward_1/landmarks_trimmed.json,59,59,18,"[0, 3, 6, 10, 13, 17, 20, 23, 27, 30, 34, 37, 40, 44, 47, 51, 54, 58]","[57.80000001192093, 132.9000000357628, 326.4000000357628, 534.3000000119209, 697.3000000119209, 898.0, 1100.800000011921, 1261.1000000238419, 1466.1000000238419, 1627.199999988079, 1831.0, 1965.800000011921, 2131.0, 2365.199999988079, 2565.300000011921, 2797.900000035763, 2872.699999988079, 3031.199999988079]",V,19,validation
1517,rithika,V,1,V_orient1,42,1,rithika/V/orient1/tilt_forward_neutral_1/landmarks_trimmed.json,62,62,18,"[0, 3, 7, 10, 14, 17, 21, 25, 28, 32, 35, 39, 43, 46, 50, 53, 57, 61]","[32.89999997615814, 198.5, 398.2999999523163, 532.5999999642372, 733.0, 865.5, 998.8999999761581, 1132.7999999523163, 1232.8999999761581, 1366.0, 1463.0, 1599.0, 1733.0, 1996.5999999642372, 2165.899999976158, 2265.7999999523163, 2399.2999999523163, 2529.599999964237]",V,19,train
1518,rithika,V,1,V_orient1,42,1,rithika/V/orient1/tilt_forward_toward_1/landmarks_trimmed.json,60,60,18,"[0, 3, 6, 10, 13, 17, 20, 24, 27, 31, 34, 38, 41, 45, 48, 52, 55, 59]","[64.80000001192093, 165.10000002384186, 299.19999998807907, 430.0, 597.8000000119209, 796.8999999761581, 996.0, 1167.1000000238419, 1329.800000011921, 1598.5, 1733.199999988079, 1964.800000011921, 2166.300000011921, 2298.0, 2497.600000023842, 2763.899999976158, 2896.5, 3031.5]",V,19,train
1519,rithika,V,1,V_orient1,42,1,rithika/V/orient1/tilt_neutral_away_1/landmarks_trimmed.json,87,87,18,"[0, 5, 10, 15, 20, 25, 30, 35, 40, 45, 50, 55, 60, 65, 70, 75, 80, 86]","[65.69999998807907, 262.5, 431.89999997615814, 599.1000000238419, 762.1000000238419, 966.3999999761581, 1132.5, 1299.6000000238419, 1499.300000011921, 1667.199999988079, 1832.199999988079, 2000.0, 2166.100000023842, 2331.5, 2498.0, 2664.5, 2832.399999976158, 3032.800000011921]",V,19,train
1520,rithika,V,1,V_orient1,42,1,rithika/V/orient1/tilt_neutral_neutral_1/landmarks_trimmed.json,61,61,18,"[0, 3, 7, 10, 14, 17, 21, 24, 28, 31, 35, 38, 42, 45, 49, 52, 56, 60]","[33.69999998807907, 202.10000002384186, 399.5, 531.8999999761581, 733.8999999761581, 901.5, 1136.0, 1302.199999988079, 1466.1000000238419, 1631.0, 1835.8999999761581, 1960.8999999761581, 2199.0, 2362.0, 2599.5, 2707.199999988079, 2898.300000011921, 3031.800000011921]",V,19,train
1521,rithika,V,1,V_orient1,42,2,rithika/V/orient1/tilt_neutral_neutral_2/landmarks_trimmed.json,65,65,18,"[0, 3, 7, 11, 15, 18, 22, 26, 30, 33, 37, 41, 45, 48, 52, 56, 60, 64]","[35.89999997615814, 233.5999999642372, 400.69999998807907, 600.8000000119209, 833.1999999880791, 1033.5999999642372, 1234.0, 1433.3999999761581, 1633.3999999761581, 1800.5999999642372, 1969.0, 2102.800000011921, 2303.199999988079, 2468.0, 2575.099999964237, 2707.300000011921, 2838.5, 3001.399999976158]",V,19,train
1522,rithika,V,2,V_orient2,43,1,rithika/V/orient2/tilt_back_away_1/landmarks_trimmed.json,62,62,18,"[0, 3, 7, 10, 14, 17, 21, 25, 28, 32, 35, 39, 43, 46, 50, 53, 57, 61]","[33.90000003576279, 200.0, 401.0, 530.5, 767.2000000476837, 898.1000000238419, 1097.1000000238419, 1296.9000000357628, 1467.1000000238419, 1667.5, 1763.300000011921, 2001.6000000238419, 2232.100000023842, 2398.2000000476837, 2601.7000000476837, 2674.100000023842, 2838.900000035763, 3001.100000023842]",V,19,train
1523,rithika,V,2,V_orient2,43,1,rithika/V/orient2/tilt_back_neutral_1/landmarks_trimmed.json,57,57,18,"[0, 3, 6, 9, 13, 16, 19, 23, 26, 29, 32, 36, 39, 42, 46, 49, 52, 56]","[64.69999998807907, 198.39999997615814, 329.0, 495.69999998807907, 696.3000000119209, 863.0, 1023.3000000119209, 1227.0999999642372, 1392.0, 1595.3999999761581, 1792.5, 1994.699999988079, 2163.599999964237, 2284.800000011921, 2532.099999964237, 2663.5, 2831.300000011921, 3029.300000011921]",V,19,train
1524,rithika,V,2,V_orient2,43,2,rithika/V/orient2/tilt_back_neutral_2/landmarks_trimmed.json,58,58,18,"[0, 3, 6, 10, 13, 16, 20, 23, 26, 30, 33, 36, 40, 43, 46, 50, 53, 57]","[67.80000001192093, 165.89999997615814, 330.5, 596.5, 798.1000000238419, 964.1000000238419, 1162.5, 1296.199999988079, 1465.300000011921, 1697.3999999761581, 1866.8999999761581, 1997.5, 2163.699999988079, 2365.300000011921, 2532.399999976158, 2801.0, 2898.699999988079, 3030.100000023842]",V,19,train
1525,rithika,V,2,V_orient2,43,1,rithika/V/orient2/tilt_back_toward_1/landmarks_trimmed.json,64,64,18,"[0, 3, 7, 11, 14, 18, 22, 25, 29, 33, 37, 40, 44, 48, 51, 55, 59, 63]","[33.30000001192093, 175.89999997615814, 398.30000001192093, 574.6000000238419, 704.6999999880791, 908.8000000119209, 1066.6000000238419, 1245.800000011921, 1471.300000011921, 1647.1000000238419, 1798.8999999761581, 1881.699999988079, 2079.0, 2244.199999988079, 2410.199999988079, 2634.399999976158, 2808.399999976158, 3005.800000011921]",V,19,train
1526,rithika,V,2,V_orient2,43,1,rithika/V/orient2/tilt_forward_away_1/landmarks_trimmed.json,55,55,18,"[0, 3, 6, 9, 12, 15, 19, 22, 25, 28, 31, 34, 38, 41, 44, 47, 50, 54]","[64.89999997615814, 201.89999997615814, 368.10000002384186, 532.3999999761581, 731.1999999880791, 932.8999999761581, 1129.6000000238419, 1293.6000000238419, 1502.3999999761581, 1633.8999999761581, 1834.300000011921, 2032.199999988079, 2300.600000023842, 2468.300000011921, 2600.300000011921, 2740.199999988079, 2865.399999976158, 3036.600000023842]",V,19,validation
1527,rithika,V,2,V_orient2,43,1,rithika/V/orient2/tilt_forward_neutral_1/landmarks_trimmed.json,61,61,18,"[0, 3, 7, 10, 14, 17, 21, 24, 28, 31, 35, 38, 42, 45, 49, 52, 56, 60]","[75.5, 243.0, 407.4000000357628, 539.6000000238419, 701.6000000238419, 869.6999999880791, 1038.1000000238419, 1161.6000000238419, 1438.300000011921, 1668.6000000238419, 1939.699999988079, 2069.699999988079, 2234.400000035763, 2343.800000011921, 2562.400000035763, 2640.0, 2841.199999988079, 3004.800000011921]",V,19,train
1528,rithika,V,2,V_orient2,43,2,rithika/V/orient2/tilt_forward_neutral_2/landmarks_trimmed.json,78,78,18,"[0, 4, 9, 13, 18, 22, 27, 31, 36, 40, 45, 49, 54, 58, 63, 67, 72, 77]","[33.19999998807907, 165.4000000357628, 330.4000000357628, 462.80000001192093, 663.5, 826.1999999880791, 1095.699999988079, 1232.0, 1428.4000000357628, 1563.5, 1729.0, 1863.1000000238419, 2063.0, 2232.0, 2564.900000035763, 2698.100000023842, 2863.5, 3025.400000035763]",V,19,train
1529,rithika,V,2,V_orient2,43,1,rithika/V/orient2/tilt_forward_toward_1/landmarks_trimmed.json,80,80,18,"[0, 4, 9, 13, 18, 23, 27, 32, 37, 41, 46, 51, 55, 60, 65, 69, 74, 79]","[62.60000002384186, 166.0, 331.10000002384186, 529.2000000476837, 831.9000000357628, 996.4000000357628, 1129.9000000357628, 1330.0, 1494.7000000476837, 1627.9000000357628, 1795.4000000357628, 2032.9000000357628, 2159.400000035763, 2330.2000000476837, 2497.400000035763, 2695.600000023842, 2862.400000035763, 3029.300000011921]",V,19,train
1530,rithika,V,2,V_orient2,43,1,rithika/V/orient2/tilt_neutral_away_1/landmarks_trimmed.json,85,85,18,"[0, 4, 9, 14, 19, 24, 29, 34, 39, 44, 49, 54, 59, 64, 69, 74, 79, 84]","[33.5, 165.89999997615814, 333.19999998807907, 567.6999999880791, 732.0, 899.8000000119209, 1064.3999999761581, 1232.6000000238419, 1398.800000011921, 1634.6000000238419, 1798.199999988079, 1965.8999999761581, 2172.5, 2365.300000011921, 2532.800000011921, 2698.399999976158, 2866.0, 3040.0]",V,19,train
1531,rithika,V,2,V_orient2,43,1,rithika/V/orient2/tilt_neutral_neutral_1/landmarks_trimmed.json,59,59,18,"[0, 3, 6, 10, 13, 17, 20, 23, 27, 30, 34, 37, 40, 44, 47, 51, 54, 58]","[94.19999998807907, 198.60000002384186, 328.5, 528.6000000238419, 697.3000000119209, 897.4000000357628, 1096.0, 1227.4000000357628, 1420.699999988079, 1598.1000000238419, 1751.6000000238419, 1932.5, 2086.0, 2331.100000023842, 2461.699999988079, 2688.199999988079, 2827.699999988079, 3027.900000035763]",V,19,train
1532,rithika,V,2,V_orient2,43,2,rithika/V/orient2/tilt_neutral_neutral_2/landmarks_trimmed.json,62,62,18,"[0, 3, 7, 10, 14, 17, 21, 25, 28, 32, 35, 39, 43, 46, 50, 53, 57, 61]","[63.69999998807907, 163.30000001192093, 264.30000001192093, 429.19999998807907, 624.5, 693.8999999761581, 926.6000000238419, 1128.1000000238419, 1296.199999988079, 1531.5, 1624.1000000238419, 1856.300000011921, 2096.5, 2226.0, 2422.699999988079, 2566.300000011921, 2762.100000023842, 3031.699999988079]",V,19,train
1533,rithika,V,2,V_orient2,43,1,rithika/V/orient2/tilt_neutral_toward_1/landmarks_trimmed.json,72,72,18,"[0, 4, 8, 12, 16, 20, 25, 29, 33, 37, 41, 45, 50, 54, 58, 62, 66, 71]","[66.80000001192093, 198.5, 332.39999997615814, 496.10000002384186, 670.8000000119209, 825.5, 1063.3999999761581, 1237.0, 1392.800000011921, 1568.6000000238419, 1734.699999988079, 1862.300000011921, 2128.899999976158, 2331.0, 2495.899999976158, 2665.199999988079, 2772.300000011921, 3028.300000011921]",V,19,validation
1534,rithika,V,3,V_orient3,44,1,rithika/V/orient3/tilt_back_away_1/landmarks_trimmed.json,47,47,18,"[0, 2, 5, 8, 10, 13, 16, 18, 21, 24, 27, 29, 32, 35, 37, 40, 43, 46]","[64.60000002384186, 166.80000001192093, 537.6999999880791, 1268.800000011921, 1369.1000000238419, 1535.699999988079, 1702.9000000357628, 1798.0, 2003.300000011921, 2134.699999988079, 2332.600000023842, 2433.600000023842, 2531.900000035763, 2608.300000011921, 2674.100000023842, 2801.300000011921, 2871.300000011921, 3003.0]",V,19,validation
1535,rithika,V,3,V_orient3,44,1,rithika/V/orient3/tilt_back_neutral_1/landmarks_trimmed.json,57,57,18,"[0, 3, 6, 9, 13, 16, 19, 23, 26, 29, 32, 36, 39, 42, 46, 49, 52, 56]","[65.80000001192093, 201.69999998807907, 365.80000001192093, 499.30000001192093, 694.1999999880791, 832.6000000238419, 1029.4000000357628, 1202.9000000357628, 1364.199999988079, 1563.1000000238419, 1731.199999988079, 1999.1000000238419, 2200.699999988079, 2366.5, 2541.800000011921, 2725.100000023842, 2868.600000023842, 3022.400000035763]",V,19,train
1536,rithika,V,3,V_orient3,44,2,rithika/V/orient3/tilt_back_neutral_2/landmarks_trimmed.json,56,56,18,"[0, 3, 6, 9, 12, 16, 19, 22, 25, 29, 32, 35, 38, 42, 45, 48, 51, 55]","[63.10000002384186, 165.69999998807907, 299.60000002384186, 497.19999998807907, 628.6999999880791, 793.4000000357628, 997.9000000357628, 1091.699999988079, 1289.0, 1495.9000000357628, 1627.199999988079, 1798.6000000238419, 1929.9000000357628, 2162.199999988079, 2427.199999988079, 2597.199999988079, 2761.699999988079, 3028.800000011921]",V,19,train
1537,rithika,V,3,V_orient3,44,1,rithika/V/orient3/tilt_back_toward_1/landmarks_trimmed.json,65,65,18,"[0, 3, 7, 11, 15, 18, 22, 26, 30, 33, 37, 41, 45, 48, 52, 56, 60, 64]","[70.79999995231628, 198.29999995231628, 372.0, 569.0999999642372, 695.6999999880791, 902.2999999523163, 1028.2999999523163, 1261.7999999523163, 1437.2999999523163, 1629.0, 1804.2999999523163, 1990.0999999642372, 2200.699999988079, 2364.5, 2556.399999976158, 2674.199999988079, 2870.0, 3004.199999988079]",V,19,train
1538,rithika,V,3,V_orient3,44,1,rithika/V/orient3/tilt_forward_away_1/landmarks_trimmed.json,64,64,18,"[0, 3, 7, 11, 14, 18, 22, 25, 29, 33, 37, 40, 44, 48, 51, 55, 59, 63]","[266.19999998807907, 432.10000002384186, 566.1999999880791, 700.0, 832.5, 965.8999999761581, 1099.0, 1233.3999999761581, 1399.8999999761581, 1533.6000000238419, 1766.8999999761581, 1866.0, 1999.0, 2132.899999976158, 2266.800000011921, 2433.300000011921, 2699.899999976158, 2933.300000011921]",V,19,validation
1539,rithika,V,3,V_orient3,44,1,rithika/V/orient3/tilt_forward_neutral_1/landmarks_trimmed.json,55,55,18,"[0, 3, 6, 9, 12, 15, 19, 22, 25, 28, 31, 34, 38, 41, 44, 47, 50, 54]","[66.30000001192093, 266.60000002384186, 466.5, 663.3999999761581, 867.6000000238419, 1031.699999988079, 1260.3999999761581, 1435.3999999761581, 1567.6000000238419, 1727.199999988079, 1934.5, 2101.600000023842, 2301.600000023842, 2432.0, 2602.600000023842, 2706.600000023842, 2839.5, 3001.0]",V,19,train
1540,rithika,V,3,V_orient3,44,2,rithika/V/orient3/tilt_forward_neutral_2/landmarks_trimmed.json,51,51,18,"[0, 2, 5, 8, 11, 14, 17, 20, 23, 26, 29, 32, 35, 38, 41, 44, 47, 50]","[195.39999997615814, 268.5999999642372, 663.3000000119209, 905.3999999761581, 1067.5999999642372, 1228.3999999761581, 1398.699999988079, 1565.3999999761581, 1695.3999999761581, 1898.8999999761581, 2065.699999988079, 2199.0, 2329.399999976158, 2500.300000011921, 2631.0, 2765.599999964237, 2872.399999976158, 3004.300000011921]",V,19,train
1541,rithika,V,3,V_orient3,44,1,rithika/V/orient3/tilt_forward_toward_1/landmarks_trimmed.json,60,60,18,"[0, 3, 6, 10, 13, 17, 20, 24, 27, 31, 34, 38, 41, 45, 48, 52, 55, 59]","[68.19999998807907, 232.80000001192093, 399.30000001192093, 628.6999999880791, 801.1000000238419, 966.5, 1131.699999988079, 1399.9000000357628, 1521.4000000357628, 1770.199999988079, 1902.699999988079, 2132.300000011921, 2298.300000011921, 2536.0, 2628.699999988079, 2798.100000023842, 2872.0, 3031.400000035763]",V,19,train
1542,rithika,V,3,V_orient3,44,1,rithika/V/orient3/tilt_neutral_away_1/landmarks_trimmed.json,86,86,18,"[0, 5, 10, 15, 20, 25, 30, 35, 40, 45, 50, 55, 60, 65, 70, 75, 80, 85]","[33.299999952316284, 198.79999995231628, 363.19999998807907, 529.1999999880791, 697.0999999642372, 862.6999999880791, 1031.5, 1262.8999999761581, 1428.5, 1597.5999999642372, 1762.5, 1929.199999988079, 2096.2999999523163, 2265.5, 2494.199999988079, 2695.2999999523163, 2862.099999964237, 3032.5]",V,19,train
1543,rithika,V,3,V_orient3,44,1,rithika/V/orient3/tilt_neutral_neutral_1/landmarks_trimmed.json,66,66,18,"[0, 3, 7, 11, 15, 19, 22, 26, 30, 34, 38, 42, 45, 49, 53, 57, 61, 65]","[33.60000002384186, 214.20000004768372, 373.5, 579.1000000238419, 740.1000000238419, 901.5, 1074.7000000476837, 1247.6000000238419, 1403.4000000357628, 1551.5, 1741.7000000476837, 1882.1000000238419, 2046.1000000238419, 2212.100000023842, 2377.100000023842, 2574.400000035763, 2775.800000011921, 3037.800000011921]",V,19,train
1544,rithika,V,3,V_orient3,44,2,rithika/V/orient3/tilt_neutral_neutral_2/landmarks_trimmed.json,55,55,18,"[0, 3, 6, 9, 12, 15, 19, 22, 25, 28, 31, 34, 38, 41, 44, 47, 50, 54]","[63.40000003576279, 166.4000000357628, 295.10000002384186, 396.69999998807907, 595.9000000357628, 762.1999999880791, 960.6999999880791, 1127.4000000357628, 1295.5, 1462.9000000357628, 1663.6000000238419, 1830.300000011921, 2128.699999988079, 2329.5, 2497.0, 2687.199999988079, 2829.900000035763, 3025.600000023842]",V,19,train
1545,rithika,V,3,V_orient3,44,1,rithika/V/orient3/tilt_neutral_toward_1/landmarks_trimmed.json,63,63,18,"[0, 3, 7, 10, 14, 18, 21, 25, 29, 32, 36, 40, 43, 47, 51, 54, 58, 62]","[33.40000003576279, 132.80000001192093, 304.60000002384186, 430.10000002384186, 562.6000000238419, 694.8000000119209, 795.9000000357628, 929.4000000357628, 1062.6000000238419, 1163.1000000238419, 1294.7000000476837, 1431.6000000238419, 1590.0, 1730.800000011921, 2164.2000000476837, 2295.400000035763, 2430.600000023842, 2696.2000000476837]",V,19,train
1546,rithika,W,1,W_orient1,45,1,rithika/W/orient1/tilt_back_neutral_1/landmarks_trimmed.json,56,56,18,"[0, 3, 6, 9, 12, 16, 19, 22, 25, 29, 32, 35, 38, 42, 45, 48, 51, 55]","[61.30000001192093, 168.5, 333.7000000476837, 465.7000000476837, 764.6000000238419, 965.6000000238419, 1165.9000000357628, 1334.800000011921, 1502.1000000238419, 1699.2000000476837, 1867.300000011921, 2100.400000035763, 2232.100000023842, 2434.100000023842, 2567.100000023842, 2641.300000011921, 2796.2000000476837, 3004.2000000476837]",W,20,train
1547,rithika,W,1,W_orient1,45,2,rithika/W/orient1/tilt_back_neutral_2/landmarks_trimmed.json,38,38,18,"[0, 2, 4, 6, 8, 10, 13, 15, 17, 19, 21, 23, 26, 28, 30, 32, 34, 37]","[65.60000002384186, 533.6999999880791, 634.1000000238419, 768.5, 866.1999999880791, 1363.8999999761581, 1966.300000011921, 2033.6000000238419, 2200.399999976158, 2299.300000011921, 2431.699999988079, 2564.399999976158, 2669.300000011921, 2706.600000023842, 2773.600000023842, 2839.100000023842, 2905.699999988079, 3032.399999976158]",W,20,train
1548,rithika,W,1,W_orient1,45,1,rithika/W/orient1/tilt_back_toward_1/landmarks_trimmed.json,49,49,18,"[0, 2, 5, 8, 11, 14, 16, 19, 22, 25, 28, 31, 33, 36, 39, 42, 45, 48]","[33.60000002384186, 363.10000002384186, 563.1000000238419, 831.3000000119209, 1066.6000000238419, 1162.699999988079, 1264.300000011921, 1395.699999988079, 1496.9000000357628, 1633.800000011921, 1764.6000000238419, 1995.1000000238419, 2132.100000023842, 2265.100000023842, 2398.900000035763, 2730.699999988079, 2893.699999988079, 2970.5]",W,20,validation
1549,rithika,W,1,W_orient1,45,1,rithika/W/orient1/tilt_forward_away_1/landmarks_trimmed.json,60,60,18,"[0, 3, 6, 10, 13, 17, 20, 24, 27, 31, 34, 38, 41, 45, 48, 52, 55, 59]","[34.0, 203.19999998807907, 330.60000002384186, 566.6999999880791, 766.8000000119209, 965.5, 1166.800000011921, 1438.0, 1600.0, 1799.5, 1967.8999999761581, 2166.399999976158, 2336.300000011921, 2500.0, 2634.5, 2739.899999976158, 2868.800000011921, 3034.199999988079]",W,20,train
1550,rithika,W,1,W_orient1,45,1,rithika/W/orient1/tilt_forward_neutral_1/landmarks_trimmed.json,61,61,18,"[0, 3, 7, 10, 14, 17, 21, 24, 28, 31, 35, 38, 42, 45, 49, 52, 56, 60]","[65.19999998807907, 199.9000000357628, 330.19999998807907, 534.1999999880791, 699.4000000357628, 862.6000000238419, 1034.5, 1221.5, 1401.1000000238419, 1554.699999988079, 1763.199999988079, 1887.0, 2094.400000035763, 2263.5, 2467.900000035763, 2630.699999988079, 2862.100000023842, 3004.100000023842]",W,20,train
1551,rithika,W,1,W_orient1,45,2,rithika/W/orient1/tilt_forward_neutral_2/landmarks_trimmed.json,59,59,18,"[0, 3, 6, 10, 13, 17, 20, 23, 27, 30, 34, 37, 40, 44, 47, 51, 54, 58]","[71.20000004768372, 201.30000001192093, 370.7000000476837, 602.8000000119209, 768.3000000119209, 1003.5, 1166.800000011921, 1334.4000000357628, 1569.2000000476837, 1769.4000000357628, 1999.5, 2205.2000000476837, 2302.2000000476837, 2430.5, 2568.900000035763, 2674.100000023842, 2806.900000035763, 3003.400000035763]",W,20,train
1552,rithika,W,1,W_orient1,45,1,rithika/W/orient1/tilt_forward_toward_1/landmarks_trimmed.json,52,52,18,"[0, 3, 6, 9, 12, 15, 18, 21, 24, 27, 30, 33, 36, 39, 42, 45, 48, 51]","[33.80000001192093, 296.19999998807907, 500.80000001192093, 765.5, 1003.6999999880791, 1133.1000000238419, 1229.300000011921, 1437.800000011921, 1603.699999988079, 1766.300000011921, 1936.3999999761581, 2164.899999976158, 2331.300000011921, 2464.199999988079, 2666.199999988079, 2740.399999976158, 2900.699999988079, 3004.100000023842]",W,20,train
1553,rithika,W,1,W_orient1,45,1,rithika/W/orient1/tilt_neutral_away_1/landmarks_trimmed.json,53,53,18,"[0, 3, 6, 9, 12, 15, 18, 21, 24, 27, 30, 33, 36, 39, 42, 45, 48, 52]","[60.5, 163.69999998807907, 297.19999998807907, 426.10000002384186, 533.6000000238419, 698.5, 828.6999999880791, 1028.1000000238419, 1229.0, 1562.1000000238419, 1728.9000000357628, 1896.699999988079, 2063.0, 2197.400000035763, 2361.400000035763, 2560.600000023842, 2761.5, 3027.699999988079]",W,20,train
1554,rithika,W,1,W_orient1,45,1,rithika/W/orient1/tilt_neutral_neutral_1/landmarks_trimmed.json,76,76,18,"[0, 4, 8, 13, 17, 22, 26, 30, 35, 39, 44, 48, 52, 57, 61, 66, 70, 75]","[33.69999998807907, 167.10000002384186, 299.10000002384186, 499.60000002384186, 665.8000000119209, 832.5, 965.6000000238419, 1096.800000011921, 1332.699999988079, 1499.300000011921, 1762.3999999761581, 1899.699999988079, 2062.100000023842, 2231.199999988079, 2466.800000011921, 2695.199999988079, 2865.699999988079, 3003.600000023842]",W,20,train
1555,rithika,W,1,W_orient1,45,2,rithika/W/orient1/tilt_neutral_neutral_2/landmarks_trimmed.json,90,90,18,"[0, 5, 10, 15, 20, 26, 31, 36, 41, 47, 52, 57, 62, 68, 73, 78, 83, 89]","[33.10000002384186, 198.10000002384186, 366.9000000357628, 533.1999999880791, 699.1999999880791, 899.8000000119209, 1066.800000011921, 1233.0, 1399.6000000238419, 1600.0, 1766.4000000357628, 1932.800000011921, 2097.5, 2300.400000035763, 2465.100000023842, 2633.300000011921, 2799.400000035763, 3000.300000011921]",W,20,train
1556,rithika,W,1,W_orient1,45,1,rithika/W/orient1/tilt_neutral_toward_1/landmarks_trimmed.json,55,55,18,"[0, 3, 6, 9, 12, 15, 19, 22, 25, 28, 31, 34, 38, 41, 44, 47, 50, 54]","[61.09999996423721, 132.80000001192093, 231.5, 361.5999999642372, 462.19999998807907, 627.8000000119209, 862.0, 1094.3999999761581, 1291.800000011921, 1495.3999999761581, 1693.3999999761581, 1860.5999999642372, 2127.300000011921, 2327.099999964237, 2462.5, 2628.300000011921, 2794.399999976158, 3060.199999988079]",W,20,validation
1557,rithika,X,1,X_orient1,46,1,rithika/X/orient1/tilt_back_away_1/landmarks_trimmed.json,51,51,18,"[0, 2, 5, 8, 11, 14, 17, 20, 23, 26, 29, 32, 35, 38, 41, 44, 47, 50]","[33.5, 99.30000001192093, 232.30000001192093, 363.60000002384186, 531.5, 697.3999999761581, 830.3999999761581, 999.0, 1163.300000011921, 1329.0, 1499.5, 1627.699999988079, 1831.1000000238419, 2159.399999976158, 2365.100000023842, 2564.399999976158, 2754.899999976158, 3028.899999976158]",X,21,train
1558,rithika,X,1,X_orient1,46,1,rithika/X/orient1/tilt_back_neutral_1/landmarks_trimmed.json,73,73,18,"[0, 4, 8, 12, 16, 21, 25, 29, 33, 38, 42, 46, 50, 55, 59, 63, 67, 72]","[33.09999996423721, 198.69999998807907, 397.0999999642372, 532.5999999642372, 696.3999999761581, 867.5, 1033.7999999523163, 1199.0, 1366.5999999642372, 1599.5, 1733.699999988079, 1898.5999999642372, 2032.0, 2232.699999988079, 2397.5, 2598.099999964237, 2797.699999988079, 3001.7999999523163]",X,21,validation
1559,rithika,X,1,X_orient1,46,2,rithika/X/orient1/tilt_back_neutral_2/landmarks_trimmed.json,89,89,18,"[0, 5, 10, 15, 20, 25, 31, 36, 41, 46, 51, 56, 62, 67, 72, 77, 82, 88]","[62.60000002384186, 198.10000002384186, 430.30000001192093, 597.1000000238419, 763.3000000119209, 930.5, 1130.199999988079, 1297.0, 1463.0, 1628.1000000238419, 1796.5, 1962.5, 2163.600000023842, 2330.699999988079, 2495.199999988079, 2663.600000023842, 2827.699999988079, 3029.899999976158]",X,21,train
1560,rithika,X,1,X_orient1,46,1,rithika/X/orient1/tilt_back_toward_1/landmarks_trimmed.json,56,56,18,"[0, 3, 6, 9, 12, 16, 19, 22, 25, 29, 32, 35, 38, 42, 45, 48, 51, 55]","[59.80000001192093, 161.69999998807907, 261.19999998807907, 330.19999998807907, 430.0999999642372, 627.3000000119209, 727.3000000119209, 927.8999999761581, 1361.8999999761581, 1794.0999999642372, 1893.300000011921, 1994.300000011921, 2134.599999964237, 2293.5, 2460.599999964237, 2561.599999964237, 2700.899999976158, 2860.699999988079]",X,21,train
1561,rithika,X,1,X_orient1,46,1,rithika/X/orient1/tilt_forward_neutral_1/landmarks_trimmed.json,26,26,18,"[0, 1, 2, 4, 5, 7, 8, 10, 11, 13, 14, 16, 17, 19, 20, 22, 23, 25]","[94.0, 130.60000002384186, 183.60000002384186, 329.7000000476837, 524.1000000238419, 593.3000000119209, 665.5, 759.7000000476837, 1230.2000000476837, 1360.800000011921, 1428.300000011921, 1595.2000000476837, 1657.1000000238419, 1797.2000000476837, 1824.7000000476837, 1962.9000000357628, 1994.300000011921, 2562.800000011921]",X,21,train
1562,rithika,X,1,X_orient1,46,1,rithika/X/orient1/tilt_forward_toward_1/landmarks_trimmed.json,25,25,18,"[0, 1, 2, 4, 5, 7, 8, 9, 11, 12, 14, 15, 16, 18, 19, 21, 22, 24]","[136.0999999642372, 166.79999995231628, 233.0999999642372, 332.5, 398.5999999642372, 1100.199999988079, 1167.8999999761581, 1198.5, 1668.0, 1737.0999999642372, 1799.0, 2066.7999999523163, 2201.7999999523163, 2336.899999976158, 2367.899999976158, 2631.699999988079, 2640.699999988079, 2806.199999988079]",X,21,validation
1563,rithika,X,1,X_orient1,46,1,rithika/X/orient1/tilt_neutral_away_1/landmarks_trimmed.json,57,57,18,"[0, 3, 6, 9, 13, 16, 19, 23, 26, 29, 32, 36, 39, 42, 46, 49, 52, 56]","[34.10000002384186, 132.4000000357628, 231.9000000357628, 330.60000002384186, 464.19999998807907, 696.0, 831.4000000357628, 962.0, 1065.699999988079, 1163.5, 1263.699999988079, 1396.699999988079, 1497.5, 1597.6000000238419, 2229.699999988079, 2329.699999988079, 2528.699999988079, 3027.600000023842]",X,21,train
1564,rithika,X,1,X_orient1,46,1,rithika/X/orient1/tilt_neutral_neutral_1/landmarks_trimmed.json,59,59,18,"[0, 3, 6, 10, 13, 17, 20, 23, 27, 30, 34, 37, 40, 44, 47, 51, 54, 58]","[68.30000001192093, 201.19999998807907, 476.5, 701.6000000238419, 864.1999999880791, 1101.199999988079, 1224.300000011921, 1405.3999999761581, 1568.699999988079, 1731.6000000238419, 1934.6000000238419, 2095.899999976158, 2199.399999976158, 2431.5, 2509.5, 2733.600000023842, 2862.899999976158, 3037.699999988079]",X,21,train
1565,rithika,X,1,X_orient1,46,2,rithika/X/orient1/tilt_neutral_neutral_2/landmarks_trimmed.json,44,44,18,"[0, 2, 5, 7, 10, 12, 15, 17, 20, 22, 25, 27, 30, 32, 35, 37, 40, 43]","[67.20000004768372, 265.80000001192093, 603.4000000357628, 703.6000000238419, 836.8000000119209, 925.7000000476837, 1158.9000000357628, 1266.5, 1800.4000000357628, 1899.800000011921, 2065.7000000476837, 2200.100000023842, 2398.300000011921, 2498.800000011921, 2674.2000000476837, 2739.7000000476837, 2899.600000023842, 3003.5]",X,21,train
1566,rithika,X,1,X_orient1,46,1,rithika/X/orient1/tilt_neutral_toward_1/landmarks_trimmed.json,61,61,18,"[0, 3, 7, 10, 14, 17, 21, 24, 28, 31, 35, 38, 42, 45, 49, 52, 56, 60]","[34.19999998807907, 132.19999998807907, 264.30000001192093, 430.80000001192093, 696.8000000119209, 862.8000000119209, 997.8000000119209, 1198.6000000238419, 1529.5, 1629.6000000238419, 2130.5, 2264.899999976158, 2396.300000011921, 2496.699999988079, 2632.0, 2731.300000011921, 2862.600000023842, 3006.600000023842]",X,21,train
1567,rithika,Y,1,Y_orient1,47,1,rithika/Y/orient1/tilt_back_away_1/landmarks_trimmed.json,85,85,18,"[0, 4, 9, 14, 19, 24, 29, 34, 39, 44, 49, 54, 59, 64, 69, 74, 79, 84]","[34.09999996423721, 167.0, 334.5999999642372, 500.39999997615814, 701.0, 962.0999999642372, 1133.5999999642372, 1300.5999999642372, 1508.3999999761581, 1697.5999999642372, 1867.699999988079, 2032.699999988079, 2198.399999976158, 2366.300000011921, 2533.099999964237, 2699.899999976158, 2867.300000011921, 3003.199999988079]",Y,22,train
1568,rithika,Y,1,Y_orient1,47,1,rithika/Y/orient1/tilt_back_neutral_1/landmarks_trimmed.json,71,71,18,"[0, 4, 8, 12, 16, 20, 24, 28, 32, 37, 41, 45, 49, 53, 57, 61, 65, 70]","[116.89999997615814, 430.0, 566.1999999880791, 732.3999999761581, 1066.3999999761581, 1370.6000000238419, 1497.800000011921, 1632.300000011921, 1766.199999988079, 1932.3999999761581, 2066.0, 2196.399999976158, 2332.699999988079, 2466.100000023842, 2599.0, 2731.399999976158, 2866.0, 3003.300000011921]",Y,22,train
1569,rithika,Y,1,Y_orient1,47,2,rithika/Y/orient1/tilt_back_neutral_2/landmarks_trimmed.json,57,57,18,"[0, 3, 6, 9, 13, 16, 19, 23, 26, 29, 32, 36, 39, 42, 46, 49, 52, 56]","[68.5, 236.5, 365.30000001192093, 534.3000000119209, 733.5, 901.8999999761581, 1033.3999999761581, 1265.199999988079, 1426.199999988079, 1601.0, 1766.199999988079, 2035.0999999642372, 2235.5, 2403.099999964237, 2603.699999988079, 2737.399999976158, 2870.599999964237, 3004.099999964237]",Y,22,train
1570,rithika,Y,1,Y_orient1,47,1,rithika/Y/orient1/tilt_back_toward_1/landmarks_trimmed.json,52,52,18,"[0, 3, 6, 9, 12, 15, 18, 21, 24, 27, 30, 33, 36, 39, 42, 45, 48, 51]","[62.19999998807907, 194.9000000357628, 329.30000001192093, 529.6999999880791, 731.0, 930.8000000119209, 1098.699999988079, 1300.6000000238419, 1431.800000011921, 1629.800000011921, 1830.800000011921, 1996.699999988079, 2197.300000011921, 2397.5, 2597.600000023842, 2796.199999988079, 2931.400000035763, 3003.699999988079]",Y,22,train
1571,rithika,Y,1,Y_orient1,47,1,rithika/Y/orient1/tilt_forward_neutral_1/landmarks_trimmed.json,26,26,18,"[0, 1, 2, 4, 5, 7, 8, 10, 11, 13, 14, 16, 17, 19, 20, 22, 23, 25]","[33.69999998807907, 101.30000001192093, 132.30000001192093, 231.19999998807907, 300.5, 397.5, 465.19999998807907, 595.6000000238419, 730.3000000119209, 831.1999999880791, 900.8000000119209, 1429.800000011921, 1565.0, 1624.9000000357628, 1800.5, 1898.800000011921, 1928.699999988079, 2030.0]",Y,22,train
1572,rithika,Y,1,Y_orient1,47,1,rithika/Y/orient1/tilt_forward_toward_1/landmarks_trimmed.json,28,28,18,"[0, 1, 3, 4, 6, 7, 9, 11, 12, 14, 15, 17, 19, 20, 22, 23, 25, 27]","[425.4000000357628, 429.60000002384186, 495.69999998807907, 562.3000000119209, 760.6999999880791, 828.3000000119209, 895.4000000357628, 994.5, 1226.0, 1491.9000000357628, 1558.5, 1658.699999988079, 1893.199999988079, 1959.4000000357628, 2226.800000011921, 2361.300000011921, 2859.300000011921, 3025.199999988079]",Y,22,train
1573,rithika,Y,1,Y_orient1,47,1,rithika/Y/orient1/tilt_neutral_away_1/landmarks_trimmed.json,65,65,18,"[0, 3, 7, 11, 15, 18, 22, 26, 30, 33, 37, 41, 45, 48, 52, 56, 60, 64]","[69.19999998807907, 199.4000000357628, 334.5, 467.69999998807907, 643.6000000238419, 1166.800000011921, 1300.300000011921, 1434.0, 1568.0, 1667.800000011921, 1802.5, 1933.800000011921, 2066.800000011921, 2166.800000011921, 2434.300000011921, 2735.400000035763, 2871.300000011921, 3003.5]",Y,22,validation
1574,rithika,Y,1,Y_orient1,47,2,rithika/Y/orient1/tilt_neutral_neutral_2/landmarks_trimmed.json,48,48,18,"[0, 2, 5, 8, 11, 13, 16, 19, 22, 24, 27, 30, 33, 35, 38, 41, 44, 47]","[33.89999997615814, 133.0, 398.0999999642372, 564.3000000119209, 764.3999999761581, 902.1999999880791, 1031.0, 1565.5, 1835.5999999642372, 1932.5999999642372, 2098.300000011921, 2294.300000011921, 2435.800000011921, 2535.199999988079, 2659.0, 2770.099999964237, 2926.899999976158, 3035.0]",Y,22,validation
1575,rithika,Y,2,Y_orient2,48,1,rithika/Y/orient2/tilt_back_away_1/landmarks_trimmed.json,58,58,18,"[0, 3, 6, 10, 13, 16, 20, 23, 26, 30, 33, 36, 40, 43, 46, 50, 53, 57]","[68.0, 166.0999999642372, 332.5999999642372, 568.2999999523163, 732.3999999761581, 901.1999999880791, 1136.0999999642372, 1225.8999999761581, 1394.0999999642372, 1630.699999988079, 1765.5, 1961.3999999761581, 2167.7999999523163, 2265.7999999523163, 2431.899999976158, 2625.5, 2827.599999964237, 3004.399999976158]",Y,22,train
1576,rithika,Y,2,Y_orient2,48,1,rithika/Y/orient2/tilt_back_neutral_1/landmarks_trimmed.json,45,45,18,"[0, 2, 5, 7, 10, 12, 15, 18, 20, 23, 25, 28, 31, 33, 36, 38, 41, 44]","[35.0, 100.30000001192093, 307.19999998807907, 407.0, 495.30000001192093, 608.0, 761.6999999880791, 910.8000000119209, 1003.8000000119209, 1171.199999988079, 1270.800000011921, 1437.5, 1560.8999999761581, 1634.699999988079, 1839.800000011921, 1935.8999999761581, 2862.099999964237, 3002.599999964237]",Y,22,train
1577,rithika,Y,2,Y_orient2,48,2,rithika/Y/orient2/tilt_back_neutral_2/landmarks_trimmed.json,59,59,18,"[0, 3, 6, 10, 13, 17, 20, 23, 27, 30, 34, 37, 40, 44, 47, 51, 54, 58]","[33.39999997615814, 166.0, 325.69999998807907, 495.80000001192093, 663.5999999642372, 827.5999999642372, 966.0, 1089.5, 1329.699999988079, 1534.300000011921, 1719.800000011921, 1934.699999988079, 2094.199999988079, 2332.399999976158, 2460.699999988079, 2698.399999976158, 2865.0, 3003.5]",Y,22,train
1578,rithika,Y,2,Y_orient2,48,1,rithika/Y/orient2/tilt_back_toward_1/landmarks_trimmed.json,80,80,18,"[0, 4, 9, 13, 18, 23, 27, 32, 37, 41, 46, 51, 55, 60, 65, 69, 74, 79]","[33.90000003576279, 165.5, 364.5, 498.60000002384186, 728.5, 896.2000000476837, 1031.5, 1199.4000000357628, 1364.300000011921, 1496.7000000476837, 1736.300000011921, 1932.7000000476837, 2064.100000023842, 2230.2000000476837, 2397.100000023842, 2594.7000000476837, 2834.0, 3030.0]",Y,22,train
1579,rithika,Y,2,Y_orient2,48,1,rithika/Y/orient2/tilt_forward_away_1/landmarks_trimmed.json,89,89,18,"[0, 5, 10, 15, 20, 25, 31, 36, 41, 46, 51, 56, 62, 67, 72, 77, 82, 88]","[34.10000002384186, 199.39999997615814, 364.10000002384186, 531.5, 694.1999999880791, 898.1999999880791, 1097.300000011921, 1263.800000011921, 1428.3999999761581, 1597.800000011921, 1762.300000011921, 1932.5, 2131.399999976158, 2297.399999976158, 2461.399999976158, 2630.800000011921, 2795.699999988079, 3031.5]",Y,22,train
1580,rithika,Y,2,Y_orient2,48,1,rithika/Y/orient2/tilt_forward_neutral_1/landmarks_trimmed.json,52,52,18,"[0, 3, 6, 9, 12, 15, 18, 21, 24, 27, 30, 33, 36, 39, 42, 45, 48, 51]","[33.10000002384186, 165.5, 335.69999998807907, 463.30000001192093, 632.3999999761581, 799.3999999761581, 963.3000000119209, 1134.8999999761581, 1296.300000011921, 1465.3999999761581, 1632.800000011921, 1801.800000011921, 1999.800000011921, 2166.199999988079, 2333.100000023842, 2468.800000011921, 2662.800000011921, 3027.600000023842]",Y,22,train
1581,rithika,Y,2,Y_orient2,48,2,rithika/Y/orient2/tilt_forward_neutral_2/landmarks_trimmed.json,81,81,18,"[0, 4, 9, 14, 18, 23, 28, 32, 37, 42, 47, 51, 56, 61, 65, 70, 75, 80]","[33.700000047683716, 193.30000001192093, 330.0, 496.80000001192093, 630.0, 797.0, 996.3000000119209, 1131.1000000238419, 1295.2000000476837, 1462.5, 1629.7000000476837, 1763.0, 1929.9000000357628, 2096.0, 2230.5, 2394.300000011921, 2562.600000023842, 2929.5]",Y,22,train
1582,rithika,Y,2,Y_orient2,48,1,rithika/Y/orient2/tilt_forward_toward_1/landmarks_trimmed.json,48,48,18,"[0, 2, 5, 8, 11, 13, 16, 19, 22, 24, 27, 30, 33, 35, 38, 41, 44, 47]","[65.80000001192093, 188.70000004768372, 289.60000002384186, 363.5, 828.1000000238419, 925.5, 1023.7000000476837, 1190.300000011921, 1498.0, 1624.2000000476837, 1766.0, 1954.800000011921, 2056.2000000476837, 2194.300000011921, 2351.400000035763, 2494.0, 2662.7000000476837, 2926.900000035763]",Y,22,train
1583,rithika,Y,2,Y_orient2,48,1,rithika/Y/orient2/tilt_neutral_away_1/landmarks_trimmed.json,90,90,18,"[0, 5, 10, 15, 20, 26, 31, 36, 41, 47, 52, 57, 62, 68, 73, 78, 83, 89]","[33.09999996423721, 198.39999997615814, 363.0999999642372, 529.0, 697.1999999880791, 894.6999999880791, 1063.0, 1229.699999988079, 1396.5999999642372, 1629.3999999761581, 1798.0, 1963.699999988079, 2129.800000011921, 2329.800000011921, 2495.0, 2663.0, 2830.199999988079, 3028.899999976158]",Y,22,validation
1584,rithika,Y,2,Y_orient2,48,1,rithika/Y/orient2/tilt_neutral_neutral_1/landmarks_trimmed.json,57,57,18,"[0, 3, 6, 9, 13, 16, 19, 23, 26, 29, 32, 36, 39, 42, 46, 49, 52, 56]","[67.39999997615814, 220.89999997615814, 364.89999997615814, 497.0999999642372, 732.0999999642372, 862.0, 1033.2999999523163, 1229.8999999761581, 1389.8999999761581, 1564.5, 1694.3999999761581, 1897.199999988079, 2021.199999988079, 2234.0, 2534.2999999523163, 2695.699999988079, 2828.699999988079, 3024.2999999523163]",Y,22,train
1585,rithika,Y,2,Y_orient2,48,2,rithika/Y/orient2/tilt_neutral_neutral_2/landmarks_trimmed.json,86,86,18,"[0, 5, 10, 15, 20, 25, 30, 35, 40, 45, 50, 55, 60, 65, 70, 75, 80, 85]","[65.30000001192093, 234.5999999642372, 433.39999997615814, 632.3000000119209, 831.8000000119209, 1001.6999999880791, 1168.8999999761581, 1335.699999988079, 1501.199999988079, 1667.3999999761581, 1868.199999988079, 2035.3999999761581, 2200.300000011921, 2369.5, 2535.5, 2702.800000011921, 2839.0, 3003.300000011921]",Y,22,train
1586,rithika,Y,2,Y_orient2,48,1,rithika/Y/orient2/tilt_neutral_toward_1/landmarks_trimmed.json,71,71,18,"[0, 4, 8, 12, 16, 20, 24, 28, 32, 37, 41, 45, 49, 53, 57, 61, 65, 70]","[63.19999998807907, 165.30000001192093, 336.89999997615814, 496.89999997615814, 629.1999999880791, 796.0999999642372, 970.6999999880791, 1200.800000011921, 1327.5, 1557.699999988079, 1767.0999999642372, 1962.5999999642372, 2130.300000011921, 2325.800000011921, 2505.699999988079, 2690.5, 2837.0, 3026.800000011921]",Y,22,train
1587,rithika,Z,1,Z_orient1,49,1,rithika/Z/orient1/tilt_back_away_1/landmarks_trimmed.json,91,91,18,"[0, 5, 10, 15, 21, 26, 31, 37, 42, 47, 52, 58, 63, 68, 74, 79, 84, 90]","[33.39999997615814, 198.0, 364.0999999642372, 530.6999999880791, 728.3000000119209, 895.8999999761581, 1064.0999999642372, 1262.5999999642372, 1430.300000011921, 1595.300000011921, 1762.3999999761581, 1964.3999999761581, 2126.599999964237, 2297.399999976158, 2495.399999976158, 2663.099999964237, 2829.899999976158, 3029.5]",Z,23,train
1588,rithika,Z,1,Z_orient1,49,1,rithika/Z/orient1/tilt_back_neutral_1/landmarks_trimmed.json,60,60,18,"[0, 3, 6, 10, 13, 17, 20, 24, 27, 31, 34, 38, 41, 45, 48, 52, 55, 59]","[59.0, 132.10000002384186, 261.10000002384186, 363.10000002384186, 462.19999998807907, 693.3999999761581, 893.6000000238419, 1127.699999988079, 1327.5, 1559.3999999761581, 1726.3999999761581, 1995.0, 2193.699999988079, 2428.0, 2527.800000011921, 2759.800000011921, 2892.0, 3030.0]",Z,23,train
1589,rithika,Z,1,Z_orient1,49,2,rithika/Z/orient1/tilt_back_neutral_2/landmarks_trimmed.json,82,82,18,"[0, 4, 9, 14, 19, 23, 28, 33, 38, 42, 47, 52, 57, 61, 66, 71, 76, 81]","[60.69999998807907, 165.10000002384186, 357.80000001192093, 496.80000001192093, 696.0, 830.5, 1028.9000000357628, 1196.199999988079, 1362.199999988079, 1496.1000000238419, 1694.9000000357628, 1897.0, 2060.0, 2196.5, 2362.699999988079, 2562.600000023842, 2763.900000035763, 3025.800000011921]",Z,23,validation
1590,rithika,Z,1,Z_orient1,49,1,rithika/Z/orient1/tilt_back_toward_1/landmarks_trimmed.json,61,61,18,"[0, 3, 7, 10, 14, 17, 21, 24, 28, 31, 35, 38, 42, 45, 49, 52, 56, 60]","[33.39999997615814, 197.30000001192093, 363.5999999642372, 498.89999997615814, 667.3000000119209, 797.8999999761581, 996.8000000119209, 1199.3999999761581, 1363.699999988079, 1532.800000011921, 1729.0999999642372, 1891.3999999761581, 2123.300000011921, 2297.800000011921, 2567.800000011921, 2695.399999976158, 2871.300000011921, 3004.199999988079]",Z,23,train
1591,rithika,Z,1,Z_orient1,49,1,rithika/Z/orient1/tilt_forward_away_1/landmarks_trimmed.json,86,86,18,"[0, 5, 10, 15, 20, 25, 30, 35, 40, 45, 50, 55, 60, 65, 70, 75, 80, 85]","[33.5, 364.0999999642372, 529.7999999523163, 697.0, 860.8999999761581, 1029.5999999642372, 1195.7999999523163, 1362.699999988079, 1529.5, 1696.2999999523163, 1862.0, 2031.0999999642372, 2195.199999988079, 2361.399999976158, 2529.5, 2696.0, 2862.5, 3026.7999999523163]",Z,23,train
1592,rithika,Z,1,Z_orient1,49,1,rithika/Z/orient1/tilt_forward_neutral_1/landmarks_trimmed.json,75,75,18,"[0, 4, 8, 13, 17, 21, 26, 30, 34, 39, 43, 47, 52, 56, 60, 65, 69, 74]","[67.0, 333.10000002384186, 470.5, 735.3000000119209, 901.1000000238419, 1036.5, 1232.9000000357628, 1370.300000011921, 1536.0, 1766.9000000357628, 1936.800000011921, 2068.600000023842, 2236.699999988079, 2402.199999988079, 2568.699999988079, 2706.699999988079, 2838.400000035763, 3004.0]",Z,23,train
1593,rithika,Z,1,Z_orient1,49,1,rithika/Z/orient1/tilt_forward_toward_1/landmarks_trimmed.json,60,60,18,"[0, 3, 6, 10, 13, 17, 20, 24, 27, 31, 34, 38, 41, 45, 48, 52, 55, 59]","[34.39999997615814, 205.69999998807907, 368.0, 637.6000000238419, 801.0, 1002.1000000238419, 1173.8999999761581, 1371.300000011921, 1538.6000000238419, 1772.800000011921, 1962.0, 2198.399999976158, 2304.800000011921, 2435.600000023842, 2539.399999976158, 2706.0, 2805.899999976158, 3035.199999988079]",Z,23,train
1594,rithika,Z,1,Z_orient1,49,1,rithika/Z/orient1/tilt_neutral_away_1/landmarks_trimmed.json,85,85,18,"[0, 4, 9, 14, 19, 24, 29, 34, 39, 44, 49, 54, 59, 64, 69, 74, 79, 84]","[63.39999997615814, 166.19999998807907, 330.89999997615814, 496.0, 663.3000000119209, 828.3000000119209, 996.8999999761581, 1163.0, 1396.5999999642372, 1596.800000011921, 1794.3999999761581, 1962.300000011921, 2129.599999964237, 2329.699999988079, 2530.099999964237, 2697.099999964237, 2860.5, 3028.699999988079]",Z,23,validation
1595,rithika,Z,1,Z_orient1,49,1,rithika/Z/orient1/tilt_neutral_neutral_1/landmarks_trimmed.json,69,69,18,"[0, 4, 8, 12, 16, 20, 24, 28, 32, 36, 40, 44, 48, 52, 56, 60, 64, 68]","[62.69999998807907, 231.5999999642372, 364.0, 495.7999999523163, 665.0999999642372, 891.8999999761581, 1095.699999988079, 1224.2999999523163, 1357.8999999761581, 1491.7999999523163, 1706.699999988079, 1936.2999999523163, 2125.399999976158, 2368.099999964237, 2565.5, 2693.599999964237, 2838.599999964237, 3024.699999988079]",Z,23,train
1596,rithika,Z,1,Z_orient1,49,2,rithika/Z/orient1/tilt_neutral_neutral_2/landmarks_trimmed.json,60,60,18,"[0, 3, 6, 10, 13, 17, 20, 24, 27, 31, 34, 38, 41, 45, 48, 52, 55, 59]","[71.30000001192093, 236.69999998807907, 333.39999997615814, 603.1999999880791, 741.5, 968.3000000119209, 1132.800000011921, 1304.199999988079, 1472.199999988079, 1672.0, 1804.300000011921, 2036.5, 2175.800000011921, 2370.300000011921, 2473.899999976158, 2641.399999976158, 2835.5, 3039.599999964237]",Z,23,train
1597,rithika,Z,1,Z_orient1,49,1,rithika/Z/orient1/tilt_neutral_toward_1/landmarks_trimmed.json,73,73,18,"[0, 4, 8, 12, 16, 21, 25, 29, 33, 38, 42, 46, 50, 55, 59, 63, 67, 72]","[34.30000001192093, 166.19999998807907, 365.5, 567.5, 694.8999999761581, 864.3000000119209, 997.5, 1165.199999988079, 1498.199999988079, 1729.5, 1867.0999999642372, 2059.800000011921, 2197.399999976158, 2364.099999964237, 2497.800000011921, 2638.899999976158, 2795.800000011921, 2995.399999976158]",Z,23,train
